kommun,slug,bidrags_id,bidrag,antal_krav,krav_fullstandiga,krav_status,kalla_url
almhult,almhult,almhult-aktivitetsstod,Aktivitetsstöd,0,,,https://www.almhult.se/upplevgora/foreningarochforeningsliv.479.html
almhult,almhult,almhult-anlaggningsbidrag,Anläggningsbidrag,0,,,https://www.almhult.se/upplevgora/foreningarochforeningsliv.479.html
almhult,almhult,almhult-bidrag-till-kulturarrangemang,Bidrag till kulturarrangemang,0,,,https://www.almhult.se/upplevgora/foreningarochforeningsliv.479.html
almhult,almhult,almhult-bidrag-till-studieforbund,Bidrag till studieförbund,0,,,https://www.almhult.se/upplevgora/foreningarochforeningsliv.479.html
almhult,almhult,almhult-foreningslonebidrag,Föreningslönebidrag,0,,,https://www.almhult.se/upplevgora/foreningarochforeningsliv.479.html
almhult,almhult,almhult-investeringsbidrag,Investeringsbidrag,0,,,https://www.almhult.se/upplevgora/foreningarochforeningsliv.479.html
almhult,almhult,almhult-ledarutbildningsbidrag,Ledarutbildningsbidrag,0,,,https://www.almhult.se/upplevgora/foreningarochforeningsliv.479.html
almhult,almhult,almhult-platsutvecklingsbidrag,Platsutvecklingsbidrag,0,,,https://www.almhult.se/upplevgora/foreningarochforeningsliv.479.html
almhult,almhult,almhult-socialnamndens-foreningsbidrag,Socialnämndens föreningsbidrag,0,,,https://www.almhult.se/upplevgora/foreningarochforeningsliv.479.html
almhult,almhult,almhult-startbidrag,Startbidrag,0,,,https://www.almhult.se/upplevgora/foreningarochforeningsliv.479.html
alvdalen,alvdalen,alvdalen-skotsel-underhall-anlaggning,Bidrag till skötsel och underhåll av egen anläggning,0,,,https://www.alvdalen.se/uppleva-och-gora/foreningar/bidrag-stod-och-sponsring.html
alvdalen,alvdalen,alvdalen-foreningsstod,Föreningsstöd,0,,,https://www.alvdalen.se/uppleva-och-gora/foreningar/bidrag-stod-och-sponsring.html
alvdalen,alvdalen,alvdalen-forlusttackningsbidrag-arrangemangsstod,Förlusttäckningsbidrag / arrangemangsstöd,0,,,https://www.alvdalen.se/uppleva-och-gora/foreningar/bidrag-stod-och-sponsring.html
alvdalen,alvdalen,alvdalen-kommunalt-lonebidrag,Kommunalt lönebidrag,0,,,https://www.alvdalen.se/uppleva-och-gora/foreningar/bidrag-stod-och-sponsring.html
alvdalen,alvdalen,alvdalen-sponsring,Sponsring,0,,,https://www.alvdalen.se/uppleva-och-gora/foreningar/bidrag-stod-och-sponsring.html
alvdalen,alvdalen,alvdalen-sarskilt-bidrag,Särskilt bidrag,0,,,https://www.alvdalen.se/uppleva-och-gora/foreningar/bidrag-stod-och-sponsring.html
alvsbyn,alvsbyn,alvsbyn-arrangorsstod,Arrangörsstöd,0,,,https://www.alvsbyn.se/uppleva-och-gora/foreningsliv-och-bidrag/bidrag-till-foreningar/
alvsbyn,alvsbyn,alvsbyn-bygdegard,Bidrag till bygdegård,0,,,https://www.alvsbyn.se/uppleva-och-gora/foreningsliv-och-bidrag/bidrag-till-foreningar/
alvsbyn,alvsbyn,alvsbyn-byautveckling,Byautvecklingspeng,0,,,https://www.alvsbyn.se/uppleva-och-gora/foreningsliv-och-bidrag/bidrag-till-foreningar/
alvsbyn,alvsbyn,alvsbyn-drift-anlaggning,Driftbidrag till föreningsägda anläggningar,0,,,https://www.alvsbyn.se/uppleva-och-gora/foreningsliv-och-bidrag/bidrag-till-foreningar/
alvsbyn,alvsbyn,alvsbyn-investering,Investeringsstöd,0,,,https://www.alvsbyn.se/uppleva-och-gora/foreningsliv-och-bidrag/bidrag-till-foreningar/
alvsbyn,alvsbyn,alvsbyn-puma,PUMA – Projekt av unga med ambitioner,0,,,https://www.alvsbyn.se/uppleva-och-gora/foreningsliv-och-bidrag/bidrag-till-foreningar/
alvsbyn,alvsbyn,alvsbyn-startbidrag,Startbidrag,0,,,https://www.alvsbyn.se/uppleva-och-gora/foreningsliv-och-bidrag/bidrag-till-foreningar/
alvsbyn,alvsbyn,alvsbyn-kulturforening,Stöd till kulturföreningar,0,,,https://www.alvsbyn.se/uppleva-och-gora/foreningsliv-och-bidrag/bidrag-till-foreningar/
alvsbyn,alvsbyn,alvsbyn-jubileum,Stöd vid jubileum,0,,,https://www.alvsbyn.se/uppleva-och-gora/foreningsliv-och-bidrag/bidrag-till-foreningar/
amal,amal,amal-allmant-verksamhetsbidrag,Allmänt verksamhetsbidrag,0,,,https://amal.se/uppleva-och-gora/foreningsliv/bidrag-for-amals-foreningar/bidrag-for-foreningar-som-bedriver-frilufts--och-rorelseframjande-verksamhet
amal,amal,amal-anlaggningsbidrag,Anläggningsbidrag,0,,,https://amal.se/uppleva-och-gora/foreningsliv/bidrag-for-amals-foreningar/bidrag-for-foreningar-som-bedriver-frilufts--och-rorelseframjande-verksamhet
amal,amal,amal-bidrag-for-byalag,Bidrag för byalag,0,,,https://amal.se/uppleva-och-gora/foreningsliv/bidrag-for-amals-foreningar/bidrag-for-att-framja-en-levande-landsbygd
amal,amal,amal-evenemangsbidrag-for-en-levande-landsbygd,Evenemangsbidrag för en levande landsbygd,0,,,https://amal.se/uppleva-och-gora/foreningsliv/bidrag-for-amals-foreningar/bidrag-for-att-framja-en-levande-landsbygd
amal,amal,amal-projektbidrag-for-en-levande-landsbygd,Projektbidrag för en levande landsbygd,0,,,https://amal.se/uppleva-och-gora/foreningsliv/bidrag-for-amals-foreningar/bidrag-for-att-framja-en-levande-landsbygd
amal,amal,amal-sarskilt-verksamhetsbidrag,Särskilt verksamhetsbidrag,0,,,https://amal.se/uppleva-och-gora/foreningsliv/bidrag-for-amals-foreningar/bidrag-for-foreningar-som-bedriver-frilufts--och-rorelseframjande-verksamhet
amal,amal,amal-underskottsbidrag-till-lokalhallande-forening,Underskottsbidrag till lokalhållande förening,0,,,https://amal.se/uppleva-och-gora/foreningsliv/bidrag-for-amals-foreningar/bidrag-for-att-framja-en-levande-landsbygd
ange,ange,ange-anlaggningsbidrag,Anläggningsbidrag,0,,,https://invanare.ange.se/uppleva-och-gora/foreningar-foreningsliv/bidrag-till-foreningar.html
ange,ange,ange-lokalt-aktivitetsbidrag,Lokalt aktivitetsbidrag,0,,,https://invanare.ange.se/uppleva-och-gora/foreningar-foreningsliv/bidrag-till-foreningar.html
ange,ange,ange-startbidrag,Startbidrag,0,,,https://invanare.ange.se/uppleva-och-gora/foreningar-foreningsliv/bidrag-till-foreningar.html
ange,ange,ange-stimulansbidrag,Stimulansbidrag,0,,,https://invanare.ange.se/uppleva-och-gora/foreningar-foreningsliv/bidrag-till-foreningar.html
angelholm,angelholm,angelholm-subventionerade-taxor,Subventionerade taxor,0,,,https://www.engelholm.se/uppleva-och-gora/bidrag-sponsring-och-priser/foreningsbidrag.html
are,are,are-anlaggningsbidrag,Anläggningsbidrag,0,,,https://www.are.se/kultur-och-fritid/foreningar-och-foreningsliv/foreningsstod-och-bidrag
are,are,are-handikapp-pensionar,Bidrag till funktionsrätts- och pensionärsföreningar,0,,,https://www.are.se/kultur-och-fritid/foreningar-och-foreningsliv/foreningsstod-och-bidrag
are,are,are-kulturarrangemang,Kulturarrangemangsbidrag,0,,,https://www.are.se/kultur-och-fritid/foreningar-och-foreningsliv/foreningsstod-och-bidrag
are,are,are-lokalbidrag,Lokalbidrag,0,,,https://www.are.se/kultur-och-fritid/foreningar-och-foreningsliv/foreningsstod-och-bidrag
are,are,are-lokalt-aktivitetsbidrag,Lokalt kommunalt aktivitetsbidrag,0,,,https://www.are.se/kultur-och-fritid/foreningar-och-foreningsliv/foreningsstod-och-bidrag
are,are,are-startbidrag,Startbidrag,0,,,https://www.are.se/kultur-och-fritid/foreningar-och-foreningsliv/foreningsstod-och-bidrag
are,are,are-studieforbund,Studieförbundsbidrag,0,,,https://www.are.se/kultur-och-fritid/foreningar-och-foreningsliv/foreningsstod-och-bidrag
arjang,arjang,arjang-aktivitetsstod,Aktivitetsstöd,0,,,https://www.arjang.se/kommunalservice/startsida/upplevaochgora/foreningsliv/foreningsstod.9838.html
arjang,arjang,arjang-driftstod-till-ungdomsforening,Driftstöd till ungdomsförening,0,,,https://www.arjang.se/kommunalservice/startsida/upplevaochgora/foreningsliv/foreningsstod.9838.html
arjang,arjang,arjang-hyresstod-till-pensionarsforening,Hyresstöd till pensionärsförening,0,,,https://www.arjang.se/kommunalservice/startsida/upplevaochgora/foreningsliv/foreningsstod.9838.html
arjang,arjang,arjang-hyresstod-till-ungdomsforening,Hyresstöd till ungdomsförening,0,,,https://www.arjang.se/kommunalservice/startsida/upplevaochgora/foreningsliv/foreningsstod.9838.html
arjang,arjang,arjang-ledarutbildningsstod,Ledarutbildningsstöd,0,,,https://www.arjang.se/kommunalservice/startsida/upplevaochgora/foreningsliv/foreningsstod.9838.html
arjang,arjang,arjang-lokalstod,Lokalstöd,0,,,https://www.arjang.se/kommunalservice/startsida/upplevaochgora/foreningsliv/foreningsstod.9838.html
arjang,arjang,arjang-medlemsstod-till-pensionarsforening,Medlemsstöd till pensionärsförening,0,,,https://www.arjang.se/kommunalservice/startsida/upplevaochgora/foreningsliv/foreningsstod.9838.html
arjang,arjang,arjang-verksamhetsstod-till-ungdomsforening,Verksamhetsstöd till ungdomsförening,0,,,https://www.arjang.se/kommunalservice/startsida/upplevaochgora/foreningsliv/foreningsstod.9838.html
arjang,arjang,arjang-verksamhetsstod-till-ovrig-forening,Verksamhetsstöd till övrig förening,0,,,https://www.arjang.se/kommunalservice/startsida/upplevaochgora/foreningsliv/foreningsstod.9838.html
arjeplog,arjeplog,arjeplog-grundbidrag,Grundbidrag,0,,,https://arjeplog.se/kommun-och-politik/blanketter/
arjeplog,arjeplog,arjeplog-aktivitetsstod,Kommunalt lokalt aktivitetsstöd,0,,,https://arjeplog.se/kommun-och-politik/blanketter/
arjeplog,arjeplog,arjeplog-sarskilt-foreningsbidrag,Särskilt föreningsbidrag,0,,,https://arjeplog.se/kommun-och-politik/blanketter/
arjeplog,arjeplog,arjeplog-upp-ungdomsprojekt,UPP – ungdomsprojektpengar,0,,,https://arjeplog.se/kommun-och-politik/blanketter/
arvidsjaur,arvidsjaur,arvidsjaur-barn-ungdomsverksamhet,Föreningsstöd för barn- och ungdomsverksamhet,0,,,https://minasidor.arvidsjaur.se/
arvidsjaur,arvidsjaur,arvidsjaur-idrott-0-25,Föreningsstöd för idrottsverksamhet 0–25 år,0,,,https://minasidor.arvidsjaur.se/
arvidsjaur,arvidsjaur,arvidsjaur-samlingslokaler-annan-verksamhet,Föreningsstöd till samlingslokaler och annan verksamhet,0,,,https://minasidor.arvidsjaur.se/
arvidsjaur,arvidsjaur,arvidsjaur-upp-ungdomsprojektpengar,UPP – ungdomsprojektpengar,0,,,https://minasidor.arvidsjaur.se/
asele,asele,asele-administratorsbidrag,Administratörsbidrag,0,,,https://www.asele.se/fritid-turism-och-kultur/foreningsliv/stod-bidrag/
asele,asele,asele-aktivitetsbidrag,Aktivitetsbidrag,0,,,https://www.asele.se/fritid-turism-och-kultur/foreningsliv/stod-bidrag/
asele,asele,asele-lokal-anlaggningsbidrag,Lokal- och anläggningsbidrag,0,,,https://www.asele.se/fritid-turism-och-kultur/foreningsliv/stod-bidrag/
astorp,astorp,astorp-anlaggningsbidrag,Anläggningsbidrag,0,,,https://astorp.se/uppleva-och-gora/foreningsliv/foreningsstod.html
astorp,astorp,astorp-lokalbidrag,Lokalbidrag,0,,,https://astorp.se/uppleva-och-gora/foreningsliv/foreningsstod.html
astorp,astorp,astorp-lokalt-aktivitetsstod,Lokalt aktivitetsstöd,0,,,https://astorp.se/uppleva-och-gora/foreningsliv/foreningsstod.html
astorp,astorp,astorp-medlemsbidrag,Medlemsbidrag,0,,,https://astorp.se/uppleva-och-gora/foreningsliv/foreningsstod.html
astorp,astorp,astorp-startbidrag,Startbidrag,0,,,https://astorp.se/uppleva-och-gora/foreningsliv/foreningsstod.html
atvidaberg,atvidaberg,atvidaberg-evenemangsbidrag,Evenemangsbidrag,0,,,https://fri.atvidaberg.se/bidrag/
atvidaberg,atvidaberg,atvidaberg-medfinansieringsbidrag,Medfinansieringsbidrag,0,,,https://fri.atvidaberg.se/bidrag/
atvidaberg,atvidaberg,atvidaberg-ovriga-foreningsstod,Övriga föreningsstöd enligt kommunens riktlinjer,0,,,https://www.atvidaberg.se/uppleva-och-gora/foreningar-och-foreningsliv
bastad,bastad,bastad-lokalbidrag-pensionar,Lokalbidrag till pensionärsföreningar,0,,,https://www.bastad.se/uppleva-och-gora/foreningar-och-foreningsliv/bidrag-och-stod.html
bengtsfors,bengtsfors,bengtsfors-funktionsrattsbidrag,Bidrag för tillgänglighetsåtgärder,0,,,https://www.bengtsfors.se/uppleva-och-gora/foreningar-och-foreningsliv/bidrag
bengtsfors,bengtsfors,bengtsfors-pensionarsforeningar,Bidrag till pensionärsföreningar,0,,,https://www.bengtsfors.se/uppleva-och-gora/foreningar-och-foreningsliv/bidrag
bengtsfors,bengtsfors,bengtsfors-bygdepeng,Bygdepeng till byalag och samhällsföreningar,0,,,https://www.bengtsfors.se/uppleva-och-gora/foreningar-och-foreningsliv/bidrag
bengtsfors,bengtsfors,bengtsfors-investeringsbidrag,Investeringsbidrag,0,,,https://www.bengtsfors.se/uppleva-och-gora/foreningar-och-foreningsliv/bidrag
berg,berg,berg-vagbelysning,Bidrag till vägbelysningsföreningar,0,,,https://berg.se/uppleva-och-gora/foreningsliv-och-foreningar/sok-bidrag-stod-och-stipendier/kommunala-foreningsbidrag
berg,berg,berg-drift-underhall,Drift- och underhållsbidrag,0,,,https://berg.se/uppleva-och-gora/foreningsliv-och-foreningar/sok-bidrag-stod-och-stipendier/kommunala-foreningsbidrag
berg,berg,berg-energisparbidrag,Energisparbidrag,0,,,https://berg.se/uppleva-och-gora/foreningsliv-och-foreningar/sok-bidrag-stod-och-stipendier/kommunala-foreningsbidrag
berg,berg,berg-investeringsbidrag,Investeringsbidrag,0,,,https://berg.se/uppleva-och-gora/foreningsliv-och-foreningar/sok-bidrag-stod-och-stipendier/kommunala-foreningsbidrag
berg,berg,berg-utvecklande-aktiviteter,Övrigt bidrag – utvecklande aktiviteter och investeringar,0,,,https://berg.se/uppleva-och-gora/foreningsliv-och-foreningar/sok-bidrag-stod-och-stipendier/kommunala-foreningsbidrag
fargelanda,fargelanda,fargelanda-aktivitetsbidrag,Aktivitetsbidrag,0,,,https://fargelanda.se/uppleva-och-gora/fritid/foreningsverksamhet/
fargelanda,fargelanda,fargelanda-anlaggningsbidrag,Anläggningsbidrag,0,,,https://fargelanda.se/uppleva-och-gora/fritid/foreningsverksamhet/
fargelanda,fargelanda,fargelanda-arrangemangsstod,Arrangemangsstöd,0,,,https://fargelanda.se/uppleva-och-gora/fritid/foreningsverksamhet/
fargelanda,fargelanda,fargelanda-bidrag-for-tillfallig-forening,Bidrag för tillfällig förening,0,,,https://fargelanda.se/uppleva-och-gora/fritid/foreningsverksamhet/
fargelanda,fargelanda,fargelanda-bidrag-till-studieforbund,Bidrag till studieförbund,0,,,https://fargelanda.se/uppleva-och-gora/fritid/foreningsverksamhet/
fargelanda,fargelanda,fargelanda-investeringsbidrag,Investeringsbidrag,0,,,https://fargelanda.se/uppleva-och-gora/fritid/foreningsverksamhet/
fargelanda,fargelanda,fargelanda-startbidrag,Startbidrag,0,,,https://fargelanda.se/uppleva-och-gora/fritid/foreningsverksamhet/
gotland,gotland,gotland-pensionar-aktivitet-medlem,Aktivitets- och medlemsstöd till pensionärsföreningar och 65+,0,,,https://gotland.se/kultur-och-fritid/bokning-bidrag-och-foreningsliv/stod-till-fritids--och-idrottsforeningar
gotland,gotland,gotland-barn-ungdom-resor,Resestöd för barn- och ungdomsverksamhet,0,,,https://gotland.se/kultur-och-fritid/bokning-bidrag-och-foreningsliv/stod-till-fritids--och-idrottsforeningar
gotland,gotland,gotland-funktionsratt-samordning,Samordningsstöd inom funktionsrätt,0,,,https://gotland.se/kultur-och-fritid/bokning-bidrag-och-foreningsliv/stod-till-fritids--och-idrottsforeningar
gotland,gotland,gotland-sociala-foreningar,Verksamhetsstöd till sociala föreningar,0,,,https://gotland.se/kultur-och-fritid/bokning-bidrag-och-foreningsliv/stod-till-fritids--och-idrottsforeningar
habo-jonkoping,habo-jonkoping,habo-jonkoping-aktivitetsbidrag,Aktivitetsbidrag,0,,,https://habokommun.se/uppleva-och-gora/foreningsliv
habo-jonkoping,habo-jonkoping,habo-jonkoping-driftsbidrag,Driftsbidrag,0,,,https://habokommun.se/uppleva-och-gora/foreningsliv
habo-jonkoping,habo-jonkoping,habo-jonkoping-evenemangsstod,Evenemangsstöd,0,,,https://habokommun.se/uppleva-och-gora/foreningsliv
habo-jonkoping,habo-jonkoping,habo-jonkoping-grundbidrag,Grundbidrag,0,,,https://habokommun.se/uppleva-och-gora/foreningsliv
habo-jonkoping,habo-jonkoping,habo-jonkoping-investeringsbidrag,Investeringsbidrag,0,,,https://habokommun.se/uppleva-och-gora/foreningsliv
habo-jonkoping,habo-jonkoping,habo-jonkoping-projektbidrag,Projektbidrag,0,,,https://habokommun.se/uppleva-och-gora/foreningsliv
hagfors,hagfors,hagfors-anlaggningsbidrag,Anläggningsbidrag,0,,,https://www.hagfors.se/undersidor/fritid-och-kultur/foreningsbidrag.html
hagfors,hagfors,hagfors-bevarandebidrag,Bevarandebidrag,0,,,https://www.hagfors.se/undersidor/fritid-och-kultur/foreningsbidrag.html
hagfors,hagfors,hagfors-bidrag-till-studieforbund,Bidrag till studieförbund,0,,,https://www.hagfors.se/undersidor/fritid-och-kultur/foreningsbidrag.html
hagfors,hagfors,hagfors-evenemangs-och-utvecklingsbidrag,Evenemangs- och utvecklingsbidrag,0,,,https://www.hagfors.se/undersidor/fritid-och-kultur/foreningsbidrag.html
hagfors,hagfors,hagfors-instruktorsbidrag,Instruktörsbidrag,0,,,https://www.hagfors.se/undersidor/fritid-och-kultur/foreningsbidrag.html
hagfors,hagfors,hagfors-ledarutbildningsbidrag,Ledarutbildningsbidrag,0,,,https://www.hagfors.se/undersidor/fritid-och-kultur/foreningsbidrag.html
hagfors,hagfors,hagfors-lokalbidrag-till-lokalhallande-foreningar,Lokalbidrag till lokalhållande föreningar,0,,,https://www.hagfors.se/undersidor/fritid-och-kultur/foreningsbidrag.html
hagfors,hagfors,hagfors-lokalt-aktivitetsstod,Lokalt aktivitetsstöd,0,,,https://www.hagfors.se/undersidor/fritid-och-kultur/foreningsbidrag.html
hallefors,hallefors,hallefors-aktivitetsbidrag,Aktivitetsbidrag,0,,,https://www.hellefors.se/foreningsstod.html
hallefors,hallefors,hallefors-bidrag-till-allmanna-samlingslokaler,Bidrag till allmänna samlingslokaler,0,,,https://www.hellefors.se/foreningsstod.html
hallefors,hallefors,hallefors-bidrag-till-mindre-investeringar,Bidrag till mindre investeringar,0,,,https://www.hellefors.se/foreningsstod.html
hallefors,hallefors,hallefors-bidrag-till-offentligt-arrangemang,Bidrag till offentligt arrangemang,0,,,https://www.hellefors.se/foreningsstod.html
hallefors,hallefors,hallefors-evenemangsstod,Evenemangsstöd,0,,,https://www.hellefors.se/foreningsstod.html
hallefors,hallefors,hallefors-startbidrag,Startbidrag för nybildad förening,0,,,https://www.hellefors.se/foreningsstod.html
hallsberg,hallsberg,hallsberg-anlaggningsbidrag,Anläggningsbidrag,0,,,https://www.hallsberg.se/kultur-och-fritid/foreningsliv/foreningsbidrag.html
hallsberg,hallsberg,hallsberg-bidrag-till-studieforbund,Bidrag till studieförbund,0,,,https://www.hallsberg.se/kultur-och-fritid/foreningsliv/foreningsbidrag.html
hallsberg,hallsberg,hallsberg-evenemangsbidrag-for-kulturevenemang,Evenemangsbidrag för kulturevenemang,0,,,https://www.hallsberg.se/kultur-och-fritid/foreningsliv/foreningsbidrag.html
hallsberg,hallsberg,hallsberg-kommunalt-aktivitetsstod,Kommunalt aktivitetsstöd,0,,,https://www.hallsberg.se/kultur-och-fritid/foreningsliv/foreningsbidrag.html
hallsberg,hallsberg,hallsberg-kulturforeningsbidrag,Kulturföreningsbidrag,0,,,https://www.hallsberg.se/kultur-och-fritid/foreningsliv/foreningsbidrag.html
hallsberg,hallsberg,hallsberg-projektbidrag,Projektbidrag,0,,,https://www.hallsberg.se/kultur-och-fritid/foreningsliv/foreningsbidrag.html
hallsberg,hallsberg,hallsberg-startbidrag,Startbidrag,0,,,https://www.hallsberg.se/kultur-och-fritid/foreningsliv/foreningsbidrag.html
hallsberg,hallsberg,hallsberg-sydnarkebidrag,Sydnärkebidrag,0,,,https://www.hallsberg.se/kultur-och-fritid/foreningsliv/foreningsbidrag.html
hallstahammar,hallstahammar,hallstahammar-riktat-bidrag-for-allmanna-lokaler,Riktat bidrag för allmänna lokaler,0,,,https://www.hallstahammar.se/uppleva-och-gora/foreningsliv/foreningsstod-och-bidrag
hallstahammar,hallstahammar,hallstahammar-riktat-verksamhetsbidrag-for-pensionars-och-funktionsrattsorganisationer,Riktat verksamhetsbidrag för pensionärs- och funktionsrättsorganisationer,0,,,https://www.hallstahammar.se/uppleva-och-gora/foreningsliv/foreningsstod-och-bidrag
hallstahammar,hallstahammar,hallstahammar-stod-for-evenemang-eller-projekt,Stöd för evenemang eller projekt,0,,,https://www.hallstahammar.se/uppleva-och-gora/foreningsliv/foreningsstod-och-bidrag
hallstahammar,hallstahammar,hallstahammar-stod-for-lokalkostnader,Stöd för lokalkostnader,0,,,https://www.hallstahammar.se/uppleva-och-gora/foreningsliv/foreningsstod-och-bidrag
hallstahammar,hallstahammar,hallstahammar-verksamhetsbidrag-for-barn-och-ungdomsorganisationer,Verksamhetsbidrag för barn- och ungdomsorganisationer,0,,,https://www.hallstahammar.se/uppleva-och-gora/foreningsliv/foreningsstod-och-bidrag
hallstahammar,hallstahammar,hallstahammar-verksamhetsbidrag-for-kulturforeningar,Verksamhetsbidrag för kulturföreningar,0,,,https://www.hallstahammar.se/uppleva-och-gora/foreningsliv/foreningsstod-och-bidrag
hammaro,hammaro,hammaro-anlaggningsstod,Anläggningsstöd,0,,,https://hammaro.se/uppleva-och-gora/foreningar-foreningsliv/bidrag-stod-och-stipendier
hammaro,hammaro,hammaro-namndens-forfogande,Bidrag till bidragshandläggande nämnds förfogande,0,,,https://hammaro.se/uppleva-och-gora/foreningar-foreningsliv/bidrag-stod-och-stipendier
hammaro,hammaro,hammaro-bidrag-studieforbund,Bidrag till studieförbund,0,,,https://hammaro.se/uppleva-och-gora/foreningar-foreningsliv/bidrag-stod-och-stipendier
hammaro,hammaro,hammaro-foreningsbidrag-av-sarskilda-skal,Föreningsbidrag av särskilda skäl,0,,,https://hammaro.se/uppleva-och-gora/foreningar-foreningsliv/bidrag-stod-och-stipendier
hammaro,hammaro,hammaro-foreningsbidrag-kulturforeningar,Föreningsbidrag till kulturföreningar,0,,,https://hammaro.se/uppleva-och-gora/foreningar-foreningsliv/bidrag-stod-och-stipendier
hammaro,hammaro,hammaro-foreningsbidrag-sociala-foreningar,Föreningsbidrag till sociala föreningar,0,,,https://hammaro.se/uppleva-och-gora/foreningar-foreningsliv/bidrag-stod-och-stipendier
hammaro,hammaro,hammaro-kommunalt-aktivitetsstod,Kommunalt aktivitetsstöd,0,,,https://hammaro.se/uppleva-och-gora/foreningar-foreningsliv/bidrag-stod-och-stipendier
hammaro,hammaro,hammaro-lokalbidrag,Lokalbidrag,0,,,https://hammaro.se/uppleva-och-gora/foreningar-foreningsliv/bidrag-stod-och-stipendier
haparanda,haparanda,haparanda-anlaggningsbidrag,Anläggningsbidrag,0,,,https://www.haparanda.se/fritid-och-kultur/foreningsliv/bidrag-och-stod-till-foreningar
haparanda,haparanda,haparanda-mindre-investeringar,Bidrag till mindre investeringar,0,,,https://www.haparanda.se/fritid-och-kultur/foreningsliv/bidrag-och-stod-till-foreningar
haparanda,haparanda,haparanda-samlingslokal,Driftbidrag till samlingslokal,0,,,https://www.haparanda.se/fritid-och-kultur/foreningsliv/bidrag-och-stod-till-foreningar
haparanda,haparanda,haparanda-anstallningsstod,Kommunalt anställningsstöd,0,,,https://www.haparanda.se/fritid-och-kultur/foreningsliv/bidrag-och-stod-till-foreningar
haparanda,haparanda,haparanda-stimulansbidrag,Stimulansbidrag,0,,,https://www.haparanda.se/fritid-och-kultur/foreningsliv/bidrag-och-stod-till-foreningar
haparanda,haparanda,haparanda-pensionarsforeningar,Stöd till pensionärsföreningar,0,,,https://www.haparanda.se/fritid-och-kultur/foreningsliv/bidrag-och-stod-till-foreningar
haparanda,haparanda,haparanda-studieforbund,Stöd till studieförbund,0,,,https://www.haparanda.se/fritid-och-kultur/foreningsliv/bidrag-och-stod-till-foreningar
haparanda,haparanda,haparanda-funktionsratt,Stöd till verksamhet för personer med funktionsnedsättning,0,,,https://www.haparanda.se/fritid-och-kultur/foreningsliv/bidrag-och-stod-till-foreningar
harjedalen,harjedalen,harjedalen-dokumentationsbidrag,Bidrag till dokumentation,0,,,https://www.herjedalen.se/kommun-och-politik/styrdokument-och-regler/bidrag-och-stod-for-evenemang-foreningar-lokaler-och-studieforbund/foreningsstod.html
harnosand,harnosand,harnosand-aktivitetsbidrag,Aktivitetsbidrag,0,,,https://fri.harnosand.se/bidrag/default.aspx
harnosand,harnosand,harnosand-anlaggningsbidrag,Anläggningsbidrag,0,,,https://fri.harnosand.se/bidrag/default.aspx
harnosand,harnosand,harnosand-bidrag-till-samlingslokalforeningar,Bidrag till samlingslokalföreningar,0,,,https://fri.harnosand.se/bidrag/default.aspx
harnosand,harnosand,harnosand-bidrag-till-studieforbund,Bidrag till studieförbund,0,,,https://fri.harnosand.se/bidrag/default.aspx
harnosand,harnosand,harnosand-bidrag-till-ovriga-fiskevardande-atgarder,Bidrag till övriga fiskevårdande åtgärder,0,,,https://fri.harnosand.se/bidrag/default.aspx
harnosand,harnosand,harnosand-grundbidrag-fiskevardsforeningar,Grundbidrag fiskevårdsföreningar,0,,,https://fri.harnosand.se/bidrag/default.aspx
harnosand,harnosand,harnosand-grundbidrag-pensionarsforeningar,Grundbidrag pensionärsföreningar,0,,,https://fri.harnosand.se/bidrag/default.aspx
harnosand,harnosand,harnosand-hyresbidrag-barn-och-ungdomsforeningar,Hyresbidrag barn- och ungdomsföreningar,0,,,https://fri.harnosand.se/bidrag/default.aspx
harnosand,harnosand,harnosand-organisationsbidrag-funktionsrattsforeningar,Organisationsbidrag funktionsrättsföreningar,0,,,https://fri.harnosand.se/bidrag/default.aspx
harnosand,harnosand,harnosand-projektstod-till-kulturaktiviteter,Projektstöd till kulturaktiviteter,0,,,https://fri.harnosand.se/bidrag/default.aspx
harnosand,harnosand,harnosand-skotselbidrag-fiskevardsforeningar,Skötselbidrag fiskevårdsföreningar,0,,,https://fri.harnosand.se/bidrag/default.aspx
harnosand,harnosand,harnosand-arligt-verksamhetsstod-kultur,Årligt verksamhetsstöd kultur,0,,,https://fri.harnosand.se/bidrag/default.aspx
heby,heby,heby-evenemangsstod,Stöd för att arrangera evenemang,0,,,https://www.heby.se/kultur-och-fritid/foreningsliv/information-till-foreningar/foreningsstod-och-annat-stod
hedemora,hedemora,hedemora-aktivitetsbidrag,Aktivitetsbidrag,0,,,https://hedemora.se/se-och-uppleva/foreningsliv/bidrag-till-foreningar/
hedemora,hedemora,hedemora-evenemangsstod,Evenemangsstöd,0,,,https://hedemora.se/se-och-uppleva/foreningsliv/bidrag-till-foreningar/
hedemora,hedemora,hedemora-feriebidrag,Feriebidrag,0,,,https://hedemora.se/se-och-uppleva/foreningsliv/bidrag-till-foreningar/
hedemora,hedemora,hedemora-grundbidrag,Grundbidrag,0,,,https://hedemora.se/se-och-uppleva/foreningsliv/bidrag-till-foreningar/
hedemora,hedemora,hedemora-inventariebidrag,Inventariebidrag,0,,,https://hedemora.se/se-och-uppleva/foreningsliv/bidrag-till-foreningar/
hedemora,hedemora,hedemora-investeringsbidrag,Investeringsbidrag,0,,,https://hedemora.se/se-och-uppleva/foreningsliv/bidrag-till-foreningar/
hedemora,hedemora,hedemora-kulturarrangemangsbidrag,Kulturarrangemangsbidrag,0,,,https://hedemora.se/se-och-uppleva/foreningsliv/bidrag-till-foreningar/
hedemora,hedemora,hedemora-ledarutbildningsbidrag,Ledarutbildningsbidrag,0,,,https://hedemora.se/se-och-uppleva/foreningsliv/bidrag-till-foreningar/
hedemora,hedemora,hedemora-lokal-drift-och-underhallsbidrag,"Lokal-, drift- och underhållsbidrag",0,,,https://hedemora.se/se-och-uppleva/foreningsliv/bidrag-till-foreningar/
hedemora,hedemora,hedemora-startbidrag,Startbidrag,0,,,https://hedemora.se/se-och-uppleva/foreningsliv/bidrag-till-foreningar/
herrljunga,herrljunga,herrljunga-aktivitetsstod,Aktivitetsstöd,0,,,https://herrljunga.se/uppleva-och-gora/foreningsliv-stod-och-bidrag-till-civilsamhallet/stod-och-bidrag
herrljunga,herrljunga,herrljunga-studieforbund,Bidrag till studieförbund,0,,,https://herrljunga.se/uppleva-och-gora/foreningsliv-stod-och-bidrag-till-civilsamhallet/stod-och-bidrag
herrljunga,herrljunga,herrljunga-drift-och-lokalstod,Drift- och lokalstöd,0,,,https://herrljunga.se/uppleva-och-gora/foreningsliv-stod-och-bidrag-till-civilsamhallet/stod-och-bidrag
herrljunga,herrljunga,herrljunga-snabba-slanten,Snabba slanten,0,,,https://herrljunga.se/uppleva-och-gora/foreningsliv-stod-och-bidrag-till-civilsamhallet/stod-och-bidrag
herrljunga,herrljunga,herrljunga-socialt-foreningsstod,Socialt föreningsstöd,0,,,https://herrljunga.se/uppleva-och-gora/foreningsliv-stod-och-bidrag-till-civilsamhallet/stod-och-bidrag
herrljunga,herrljunga,herrljunga-stod-till-investeringar-och-satsningar,Stöd till investeringar och satsningar,0,,,https://herrljunga.se/uppleva-och-gora/foreningsliv-stod-och-bidrag-till-civilsamhallet/stod-och-bidrag
herrljunga,herrljunga,herrljunga-kulturarrangemang-projekt,Stöd till kulturarrangemang och projekt,0,,,https://herrljunga.se/uppleva-och-gora/foreningsliv-stod-och-bidrag-till-civilsamhallet/stod-och-bidrag
herrljunga,herrljunga,herrljunga-sarskilda-overenskommelser,Särskilda överenskommelser,0,,,https://herrljunga.se/uppleva-och-gora/foreningsliv-stod-och-bidrag-till-civilsamhallet/stod-och-bidrag
hjo,hjo,hjo-aktivitetsbidrag,Aktivitetsbidrag,0,,,https://www.hjo.se/Kultur_turism_fritid/foreningsliv/foreningsbidrag/
hjo,hjo,hjo-anlaggningsbidrag,Anläggningsbidrag,0,,,https://www.hjo.se/Kultur_turism_fritid/foreningsliv/foreningsbidrag/
hjo,hjo,hjo-utvecklings-och-investeringsbidrag,Utvecklings- och investeringsbidrag,0,,,https://www.hjo.se/Kultur_turism_fritid/foreningsliv/foreningsbidrag/
hofors,hofors,hofors-aktivitetsbidrag,Aktivitetsbidrag,0,,,https://www.hofors.se/kultur--fritid/foreningsbidrag.html
hofors,hofors,hofors-drift-och-hyresbidrag,Drift- och hyresbidrag,0,,,https://www.hofors.se/kultur--fritid/foreningsbidrag.html
hofors,hofors,hofors-grundbidrag,Grundbidrag,0,,,https://www.hofors.se/kultur--fritid/foreningsbidrag.html
hofors,hofors,hofors-investeringsbidrag,Investeringsbidrag,0,,,https://www.hofors.se/kultur--fritid/foreningsbidrag.html
hofors,hofors,hofors-ovrigt-bidrag,Övrigt bidrag,0,,,https://www.hofors.se/kultur--fritid/foreningsbidrag.html
hoganas,hoganas,hoganas-socialtjanstens-verksamhet,Föreningsbidrag inom socialtjänstens verksamhet,0,,,https://www.hoganas.se/besok--upplev/foreningar-och-foreningsliv/sokbara-stod-i-hoganas/socialtjanstens-verksamhet.html
hudiksvall,hudiksvall,hudiksvall-bidrag-vandrings-och-cykelleder,Bidrag vandrings- och cykelleder,0,,,https://hudiksvall.se/Sidor/Uppleva-och-gora/Foreningar/Foreningsbidrag.html
hudiksvall,hudiksvall,hudiksvall-driftsbidrag-foreningsagd-anlaggning,Driftsbidrag föreningsägd anläggning,0,,,https://hudiksvall.se/Sidor/Uppleva-och-gora/Foreningar/Foreningsbidrag.html
hudiksvall,hudiksvall,hudiksvall-hyresbidrag-barn-och-ungdomsverksamhet,Hyresbidrag barn- och ungdomsverksamhet,0,,,https://hudiksvall.se/Sidor/Uppleva-och-gora/Foreningar/Foreningsbidrag.html
hudiksvall,hudiksvall,hudiksvall-investeringsbidrag-foreningsagd-anlaggning,Investeringsbidrag föreningsägd anläggning,0,,,https://hudiksvall.se/Sidor/Uppleva-och-gora/Foreningar/Foreningsbidrag.html
hudiksvall,hudiksvall,hudiksvall-lokalt-aktivitetsstod,Lokalt aktivitetsstöd,0,,,https://hudiksvall.se/Sidor/Uppleva-och-gora/Foreningar/Foreningsbidrag.html
hudiksvall,hudiksvall,hudiksvall-sommarlovsaktiviteter,Sommarlovsaktiviteter,0,,,https://hudiksvall.se/Sidor/Uppleva-och-gora/Foreningar/Foreningsbidrag.html
hudiksvall,hudiksvall,hudiksvall-studieforbundsbidrag,Studieförbundsbidrag,0,,,https://hudiksvall.se/Sidor/Uppleva-och-gora/Foreningar/Foreningsbidrag.html
hudiksvall,hudiksvall,hudiksvall-tillfalligt-arrangorsforeningsbidrag,Tillfälligt arrangörsföreningsbidrag,0,,,https://hudiksvall.se/Sidor/Uppleva-och-gora/Foreningar/Foreningsbidrag.html
hudiksvall,hudiksvall,hudiksvall-ungkulturpengar,Ungkulturpengar,0,,,https://hudiksvall.se/Sidor/Uppleva-och-gora/Foreningar/Foreningsbidrag.html
hudiksvall,hudiksvall,hudiksvall-arligt-arrangorsforeningsbidrag,Årligt arrangörsföreningsbidrag,0,,,https://hudiksvall.se/Sidor/Uppleva-och-gora/Foreningar/Foreningsbidrag.html
hultsfred,hultsfred,hultsfred-foreningsbidrag,Föreningsbidrag,0,,,https://minasidor.hultsfred.se/oversikt/overview/216
hultsfred,hultsfred,hultsfred-startbidrag,Startbidrag,0,,,https://minasidor.hultsfred.se/oversikt/overview/415
hylte,hylte,hylte-bidrag-till-funktionshinderorganisationer-och-sociala-stodorganisationer,Bidrag till funktionshinderorganisationer och sociala stödorganisationer,0,,,https://www.hylte.se/uppleva-och-gora/forening-och-arrangor/bidrag-och-stod
hylte,hylte,hylte-bidrag-till-pensionarsforeningar,Bidrag till pensionärsföreningar,0,,,https://www.hylte.se/uppleva-och-gora/forening-och-arrangor/bidrag-och-stod
hylte,hylte,hylte-bidrag-till-samlingslokaler,Bidrag till samlingslokaler,0,,,https://www.hylte.se/uppleva-och-gora/forening-och-arrangor/bidrag-och-stod
hylte,hylte,hylte-investeringsbidrag-till-idrottsforeningar,Investeringsbidrag till idrottsföreningar,0,,,https://www.hylte.se/uppleva-och-gora/forening-och-arrangor/bidrag-och-stod
hylte,hylte,hylte-kulturstod-for-arrangemang-och-projekt,Kulturstöd för arrangemang och projekt,0,,,https://www.hylte.se/uppleva-och-gora/forening-och-arrangor/bidrag-och-stod
hylte,hylte,hylte-ledarutbildningsbidrag,Ledarutbildningsbidrag,0,,,https://www.hylte.se/uppleva-och-gora/forening-och-arrangor/bidrag-och-stod
hylte,hylte,hylte-lokal--och-anlaggningsbidrag,Lokal- och anläggningsbidrag,0,,,https://www.hylte.se/uppleva-och-gora/forening-och-arrangor/bidrag-och-stod
hylte,hylte,hylte-lokalt-aktivitetsstod-(lok-stod),Lokalt aktivitetsstöd (LOK-stöd),0,,,https://www.hylte.se/uppleva-och-gora/forening-och-arrangor/bidrag-och-stod
hylte,hylte,hylte-startbidrag,Startbidrag,0,,,https://www.hylte.se/uppleva-och-gora/forening-och-arrangor/bidrag-och-stod
hylte,hylte,hylte-arsbidrag-till-kulturforening,Årsbidrag till kulturförening,0,,,https://www.hylte.se/uppleva-och-gora/forening-och-arrangor/bidrag-och-stod
jokkmokk,jokkmokk,jokkmokk-lovaktiviteter,Bidrag till lovaktiviteter,0,,,https://www.jokkmokk.se/kultur-och-fritid/foereningar-och-foereningsliv/lovaktiviteter/
jokkmokk,jokkmokk,jokkmokk-ideell-kreativitet,Ideell kreativitet – aktiviteter och projekt,0,,,https://www.jokkmokk.se/kultur-och-fritid/foereningar-och-foereningsliv/stoed-till-fritids-och-idrottsfoereningar/
jokkmokk,jokkmokk,jokkmokk-investeringsstod-bygdemedel,Investeringsstöd för föreningar – bygdemedel,0,,,https://www.jokkmokk.se/kultur-och-fritid/foereningar-och-foereningsliv/stoed-till-fritids-och-idrottsfoereningar/
jokkmokk,jokkmokk,jokkmokk-verksamhetsbidrag,Verksamhetsbidrag,0,,,https://www.jokkmokk.se/kultur-och-fritid/foereningar-och-foereningsliv/stoed-till-fritids-och-idrottsfoereningar/
jonkoping,jonkoping,jonkoping-aktivitetsbidrag,Aktivitetsbidrag,0,,,https://www.jonkoping.se/fritid-kultur--natur/forening-och-foreningsstod/bidrag-till-foreningar-och-studieforbund/bidrag-och-regler-for-fritidsforeningar
jonkoping,jonkoping,jonkoping-arrangemangsbidrag-kultur,Arrangemangsbidrag för kulturföreningar,0,,,https://www.jonkoping.se/fritid-kultur--natur/forening-och-foreningsstod/bidrag-till-foreningar-och-studieforbund/bidrag-och-regler-for-kulturforeningar
jonkoping,jonkoping,jonkoping-extern-kompetensutveckling,Bidrag till extern kompetensutveckling,0,,,https://www.jonkoping.se/fritid-kultur--natur/forening-och-foreningsstod/bidrag-till-foreningar-och-studieforbund/bidrag-och-regler-for-fritidsforeningar
jonkoping,jonkoping,jonkoping-social-verksamhet,Bidrag till föreningar med social verksamhet,0,,,https://www.jonkoping.se/fritid-kultur--natur/forening-och-foreningsstod/bidrag-till-foreningar-och-studieforbund/bidrag-och-regler-for-fritidsforeningar
jonkoping,jonkoping,jonkoping-foreningsallians,Bidrag till föreningsallians,0,,,https://www.jonkoping.se/fritid-kultur--natur/forening-och-foreningsstod/bidrag-till-foreningar-och-studieforbund/bidrag-och-regler-for-fritidsforeningar
jonkoping,jonkoping,jonkoping-koloniverksamhet,Bidrag till koloniverksamhet,0,,,https://www.jonkoping.se/fritid-kultur--natur/forening-och-foreningsstod/bidrag-till-foreningar-och-studieforbund/bidrag-och-regler-for-fritidsforeningar
jonkoping,jonkoping,jonkoping-koloniverksamhet-pensionarer,Bidrag till koloniverksamhet för pensionärer,0,,,https://www.jonkoping.se/fritid-kultur--natur/forening-och-foreningsstod/bidrag-till-foreningar-och-studieforbund/bidrag-och-regler-for-fritidsforeningar
jonkoping,jonkoping,jonkoping-kompetensutveckling-egen-regi,Bidrag till kompetensutveckling i egen regi,0,,,https://www.jonkoping.se/fritid-kultur--natur/forening-och-foreningsstod/bidrag-till-foreningar-och-studieforbund/bidrag-och-regler-for-fritidsforeningar
jonkoping,jonkoping,jonkoping-driftbidrag-kultur,Driftbidrag för kulturföreningars lokal och anläggning,0,,,https://www.jonkoping.se/fritid-kultur--natur/forening-och-foreningsstod/bidrag-till-foreningar-och-studieforbund/bidrag-och-regler-for-kulturforeningar
jonkoping,jonkoping,jonkoping-driftbidrag-lokal-anlaggning,"Driftbidrag, lokal och anläggning",0,,,https://www.jonkoping.se/fritid-kultur--natur/forening-och-foreningsstod/bidrag-till-foreningar-och-studieforbund/bidrag-och-regler-for-fritidsforeningar
jonkoping,jonkoping,jonkoping-ide-jkpg,IdéJkpg – bidrag till ungdomsinitiativ,0,,,https://www.jonkoping.se/fritid-kultur--natur/forening-och-foreningsstod/bidrag-till-foreningar-och-studieforbund/bidrag-och-regler-for-fritidsforeningar
jonkoping,jonkoping,jonkoping-investeringsbidrag,Investeringsbidrag,0,,,https://www.jonkoping.se/fritid-kultur--natur/forening-och-foreningsstod/bidrag-till-foreningar-och-studieforbund/bidrag-och-regler-for-fritidsforeningar
jonkoping,jonkoping,jonkoping-langsiktigt-verksamhetsbidrag-kultur,Långsiktigt verksamhetsbidrag för kulturföreningar,0,,,https://www.jonkoping.se/fritid-kultur--natur/forening-och-foreningsstod/bidrag-till-foreningar-och-studieforbund/bidrag-och-regler-for-kulturforeningar
jonkoping,jonkoping,jonkoping-projektbidrag-kultur,Projektbidrag för kulturföreningar,0,,,https://www.jonkoping.se/fritid-kultur--natur/forening-och-foreningsstod/bidrag-till-foreningar-och-studieforbund/bidrag-och-regler-for-kulturforeningar
karlsborg,karlsborg,karlsborg-aktivitetsbidrag,Aktivitetsbidrag,0,,,https://www.karlsborg.se/link/54b8f2830e3349f8afb549a0abf711e4.aspx
karlsborg,karlsborg,karlsborg-bidrag-till-pensionarsforeningar,Bidrag till pensionärsföreningar,0,,,https://www.karlsborg.se/link/54b8f2830e3349f8afb549a0abf711e4.aspx
karlsborg,karlsborg,karlsborg-bidrag-till-studieforbund,Bidrag till studieförbund,0,,,https://www.karlsborg.se/kultur--fritid/foreningsliv/bidragsregler-for-studieforbund/
karlsborg,karlsborg,karlsborg-driftsbidrag-eller-driftsavtal,Driftsbidrag eller driftsavtal,0,,,https://www.karlsborg.se/link/54b8f2830e3349f8afb549a0abf711e4.aspx
karlsborg,karlsborg,karlsborg-evenemangsbidrag,Evenemangsbidrag,0,,,https://www.karlsborg.se/link/54b8f2830e3349f8afb549a0abf711e4.aspx
karlsborg,karlsborg,karlsborg-investeringsbidrag,Investeringsbidrag,0,,,https://www.karlsborg.se/link/54b8f2830e3349f8afb549a0abf711e4.aspx
karlsborg,karlsborg,karlsborg-kulturbidrag,Kulturbidrag,0,,,https://www.karlsborg.se/link/54b8f2830e3349f8afb549a0abf711e4.aspx
karlsborg,karlsborg,karlsborg-projektstod-barn-och-ungdom,Projektstöd barn och ungdom,0,,,https://www.karlsborg.se/link/54b8f2830e3349f8afb549a0abf711e4.aspx
kil,kil,kil-aktivitetsbidrag,Aktivitetsbidrag,0,,,https://kil.se/uppleva-och-gora/foreningar-foreningsliv/bidrag-och-stod
kil,kil,kil-anlaggningsbidrag,Anläggningsbidrag,0,,,https://kil.se/uppleva-och-gora/foreningar-foreningsliv/bidrag-och-stod
kil,kil,kil-arrangemangsbidrag,Arrangemangsbidrag,0,,,https://kil.se/uppleva-och-gora/foreningar-foreningsliv/bidrag-och-stod
kil,kil,kil-bidrag-till-forebyggande-socialt-arbete,Bidrag till förebyggande socialt arbete,0,,,https://kil.se/uppleva-och-gora/foreningar-foreningsliv/bidrag-och-stod
kil,kil,kil-grundbidrag,Grundbidrag,0,,,https://kil.se/uppleva-och-gora/foreningar-foreningsliv/bidrag-och-stod
kil,kil,kil-hyresbidrag,Hyresbidrag,0,,,https://kil.se/uppleva-och-gora/foreningar-foreningsliv/bidrag-och-stod
kil,kil,kil-investeringsbidrag,Investeringsbidrag,0,,,https://kil.se/uppleva-och-gora/foreningar-foreningsliv/bidrag-och-stod
kil,kil,kil-ledarutbildningsbidrag,Ledarutbildningsbidrag,0,,,https://kil.se/uppleva-och-gora/foreningar-foreningsliv/bidrag-och-stod
kil,kil,kil-startbidrag,Startbidrag,0,,,https://kil.se/uppleva-och-gora/foreningar-foreningsliv/bidrag-och-stod
kil,kil,kil-studieforbundsbidrag,Studieförbundsbidrag,0,,,https://kil.se/uppleva-och-gora/foreningar-foreningsliv/bidrag-och-stod
kil,kil,kil-verksamhetsbidrag,Verksamhetsbidrag,0,,,https://kil.se/uppleva-och-gora/foreningar-foreningsliv/bidrag-och-stod
kinda,kinda,kinda-studieforbund,Bidrag till studieförbund,0,,,https://www.kinda.se/upplevaochgora/foreningsliv/foreningsbidrag.4.15d59a7c151bb4254b7e713c.html
kiruna,kiruna,kiruna-aktivitetsstod,Aktivitetsstöd,0,,,https://kiruna.se/uppleva--gora/foreningsliv/bidrag.html
kiruna,kiruna,kiruna-trygghetsvandringar,Bidrag för trygghetsvandringar och bussvolontärer,0,,,https://kiruna.se/arkiv/nyhetsarkiv/nyheter/2026-05-08-ansok-om-bidrag-for-trygghetsvandringar.html
kiruna,kiruna,kiruna-foreningslonebidrag,Föreningslönebidrag,0,,,https://kiruna.se/uppleva--gora/foreningsliv/bidrag.html
kiruna,kiruna,kiruna-ferieloner,Riktat bidrag till ferielöner,0,,,https://kiruna.se/naringsliv--arbete/arbeta-hos-oss/feriearbete-for-skolungdom-2026.html
kiruna,kiruna,kiruna-socialnamndens-foreningsbidrag,Socialnämndens föreningsbidrag,0,,,https://kiruna.se/uppleva--gora/foreningsliv/bidrag.html
kiruna,kiruna,kiruna-arsanslag-kulturforeningar,Årsanslag för kulturföreningar,0,,,https://kiruna.se/uppleva--gora/foreningsliv/bidrag.html
klippan,klippan,klippan-egna-initiativ-barn-och-ungdomar,Egna initiativ – barn och ungdomar,0,,,https://www.klippan.se/uppleva--gora/foreningar/bidrag--stod-for-foreningar
klippan,klippan,klippan-egna-initiativ-vuxna,Egna initiativ – vuxna,0,,,https://www.klippan.se/uppleva--gora/foreningar/bidrag--stod-for-foreningar
klippan,klippan,klippan-investeringsbidrag,Investeringsbidrag,0,,,https://www.klippan.se/uppleva--gora/foreningar/bidrag--stod-for-foreningar
klippan,klippan,klippan-verksamhetsbidrag,Verksamhetsbidrag,0,,,https://www.klippan.se/uppleva--gora/foreningar/bidrag--stod-for-foreningar
knivsta,knivsta,knivsta-aktivitetsstod-barn-ungdom,Aktivitetsstöd – barn och ungdom,0,,,https://knivsta.se/uppleva-och-gora/foreningsliv/foreningsstod-och-stipendier/stod-till-barn--och-ungdomsforeningar
knivsta,knivsta,knivsta-aktivitetsstod-bygdegard,Aktivitetsstöd – bygdegård,0,,,https://knivsta.se/uppleva-och-gora/foreningsliv/foreningsstod-och-stipendier/stod-till-bygdegardsforeningar
knivsta,knivsta,knivsta-aktivitetsstod-pensionar,Aktivitetsstöd – pensionär,0,,,https://knivsta.se/uppleva-och-gora/foreningsliv/foreningsstod-och-stipendier/stod-till-pensionarsforeningar
knivsta,knivsta,knivsta-anlaggningsstod,Anläggningsstöd,0,,,https://knivsta.se/uppleva-och-gora/foreningsliv/foreningsstod-och-stipendier/stod-till-barn--och-ungdomsforeningar
knivsta,knivsta,knivsta-funktionsstod,Funktionsstöd,0,,,https://knivsta.se/uppleva-och-gora/foreningsliv/foreningsstod-och-stipendier/foreningsgemensamma-stod
knivsta,knivsta,knivsta-grundstod-barn-ungdom,Grundstöd – barn och ungdom,0,,,https://knivsta.se/uppleva-och-gora/foreningsliv/foreningsstod-och-stipendier/stod-till-barn--och-ungdomsforeningar
knivsta,knivsta,knivsta-grundstod-bygdegard,Grundstöd – bygdegård,0,,,https://knivsta.se/uppleva-och-gora/foreningsliv/foreningsstod-och-stipendier/stod-till-bygdegardsforeningar
knivsta,knivsta,knivsta-grundstod-pensionar,Grundstöd – pensionär,0,,,https://knivsta.se/uppleva-och-gora/foreningsliv/foreningsstod-och-stipendier/stod-till-pensionarsforeningar
knivsta,knivsta,knivsta-ledarutbildningsstod,Ledarutbildningsstöd,0,,,https://knivsta.se/uppleva-och-gora/foreningsliv/foreningsstod-och-stipendier/stod-till-barn--och-ungdomsforeningar
knivsta,knivsta,knivsta-lovstod,Lovstöd,0,,,https://knivsta.se/uppleva-och-gora/foreningsliv/foreningsstod-och-stipendier/stod-till-barn--och-ungdomsforeningar
knivsta,knivsta,knivsta-projektstod,Projektstöd,0,,,https://knivsta.se/uppleva-och-gora/foreningsliv/foreningsstod-och-stipendier/stod-till-barn--och-ungdomsforeningar
knivsta,knivsta,knivsta-ridsportsstod,Ridsportsstöd,0,,,https://knivsta.se/uppleva-och-gora/foreningsliv/foreningsstod-och-stipendier/stod-till-barn--och-ungdomsforeningar
knivsta,knivsta,knivsta-startstod,Startstöd,0,,,https://knivsta.se/uppleva-och-gora/foreningsliv/foreningsstod-och-stipendier/foreningsgemensamma-stod
knivsta,knivsta,knivsta-underhallsstod,Underhållsstöd,0,,,https://knivsta.se/uppleva-och-gora/foreningsliv/foreningsstod-och-stipendier/stod-till-barn--och-ungdomsforeningar
koping,koping,koping-driftbidrag,Driftbidrag,0,,,https://fribid.koping.se/bidrag/
koping,koping,koping-investeringsbidrag,Investeringsbidrag,0,,,https://fribid.koping.se/bidrag/
koping,koping,koping-verksamhetsbidrag-barn-och-ungdomsforeningar,Verksamhetsbidrag barn- och ungdomsföreningar,0,,,https://fribid.koping.se/bidrag/
kramfors,kramfors,kramfors-drift-och-underhallsbidrag-anlaggning,Drift- och underhållsbidrag anläggning,0,,,https://www.kramfors.se/se--gora/bidrag.html
kramfors,kramfors,kramfors-driftbidrag-samlingslokaler,Driftbidrag samlingslokaler,0,,,https://www.kramfors.se/se--gora/bidrag.html
kramfors,kramfors,kramfors-fiskevardsbidrag,Fiskevårdsbidrag,0,,,https://www.kramfors.se/se--gora/bidrag.html
kramfors,kramfors,kramfors-foreningsdriven-fritidsgard,Föreningsdriven fritidsgård,0,,,https://www.kramfors.se/se--gora/bidrag.html
kramfors,kramfors,kramfors-grundbidrag-fiskeforeningar,Grundbidrag fiskeföreningar,0,,,https://www.kramfors.se/se--gora/bidrag.html
kramfors,kramfors,kramfors-kulturarrangemangsbidrag,Kulturarrangemangsbidrag,0,,,https://www.kramfors.se/se--gora/bidrag.html
kramfors,kramfors,kramfors-ledarutbildningsbidrag,Ledarutbildningsbidrag,0,,,https://www.kramfors.se/se--gora/bidrag.html
kramfors,kramfors,kramfors-lokalkostnadsbidrag,Lokalkostnadsbidrag,0,,,https://www.kramfors.se/se--gora/bidrag.html
kramfors,kramfors,kramfors-lokalt-aktivitetsbidrag,Lokalt aktivitetsbidrag,0,,,https://www.kramfors.se/se--gora/bidrag.html
kramfors,kramfors,kramfors-pensionars-och-funktionsrattsbidrag,Pensionärs- och funktionsrättsbidrag,0,,,https://www.kramfors.se/se--gora/bidrag.html
kramfors,kramfors,kramfors-studieforbundsbidrag,Studieförbundsbidrag,0,,,https://www.kramfors.se/se--gora/bidrag.html
kramfors,kramfors,kramfors-ungdomsarrangemang,Ungdomsarrangemang,0,,,https://www.kramfors.se/se--gora/bidrag.html
kramfors,kramfors,kramfors-ovrigt-stod-anlaggning-och-verksamhet,Övrigt stöd anläggning och verksamhet,0,,,https://www.kramfors.se/se--gora/bidrag.html
kristinehamn,kristinehamn,kristinehamn-anlaggningsbidrag-pensionar,Anläggningsbidrag för pensionärsföreningar,0,,,https://www.kristinehamn.se/kultur-och-fritid/foreningar-och-studieforbund/bidrag-for-ideella-foreningar/
kristinehamn,kristinehamn,kristinehamn-anlaggningsbidrag-social,Anläggningsbidrag för sociala föreningar,0,,,https://www.kristinehamn.se/kultur-och-fritid/foreningar-och-studieforbund/bidrag-for-ideella-foreningar/
kristinehamn,kristinehamn,kristinehamn-anlaggningsstod,Anläggningsstöd,0,,,https://www.kristinehamn.se/kultur-och-fritid/foreningar-och-studieforbund/bidrag-for-ideella-foreningar/
kristinehamn,kristinehamn,kristinehamn-arrangemang-idrott,Arrangemangsbidrag för idrottsföreningar,0,,,https://www.kristinehamn.se/kultur-och-fritid/foreningar-och-studieforbund/bidrag-for-ideella-foreningar/
kristinehamn,kristinehamn,kristinehamn-arrangemang-kultur,Arrangemangsstöd för kulturföreningar,0,,,https://www.kristinehamn.se/kultur-och-fritid/foreningar-och-studieforbund/bidrag-for-ideella-foreningar/
kristinehamn,kristinehamn,kristinehamn-bidrag-ovriga,Bidrag för övriga föreningar,0,,,https://www.kristinehamn.se/kultur-och-fritid/foreningar-och-studieforbund/bidrag-for-ideella-foreningar/
kristinehamn,kristinehamn,kristinehamn-bidrag-studieforbund,Bidrag till studieförbund,0,,,https://www.kristinehamn.se/kultur-och-fritid/foreningar-och-studieforbund/bidrag-for-ideella-foreningar/
kristinehamn,kristinehamn,kristinehamn-driftbidrag-kultur,Driftbidrag för kultur- och samlingslokaler,0,,,https://www.kristinehamn.se/kultur-och-fritid/foreningar-och-studieforbund/bidrag-for-ideella-foreningar/
kristinehamn,kristinehamn,kristinehamn-lokalt-aktivitetsstod,Lokalt aktivitetsstöd,0,,,https://www.kristinehamn.se/kultur-och-fritid/foreningar-och-studieforbund/bidrag-for-ideella-foreningar/
kristinehamn,kristinehamn,kristinehamn-medlemsbidrag-pensionar,Medlemsbidrag för pensionärsföreningar,0,,,https://www.kristinehamn.se/kultur-och-fritid/foreningar-och-studieforbund/bidrag-for-ideella-foreningar/
kristinehamn,kristinehamn,kristinehamn-projektbidrag-pensionar,Projektbidrag för pensionärsföreningar,0,,,https://www.kristinehamn.se/kultur-och-fritid/foreningar-och-studieforbund/bidrag-for-ideella-foreningar/
kristinehamn,kristinehamn,kristinehamn-startbidrag-allmant,Startbidrag för nystartade föreningar,0,,,https://www.kristinehamn.se/kultur-och-fritid/foreningar-och-studieforbund/bidrag-for-ideella-foreningar/
kristinehamn,kristinehamn,kristinehamn-startbidrag-pensionar,Startbidrag för pensionärsföreningar,0,,,https://www.kristinehamn.se/kultur-och-fritid/foreningar-och-studieforbund/bidrag-for-ideella-foreningar/
kristinehamn,kristinehamn,kristinehamn-startbidrag-social,Startbidrag för sociala föreningar,0,,,https://www.kristinehamn.se/kultur-och-fritid/foreningar-och-studieforbund/bidrag-for-ideella-foreningar/
kristinehamn,kristinehamn,kristinehamn-utbildningsbidrag,Utbildningsbidrag,0,,,https://www.kristinehamn.se/kultur-och-fritid/foreningar-och-studieforbund/bidrag-for-ideella-foreningar/
kristinehamn,kristinehamn,kristinehamn-verksamhetsbidrag-ungdom,Verksamhetsbidrag för barn- och ungdomsverksamhet,0,,,https://www.kristinehamn.se/kultur-och-fritid/foreningar-och-studieforbund/bidrag-for-ideella-foreningar/
kristinehamn,kristinehamn,kristinehamn-verksamhetsbidrag-kultur,Verksamhetsbidrag för kulturföreningar,0,,,https://www.kristinehamn.se/kultur-och-fritid/foreningar-och-studieforbund/bidrag-for-ideella-foreningar/
kristinehamn,kristinehamn,kristinehamn-verksamhetsbidrag-social,Verksamhetsbidrag för sociala föreningar,0,,,https://www.kristinehamn.se/kultur-och-fritid/foreningar-och-studieforbund/bidrag-for-ideella-foreningar/
krokom,krokom,krokom-aktivitetsbidrag,Aktivitetsbidrag,0,,,https://krokom.se/kultur-och-fritid/idrott-och-motion/stod-och-bidrag/stod-och-bidrag-till-foreningar.html
krokom,krokom,krokom-anlaggningsbidrag-sommaranlaggningar,Anläggningsbidrag sommaranläggningar,0,,,https://krokom.se/kultur-och-fritid/idrott-och-motion/stod-och-bidrag/stod-och-bidrag-till-foreningar.html
krokom,krokom,krokom-anlaggningsbidrag-vinteranlaggningar,Anläggningsbidrag vinteranläggningar,0,,,https://krokom.se/kultur-och-fritid/idrott-och-motion/stod-och-bidrag/stod-och-bidrag-till-foreningar.html
krokom,krokom,krokom-kulturbidrag,Kulturbidrag,0,,,https://krokom.se/kultur-och-fritid/kultur/stod-och-bidrag.html
krokom,krokom,krokom-ledarutbildningsbidrag,Ledarutbildningsbidrag,0,,,https://krokom.se/kultur-och-fritid/idrott-och-motion/stod-och-bidrag/stod-och-bidrag-till-foreningar.html
krokom,krokom,krokom-lokalbidrag,Lokalbidrag,0,,,https://krokom.se/kultur-och-fritid/idrott-och-motion/stod-och-bidrag/stod-och-bidrag-till-foreningar.html
krokom,krokom,krokom-lonebidrag-till-foreningar,Lönebidrag till föreningar,0,,,https://krokom.se/kultur-och-fritid/idrott-och-motion/stod-och-bidrag/stod-och-bidrag-till-foreningar.html
krokom,krokom,krokom-skoterledsbidrag,Skoterledsbidrag,0,,,https://krokom.se/kultur-och-fritid/idrott-och-motion/stod-och-bidrag/stod-och-bidrag-till-foreningar.html
kumla,kumla,kumla-bidrag-for-sociala-aktiviteter,Bidrag för sociala aktiviteter,0,,,https://www.kumla.se/uppleva-och-gora/foreningar/bidrag.html
kumla,kumla,kumla-bidrag-till-ridskoleverksamhet,Bidrag till ridskoleverksamhet,0,,,https://www.kumla.se/uppleva-och-gora/foreningar/bidrag.html
kumla,kumla,kumla-grundbidrag,Grundbidrag,0,,,https://www.kumla.se/uppleva-och-gora/foreningar/bidrag.html
kumla,kumla,kumla-lokal-och-anlaggningsbidrag,Lokal- och anläggningsbidrag,0,,,https://www.kumla.se/uppleva-och-gora/foreningar/bidrag.html
kumla,kumla,kumla-projektbidrag,Projektbidrag,0,,,https://www.kumla.se/uppleva-och-gora/foreningar/bidrag.html
kumla,kumla,kumla-startbidrag,Startbidrag,0,,,https://www.kumla.se/uppleva-och-gora/foreningar/bidrag.html
kumla,kumla,kumla-sydnarkebidrag,Sydnärkebidrag,0,,,https://www.kumla.se/uppleva-och-gora/foreningar/bidrag.html
kungsor,kungsor,kungsor-aktivitetsbidrag,Aktivitetsbidrag,0,,,https://kungsor.se/uppleva-och-gora/foreningsliv/foreningsstod-och-bidrag.html
kungsor,kungsor,kungsor-anlaggningsbidrag,Anläggningsbidrag,0,,,https://kungsor.se/uppleva-och-gora/foreningsliv/foreningsstod-och-bidrag.html
kungsor,kungsor,kungsor-arrangemangsbidrag,Arrangemangsbidrag,0,,,https://kungsor.se/uppleva-och-gora/foreningsliv/foreningsstod-och-bidrag.html
kungsor,kungsor,kungsor-ledarutbildningsbidrag,Ledarutbildningsbidrag,0,,,https://kungsor.se/uppleva-och-gora/foreningsliv/foreningsstod-och-bidrag.html
kungsor,kungsor,kungsor-lovverksamhetsbidrag,Lovverksamhetsbidrag,0,,,https://kungsor.se/uppleva-och-gora/foreningsliv/foreningsstod-och-bidrag.html
kungsor,kungsor,kungsor-nybildningsbidrag,Nybildningsbidrag,0,,,https://kungsor.se/uppleva-och-gora/foreningsliv/foreningsstod-och-bidrag.html
kungsor,kungsor,kungsor-verksamhetsbidrag,Verksamhetsbidrag,0,,,https://kungsor.se/uppleva-och-gora/foreningsliv/foreningsstod-och-bidrag.html
landskrona,landskrona,landskrona-marknadsforingsstod,Marknadsföringsstöd,0,,,https://etjanster.landskrona.se/oversikt/overview/96
laxa,laxa,laxa-aktivitetsbidrag,Aktivitetsbidrag,0,,,https://www.laxa.se/Kultur-och-fritid/Bidragsregler-for-foreningar-i-Laxa-kommun.html
laxa,laxa,laxa-kurs-och-lagerbidrag,Kurs- och lägerbidrag,0,,,https://www.laxa.se/Kultur-och-fritid/Bidragsregler-for-foreningar-i-Laxa-kommun.html
laxa,laxa,laxa-medlemsbidrag,Medlemsbidrag,0,,,https://www.laxa.se/Kultur-och-fritid/Bidragsregler-for-foreningar-i-Laxa-kommun.html
laxa,laxa,laxa-sydnarkebidrag,Sydnärkebidrag,0,,,https://www.laxa.se/Kultur-och-fritid/Bidragsregler-for-foreningar-i-Laxa-kommun.html
lekeberg,lekeberg,lekeberg-arrangorsbidrag,Arrangörsbidrag,0,,,https://lekeberg.se/upplevaochgora/foreningarforeningsliv/bidragstodochstipendier.4.711bc06b14820d116bc155b.html
lekeberg,lekeberg,lekeberg-bidrag-for-lokala-motesplatser-och-kulturcentrum,Bidrag för lokala mötesplatser och kulturcentrum,0,,,https://lekeberg.se/upplevaochgora/foreningarforeningsliv/bidragstodochstipendier.4.711bc06b14820d116bc155b.html
lekeberg,lekeberg,lekeberg-lokalt-aktivitetsbidrag,Lokalt aktivitetsbidrag,0,,,https://lekeberg.se/upplevaochgora/foreningarforeningsliv/bidragstodochstipendier.4.711bc06b14820d116bc155b.html
lekeberg,lekeberg,lekeberg-medlemsbidrag,Medlemsbidrag,0,,,https://lekeberg.se/upplevaochgora/foreningarforeningsliv/bidragstodochstipendier.4.711bc06b14820d116bc155b.html
lekeberg,lekeberg,lekeberg-skotselbidrag,Skötselbidrag,0,,,https://lekeberg.se/upplevaochgora/foreningarforeningsliv/bidragstodochstipendier.4.711bc06b14820d116bc155b.html
lekeberg,lekeberg,lekeberg-startbidrag,Startbidrag,0,,,https://lekeberg.se/upplevaochgora/foreningarforeningsliv/bidragstodochstipendier.4.711bc06b14820d116bc155b.html
lekeberg,lekeberg,lekeberg-utvecklingsbidrag,Utvecklingsbidrag,0,,,https://lekeberg.se/upplevaochgora/foreningarforeningsliv/bidragstodochstipendier.4.711bc06b14820d116bc155b.html
leksand,leksand,leksand-driftbidrag-foreningsagd-anlaggning,Driftbidrag föreningsägd anläggning,0,,,https://leksand.se/foretag-och-foreningsliv/foreningar-och-foreningsliv/foreningsbidrag
leksand,leksand,leksand-garantibelopp-och-punktbidrag-kulturevenemang,Garantibelopp och punktbidrag kulturevenemang,0,,,https://leksand.se/foretag-och-foreningsliv/foreningar-och-foreningsliv/foreningsbidrag
leksand,leksand,leksand-isbanebidrag,Isbanebidrag,0,,,https://leksand.se/foretag-och-foreningsliv/foreningar-och-foreningsliv/foreningsbidrag
leksand,leksand,leksand-ledarutbildningsbidrag,Ledarutbildningsbidrag,0,,,https://leksand.se/foretag-och-foreningsliv/foreningar-och-foreningsliv/foreningsbidrag
leksand,leksand,leksand-lokal-och-anlaggningsbidrag,Lokal- och anläggningsbidrag,0,,,https://leksand.se/foretag-och-foreningsliv/foreningar-och-foreningsliv/foreningsbidrag
leksand,leksand,leksand-lokalt-aktivitetsstod,Lokalt aktivitetsstöd,0,,,https://leksand.se/foretag-och-foreningsliv/foreningar-och-foreningsliv/foreningsbidrag
leksand,leksand,leksand-motionssparsbidrag,Motionsspårsbidrag,0,,,https://leksand.se/foretag-och-foreningsliv/foreningar-och-foreningsliv/foreningsbidrag
leksand,leksand,leksand-nyskapande-kulturprojekt,Nyskapande kulturprojekt,0,,,https://leksand.se/foretag-och-foreningsliv/foreningar-och-foreningsliv/foreningsbidrag
leksand,leksand,leksand-orienteringskartbidrag,Orienteringskartbidrag,0,,,https://leksand.se/foretag-och-foreningsliv/foreningar-och-foreningsliv/foreningsbidrag
leksand,leksand,leksand-skidsparsbidrag,Skidspårsbidrag,0,,,https://leksand.se/foretag-och-foreningsliv/foreningar-och-foreningsliv/foreningsbidrag
leksand,leksand,leksand-startbidrag-social-verksamhet,Startbidrag social verksamhet,0,,,https://leksand.se/foretag-och-foreningsliv/foreningar-och-foreningsliv/foreningsbidrag
leksand,leksand,leksand-studieforbundsbidrag,Studieförbundsbidrag,0,,,https://leksand.se/foretag-och-foreningsliv/foreningar-och-foreningsliv/foreningsbidrag
leksand,leksand,leksand-verksamhetsbidrag-kulturforeningar,Verksamhetsbidrag kulturföreningar,0,,,https://leksand.se/foretag-och-foreningsliv/foreningar-och-foreningsliv/foreningsbidrag
leksand,leksand,leksand-verksamhetsbidrag-social-verksamhet,Verksamhetsbidrag social verksamhet,0,,,https://leksand.se/foretag-och-foreningsliv/foreningar-och-foreningsliv/foreningsbidrag
lessebo,lessebo,lessebo-grundstod,Grundstöd,0,,,https://www.lessebo.se/uppleva-och-gora/foreningar-och-foreningsliv.html
lessebo,lessebo,lessebo-startstod,Startstöd,0,,,https://www.lessebo.se/uppleva-och-gora/foreningar-och-foreningsliv.html
lessebo,lessebo,lessebo-kulturforening,Stöd för kulturföreningar,0,,,https://www.lessebo.se/uppleva-och-gora/foreningar-och-foreningsliv.html
lessebo,lessebo,lessebo-studieforbund,Stöd för studieförbund,0,,,https://www.lessebo.se/uppleva-och-gora/foreningar-och-foreningsliv.html
lessebo,lessebo,lessebo-pensionar-funktionsratt,Stöd till pensionärs- och funktionsrättsföreningar,0,,,https://www.lessebo.se/uppleva-och-gora/foreningar-och-foreningsliv.html
lidkoping,lidkoping,lidkoping-folkbildning,Bidrag till folkbildningen,0,,,https://lidkoping.se/kommun-och-politik/bidrag-och-stipendier/bidrag-till-folkbildningen
lidkoping,lidkoping,lidkoping-lokal-utveckling,Bidrag till lokal utveckling,0,,,https://lidkoping.se/kommun-och-politik/bidrag-och-stipendier/bidrag-till-lokal-utveckling
lilla-edet,lilla-edet,lilla-edet-aktivitetsbidrag-for-unga,Aktivitetsbidrag för unga,0,,,https://www.lillaedet.se/uppleva-och-gora/foreningar/bidrag-stod-och-stipendier
lilla-edet,lilla-edet,lilla-edet-bidrag-for-fysisk-aktivitet-bland-aldre,Bidrag för fysisk aktivitet bland äldre,0,,,https://www.lillaedet.se/uppleva-och-gora/foreningar/bidrag-stod-och-stipendier
lilla-edet,lilla-edet,lilla-edet-bidrag-till-bygdegardar,Bidrag till bygdegårdar,0,,,https://www.lillaedet.se/uppleva-och-gora/foreningar/bidrag-stod-och-stipendier
lilla-edet,lilla-edet,lilla-edet-bidrag-till-studieforbund,Bidrag till studieförbund,0,,,https://www.lillaedet.se/uppleva-och-gora/foreningar/bidrag-stod-och-stipendier
lilla-edet,lilla-edet,lilla-edet-grundbidrag,Grundbidrag,0,,,https://www.lillaedet.se/uppleva-och-gora/foreningar/bidrag-stod-och-stipendier
lilla-edet,lilla-edet,lilla-edet-kommunalt-lonebidrag,Kommunalt lönebidrag,0,,,https://www.lillaedet.se/uppleva-och-gora/foreningar/bidrag-stod-och-stipendier
lilla-edet,lilla-edet,lilla-edet-ledarutbildningsbidrag,Ledarutbildningsbidrag,0,,,https://www.lillaedet.se/uppleva-och-gora/foreningar/bidrag-stod-och-stipendier
lilla-edet,lilla-edet,lilla-edet-lokalbidrag,Lokalbidrag,0,,,https://www.lillaedet.se/uppleva-och-gora/foreningar/bidrag-stod-och-stipendier
lilla-edet,lilla-edet,lilla-edet-snabbslanten,Snabbslanten,0,,,https://www.lillaedet.se/uppleva-och-gora/foreningar/bidrag-stod-och-stipendier
lilla-edet,lilla-edet,lilla-edet-startbidrag,Startbidrag,0,,,https://www.lillaedet.se/uppleva-och-gora/foreningar/bidrag-stod-och-stipendier
lilla-edet,lilla-edet,lilla-edet-utvecklings-och-arrangemangsbidrag,Utvecklings- och arrangemangsbidrag,0,,,https://www.lillaedet.se/uppleva-och-gora/foreningar/bidrag-stod-och-stipendier
lindesberg,lindesberg,lindesberg-aktivitetsbidrag,Aktivitetsbidrag,0,,,https://www.lindesberg.se/download/18.4089c5481870839f4e9b55d/1679648136904/Regler%20och%20villkor%20f%C3%B6r%20f%C3%B6reningsbidrag.pdf
lindesberg,lindesberg,lindesberg-foreningsdrivna-motesplatser,Bidrag till föreningsdrivna mötesplatser,0,,,https://www.lindesberg.se/download/18.4089c5481870839f4e9b55d/1679648136904/Regler%20och%20villkor%20f%C3%B6r%20f%C3%B6reningsbidrag.pdf
lindesberg,lindesberg,lindesberg-kultur-och-fritidsarrangemang,Bidrag till kultur- och fritidsarrangemang,0,,,https://www.lindesberg.se/download/18.4089c5481870839f4e9b55d/1679648136904/Regler%20och%20villkor%20f%C3%B6r%20f%C3%B6reningsbidrag.pdf
lindesberg,lindesberg,lindesberg-studieforbund,Bidrag till studieförbund,0,,,https://www.lindesberg.se/download/18.4089c5481870839f4e9b55d/1679648136904/Regler%20och%20villkor%20f%C3%B6r%20f%C3%B6reningsbidrag.pdf
lindesberg,lindesberg,lindesberg-driftsbidrag,Driftsbidrag,0,,,https://www.lindesberg.se/download/18.4089c5481870839f4e9b55d/1679648136904/Regler%20och%20villkor%20f%C3%B6r%20f%C3%B6reningsbidrag.pdf
lindesberg,lindesberg,lindesberg-investeringsbidrag,Investeringsbidrag,0,,,https://www.lindesberg.se/download/18.4089c5481870839f4e9b55d/1679648136904/Regler%20och%20villkor%20f%C3%B6r%20f%C3%B6reningsbidrag.pdf
lindesberg,lindesberg,lindesberg-ledarutbildningsbidrag,Ledarutbildningsbidrag,0,,,https://www.lindesberg.se/download/18.4089c5481870839f4e9b55d/1679648136904/Regler%20och%20villkor%20f%C3%B6r%20f%C3%B6reningsbidrag.pdf
lindesberg,lindesberg,lindesberg-nystartsbidrag,Nystartsbidrag,0,,,https://www.lindesberg.se/download/18.4089c5481870839f4e9b55d/1679648136904/Regler%20och%20villkor%20f%C3%B6r%20f%C3%B6reningsbidrag.pdf
lindesberg,lindesberg,lindesberg-spontanaktivitetsbidrag,Spontanaktivitetsbidrag,0,,,https://www.lindesberg.se/download/18.4089c5481870839f4e9b55d/1679648136904/Regler%20och%20villkor%20f%C3%B6r%20f%C3%B6reningsbidrag.pdf
linkoping,linkoping,linkoping-son-aktivitetsbidrag,Aktivitetsbidrag – social- och omsorgsnämnden,0,,,https://www.linkoping.se/uppleva-och-gora/foreningsliv-bidrag-och-tillstand/bidrag-till-foreningar-arrangemang-och-aktiviteter
linkoping,linkoping,linkoping-vao-aktivitetsbidrag,Aktivitetsbidrag – vård- och äldreomsorgsnämnden,0,,,https://www.linkoping.se/uppleva-och-gora/foreningsliv-bidrag-och-tillstand/bidrag-till-foreningar-arrangemang-och-aktiviteter
linkoping,linkoping,linkoping-anlaggningsbidrag-motesplatser,Anläggningsbidrag för mötesplatser,0,,,https://www.linkoping.se/uppleva-och-gora/foreningsliv-bidrag-och-tillstand/bidrag-till-foreningar-arrangemang-och-aktiviteter
linkoping,linkoping,linkoping-trygghetsskapande-insatser,Bidrag till trygghetsskapande insatser,0,,,https://www.linkoping.se/uppleva-och-gora/foreningsliv-bidrag-och-tillstand/bidrag-till-foreningar-arrangemang-och-aktiviteter
linkoping,linkoping,linkoping-vao-grund-medlemsbidrag,Grund- och medlemsbidrag – vård- och äldreomsorgsnämnden,0,,,https://www.linkoping.se/uppleva-och-gora/foreningsliv-bidrag-och-tillstand/bidrag-till-foreningar-arrangemang-och-aktiviteter
linkoping,linkoping,linkoping-son-grundbidrag,Grundbidrag – social- och omsorgsnämnden,0,,,https://www.linkoping.se/uppleva-och-gora/foreningsliv-bidrag-och-tillstand/bidrag-till-foreningar-arrangemang-och-aktiviteter
linkoping,linkoping,linkoping-kulturarrangemang,Kulturarrangemangsbidrag,0,,,https://www.linkoping.se/uppleva-och-gora/foreningsliv-bidrag-och-tillstand/bidrag-till-foreningar-arrangemang-och-aktiviteter
linkoping,linkoping,linkoping-vao-sarskilt-aktivitetsbidrag,Särskilt aktivitetsbidrag – vård- och äldreomsorgsnämnden,0,,,https://www.linkoping.se/uppleva-och-gora/foreningsliv-bidrag-och-tillstand/bidrag-till-foreningar-arrangemang-och-aktiviteter
linkoping,linkoping,linkoping-ungdomsarrangemangsbidrag,Ungdomsarrangemangsbidrag,0,,,https://www.linkoping.se/uppleva-och-gora/foreningsliv-bidrag-och-tillstand/bidrag-till-foreningar-arrangemang-och-aktiviteter
linkoping,linkoping,linkoping-ungt-initiativ,Ungt initiativ,0,,,https://www.linkoping.se/uppleva-och-gora/foreningsliv-bidrag-och-tillstand/bidrag-till-foreningar-arrangemang-och-aktiviteter
linkoping,linkoping,linkoping-utvecklingsbidrag-idrott,Utvecklingsbidrag för idrottsföreningar,0,,,https://www.linkoping.se/uppleva-och-gora/foreningsliv-bidrag-och-tillstand/bidrag-till-foreningar-arrangemang-och-aktiviteter
linkoping,linkoping,linkoping-verksamhetsbidrag-idrott-fritid,Verksamhetsbidrag (idrott och fritid),0,,,https://www.linkoping.se/uppleva-och-gora/foreningsliv-bidrag-och-tillstand/bidrag-till-foreningar-arrangemang-och-aktiviteter
ljusdal,ljusdal,ljusdal-foreningsbidrag-omsorgsnamnden,Föreningsbidrag omsorgsnämnden,0,,,https://www.ljusdal.se/upplevagora/foreningslivstodochstipendier/bidragochstod.4.4b396cf614e46c4923cbcf59.html
ljusdal,ljusdal,ljusdal-ordinarie-foreningsbidrag,Ordinarie föreningsbidrag,0,,,https://www.ljusdal.se/upplevagora/foreningslivstodochstipendier/bidragochstod.4.4b396cf614e46c4923cbcf59.html
ljusdal,ljusdal,ljusdal-tillfalligt-foreningsbidrag-2026,Tillfälligt föreningsbidrag 2026,0,,,https://www.ljusdal.se/upplevagora/foreningslivstodochstipendier/bidragochstod.4.4b396cf614e46c4923cbcf59.html
ljusnarsberg,ljusnarsberg,ljusnarsberg-foreningslokalbidrag,Föreningslokalbidrag,0,,,https://ljusnarsberg.se/uppleva-och-gora/foreningar-och-foreningsliv/foreningsbidrag
ljusnarsberg,ljusnarsberg,ljusnarsberg-investeringsbidrag,Investeringsbidrag,0,,,https://ljusnarsberg.se/uppleva-och-gora/foreningar-och-foreningsliv/foreningsbidrag
ljusnarsberg,ljusnarsberg,ljusnarsberg-verksamhetsbidrag,Verksamhetsbidrag,0,,,https://ljusnarsberg.se/uppleva-och-gora/foreningar-och-foreningsliv/foreningsbidrag
lomma,lomma,lomma-projekt-och-evenemangsbidrag,Projekt- och evenemangsbidrag,0,,,https://lomma.se/uppleva-och-gora/foreningar-foreningsliv/bidrag-och-stipendier.html
lomma,lomma,lomma-sociala-bidrag-foreningsbidrag,Sociala bidrag – föreningsbidrag,0,,,https://lomma.se/uppleva-och-gora/foreningar-foreningsliv/bidrag-och-stipendier.html
lomma,lomma,lomma-verksamhetsstod-till-idrotts-och-friluftsforeningar,Verksamhetsstöd till idrotts- och friluftsföreningar,0,,,https://lomma.se/uppleva-och-gora/foreningar-foreningsliv/bidrag-och-stipendier.html
lomma,lomma,lomma-verksamhetsstod-till-kulturforeningar,Verksamhetsstöd till kulturföreningar,0,,,https://lomma.se/uppleva-och-gora/foreningar-foreningsliv/bidrag-och-stipendier.html
lomma,lomma,lomma-verksamhetsstod-till-studieforbund,Verksamhetsstöd till studieförbund,0,,,https://lomma.se/uppleva-och-gora/foreningar-foreningsliv/bidrag-och-stipendier.html
ludvika,ludvika,ludvika-arrangemangs-projektbidrag,Arrangemangs- och projektbidrag för fritids- och idrottsföreningar,0,,,https://www.ludvika.se/e-tjanster/e-tjanster-och-blanketter/uppleva-och-gora/foreningar/foreningsbidrag----arrangemangs--och-projektbidrag-for--fritids--och-idrottsforeningar
ludvika,ludvika,ludvika-lovverksamhet,Bidrag till lovverksamhet,0,,,https://www.ludvika.se/e-tjanster/e-tjanster-och-blanketter/uppleva-och-gora/foreningar/foreningsbidrag---lovverksamhet
ludvika,ludvika,ludvika-grundbidrag-lokalagande,Grundbidrag till lokalägande föreningar,0,,,https://www.ludvika.se/e-tjanster/e-tjanster-och-blanketter/uppleva-och-gora/foreningar/foreningsbidrag---grundbidrag-lokalagande-foreningar
ludvika,ludvika,ludvika-kommunalt-lonebidrag,Kommunalt bidrag för lönebidragsanställda,0,,,https://www.ludvika.se/uppleva-och-gora/foreningar/kommunalt-bidrag-till-foreningar-med-lonebidragsanstallda
ludvika,ludvika,ludvika-vard-omsorg-lokalstod,Lokalstöd till pensionärs- och funktionsrättsföreningar,0,,,https://www.ludvika.se/e-tjanster/e-tjanster-och-blanketter/uppleva-och-gora/foreningar/foreningsbidrag---for-pensionarsforeningar-och-foreningar-for-personer-med-funktionshinder
ludvika,ludvika,ludvika-verksamhet-anlaggning-drift,"Verksamhets-, anläggnings- och driftbidrag för fritids- och idrottsföreningar",0,,,https://www.ludvika.se/e-tjanster/e-tjanster-och-blanketter/uppleva-och-gora/foreningar/foreningsbidrag---verksamhet-anlaggning-och-drift-for-fritids--och-idrottsforeningar
ludvika,ludvika,ludvika-verksamhetsbidrag-samhallsnytta,Verksamhetsbidrag för samhällsnyttig verksamhet,0,,,https://www.ludvika.se/e-tjanster/e-tjanster-och-blanketter/uppleva-och-gora/foreningar/foreningsbidrag---verksamhetsbidrag-for-samhallsnyttig-verksamhet
ludvika,ludvika,ludvika-vard-omsorg-verksamhetsstod,Verksamhetsstöd till pensionärs- och funktionsrättsföreningar,0,,,https://www.ludvika.se/e-tjanster/e-tjanster-och-blanketter/uppleva-och-gora/foreningar/foreningsbidrag---for-pensionarsforeningar-och-foreningar-for-personer-med-funktionshinder
lulea,lulea,lulea-sommarskola,Sommarskola,0,,,https://www.lulea.se/uppleva--gora/foreningar-och-organisationer/stod-och-bidrag-i-lulea-kommun/fritidsbidrag.html
lund,lund,lund-anlaggningsstod,Anläggningsstöd,0,,,https://lund.se/uppleva-och-gora/foreningslotsen/forenings--och-projektbidrag
lund,lund,lund-hallbarhetsstod,Hållbarhetsstöd till civilsamhället,0,,,https://lund.se/uppleva-och-gora/foreningslotsen/forenings--och-projektbidrag
lund,lund,lund-lokalt-aktivitetsstod,Kommunalt lokalt aktivitetsstöd (LOK),0,,,https://lund.se/uppleva-och-gora/foreningslotsen/forenings--och-projektbidrag
lund,lund,lund-lokalkompensationsstod,Lokalkompensationsstöd,0,,,https://lund.se/uppleva-och-gora/foreningslotsen/forenings--och-projektbidrag
lund,lund,lund-lov-i-lund,Lov i Lund – stöd till lovaktiviteter,0,,,https://lund.se/uppleva-och-gora/foreningslotsen/forenings--och-projektbidrag
lund,lund,lund-miljoanslag,Miljöanslag för föreningar,0,,,https://lund.se/uppleva-och-gora/foreningslotsen/forenings--och-projektbidrag
lund,lund,lund-naromradesstod-kultur,"Närområdesstöd till kultur, traditioner och högtider",0,,,https://lund.se/uppleva-och-gora/foreningslotsen/forenings--och-projektbidrag
lund,lund,lund-projektstod-kultur,Projektstöd för publika kulturarrangemang,0,,,https://lund.se/uppleva-och-gora/foreningslotsen/forenings--och-projektbidrag
lund,lund,lund-startstod,Startstöd,0,,,https://lund.se/uppleva-och-gora/foreningslotsen/forenings--och-projektbidrag
lund,lund,lund-folkbildande-kultur,Stöd till folkbildande kulturverksamhet och ideella föreningar,0,,,https://lund.se/uppleva-och-gora/foreningslotsen/forenings--och-projektbidrag
lund,lund,lund-publika-idrottsarrangemang,Stöd till publika idrottsarrangemang,0,,,https://lund.se/uppleva-och-gora/foreningslotsen/forenings--och-projektbidrag
lund,lund,lund-unga-leder-unga,Unga leder unga,0,,,https://lund.se/uppleva-och-gora/foreningslotsen/forenings--och-projektbidrag
lund,lund,lund-utvecklingsstod-barn-unga,Utvecklingsstöd för barn- och ungdomsverksamhet,0,,,https://lund.se/uppleva-och-gora/foreningslotsen/forenings--och-projektbidrag
lund,lund,lund-utvecklingsstod-kultur,"Utvecklingsstöd mini, midi och maxi",0,,,https://lund.se/uppleva-och-gora/foreningslotsen/forenings--och-projektbidrag
lund,lund,lund-verksamhetsstod-kultur,Verksamhetsstöd till kulturverksamhet,0,,,https://lund.se/uppleva-och-gora/foreningslotsen/forenings--och-projektbidrag
lycksele,lycksele,lycksele-lonebidrag-ansokan,Bidrag för lönebidragsanställd,0,,,https://fri.lycksele.se/bidrag/
lycksele,lycksele,lycksele-kulturarrangemang,Bidrag till enstaka offentliga kulturarrangemang,0,,,https://fri.lycksele.se/bidrag/
lycksele,lycksele,lycksele-studieforbund-kulturprogram,Bidrag till kulturprogram för studieförbund,0,,,https://fri.lycksele.se/bidrag/
lycksele,lycksele,lycksele-samlingslokal,Driftbidrag till samlingslokal,0,,,https://fri.lycksele.se/bidrag/
lycksele,lycksele,lycksele-studieforbund-grund-volym,Grund- och volymbidrag till studieförbund,0,,,https://fri.lycksele.se/bidrag/
lycksele,lycksele,lycksele-egen-lokal,Lokalbidrag för driftkostnader i egen lokal,0,,,https://fri.lycksele.se/bidrag/
lycksele,lycksele,lycksele-hyrd-lokal,Lokalbidrag för hyrd lokal,0,,,https://fri.lycksele.se/bidrag/
lycksele,lycksele,lycksele-lonebidrag-rekvisition,Rekvisition av bidrag för lönebidragsanställd,0,,,https://fri.lycksele.se/bidrag/
lycksele,lycksele,lycksele-golfanlaggning,Skötsel- och anläggningsbidrag – golfanläggning,0,,,https://fri.lycksele.se/bidrag/
lycksele,lycksele,lycksele-grasfotbollsplan,Skötsel- och anläggningsbidrag – gräsfotbollsplan,0,,,https://fri.lycksele.se/bidrag/
lycksele,lycksele,lycksele-isbana,Skötsel- och anläggningsbidrag – isbana,0,,,https://fri.lycksele.se/bidrag/
lycksele,lycksele,lycksele-motoranlaggning,Skötsel- och anläggningsbidrag – motoranläggning,0,,,https://fri.lycksele.se/bidrag/
lycksele,lycksele,lycksele-skidspar,Skötsel- och anläggningsbidrag – skidspår,0,,,https://fri.lycksele.se/bidrag/
lycksele,lycksele,lycksele-skoterleder,Skötsel- och anläggningsbidrag – skoterleder,0,,,https://fri.lycksele.se/bidrag/
lycksele,lycksele,lycksele-slalomanlaggning,Skötsel- och anläggningsbidrag – slalomanläggning,0,,,https://fri.lycksele.se/bidrag/
lycksele,lycksele,lycksele-stimulansbidrag,Stimulansbidrag,0,,,https://fri.lycksele.se/bidrag/
lycksele,lycksele,lycksele-verksamhetsbidrag-kultur,Verksamhetsbidrag till kulturföreningar,0,,,https://fri.lycksele.se/bidrag/
lysekil,lysekil,lysekil-driftbidrag,Driftbidrag,0,,,https://www.lysekil.se/download/18.4238e10118c6050f88aaf2fe/1773999849216/Regler%20f%C3%B6r%20f%C3%B6reningsst%C3%B6d%20i%20Lysekils%20kommun.pdf
lysekil,lysekil,lysekil-grundbidrag,Grundbidrag,0,,,https://www.lysekil.se/download/18.4238e10118c6050f88aaf2fe/1773999849216/Regler%20f%C3%B6r%20f%C3%B6reningsst%C3%B6d%20i%20Lysekils%20kommun.pdf
lysekil,lysekil,lysekil-lokalt-aktivitetsstod,Lokalt aktivitetsstöd,0,,,https://www.lysekil.se/download/18.4238e10118c6050f88aaf2fe/1773999849216/Regler%20f%C3%B6r%20f%C3%B6reningsst%C3%B6d%20i%20Lysekils%20kommun.pdf
lysekil,lysekil,lysekil-subvention-av-kommunens-lokaler,Subvention av kommunens lokaler,0,,,https://www.lysekil.se/download/18.4238e10118c6050f88aaf2fe/1773999849216/Regler%20f%C3%B6r%20f%C3%B6reningsst%C3%B6d%20i%20Lysekils%20kommun.pdf
lysekil,lysekil,lysekil-verksamhetsbidrag-till-funktionsrattsforeningar,Verksamhetsbidrag till funktionsrättsföreningar,0,,,https://www.lysekil.se/download/18.4238e10118c6050f88aaf2fe/1773999849216/Regler%20f%C3%B6r%20f%C3%B6reningsst%C3%B6d%20i%20Lysekils%20kommun.pdf
lysekil,lysekil,lysekil-verksamhetsbidrag-till-kulturforeningar,Verksamhetsbidrag till kulturföreningar,0,,,https://www.lysekil.se/uppleva-och-gora/foreningar-foreningsliv/bidrag-stod-och-stipendier
lysekil,lysekil,lysekil-verksamhetsbidrag-till-pensionarsforeningar,Verksamhetsbidrag till pensionärsföreningar,0,,,https://www.lysekil.se/download/18.4238e10118c6050f88aaf2fe/1773999849216/Regler%20f%C3%B6r%20f%C3%B6reningsst%C3%B6d%20i%20Lysekils%20kommun.pdf
lysekil,lysekil,lysekil-verksamhetsbidrag-till-ovriga-foreningar,Verksamhetsbidrag till övriga föreningar,0,,,https://www.lysekil.se/download/18.4238e10118c6050f88aaf2fe/1773999849216/Regler%20f%C3%B6r%20f%C3%B6reningsst%C3%B6d%20i%20Lysekils%20kommun.pdf
lysekil,lysekil,lysekil-verksamhetsstimulerande-bidrag,Verksamhetsstimulerande bidrag,0,,,https://www.lysekil.se/download/18.4238e10118c6050f88aaf2fe/1773999849216/Regler%20f%C3%B6r%20f%C3%B6reningsst%C3%B6d%20i%20Lysekils%20kommun.pdf
mala,mala,mala-aktivitet,Aktivitetsbidrag,0,,,https://www.mala.se/kultur-och-fritid/foreningsinformation/foreningsbidrag/
mala,mala,mala-anlaggning,Anläggningsbidrag,0,,,https://www.mala.se/kultur-och-fritid/foreningsinformation/foreningsbidrag/
mala,mala,mala-fritid,Fritidsbidrag,0,,,https://www.mala.se/kultur-och-fritid/foreningsinformation/foreningsbidrag/
mala,mala,mala-kultur-utveckling,Kulturbidrag – utvecklingsbidrag,0,,,https://www.mala.se/kultur-och-fritid/foreningsinformation/foreningsbidrag/
mala,mala,mala-lokal,Lokalbidrag,0,,,https://www.mala.se/kultur-och-fritid/foreningsinformation/foreningsbidrag/
mala,mala,mala-snabbkultur,Snabbkulturbidrag,0,,,https://www.mala.se/kultur-och-fritid/foreningsinformation/foreningsbidrag/
malung-salen,malung-salen,malung-salen-arrangemangsbidrag,Arrangemangsbidrag,0,,,https://malung-salen.se/kultur-och-fritid/foreningar-stod-och-stipendier
malung-salen,malung-salen,malung-salen-investeringsbidrag,Investeringsbidrag,0,,,https://malung-salen.se/kultur-och-fritid/foreningar-stod-och-stipendier
malung-salen,malung-salen,malung-salen-lokal-anlaggnings-och-driftsbidrag,"Lokal-, anläggnings- och driftsbidrag",0,,,https://malung-salen.se/kultur-och-fritid/foreningar-stod-och-stipendier
malung-salen,malung-salen,malung-salen-stod-extern-arrangor,Stöd till extern arrangör,0,,,https://malung-salen.se/kultur-och-fritid/foreningar-stod-och-stipendier
malung-salen,malung-salen,malung-salen-utbildningsbidrag,Utbildningsbidrag,0,,,https://malung-salen.se/kultur-och-fritid/foreningar-stod-och-stipendier
malung-salen,malung-salen,malung-salen-verksamhetsbidrag,Verksamhetsbidrag,0,,,https://malung-salen.se/kultur-och-fritid/foreningar-stod-och-stipendier
mariestad,mariestad,mariestad-anlaggningsbidrag,Anläggningsbidrag,0,,,https://mariestad.se/uppleva-och-gora/idrott-motion-och-friluftsliv/foreningsliv-och-foreningar/foreningsbidrag
mariestad,mariestad,mariestad-bidrag-for-bygdegardsforeningar,Bidrag för bygdegårdsföreningar,0,,,https://mariestad.se/uppleva-och-gora/idrott-motion-och-friluftsliv/foreningsliv-och-foreningar/foreningsbidrag
mariestad,mariestad,mariestad-bidrag-for-tillfalliga-arrangemang,Bidrag för tillfälliga arrangemang,0,,,https://mariestad.se/uppleva-och-gora/idrott-motion-och-friluftsliv/foreningsliv-och-foreningar/foreningsbidrag
mariestad,mariestad,mariestad-hyresbidrag,Hyresbidrag,0,,,https://mariestad.se/uppleva-och-gora/idrott-motion-och-friluftsliv/foreningsliv-och-foreningar/foreningsbidrag
mariestad,mariestad,mariestad-startbidrag,Startbidrag,0,,,https://mariestad.se/uppleva-och-gora/idrott-motion-och-friluftsliv/foreningsliv-och-foreningar/foreningsbidrag
mariestad,mariestad,mariestad-verksamhetsbidrag,Verksamhetsbidrag,0,,,https://mariestad.se/uppleva-och-gora/idrott-motion-och-friluftsliv/foreningsliv-och-foreningar/foreningsbidrag
mark,mark,mark-bidrag-till-studieforbund-och-sisu,Bidrag till studieförbund och SISU,0,,,https://www.mark.se/uppleva-och-gora/foreningsliv/stod-och-bidrag-inom-kultur--och-fritidsomradet-samt-sociala-foreningar
mark,mark,mark-stod-av-naturvardslaget,Stöd av Naturvårdslaget,0,,,https://www.mark.se/uppleva-och-gora/foreningsliv/stod-och-bidrag-inom-kultur--och-fritidsomradet-samt-sociala-foreningar
mark,mark,mark-stod-och-bidrag-inom-kultur-och-fritidsomradet,Stöd och bidrag inom kultur- och fritidsområdet,0,,,https://www.mark.se/uppleva-och-gora/foreningsliv/stod-och-bidrag-inom-kultur--och-fritidsomradet-samt-sociala-foreningar
mark,mark,mark-stod-till-sociala-foreningar,Stöd till sociala föreningar,0,,,https://www.mark.se/uppleva-och-gora/foreningsliv/stod-och-bidrag-inom-kultur--och-fritidsomradet-samt-sociala-foreningar
mark,mark,mark-utvecklingspeng-byalag,Utvecklingspeng för byalag,0,,,https://www.mark.se/kommun-och-politik/kommunfakta/regler-och-styrande-dokument/styrdokument-for-bidrag-och-sponsring
markaryd,markaryd,markaryd-aktivitetsbidrag,Aktivitetsbidrag,0,,,https://www.markaryd.se/sidor/uppleva-och-gora/foreningsinformation/foreningsbidrag.html
markaryd,markaryd,markaryd-bidrag-till-sociala-organisationer,Bidrag till sociala organisationer,0,,,https://www.markaryd.se/sidor/uppleva-och-gora/foreningsinformation/foreningsbidrag.html
markaryd,markaryd,markaryd-bidrag-till-studieforbund,Bidrag till studieförbund,0,,,https://www.markaryd.se/sidor/uppleva-och-gora/foreningsinformation/foreningsbidrag.html
markaryd,markaryd,markaryd-driftsbidrag,Driftsbidrag,0,,,https://www.markaryd.se/sidor/uppleva-och-gora/foreningsinformation/foreningsbidrag.html
markaryd,markaryd,markaryd-evenemangsbidrag,Evenemangsbidrag,0,,,https://www.markaryd.se/sidor/uppleva-och-gora/foreningsinformation/foreningsbidrag.html
markaryd,markaryd,markaryd-foreningarnas-forfogande,Föreningarnas förfogande,0,,,https://www.markaryd.se/sidor/uppleva-och-gora/foreningsinformation/foreningsbidrag.html
markaryd,markaryd,markaryd-integrationsbidrag,Integrationsbidrag,0,,,https://www.markaryd.se/sidor/uppleva-och-gora/foreningsinformation/foreningsbidrag.html
markaryd,markaryd,markaryd-kulturbidrag,Kulturbidrag,0,,,https://www.markaryd.se/sidor/uppleva-och-gora/foreningsinformation/foreningsbidrag.html
markaryd,markaryd,markaryd-ledarutbildningsbidrag,Ledarutbildningsbidrag,0,,,https://www.markaryd.se/sidor/uppleva-och-gora/foreningsinformation/foreningsbidrag.html
markaryd,markaryd,markaryd-lokalhyresbidrag,Lokalhyresbidrag,0,,,https://www.markaryd.se/sidor/uppleva-och-gora/foreningsinformation/foreningsbidrag.html
markaryd,markaryd,markaryd-lokalhallandebidrag,Lokalhållandebidrag,0,,,https://www.markaryd.se/sidor/uppleva-och-gora/foreningsinformation/foreningsbidrag.html
markaryd,markaryd,markaryd-startbidrag,Startbidrag,0,,,https://www.markaryd.se/sidor/uppleva-och-gora/foreningsinformation/foreningsbidrag.html
markaryd,markaryd,markaryd-verksamhets-och-utvecklingsbidrag,Verksamhets- och utvecklingsbidrag,0,,,https://www.markaryd.se/sidor/uppleva-och-gora/foreningsinformation/foreningsbidrag.html
mellerud,mellerud,mellerud-bidrag-till-kulturverksamma,Bidrag till kulturverksamma,0,,,https://mellerud.se/uppleva-och-gora/foreningar/foreningsliv/foreningsbidrag/kulturverksamhet/
mellerud,mellerud,mellerud-bidrag-till-samlingslokalhallande-foreningar,Bidrag till samlingslokalhållande föreningar,0,,,https://mellerud.se/uppleva-och-gora/foreningar/foreningsliv/foreningsbidrag/samlingslokalhallandeforeningar/
mellerud,mellerud,mellerud-bidrag-till-spontanidrottsplats-eller-motionsspar,Bidrag till spontanidrottsplats eller motionsspår,0,,,https://mellerud.se/uppleva-och-gora/foreningar/foreningsliv/foreningsbidrag/ovrigt/
mellerud,mellerud,mellerud-foreningsbidrag-inom-socialnamndens-verksamhetsomrade,Föreningsbidrag inom socialnämndens verksamhetsområde,0,,,https://mellerud.se/uppleva-och-gora/foreningar/foreningsliv/foreningsbidrag/pensionarsverksamhet-och-verksamhet-for-personer-med-funktionsnedsattningar/
mellerud,mellerud,mellerud-kommunalt-investeringsbidrag---bygdepeng,Kommunalt investeringsbidrag – bygdepeng,0,,,https://mellerud.se/uppleva-och-gora/foreningar/foreningsliv/foreningsbidrag/ovrigt/
mellerud,mellerud,mellerud-microbidrag,Microbidrag,0,,,https://mellerud.se/uppleva-och-gora/foreningar/foreningsliv/foreningsbidrag/pensionarsverksamhet-och-verksamhet-for-personer-med-funktionsnedsattningar/
mellerud,mellerud,mellerud-stod-genom-sarskilda-avtal,Stöd genom särskilda avtal,0,,,https://mellerud.se/uppleva-och-gora/foreningar/foreningsliv/foreningsbidrag/ovrigt/
mellerud,mellerud,mellerud-stod-till-barn--och-ungdomsverksamhet,Stöd till barn- och ungdomsverksamhet,0,,,https://mellerud.se/uppleva-och-gora/foreningar/foreningsliv/foreningsbidrag/
monsteras,monsteras,monsteras-bidrag-till-studieforbund,Bidrag till studieförbund,0,,,https://www.monsteras.se/uppleva-och-gora/foreningar-foreningsliv/foreningsbidrag-stod/
monsteras,monsteras,monsteras-evenemangsbidrag,Evenemangsbidrag,0,,,https://www.monsteras.se/uppleva-och-gora/foreningar-foreningsliv/foreningsbidrag-stod/
monsteras,monsteras,monsteras-lokalt-aktivitetsstod,Lokalt aktivitetsstöd,0,,,https://www.monsteras.se/uppleva-och-gora/foreningar-foreningsliv/foreningsbidrag-stod/
monsteras,monsteras,monsteras-stod-till-byvards--och-samhallsforeningar,Stöd till byvårds- och samhällsföreningar,0,,,https://www.monsteras.se/uppleva-och-gora/foreningar-foreningsliv/foreningsbidrag-stod/
monsteras,monsteras,monsteras-stod-till-fritidsforeningar,Stöd till fritidsföreningar,0,,,https://www.monsteras.se/uppleva-och-gora/foreningar-foreningsliv/foreningsbidrag-stod/
monsteras,monsteras,monsteras-stod-till-funktionshinderorganisationer,Stöd till funktionshinderorganisationer,0,,,https://www.monsteras.se/uppleva-och-gora/foreningar-foreningsliv/foreningsbidrag-stod/
monsteras,monsteras,monsteras-stod-till-kulturforeningar,Stöd till kulturföreningar,0,,,https://www.monsteras.se/uppleva-och-gora/foreningar-foreningsliv/foreningsbidrag-stod/
monsteras,monsteras,monsteras-stod-till-pensionarsforeningar,Stöd till pensionärsföreningar,0,,,https://www.monsteras.se/uppleva-och-gora/foreningar-foreningsliv/foreningsbidrag-stod/
mora,mora,mora-arrangemangsbidrag,Arrangemangsbidrag,0,,,https://morakommun.se/uppleva-och-gora/foreningar-och-foreningsstod/soka-foreningsstod/arrangemangsbidrag.html
mora,mora,mora-kulturarvsbidrag,Kulturarvsbidrag,0,,,https://morakommun.se/uppleva-och-gora/foreningar-och-foreningsstod/soka-foreningsstod.html
mora,mora,mora-skotselbidrag,Skötselbidrag,0,,,https://morakommun.se/uppleva-och-gora/foreningar-och-foreningsstod/soka-foreningsstod/skotselbidrag.html
mora,mora,mora-sarskilt-bidrag,Särskilt bidrag,0,,,https://morakommun.se/uppleva-och-gora/foreningar-och-foreningsstod/soka-foreningsstod.html
mora,mora,mora-arsbidrag,Årsbidrag,0,,,https://morakommun.se/uppleva-och-gora/foreningar-och-foreningsstod/soka-foreningsstod.html
morbylanga,morbylanga,morbylanga-aktivitetsstod,Aktivitetsstöd,0,,,https://www.morbylanga.se/uppleva-och-gora/idrott-motion-natur-och-friluftsliv/foreningar/
morbylanga,morbylanga,morbylanga-arrangemangsbidrag,Arrangemangsbidrag,0,,,https://www.morbylanga.se/uppleva-och-gora/idrott-motion-natur-och-friluftsliv/foreningar/
morbylanga,morbylanga,morbylanga-bidrag-for-samlingslokaler,Bidrag för samlingslokaler,0,,,https://www.morbylanga.se/uppleva-och-gora/idrott-motion-natur-och-friluftsliv/foreningar/
morbylanga,morbylanga,morbylanga-bidrag-for-simskola,Bidrag för simskola,0,,,https://www.morbylanga.se/uppleva-och-gora/idrott-motion-natur-och-friluftsliv/foreningar/
morbylanga,morbylanga,morbylanga-driftbidrag-for-foreningsagd-anlaggning,Driftbidrag för föreningsägd anläggning,0,,,https://www.morbylanga.se/uppleva-och-gora/idrott-motion-natur-och-friluftsliv/foreningar/
morbylanga,morbylanga,morbylanga-foreningsbidrag-inom-social-omsorg,Föreningsbidrag inom social omsorg,0,,,https://www.morbylanga.se/uppleva-och-gora/idrott-motion-natur-och-friluftsliv/foreningar/
morbylanga,morbylanga,morbylanga-hyresbidrag-for-icke-kommunala-anlaggningar,Hyresbidrag för icke-kommunala anläggningar,0,,,https://www.morbylanga.se/uppleva-och-gora/idrott-motion-natur-och-friluftsliv/foreningar/
morbylanga,morbylanga,morbylanga-projektbidrag,Projektbidrag,0,,,https://www.morbylanga.se/uppleva-och-gora/idrott-motion-natur-och-friluftsliv/foreningar/
mullsjo,mullsjo,mullsjo-forfogande,Bidrag till kultur- och fritidsnämndens förfogande,0,,,https://www.mullsjo.se/uppleva-och-gora/foreningar-och-bidrag/foreningsstod
mullsjo,mullsjo,mullsjo-investeringsbidrag,Investeringsbidrag 1 och 2,0,,,https://www.mullsjo.se/uppleva-och-gora/foreningar-och-bidrag/foreningsstod
mullsjo,mullsjo,mullsjo-ledarutbildning,Ledarutbildningsbidrag,0,,,https://www.mullsjo.se/uppleva-och-gora/foreningar-och-bidrag/foreningsstod
mullsjo,mullsjo,mullsjo-lokal-anlaggning,Lokal- och anläggningsbidrag,0,,,https://www.mullsjo.se/uppleva-och-gora/foreningar-och-bidrag/foreningsstod
mullsjo,mullsjo,mullsjo-startbidrag,Startbidrag,0,,,https://www.mullsjo.se/uppleva-och-gora/foreningar-och-bidrag/foreningsstod
mullsjo,mullsjo,mullsjo-verksamhetsbidrag,Verksamhetsbidrag,0,,,https://www.mullsjo.se/uppleva-och-gora/foreningar-och-bidrag/foreningsstod
mullsjo,mullsjo,mullsjo-ovriga-bidrag,Övriga bidrag,0,,,https://www.mullsjo.se/uppleva-och-gora/foreningar-och-bidrag/foreningsstod
munkedal,munkedal,munkedal-aktivitetsbidrag,Aktivitetsbidrag,0,,,https://www.munkedal.se/uppleva-och-gora/foreningar-foreningsliv/bidrag-stod-och-stipendier
munkedal,munkedal,munkedal-anlaggningsbidrag,Anläggningsbidrag,0,,,https://www.munkedal.se/uppleva-och-gora/foreningar-foreningsliv/bidrag-stod-och-stipendier
munkedal,munkedal,munkedal-evenemangsbidrag,Evenemangsbidrag,0,,,https://sjalvservice.munkedal.se/
munkedal,munkedal,munkedal-grundbidrag,Grundbidrag,0,,,https://sjalvservice.munkedal.se/
munkedal,munkedal,munkedal-lokalbidrag,Lokalbidrag,0,,,https://sjalvservice.munkedal.se/
munkedal,munkedal,munkedal-startbidrag,Startbidrag,0,,,https://www.munkedal.se/uppleva-och-gora/foreningar-foreningsliv/bidrag-stod-och-stipendier
munkedal,munkedal,munkedal-sarskilt-anlaggningsbidrag,Särskilt anläggningsbidrag,0,,,https://www.munkedal.se/uppleva-och-gora/foreningar-foreningsliv/bidrag-stod-och-stipendier
munkfors,munkfors,munkfors-aktivitetsbidrag,Aktivitetsbidrag,0,,,https://www.munkfors.se/uppleva-och-gora/foreningar/foreningsbidrag/
munkfors,munkfors,munkfors-anlaggningsbidrag,Anläggningsbidrag,0,,,https://www.munkfors.se/uppleva-och-gora/foreningar/foreningsbidrag/
munkfors,munkfors,munkfors-evenemangsbidrag,Evenemangsbidrag,0,,,https://www.munkfors.se/uppleva-och-gora/foreningar/foreningsbidrag/
munkfors,munkfors,munkfors-grundbidrag,Grundbidrag,0,,,https://www.munkfors.se/uppleva-och-gora/foreningar/foreningsbidrag/
munkfors,munkfors,munkfors-ledarutbildningsbidrag,Ledarutbildningsbidrag,0,,,https://www.munkfors.se/uppleva-och-gora/foreningar/foreningsbidrag/
munkfors,munkfors,munkfors-lokalbidrag,Lokalbidrag,0,,,https://www.munkfors.se/uppleva-och-gora/foreningar/foreningsbidrag/
munkfors,munkfors,munkfors-start-och-utvecklingsbidrag,Start- och utvecklingsbidrag,0,,,https://www.munkfors.se/uppleva-och-gora/foreningar/foreningsbidrag/
nassjo,nassjo,nassjo-administrationsbidrag,Administrationsbidrag,0,,,https://nassjo.se/kultur-och-fritid/forening/foreningsbidrag.html
nassjo,nassjo,nassjo-aktivitetsbidrag,Aktivitetsbidrag,0,,,https://nassjo.se/kultur-och-fritid/forening/foreningsbidrag.html
nassjo,nassjo,nassjo-investeringsbidrag,Investeringsbidrag,0,,,https://nassjo.se/kultur-och-fritid/forening/foreningsbidrag.html
nora,nora,nora-bidrag-enligt-avtal,Bidrag enligt avtal,0,,,https://etjanster.nora.se/oversikt/overview/311
nora,nora,nora-flaggning-och-stadning,Bidrag för flaggning eller städning på stan,0,,,https://www.nora.se/upplevagora/foreningarochforeningsliv/bidragstodochstipendier/kommunalabidrag.4.539d1c491275e7d056480003962.html
nora,nora,nora-bidrag-for-kultur-och-fritidsverksamhet,Bidrag för kultur- och fritidsverksamhet,0,,,https://etjanster.nora.se/oversikt/overview/311
nora,nora,nora-bidrag-for-omsorg-aldre-och-socialt-omrade,"Bidrag för omsorg, äldre och socialt område",0,,,https://etjanster.nora.se/oversikt/overview/311
nora,nora,nora-bidrag-for-ungdomsledarutbildning,Bidrag för ungdomsledarutbildning,0,,,https://etjanster.nora.se/oversikt/overview/311
nora,nora,nora-bidrag-till-lovaktivitet,Bidrag till lovaktivitet,0,,,https://etjanster.nora.se/oversikt/overview/311
nora,nora,nora-kommunalt-aktivitetsstod,Kommunalt aktivitetsstöd,0,,,https://etjanster.nora.se/oversikt/overview/311
nora,nora,nora-ungt-initiativ,Ungt initiativ,0,,,https://www.nora.se/upplevagora/foreningarochforeningsliv/bidragstodochstipendier/kommunalabidrag.4.539d1c491275e7d056480003962.html
norberg,norberg,norberg-aktivitetsstod,Aktivitetsstöd,0,,,https://norberg.se/kultur--fritid/forening/foreningsbidrag.html
norberg,norberg,norberg-drift-och-underhallsstod,Drift- och underhållsstöd,0,,,https://norberg.se/kultur--fritid/forening/foreningsbidrag.html
norberg,norberg,norberg-verksamhetsstod,Verksamhetsstöd,0,,,https://norberg.se/kultur--fritid/forening/foreningsbidrag.html
norberg,norberg,norberg-oppet-evenemangsstod,Öppet evenemangsstöd,0,,,https://norberg.se/kultur--fritid/forening/foreningsbidrag.html
nordanstig,nordanstig,nordanstig-aktivitetsstod-till-studieforbund,Aktivitetsstöd till studieförbund,0,,,https://nordanstig.se/startsida/sidor/uppleva-och-gora/foreningar-och-foreningsliv/bidrag.html
nordanstig,nordanstig,nordanstig-bidrag-for-samlingslokaler,Bidrag för samlingslokaler,0,,,https://nordanstig.se/startsida/sidor/uppleva-och-gora/foreningar-och-foreningsliv/bidrag.html
nordanstig,nordanstig,nordanstig-bidrag-till-bygglovsavgift,Bidrag till bygglovsavgift,0,,,https://nordanstig.se/startsida/sidor/uppleva-och-gora/foreningar-och-foreningsliv/bidrag.html
nordanstig,nordanstig,nordanstig-driftbidrag,Driftbidrag,0,,,https://nordanstig.se/startsida/sidor/uppleva-och-gora/foreningar-och-foreningsliv/bidrag.html
nordanstig,nordanstig,nordanstig-kultur-och-foreningsledarstipendium,Kultur- och föreningsledarstipendium,0,,,https://nordanstig.se/startsida/sidor/uppleva-och-gora/foreningar-och-foreningsliv/bidrag.html
nordanstig,nordanstig,nordanstig-lokalt-aktivitetsstod,Lokalt aktivitetsstöd,0,,,https://nordanstig.se/startsida/sidor/uppleva-och-gora/foreningar-och-foreningsliv/bidrag.html
nordanstig,nordanstig,nordanstig-projektbidrag,Projektbidrag,0,,,https://nordanstig.se/startsida/sidor/uppleva-och-gora/foreningar-och-foreningsliv/bidrag.html
nordanstig,nordanstig,nordanstig-verksamhetsstod,Verksamhetsstöd,0,,,https://nordanstig.se/startsida/sidor/uppleva-och-gora/foreningar-och-foreningsliv/bidrag.html
nordmaling,nordmaling,nordmaling-aktivitetsstod-ungdom,Aktivitetsstöd för allmänna ungdomsföreningar,0,,,https://www.nordmaling.se/aktiv/stod-bidrag-och-stipendium
nordmaling,nordmaling,nordmaling-aktivitetsstod-idrott,Aktivitetsstöd för idrottsföreningar,0,,,https://www.nordmaling.se/aktiv/stod-bidrag-och-stipendium
nordmaling,nordmaling,nordmaling-anlaggningsbidrag,Anläggningsbidrag,0,,,https://www.nordmaling.se/aktiv/stod-bidrag-och-stipendium
nordmaling,nordmaling,nordmaling-investeringsbidrag-samlingslokaler,Investeringsbidrag för allmänna samlingslokaler,0,,,https://www.nordmaling.se/aktiv/stod-bidrag-och-stipendium
nordmaling,nordmaling,nordmaling-projektstod,Projektstöd,0,,,https://www.nordmaling.se/aktiv/stod-bidrag-och-stipendium
nordmaling,nordmaling,nordmaling-resebidrag,Resebidrag,0,,,https://www.nordmaling.se/aktiv/stod-bidrag-och-stipendium
nordmaling,nordmaling,nordmaling-bygdegardsstod,Stöd till bygdegård och liknande föreningar,0,,,https://www.nordmaling.se/aktiv/stod-bidrag-och-stipendium
nordmaling,nordmaling,nordmaling-verksamhetsstod-kultur,Verksamhetsstöd till kulturföreningar,0,,,https://www.nordmaling.se/aktiv/stod-bidrag-och-stipendium
nordmaling,nordmaling,nordmaling-ovrigt,Övrigt föreningsstöd,0,,,https://www.nordmaling.se/aktiv/stod-bidrag-och-stipendium
norrkoping,norrkoping,norrkoping-arrangemangsbidrag,Arrangemangsbidrag,0,,,https://norrkoping.se/se-och-gora/stod-bidrag-och-stipendier/bidrag-till-foreningar-och-andra-aktorer
norrkoping,norrkoping,norrkoping-finskt-forvaltningsomrade,Bidrag inom finskt förvaltningsområde,0,,,https://norrkoping.se/se-och-gora/stod-bidrag-och-stipendier/bidrag-till-foreningar-och-andra-aktorer
norrkoping,norrkoping,norrkoping-riktade-insatser-demokrati,Bidrag till riktade insatser – demokrati och inkludering,0,,,https://norrkoping.se/se-och-gora/stod-bidrag-och-stipendier/bidrag-till-foreningar-och-andra-aktorer
norrkoping,norrkoping,norrkoping-riktade-insatser-idrott-fritid,Bidrag till riktade insatser – idrott och fritid,0,,,https://norrkoping.se/se-och-gora/stod-bidrag-och-stipendier/bidrag-till-foreningar-och-andra-aktorer
norrkoping,norrkoping,norrkoping-bygdepeng,Bygdepeng,0,,,https://norrkoping.se/se-och-gora/stod-bidrag-och-stipendier/bidrag-till-foreningar-och-andra-aktorer
norrkoping,norrkoping,norrkoping-driftbidrag,Driftbidrag,0,,,https://norrkoping.se/se-och-gora/stod-bidrag-och-stipendier/bidrag-till-foreningar-och-andra-aktorer
norrkoping,norrkoping,norrkoping-evenemangsbidrag,Evenemangsbidrag,0,,,https://norrkoping.se/se-och-gora/stod-bidrag-och-stipendier/bidrag-till-foreningar-och-andra-aktorer
norrkoping,norrkoping,norrkoping-investeringsbidrag,Investeringsbidrag,0,,,https://norrkoping.se/se-och-gora/stod-bidrag-och-stipendier/bidrag-till-foreningar-och-andra-aktorer
norrkoping,norrkoping,norrkoping-medlemsbidrag-idrott-fritid,Medlemsbidrag – idrott och fritid,0,,,https://norrkoping.se/se-och-gora/stod-bidrag-och-stipendier/bidrag-till-foreningar-och-andra-aktorer
norrkoping,norrkoping,norrkoping-medlemsbidrag-pensionarer,Medlemsbidrag – pensionärsföreningar,0,,,https://norrkoping.se/se-och-gora/stod-bidrag-och-stipendier/bidrag-till-foreningar-och-andra-aktorer
norrkoping,norrkoping,norrkoping-produktionsbidrag,Produktionsbidrag,0,,,https://norrkoping.se/se-och-gora/stod-bidrag-och-stipendier/bidrag-till-foreningar-och-andra-aktorer
norrkoping,norrkoping,norrkoping-verksamhetsbidrag-demokrati,Verksamhetsbidrag – demokrati och inkludering,0,,,https://norrkoping.se/se-och-gora/stod-bidrag-och-stipendier/bidrag-till-foreningar-och-andra-aktorer
norrkoping,norrkoping,norrkoping-verksamhetsbidrag-funktionshinder,Verksamhetsbidrag – funktionshinderföreningar,0,,,https://norrkoping.se/se-och-gora/stod-bidrag-och-stipendier/bidrag-till-foreningar-och-andra-aktorer
norrkoping,norrkoping,norrkoping-verksamhetsbidrag-kultur,Verksamhetsbidrag – kultur- och publik verksamhet,0,,,https://norrkoping.se/se-och-gora/stod-bidrag-och-stipendier/bidrag-till-foreningar-och-andra-aktorer
norrkoping,norrkoping,norrkoping-vanortsbidrag,Vänortsbidrag,0,,,https://norrkoping.se/se-och-gora/stod-bidrag-och-stipendier/bidrag-till-foreningar-och-andra-aktorer
norsjo,norsjo,norsjo-anl-ggningsbidrag,Anläggningsbidrag,0,,,https://www.norsjo.se/kultur-fritid/foreningsservice/foreningsbidrag/
norsjo,norsjo,norsjo-bygdeavgiftsmedel,Bygdeavgiftsmedel,0,,,https://www.norsjo.se/kultur-fritid/foreningsservice/foreningsbidrag/
norsjo,norsjo,norsjo-fiskev-rdsbidrag,Fiskevårdsbidrag,0,,,https://www.norsjo.se/kultur-fritid/foreningsservice/foreningsbidrag/
norsjo,norsjo,norsjo-fr-mjande-och-korpbidrag,Främjande- och korpbidrag,0,,,https://www.norsjo.se/kultur-fritid/foreningsservice/foreningsbidrag/
norsjo,norsjo,norsjo-lokalbidrag,Lokalbidrag,0,,,https://www.norsjo.se/kultur-fritid/foreningsservice/foreningsbidrag/
norsjo,norsjo,norsjo-lokalt-aktivitetsst-d,Lokalt aktivitetsstöd,0,,,https://www.norsjo.se/kultur-fritid/foreningsservice/foreningsbidrag/
norsjo,norsjo,norsjo-startbidrag,Startbidrag,0,,,https://www.norsjo.se/kultur-fritid/foreningsservice/foreningsbidrag/
nybro,nybro,nybro-bidrag-inom-funktions-och-tillganglighetsomradet,Bidrag inom funktions- och tillgänglighetsområdet,0,,,https://nybro.se/uppleva-gora/foreningsverksamhet/foreningsbidrag/
nybro,nybro,nybro-bidrag-till-allmanna-samlingslokaler,Bidrag till allmänna samlingslokaler,0,,,https://nybro.se/uppleva-gora/foreningsverksamhet/foreningsbidrag/
nybro,nybro,nybro-bidrag-till-samlingslokaler,Bidrag till samlingslokaler,0,,,https://nybro.se/uppleva-gora/foreningsverksamhet/foreningsbidrag/
nybro,nybro,nybro-foreningsbidrag-inom-omsorgsforvaltningen,Föreningsbidrag inom omsorgsförvaltningen,0,,,https://nybro.se/uppleva-gora/foreningsverksamhet/foreningsbidrag/
nybro,nybro,nybro-investeringsbidrag,Investeringsbidrag,0,,,https://nybro.se/uppleva-gora/foreningsverksamhet/foreningsbidrag/
nybro,nybro,nybro-kulturbidrag,Kulturbidrag,0,,,https://nybro.se/uppleva-gora/foreningsverksamhet/foreningsbidrag/
nybro,nybro,nybro-lokalbidrag,Lokalbidrag,0,,,https://nybro.se/uppleva-gora/foreningsverksamhet/foreningsbidrag/
nybro,nybro,nybro-lokalt-aktivitetsbidrag,Lokalt aktivitetsbidrag,0,,,https://nybro.se/uppleva-gora/foreningsverksamhet/foreningsbidrag/
nykoping,nykoping,nykoping-gronytebidrag,Grönytebidrag,0,,,https://www.nykoping.se/trafik--resor/gator-och-torg/vagforeningar-och-enskilda-vagar/
nykvarn,nykvarn,nykvarn-renoveringsbidrag,Renoveringsbidrag,0,,,https://nykvarn.se/download/18.1cce16d319bb5486edc98bbc/1769681970250/Riktlinjer%20f%C3%B6r%20bidrag%20f%C3%B6r%20ideella%20f%C3%B6reningar%2C%20reviderad%202025-12-09.pdf
nykvarn,nykvarn,nykvarn-verksamhetsbidrag,Verksamhetsbidrag,0,,,https://nykvarn.se/download/18.1cce16d319bb5486edc98bbc/1769681970250/Riktlinjer%20f%C3%B6r%20bidrag%20f%C3%B6r%20ideella%20f%C3%B6reningar%2C%20reviderad%202025-12-09.pdf
ockelbo,ockelbo,ockelbo-aktivitetsstod,Aktivitetsstöd,0,,,https://ockelbo.se/kultur--fritid/foreningsbidrag
ockelbo,ockelbo,ockelbo-allmankulturbidrag,Allmänkulturbidrag,0,,,https://ockelbo.se/kultur--fritid/foreningsbidrag
ockelbo,ockelbo,ockelbo-anlaggningsbidrag,Anläggningsbidrag,0,,,https://ockelbo.se/kultur--fritid/foreningsbidrag
ockelbo,ockelbo,ockelbo-investeringsbidrag,Investeringsbidrag,0,,,https://ockelbo.se/kultur--fritid/foreningsbidrag
ockelbo,ockelbo,ockelbo-verksamhetsbidrag,Verksamhetsbidrag,0,,,https://ockelbo.se/kultur--fritid/foreningsbidrag
ockero,ockero,ockero-bidrag-for-nattvandring,Bidrag för nattvandring,0,,,https://www.ockero.se/fritid-och-kultur/foreningar-och-foreningsliv/stod-bidrag-och-stipendier
ockero,ockero,ockero-bidrag-for-specifika-andamal,Bidrag för specifika ändamål,0,,,https://www.ockero.se/fritid-och-kultur/foreningar-och-foreningsliv/stod-bidrag-och-stipendier
ockero,ockero,ockero-bidrag-for-strandstadning,Bidrag för strandstädning,0,,,https://www.ockero.se/fritid-och-kultur/foreningar-och-foreningsliv/stod-bidrag-och-stipendier
ockero,ockero,ockero-ledarutbildningsbidrag,Ledarutbildningsbidrag,0,,,https://www.ockero.se/fritid-och-kultur/foreningar-och-foreningsliv/stod-bidrag-och-stipendier
ockero,ockero,ockero-lokal-och-anlaggningsbidrag,Lokal- och anläggningsbidrag,0,,,https://www.ockero.se/fritid-och-kultur/foreningar-och-foreningsliv/stod-bidrag-och-stipendier
ockero,ockero,ockero-riktat-bidrag,Riktat bidrag,0,,,https://www.ockero.se/fritid-och-kultur/foreningar-och-foreningsliv/stod-bidrag-och-stipendier
ockero,ockero,ockero-simskolebidrag,Simskolebidrag,0,,,https://www.ockero.se/fritid-och-kultur/foreningar-och-foreningsliv/stod-bidrag-och-stipendier
odeshog,odeshog,odeshog-anlaggningsbidrag,Anläggningsbidrag,0,,,https://www.odeshog.se/upplevaochgora/foreningarforeningsliv/bidragstodstipendier.4.78ae827d1605526e94b6179c.html
odeshog,odeshog,odeshog-hyresbidrag,Hyresbidrag,0,,,https://www.odeshog.se/upplevaochgora/foreningarforeningsliv/bidragstodstipendier.4.78ae827d1605526e94b6179c.html
odeshog,odeshog,odeshog-startbidrag,Startbidrag,0,,,https://www.odeshog.se/upplevaochgora/foreningarforeningsliv/bidragstodstipendier.4.78ae827d1605526e94b6179c.html
odeshog,odeshog,odeshog-verksamhetsbidrag,Verksamhetsbidrag,0,,,https://www.odeshog.se/upplevaochgora/foreningarforeningsliv/bidragstodstipendier.4.78ae827d1605526e94b6179c.html
olofstrom,olofstrom,olofstrom-arrangorsbidrag-kultur,Arrangörsbidrag för kulturföreningar,0,,,https://olofstrom.se/uppleva-och-gora/foreningar-foreningsliv/bidrag-och-stod
olofstrom,olofstrom,olofstrom-pensionar-funktionsratt,Bidrag till pensionärs- och funktionsrättsorganisationer,0,,,https://olofstrom.se/uppleva-och-gora/foreningar-foreningsliv/bidrag-och-stod
olofstrom,olofstrom,olofstrom-driftsbidrag,Driftsbidrag,0,,,https://olofstrom.se/uppleva-och-gora/foreningar-foreningsliv/bidrag-och-stod
olofstrom,olofstrom,olofstrom-samlingslokaler,Driftsbidrag till samlingslokaler,0,,,https://olofstrom.se/uppleva-och-gora/foreningar-foreningsliv/bidrag-och-stod
olofstrom,olofstrom,olofstrom-hyresbidrag,Hyresbidrag,0,,,https://olofstrom.se/uppleva-och-gora/foreningar-foreningsliv/bidrag-och-stod
olofstrom,olofstrom,olofstrom-investeringsbidrag,Investeringsbidrag,0,,,https://olofstrom.se/uppleva-och-gora/foreningar-foreningsliv/bidrag-och-stod
olofstrom,olofstrom,olofstrom-namndens-forfogande,Medel till nämndens förfogande,0,,,https://olofstrom.se/uppleva-och-gora/foreningar-foreningsliv/bidrag-och-stod
olofstrom,olofstrom,olofstrom-tavlingsbidrag,Tävlingsbidrag,0,,,https://olofstrom.se/uppleva-och-gora/foreningar-foreningsliv/bidrag-och-stod
olofstrom,olofstrom,olofstrom-ung-slant,Ung slant,0,,,https://olofstrom.se/uppleva-och-gora/foreningar-foreningsliv/bidrag-och-stod
olofstrom,olofstrom,olofstrom-verksamhetsbidrag-kultur,Verksamhetsbidrag för kulturföreningar,0,,,https://olofstrom.se/uppleva-och-gora/foreningar-foreningsliv/bidrag-och-stod
orkelljunga,orkelljunga,orkelljunga-aktivitetsstod,Aktivitetsstöd,0,,,https://www.orkelljunga.se/16/uppleva-och-gora/fritid-och-foreningar/foreningsstod.html
orkelljunga,orkelljunga,orkelljunga-arrangemangsstod,Arrangemangsstöd,0,,,https://www.orkelljunga.se/16/uppleva-och-gora/fritid-och-foreningar/foreningsstod.html
orkelljunga,orkelljunga,orkelljunga-kulturstod,Kulturstöd,0,,,https://www.orkelljunga.se/16/uppleva-och-gora/fritid-och-foreningar/foreningsstod.html
orkelljunga,orkelljunga,orkelljunga-lokal-och-driftstod,Lokal- och driftstöd,0,,,https://www.orkelljunga.se/16/uppleva-och-gora/fritid-och-foreningar/foreningsstod.html
orkelljunga,orkelljunga,orkelljunga-lovaktivitetsstod,Lovaktivitetsstöd,0,,,https://www.orkelljunga.se/16/uppleva-och-gora/fritid-och-foreningar/foreningsstod.html
orkelljunga,orkelljunga,orkelljunga-stod-till-anlaggning-och-verksamhet,Stöd till anläggning och verksamhet,0,,,https://www.orkelljunga.se/16/uppleva-och-gora/fritid-och-foreningar/foreningsstod.html
orkelljunga,orkelljunga,orkelljunga-stod-till-fastighet-och-tomtmark,Stöd till fastighet och tomtmark,0,,,https://www.orkelljunga.se/16/uppleva-och-gora/fritid-och-foreningar/foreningsstod.html
ornskoldsvik,ornskoldsvik,ornskoldsvik-studieforbund,Bidrag till studieförbund,0,False,overifierat,https://www.ornskoldsvik.se/fritid-och-kultur/foreningsliv/bidrag-till-ideella-foreningar/foreningsbidrag-som-gar-att-soka
ornskoldsvik,ornskoldsvik,ornskoldsvik-friluftsstipendiet,Friluftsstipendiet,0,True,angivet,https://www.ornskoldsvik.se/fritid-och-kultur/foreningsliv/stipendier/friluftsstipendiets-statuter
ornskoldsvik,ornskoldsvik,ornskoldsvik-idrottsstipendiet,Idrottsstipendiet,0,True,angivet,https://www.ornskoldsvik.se/fritid-och-kultur/foreningsliv/stipendier/idrottsstipendiets-statuter
orsa,orsa,orsa-bygdepeng-vindkraft,Bygdepeng vindkraft,0,,,https://orsa.se/uppleva-och-gora/foreningar/bidrag-stod-och-stipendier.html
orsa,orsa,orsa-evenemangsstod,Evenemangsstöd,0,,,https://orsa.se/uppleva-och-gora/foreningar/bidrag-stod-och-stipendier.html
orsa,orsa,orsa-foreningsbidrag,Föreningsbidrag,0,,,https://orsa.se/uppleva-och-gora/foreningar/bidrag-stod-och-stipendier.html
orsa,orsa,orsa-lokalt-aktivitetsstod,Lokalt aktivitetsstöd,0,,,https://orsa.se/uppleva-och-gora/foreningar/bidrag-stod-och-stipendier.html
orsa,orsa,orsa-utvecklingsbidrag-vindkraft,Utvecklingsbidrag vindkraft,0,,,https://orsa.se/uppleva-och-gora/foreningar/bidrag-stod-och-stipendier.html
orust,orust,orust-driftsstod-till-foreningsagd-idrottsanlaggning,Driftsstöd till föreningsägd idrottsanläggning,0,,,https://orust.se/uppleva-och-gora/foreningar-och-foreningsliv/foreningsstod
orust,orust,orust-driftsstod-till-foreningsagd-verksamhetslokal,Driftsstöd till föreningsägd verksamhetslokal,0,,,https://orust.se/uppleva-och-gora/foreningar-och-foreningsliv/foreningsstod
orust,orust,orust-driftsstod-till-hyrd-lokal,Driftsstöd till hyrd lokal,0,,,https://orust.se/uppleva-och-gora/foreningar-och-foreningsliv/foreningsstod
orust,orust,orust-driftstod-for-simskola,Driftstöd för simskola,0,,,https://orust.se/uppleva-och-gora/foreningar-och-foreningsliv/foreningsstod
orust,orust,orust-lokalt-aktivitetsstod,Lokalt aktivitetsstöd,0,,,https://orust.se/uppleva-och-gora/foreningar-och-foreningsliv/foreningsstod
orust,orust,orust-stod-for-investering-och-projektutveckling,Stöd för investering och projektutveckling,0,,,https://orust.se/uppleva-och-gora/foreningar-och-foreningsliv/foreningsstod
orust,orust,orust-stod-till-handikappforeningar,Stöd till handikappföreningar,0,,,https://orust.se/uppleva-och-gora/foreningar-och-foreningsliv/foreningsstod
orust,orust,orust-stod-till-museiverksamhet-och-dokumentation,Stöd till museiverksamhet och dokumentation,0,,,https://orust.se/uppleva-och-gora/foreningar-och-foreningsliv/foreningsstod
orust,orust,orust-stod-till-pensionarsforeningar,Stöd till pensionärsföreningar,0,,,https://orust.se/uppleva-och-gora/foreningar-och-foreningsliv/foreningsstod
osby,osby,osby-drift-och-hyresstod,Drift- och hyresstöd,0,,,https://www.osby.se/se--gora/foreningsliv/foreningsstod.html
osby,osby,osby-investeringsstod,Investeringsstöd,0,,,https://www.osby.se/se--gora/foreningsliv/foreningsstod.html
osby,osby,osby-lokalt-aktivitetsstod,Lokalt aktivitetsstöd,0,,,https://www.osby.se/se--gora/foreningsliv/foreningsstod.html
osby,osby,osby-projekt-och-arrangemangsstod,Projekt- och arrangemangsstöd,0,,,https://www.osby.se/se--gora/foreningsliv/foreningsstod.html
osby,osby,osby-verksamhetsstod-for-lika-mojligheter,Verksamhetsstöd för lika möjligheter,0,,,https://www.osby.se/se--gora/foreningsliv/foreningsstod.html
osby,osby,osby-verksamhetsstod-till-kultur-och-fritidsforeningar-och-samlingslokaler,Verksamhetsstöd till kultur- och fritidsföreningar och samlingslokaler,0,,,https://www.osby.se/se--gora/foreningsliv/foreningsstod.html
osby,osby,osby-verksamhetsstod-till-studieforbund,Verksamhetsstöd till studieförbund,0,,,https://www.osby.se/se--gora/foreningsliv/foreningsstod.html
osteraker,osteraker,osteraker-ungas-egen-organisering,Ungas egen organisering,0,,,https://www.osteraker.se/upplevagora/ungiosteraker.4.592cfecd176fc0db8782e86.html
osthammar,osthammar,osthammar-foreningslyftet,Föreningslyftet,0,,,https://www.osthammar.se/uppleva-och-gora/stod-och-stipendier/foreningsstod/
osthammar,osthammar,osthammar-investerings-utrustningsbidrag,Investerings- och utrustningsbidrag,0,,,https://www.osthammar.se/uppleva-och-gora/stod-och-stipendier/foreningsstod/
ostra-goinge,ostra-goinge,ostra-goinge-aktivitetsstod,Aktivitetsstöd,0,,,https://ostragoinge.se/uppleva-och-gora/foreningsliv/bidrag-och-stod-for-foreningar
ostra-goinge,ostra-goinge,ostra-goinge-driftsbidrag-egen-anlaggning,Driftsbidrag – egen anläggning,0,,,https://ostragoinge.se/uppleva-och-gora/foreningsliv/bidrag-och-stod-for-foreningar
ostra-goinge,ostra-goinge,ostra-goinge-ekonomiskt-stod-for-feriearbete,Ekonomiskt stöd för feriearbete,0,,,https://ostragoinge.se/uppleva-och-gora/foreningsliv/bidrag-och-stod-for-foreningar
ostra-goinge,ostra-goinge,ostra-goinge-investeringsbidrag,Investeringsbidrag,0,,,https://ostragoinge.se/uppleva-och-gora/foreningsliv/bidrag-och-stod-for-foreningar
ostra-goinge,ostra-goinge,ostra-goinge-ledarutbildningsbidrag,Ledarutbildningsbidrag,0,,,https://ostragoinge.se/uppleva-och-gora/foreningsliv/bidrag-och-stod-for-foreningar
overkalix,overkalix,overkalix-samlingslokal,Bidrag till samlingslokal,0,,,https://www.overkalix.se/kultur-och-fritid/foreningsbidrag-och-stod/
overkalix,overkalix,overkalix-skoterleder,Bidrag till skoterleder,0,,,https://www.overkalix.se/kultur-och-fritid/foreningsbidrag-och-stod/
overkalix,overkalix,overkalix-studieforbund,Bidrag till studieförbund,0,,,https://www.overkalix.se/kultur-och-fritid/foreningsbidrag-och-stod/
overkalix,overkalix,overkalix-foreningspengen,Föreningspengen,0,,,https://www.overkalix.se/kultur-och-fritid/foreningsbidrag-och-stod/
overkalix,overkalix,overkalix-foreningsstod,Föreningsstöd,0,,,https://www.overkalix.se/kultur-och-fritid/foreningsbidrag-och-stod/
overkalix,overkalix,overkalix-kulturbidrag,Kulturbidrag,0,,,https://www.overkalix.se/kultur-och-fritid/foreningsbidrag-och-stod/
overtornea,overtornea,overtornea-lonebidrag-forening,Kommunalt bidrag till anställda i föreningar,0,,,https://overtornea.se/stod-omsorg/
overtornea,overtornea,overtornea-enskild-vag-statsbidrag,Kommunalt bidrag till enskild väg med statsbidrag,0,,,https://overtornea.se/bygga-bo-miljo/trafik-och-vagar/
overtornea,overtornea,overtornea-enskild-vag-utan-statsbidrag,Kommunalt bidrag till enskild väg utan statsbidrag,0,,,https://overtornea.se/bygga-bo-miljo/trafik-och-vagar/
oxelosund,oxelosund,oxelosund-anlaggningsstod,Anläggningsstöd,0,,,https://www.oxelosund.se/uppleva-och-gora/foreningar-och-studieforbund
oxelosund,oxelosund,oxelosund-jubileumsbidrag,Jubileumsbidrag,0,,,https://www.oxelosund.se/uppleva-och-gora/foreningar-och-studieforbund
oxelosund,oxelosund,oxelosund-startbidrag,Startbidrag,0,,,https://www.oxelosund.se/uppleva-och-gora/foreningar-och-studieforbund
oxelosund,oxelosund,oxelosund-verksamhetsbidrag,Verksamhetsbidrag,0,,,https://www.oxelosund.se/uppleva-och-gora/foreningar-och-studieforbund
pajala,pajala,pajala-anlaggningsstod,Anläggningsstöd,0,,,https://www.pajala.se/fritid-och-kultur/foreningar-och-foreningsliv/bidrag-och-stod-till-foreningar/fritidsstod/
pajala,pajala,pajala-grundstod,Grundstöd,0,,,https://www.pajala.se/fritid-och-kultur/foreningar-och-foreningsliv/bidrag-och-stod-till-foreningar/fritidsstod/
pajala,pajala,pajala-idrott-fritidsevenemang,Idrotts- och fritidsevenemang,0,,,https://www.pajala.se/fritid-och-kultur/foreningar-och-foreningsliv/bidrag-och-stod-till-foreningar/fritidsstod/
pajala,pajala,pajala-kulturstod,Kulturstöd till föreningar och enskilda,0,,,https://www.pajala.se/fritid-och-kultur/foreningar-och-foreningsliv/bidrag-och-stod-till-foreningar/kulturstod/
pajala,pajala,pajala-ledarutbildning,Ledarutbildningsstöd,0,,,https://www.pajala.se/fritid-och-kultur/foreningar-och-foreningsliv/bidrag-och-stod-till-foreningar/fritidsstod/
pajala,pajala,pajala-lokalbidrag,Lokalbidrag,0,,,https://www.pajala.se/fritid-och-kultur/foreningar-och-foreningsliv/bidrag-och-stod-till-foreningar/fritidsstod/
pajala,pajala,pajala-lokalt-aktivitetsstod,Lokalt aktivitetsstöd,0,,,https://www.pajala.se/fritid-och-kultur/foreningar-och-foreningsliv/bidrag-och-stod-till-foreningar/fritidsstod/
pajala,pajala,pajala-resor-idrottsanlaggningar,Resor till idrottsanläggningar,0,,,https://www.pajala.se/fritid-och-kultur/foreningar-och-foreningsliv/bidrag-och-stod-till-foreningar/fritidsstod/
pajala,pajala,pajala-lagerverksamhet,Stöd till lägerverksamhet,0,,,https://www.pajala.se/fritid-och-kultur/foreningar-och-foreningsliv/bidrag-och-stod-till-foreningar/fritidsstod/
pajala,pajala,pajala-samlingslokaler,Stöd till samlingslokaler och övriga allmänna lokaler,0,,,https://www.pajala.se/fritid-och-kultur/foreningar-och-foreningsliv/bidrag-och-stod-till-foreningar/kulturstod/
pajala,pajala,pajala-tavlingsstod,Tävlingsstöd,0,,,https://www.pajala.se/fritid-och-kultur/foreningar-och-foreningsliv/bidrag-och-stod-till-foreningar/fritidsstod/
pajala,pajala,pajala-oppen-fritidsgardsaktivitet,Öppen fritidsgårdsaktivitet,0,,,https://www.pajala.se/fritid-och-kultur/foreningar-och-foreningsliv/bidrag-och-stod-till-foreningar/fritidsstod/
partille,partille,partille-halsopriset,Hälsopriset,0,,,https://www.partille.se/kommun--politik/priser-stipendier-stiftelser/
perstorp,perstorp,perstorp-foreningsbidrag-social-verksamhet,Föreningsbidrag för social verksamhet,0,,,https://www.perstorp.se/upplevagora/foreningar.4.61780eb015c1403d634c6b.html
perstorp,perstorp,perstorp-kulturforeningsbidrag,Kulturföreningsbidrag,0,,,https://www.perstorp.se/upplevagora/foreningar.4.61780eb015c1403d634c6b.html
perstorp,perstorp,perstorp-verksamhetsbidrag,Verksamhetsbidrag,0,,,https://www.perstorp.se/upplevagora/foreningar.4.61780eb015c1403d634c6b.html
ragunda,ragunda,ragunda-hyresstod-pensionar-funktionsratt,Hyresstöd till pensionärs- och funktionsrättsföreningar,0,,,https://www.ragunda.se/upplevaochgora/foreningsstodochlotterier.763.html
ragunda,ragunda,ragunda-lokalt-aktivitetsstod,Lokalt aktivitetsstöd,0,,,https://www.ragunda.se/upplevaochgora/foreningsstodochlotterier.763.html
ragunda,ragunda,ragunda-lonebidrag-till-foreningar,Lönebidrag till föreningar,0,,,https://www.ragunda.se/upplevaochgora/foreningsstodochlotterier.763.html
ragunda,ragunda,ragunda-verksamhetsstod,Verksamhetsstöd,0,,,https://sjalvservice.ragunda.se/
robertsfors,robertsfors,robertsfors-aktivitetsstod,Aktivitetsstöd,0,,,https://www.robertsfors.se/upplevaochgora/foreningslivochforeningar/foreningsbidrag.791.html
robertsfors,robertsfors,robertsfors-anlaggningsbidrag,Anläggningsbidrag,0,,,https://www.robertsfors.se/upplevaochgora/foreningslivochforeningar/foreningsbidrag.791.html
robertsfors,robertsfors,robertsfors-drift-samlingslokal,Driftbidrag till samlingslokal,0,,,https://www.robertsfors.se/upplevaochgora/foreningslivochforeningar/foreningsbidrag.791.html
robertsfors,robertsfors,robertsfors-kommunalt-lonebidrag,Kommunalt lönebidrag,0,,,https://www.robertsfors.se/upplevaochgora/foreningslivochforeningar/foreningsbidrag.791.html
robertsfors,robertsfors,robertsfors-lokalbidrag,Lokalbidrag,0,,,https://www.robertsfors.se/upplevaochgora/foreningslivochforeningar/foreningsbidrag.791.html
saffle,saffle,saffle-anlaggningsbidrag,Anläggningsbidrag,0,,,https://saffle.se/uppleva-och-gora/foreningsliv/foreningsstod-och-bidrag.html
saffle,saffle,saffle-halsoframjande-foreningar,Bidrag till hälsofrämjande föreningar,0,,,https://saffle.se/uppleva-och-gora/foreningsliv/foreningsstod-och-bidrag.html
saffle,saffle,saffle-samlingslokalsbidrag,Bidrag till samlingslokaler,0,,,https://saffle.se/uppleva-och-gora/foreningsliv/foreningsstod-och-bidrag/bygdegardsforening.html
saffle,saffle,saffle-studieforbund,Bidrag till studieförbund,0,,,https://saffle.se/uppleva-och-gora/foreningsliv/foreningsstod-och-bidrag.html
saffle,saffle,saffle-vagforeningar,Bidrag till vägföreningar,0,,,https://saffle.se/uppleva-och-gora/foreningsliv/foreningsstod-och-bidrag.html
saffle,saffle,saffle-bygdepeng,Bygdepeng,0,,,https://saffle.se/uppleva-och-gora/foreningsliv/foreningsstod-och-bidrag/bygdepeng.html
saffle,saffle,saffle-evenemangsstod,Evenemangsstöd,0,,,https://saffle.se/uppleva-och-gora/foreningsliv/foreningsstod-och-bidrag.html
saffle,saffle,saffle-hembygdsforeningsbidrag,Föreningsbidrag till hembygdsföreningar,0,,,https://saffle.se/uppleva-och-gora/foreningsliv/foreningsstod-och-bidrag/hembygdsforening.html
saffle,saffle,saffle-kultur-evenemangsbidrag,Kultur- och evenemangsbidrag,0,,,https://saffle.se/uppleva-och-gora/foreningsliv/foreningsstod-och-bidrag/kulturforening.html
saffle,saffle,saffle-sarskilt-verksamhetsbidrag,Särskilt verksamhetsbidrag,0,,,https://saffle.se/uppleva-och-gora/foreningsliv/foreningsstod-och-bidrag.html
saffle,saffle,saffle-verksamhetsbidrag-idrott-ovriga,Verksamhetsbidrag för idrotts- och övriga föreningar,0,,,https://saffle.se/uppleva-och-gora/foreningsliv/foreningsstod-och-bidrag.html
saffle,saffle,saffle-verksamhetsbidrag-byalag,Verksamhetsbidrag till byalag och utvecklingsgrupper,0,,,https://saffle.se/uppleva-och-gora/foreningsliv/foreningsstod-och-bidrag.html
saffle,saffle,saffle-verksamhetsbidrag-kultur,Verksamhetsbidrag till kulturföreningar,0,,,https://saffle.se/uppleva-och-gora/foreningsliv/foreningsstod-och-bidrag/kulturforening.html
sala,sala,sala-aktivitets-och-lokalbidrag,Aktivitets- och lokalbidrag,0,,,https://www.sala.se/category/13044/
sala,sala,sala-arrangemangsbidrag,Arrangemangsbidrag,0,,,https://www.sala.se/category/13044/
sala,sala,sala-grundbidrag-pensionars-och-funktionsrattsforeningar,Grundbidrag pensionärs- och funktionsrättsföreningar,0,,,https://www.sala.se/category/13044/
sala,sala,sala-investeringsbidrag,Investeringsbidrag,0,,,https://www.sala.se/category/13044/
sala,sala,sala-projektbidrag-pensionarsforeningar,Projektbidrag pensionärsföreningar,0,,,https://www.sala.se/category/13044/
sala,sala,sala-skotselbidrag-idrotts-och-fritidsanlaggningar,Skötselbidrag idrotts- och fritidsanläggningar,0,,,https://www.sala.se/category/13044/
sala,sala,sala-skotselbidrag-samlingslokaler,Skötselbidrag samlingslokaler,0,,,https://www.sala.se/category/13044/
sala,sala,sala-snabb-slant,Snabb slant,0,,,https://www.sala.se/category/13044/
sala,sala,sala-studieforbundsbidrag,Studieförbundsbidrag,0,,,https://www.sala.se/category/13044/
sala,sala,sala-utbildningsbidrag,Utbildningsbidrag,0,,,https://www.sala.se/category/13044/
sater,sater,sater-bidrag-for-foreningslokal,Bidrag för föreningslokal,0,,,https://sater.se/gora-uppleva/foreningar/foreningsbidrag/
sater,sater,sater-bidrag-till-samlingslokal,Bidrag till samlingslokal,0,,,https://sater.se/gora-uppleva/foreningar/foreningsbidrag/
sater,sater,sater-evenemangsstod,Evenemangsstöd,0,,,https://sater.se/gora-uppleva/foreningar/foreningsbidrag/
sater,sater,sater-funktionsrattsorganisationer,Funktionsrättsorganisationer,0,,,https://sater.se/gora-uppleva/foreningar/foreningsbidrag/
sater,sater,sater-kartbidrag,Kartbidrag,0,,,https://sater.se/gora-uppleva/foreningar/foreningsbidrag/
sater,sater,sater-kommunalt-aktivitetsstod,Kommunalt aktivitetsstöd,0,,,https://sater.se/gora-uppleva/foreningar/foreningsbidrag/
sater,sater,sater-kulturarrangemangsbidrag,Kulturarrangemangsbidrag,0,,,https://sater.se/gora-uppleva/foreningar/foreningsbidrag/
sater,sater,sater-spar-och-ledbidrag,Spår- och ledbidrag,0,,,https://sater.se/gora-uppleva/foreningar/foreningsbidrag/
sater,sater,sater-startstod-ny-verksamhet,Startstöd ny verksamhet,0,,,https://sater.se/gora-uppleva/foreningar/foreningsbidrag/
sater,sater,sater-stod-till-foreningsdrivna-anlaggningar,Stöd till föreningsdrivna anläggningar,0,,,https://sater.se/gora-uppleva/foreningar/foreningsbidrag/
savsjo,savsjo,savsjo-anlaggningsbidrag,Anläggningsbidrag,0,,,https://www.savsjo.se/kultur-och-fritid/foreningar-och-bidrag/foreningsbidrag.html
savsjo,savsjo,savsjo-hyresbidrag,Hyresbidrag,0,,,https://www.savsjo.se/kultur-och-fritid/foreningar-och-bidrag/foreningsbidrag.html
savsjo,savsjo,savsjo-investeringsbidrag,Investeringsbidrag,0,,,https://www.savsjo.se/kultur-och-fritid/foreningar-och-bidrag/foreningsbidrag.html
sjobo,sjobo,sjobo-forskoningsbidrag-och-julgran,Bidrag till försköning och julgran,0,,,https://www.sjobo.se/trafik-och-gator/torg-och-arrangemang/bidrag-till-forskoning-och-julgran.html
sjobo,sjobo,sjobo-hyresstod,Hyresstöd,0,,,https://www.sjobo.se/uppleva-och-gora/idrott-motion-och-aktiviteter/for-dig-som-driver-forening/stod-for-foreningar.html
sjobo,sjobo,sjobo-investeringsstod,Investeringsstöd,0,,,https://www.sjobo.se/uppleva-och-gora/idrott-motion-och-aktiviteter/for-dig-som-driver-forening/stod-for-foreningar.html
sjobo,sjobo,sjobo-kulturstod,Kulturstöd,0,,,https://www.sjobo.se/uppleva-och-gora/idrott-motion-och-aktiviteter/for-dig-som-driver-forening/stod-for-foreningar.html
sjobo,sjobo,sjobo-lokalt-aktivitetsstod,Lokalt aktivitetsstöd,0,,,https://www.sjobo.se/uppleva-och-gora/idrott-motion-och-aktiviteter/for-dig-som-driver-forening/stod-for-foreningar.html
skara,skara,skara-aktivitetsbidrag,Aktivitetsbidrag,0,,,https://www.skara.se/kommunochpolitik/styrandedokument/regler/reglerforforeningsstod.2242.html
skara,skara,skara-anslag-studieforbund-sisu,Anslag till studieförbund och SISU,0,,,https://www.skara.se/kommunochpolitik/styrandedokument/regler/reglerforforeningsstod.2242.html
skara,skara,skara-driftsbidrag,Driftsbidrag,0,,,https://www.skara.se/kommunochpolitik/styrandedokument/regler/reglerforforeningsstod.2242.html
skara,skara,skara-lokalt-aktivitetsstod,Lokalt aktivitetsstöd,0,,,https://www.skara.se/kommunochpolitik/styrandedokument/regler/reglerforforeningsstod.2242.html
skara,skara,skara-samverkansavtal,Samverkansavtal,0,,,https://www.skara.se/kommunochpolitik/styrandedokument/regler/reglerforforeningsstod.2242.html
skara,skara,skara-startbidrag,Startbidrag,0,,,https://www.skara.se/kommunochpolitik/styrandedokument/regler/reglerforforeningsstod.2242.html
skara,skara,skara-utvecklingsmedel,Utvecklingsmedel,0,,,https://www.skara.se/kommunochpolitik/styrandedokument/regler/reglerforforeningsstod.2242.html
skinnskatteberg,skinnskatteberg,skinnskatteberg-aktivitetsbidrag,Aktivitetsbidrag,0,,,https://www.skinnskatteberg.se/app/uploads/2023/04/bidragsbestammelser-och-riktlinjer-for-kommunalt-foreningsbidrag-i-skinnskatteberg-2023.pdf
skinnskatteberg,skinnskatteberg,skinnskatteberg-funktionsrattsforeningar,Bidrag till funktionsrättsföreningar,0,,,https://www.skinnskatteberg.se/app/uploads/2023/04/bidragsbestammelser-och-riktlinjer-for-kommunalt-foreningsbidrag-i-skinnskatteberg-2023.pdf
skinnskatteberg,skinnskatteberg,skinnskatteberg-studieforbund,Bidrag till studieförbund,0,,,https://www.skinnskatteberg.se/app/uploads/2023/04/bidragsbestammelser-och-riktlinjer-for-kommunalt-foreningsbidrag-i-skinnskatteberg-2023.pdf
skinnskatteberg,skinnskatteberg,skinnskatteberg-etableringsbidrag,Etableringsbidrag,0,,,https://www.skinnskatteberg.se/app/uploads/2023/04/bidragsbestammelser-och-riktlinjer-for-kommunalt-foreningsbidrag-i-skinnskatteberg-2023.pdf
skinnskatteberg,skinnskatteberg,skinnskatteberg-foreningsbidrag,Föreningsbidrag,0,,,https://www.skinnskatteberg.se/app/uploads/2023/04/bidragsbestammelser-och-riktlinjer-for-kommunalt-foreningsbidrag-i-skinnskatteberg-2023.pdf
skinnskatteberg,skinnskatteberg,skinnskatteberg-sociala-foreningar,Stöd till sociala föreningar,0,,,https://www.skinnskatteberg.se/app/uploads/2023/04/bidragsbestammelser-och-riktlinjer-for-kommunalt-foreningsbidrag-i-skinnskatteberg-2023.pdf
skurup,skurup,skurup-bidrag-till-studieorganisationer,Bidrag till studieorganisationer,0,,,https://www.skurup.se/uppleva-och-gora/foreningar/sok-foreningsstod
skurup,skurup,skurup-investeringsstod,Investeringsstöd,0,,,https://www.skurup.se/uppleva-och-gora/foreningar/sok-foreningsstod
skurup,skurup,skurup-lokal-och-anlaggningsstod,Lokal- och anläggningsstöd,0,,,https://www.skurup.se/uppleva-och-gora/foreningar/sok-foreningsstod
skurup,skurup,skurup-lokalt-aktivitetsstod,Lokalt aktivitetsstöd,0,,,https://www.skurup.se/uppleva-och-gora/foreningar/sok-foreningsstod
skurup,skurup,skurup-nardemokratistod,Närdemokratistöd,0,,,https://www.skurup.se/uppleva-och-gora/foreningar/sok-foreningsstod
skurup,skurup,skurup-sommarlovsbidrag,Sommarlovsbidrag,0,,,https://www.skurup.se/uppleva-och-gora/foreningar/sok-foreningsstod
skurup,skurup,skurup-startbidrag,Startbidrag,0,,,https://www.skurup.se/uppleva-och-gora/foreningar/sok-foreningsstod
skurup,skurup,skurup-utvecklingsstod,Utvecklingsstöd,0,,,https://www.skurup.se/uppleva-och-gora/foreningar/sok-foreningsstod
smedjebacken,smedjebacken,smedjebacken-evenemangsstod-kultur,Evenemangsstöd kultur,0,,,https://www.smedjebacken.se/uppleva-och-gora/foreningar-foreningsliv/stod-och-bidrag.html
smedjebacken,smedjebacken,smedjebacken-foreningsbidrag-fritid,Föreningsbidrag fritid,0,,,https://www.smedjebacken.se/uppleva-och-gora/foreningar-foreningsliv/stod-och-bidrag.html
smedjebacken,smedjebacken,smedjebacken-projektstod-kultur,Projektstöd kultur,0,,,https://www.smedjebacken.se/uppleva-och-gora/foreningar-foreningsliv/stod-och-bidrag.html
smedjebacken,smedjebacken,smedjebacken-startbidrag-kulturforeningar,Startbidrag kulturföreningar,0,,,https://www.smedjebacken.se/uppleva-och-gora/foreningar-foreningsliv/stod-och-bidrag.html
smedjebacken,smedjebacken,smedjebacken-studieforbundsbidrag,Studieförbundsbidrag,0,,,https://www.smedjebacken.se/uppleva-och-gora/foreningar-foreningsliv/stod-och-bidrag.html
smedjebacken,smedjebacken,smedjebacken-verksamhetsstod-kultur,Verksamhetsstöd kultur,0,,,https://www.smedjebacken.se/uppleva-och-gora/foreningar-foreningsliv/stod-och-bidrag.html
soderkoping,soderkoping,soderkoping-aktivitetsbidrag,Aktivitetsbidrag,0,,,https://foreningar.soderkoping.se/foreningsbidrag/
soderkoping,soderkoping,soderkoping-arrangemangsbidrag,Arrangemangsbidrag,0,,,https://foreningar.soderkoping.se/foreningsbidrag/
soderkoping,soderkoping,soderkoping-grundbidrag,Grundbidrag,0,,,https://foreningar.soderkoping.se/foreningsbidrag/
soderkoping,soderkoping,soderkoping-hyresbidrag,Hyresbidrag,0,,,https://foreningar.soderkoping.se/foreningsbidrag/
soderkoping,soderkoping,soderkoping-skotselbidrag,Skötselbidrag – anläggning,0,,,https://foreningar.soderkoping.se/foreningsbidrag/
solleftea,solleftea,solleftea-administrationsbidrag,Administrationsbidrag,0,,,https://www.solleftea.se/uppleva--gora/fritid/foreningar/stod-och-bidrag
solleftea,solleftea,solleftea-arrangemangsbidrag-kultur,Arrangemangsbidrag kultur,0,,,https://www.solleftea.se/uppleva--gora/fritid/foreningar/stod-och-bidrag
solleftea,solleftea,solleftea-bidrag-fritidsgardar,Bidrag fritidsgårdar,0,,,https://www.solleftea.se/uppleva--gora/fritid/foreningar/stod-och-bidrag
solleftea,solleftea,solleftea-byalagsbidrag,Byalagsbidrag,0,,,https://www.solleftea.se/uppleva--gora/fritid/foreningar/stod-och-bidrag
solleftea,solleftea,solleftea-fiskevardsbidrag,Fiskevårdsbidrag,0,,,https://www.solleftea.se/uppleva--gora/fritid/foreningar/stod-och-bidrag
solleftea,solleftea,solleftea-grundbidrag-hembygdsforening,Grundbidrag hembygdsförening,0,,,https://www.solleftea.se/uppleva--gora/fritid/foreningar/stod-och-bidrag
solleftea,solleftea,solleftea-lokalbidrag,Lokalbidrag,0,,,https://www.solleftea.se/uppleva--gora/fritid/foreningar/stod-och-bidrag
solleftea,solleftea,solleftea-lokalt-aktivitetsstod,Lokalt aktivitetsstöd,0,,,https://www.solleftea.se/uppleva--gora/fritid/foreningar/stod-och-bidrag
solleftea,solleftea,solleftea-pensionars-funktionsratts-och-stodforeningar,"Pensionärs-, funktionsrätts- och stödföreningar",0,,,https://www.solleftea.se/uppleva--gora/fritid/foreningar/stod-och-bidrag
solleftea,solleftea,solleftea-ridskolebidrag,Ridskolebidrag,0,,,https://www.solleftea.se/uppleva--gora/fritid/foreningar/stod-och-bidrag
solleftea,solleftea,solleftea-samlingslokalsbidrag,Samlingslokalsbidrag,0,,,https://www.solleftea.se/uppleva--gora/fritid/foreningar/stod-och-bidrag
solleftea,solleftea,solleftea-studieforbundsbidrag,Studieförbundsbidrag,0,,,https://www.solleftea.se/uppleva--gora/fritid/foreningar/stod-och-bidrag
solleftea,solleftea,solleftea-vuxna-pa-stan,Vuxna på stan,0,,,https://www.solleftea.se/uppleva--gora/fritid/foreningar/stod-och-bidrag
solleftea,solleftea,solleftea-arsbidrag-kulturforening,Årsbidrag kulturförening,0,,,https://www.solleftea.se/uppleva--gora/fritid/foreningar/stod-och-bidrag
solvesborg,solvesborg,solvesborg-administrationsbidrag-funktionsratt,Administrationsbidrag – funktionsrätt,0,,,https://funktion.solvesborg.se/bidrag/
solvesborg,solvesborg,solvesborg-administrationsbidrag-pensionar,Administrationsbidrag – pensionär,0,,,https://funktion.solvesborg.se/bidrag/
solvesborg,solvesborg,solvesborg-aktivitetsbidrag-host,Aktivitetsbidrag – höst,0,,,https://funktion.solvesborg.se/bidrag/
solvesborg,solvesborg,solvesborg-aktivitetsbidrag-var,Aktivitetsbidrag – vår,0,,,https://funktion.solvesborg.se/bidrag/
solvesborg,solvesborg,solvesborg-lokalbidrag-funktionsratt,Lokalbidrag – funktionsrätt,0,,,https://funktion.solvesborg.se/bidrag/
solvesborg,solvesborg,solvesborg-lokalbidrag-pensionar-och-ovriga,Lokalbidrag – pensionär och övriga,0,,,https://funktion.solvesborg.se/bidrag/
solvesborg,solvesborg,solvesborg-lokalbidrag-ungdomsorganisationer,Lokalbidrag – ungdomsorganisationer,0,,,https://funktion.solvesborg.se/bidrag/
solvesborg,solvesborg,solvesborg-projekt-och-arrangorsbidrag,Projekt- och arrangörsbidrag,0,,,https://funktion.solvesborg.se/bidrag/
sorsele,sorsele,sorsele-aktivitets-och-foreningsbidrag,Aktivitets- och föreningsbidrag,0,,,https://minasidor.sorsele.se/oversikt/overview/63
sorsele,sorsele,sorsele-lokalbidrag,Lokalbidrag,0,,,https://www.sorsele.se/kultur-och-fritid/foereningsliv-och-foereningsbidrag/kommunala-bidrag-och-stoed/lokalbidrag/
sorsele,sorsele,sorsele-snabbsparet-snabbkultur,Snabbspåret och Snabbkultur,0,,,https://www.sorsele.se/kultur-och-fritid/foereningsliv-och-foereningsbidrag/kommunala-bidrag-och-stoed/
sorsele,sorsele,sorsele-startbidrag,Startbidrag,0,,,https://www.sorsele.se/kultur-och-fritid/foereningsliv-och-foereningsbidrag/kommunala-bidrag-och-stoed/
sotenas,sotenas,sotenas-anlaggningsbidrag,Anläggningsbidrag,0,,,https://www.sotenas.se/uppleva--gora/foreningslivet-i-kommunen/bidrag-stod-och-stipendier
sotenas,sotenas,sotenas-kommunbidrag-for-studieforbund,Kommunbidrag för studieförbund,0,,,https://www.sotenas.se/uppleva--gora/foreningslivet-i-kommunen/bidrag-stod-och-stipendier
sotenas,sotenas,sotenas-kulturforeningsbidrag,Kulturföreningsbidrag,0,,,https://www.sotenas.se/uppleva--gora/foreningslivet-i-kommunen/bidrag-stod-och-stipendier
sotenas,sotenas,sotenas-kulturprojektbidrag,Kulturprojektbidrag,0,,,https://www.sotenas.se/uppleva--gora/foreningslivet-i-kommunen/bidrag-stod-och-stipendier
sotenas,sotenas,sotenas-lokalt-aktivitetsstod-for-pensionarsforeningar,Lokalt aktivitetsstöd för pensionärsföreningar,0,,,https://www.sotenas.se/uppleva--gora/foreningslivet-i-kommunen/bidrag-stod-och-stipendier
sotenas,sotenas,sotenas-lokalt-aktivitetsstod-for-ungdomsforeningar,Lokalt aktivitetsstöd för ungdomsföreningar,0,,,https://www.sotenas.se/uppleva--gora/foreningslivet-i-kommunen/bidrag-stod-och-stipendier
staffanstorp,staffanstorp,staffanstorp-arrangemangsstod,Arrangemangsstöd,0,,,https://staffanstorp.se/uppleva-och-gora/fritid-och-upplevelser/foreningsbidrag/
staffanstorp,staffanstorp,staffanstorp-foreningsbidrag-till-sociala-foreningar-och-organisationer,Föreningsbidrag till sociala föreningar och organisationer,0,,,https://staffanstorp.se/uppleva-och-gora/fritid-och-upplevelser/foreningsbidrag/
staffanstorp,staffanstorp,staffanstorp-lokalt-aktivitetsstod,Lokalt aktivitetsstöd,0,,,https://staffanstorp.se/uppleva-och-gora/fritid-och-upplevelser/foreningsbidrag/
staffanstorp,staffanstorp,staffanstorp-stod-till-ungdoms-och-kulturforeningar,Stöd till ungdoms- och kulturföreningar,0,,,https://staffanstorp.se/uppleva-och-gora/fritid-och-upplevelser/foreningsbidrag/
stenungsund,stenungsund,stenungsund-bidrag-och-stod-till-ungdomsforening,Bidrag och stöd till ungdomsförening,0,,,https://www.stenungsund.se/uppleva-och-gora/foreningsliv-i-stenungsund/bidrag-och-stod-till-foreningar
stenungsund,stenungsund,stenungsund-bidrag-till-foreningar-utanfor-kommunen,Bidrag till föreningar utanför kommunen,0,,,https://www.stenungsund.se/uppleva-och-gora/foreningsliv-i-stenungsund/bidrag-och-stod-till-foreningar/bidrag-till-foreningar-utanfor-kommunen
stenungsund,stenungsund,stenungsund-bidrag-till-kulturarrangemang,Bidrag till kulturarrangemang,0,,,https://www.stenungsund.se/uppleva-och-gora/foreningsliv-i-stenungsund/bidrag-och-stod-till-foreningar
stenungsund,stenungsund,stenungsund-grundbidrag-for-kulturforeningar,Grundbidrag för kulturföreningar,0,,,https://www.stenungsund.se/uppleva-och-gora/foreningsliv-i-stenungsund/bidrag-och-stod-till-foreningar
stenungsund,stenungsund,stenungsund-verksamhetsbidrag-till-pensionars-och-funktionsrattsforeningar,Verksamhetsbidrag till pensionärs- och funktionsrättsföreningar,0,,,https://www.stenungsund.se/uppleva-och-gora/foreningsliv-i-stenungsund/bidrag-och-stod-till-foreningar
storfors,storfors,storfors-aktivitetsbidrag,Aktivitetsbidrag,0,,,https://www.storfors.se/upplevaochgora/foreningar/attsokaforeningsbidrag.4.241bced914a618d4117ec269.html
storfors,storfors,storfors-lokalbidrag,Lokalbidrag,0,,,https://www.storfors.se/upplevaochgora/foreningar/attsokaforeningsbidrag.4.241bced914a618d4117ec269.html
storfors,storfors,storfors-lonebidrag,Lönebidrag,0,,,https://www.storfors.se/upplevaochgora/foreningar/attsokaforeningsbidrag.4.241bced914a618d4117ec269.html
storfors,storfors,storfors-verksamhetsbidrag,Verksamhetsbidrag,0,,,https://www.storfors.se/upplevaochgora/foreningar/attsokaforeningsbidrag.4.241bced914a618d4117ec269.html
storuman,storuman,storuman-studieforbund,Bidrag till studieförbund,0,,,https://www.storuman.se/kommun/kultur-fritid/Foreningar/stod-bidrag-och-stipendier/
storuman,storuman,storuman-aktivitetsstod,Lokalt aktivitetsstöd,0,,,https://www.storuman.se/kommun/kultur-fritid/Foreningar/stod-bidrag-och-stipendier/
storuman,storuman,storuman-skotsel-anlaggning,Skötsel- och anläggningsbidrag,0,,,https://www.storuman.se/kommun/kultur-fritid/Foreningar/stod-bidrag-och-stipendier/
storuman,storuman,storuman-ovrigt,Övrigt bidrag,0,,,https://www.storuman.se/kommun/kultur-fritid/Foreningar/stod-bidrag-och-stipendier/
stromstad,stromstad,stromstad-aktivitetsbidrag,Aktivitetsbidrag,0,,,https://www.stromstad.se/upplevaochgora/foreningarforeningsliv/kulturochfritidsbidragtillforeningar.4.38084632163626cc4502b40c.html
stromstad,stromstad,stromstad-arrangorsbidrag-for-fritidsforeningar,Arrangörsbidrag för fritidsföreningar,0,,,https://www.stromstad.se/upplevaochgora/foreningarforeningsliv/kulturochfritidsbidragtillforeningar.4.38084632163626cc4502b40c.html
stromstad,stromstad,stromstad-arrangorsbidrag-for-kulturforeningar,Arrangörsbidrag för kulturföreningar,0,,,https://www.stromstad.se/upplevaochgora/foreningarforeningsliv/kulturochfritidsbidragtillforeningar.4.38084632163626cc4502b40c.html
stromstad,stromstad,stromstad-bidrag-till-studieforbund,Bidrag till studieförbund,0,,,https://www.stromstad.se/upplevaochgora/foreningarforeningsliv/kulturochfritidsbidragtillforeningar.4.38084632163626cc4502b40c.html
stromstad,stromstad,stromstad-grundbidrag,Grundbidrag,0,,,https://www.stromstad.se/upplevaochgora/foreningarforeningsliv/kulturochfritidsbidragtillforeningar.4.38084632163626cc4502b40c.html
stromstad,stromstad,stromstad-startbidrag,Startbidrag,0,,,https://www.stromstad.se/upplevaochgora/foreningarforeningsliv/kulturochfritidsbidragtillforeningar.4.38084632163626cc4502b40c.html
stromsund,stromsund,stromsund-administrationsbidrag,Administrationsbidrag,0,,,https://www.stromsund.se/6906.html
stromsund,stromsund,stromsund-aktivitetsstod,Aktivitetsstöd,0,,,https://www.stromsund.se/6906.html
stromsund,stromsund,stromsund-arrangorsbidrag,Arrangörsbidrag,0,,,https://www.stromsund.se/977.html
stromsund,stromsund,stromsund-driftbidrag-samlingslokaler,Driftbidrag till samlingslokaler,0,,,https://www.stromsund.se/973.html
stromsund,stromsund,stromsund-ledarutbildningsbidrag,Ledarutbildningsbidrag,0,,,https://www.stromsund.se/6906.html
stromsund,stromsund,stromsund-lokalbidrag,Lokalbidrag,0,,,https://www.stromsund.se/6906.html
sunne,sunne,sunne-aktivitetsbidrag-lok-stod,Aktivitetsbidrag (LOK-stöd),0,,,https://www.sunne.se/kommun/uppleva-och-gora/foreningar-foreningsliv/bidrag-stod-och-stipendier/
sunne,sunne,sunne-anlaggningsbidrag,Anläggningsbidrag,0,,,https://www.sunne.se/kommun/uppleva-och-gora/foreningar-foreningsliv/bidrag-stod-och-stipendier/
sunne,sunne,sunne-byapeng,Byapeng,0,,,https://www.sunne.se/kommun/uppleva-och-gora/foreningar-foreningsliv/bidrag-stod-och-stipendier/byapeng/
sunne,sunne,sunne-ledarutbildningsbidrag,Ledarutbildningsbidrag,0,,,https://www.sunne.se/kommun/uppleva-och-gora/foreningar-foreningsliv/bidrag-stod-och-stipendier/
sunne,sunne,sunne-lonebidrag,Lönebidrag,0,,,https://www.sunne.se/kommun/uppleva-och-gora/foreningar-foreningsliv/bidrag-stod-och-stipendier/
sunne,sunne,sunne-sponsring,Sponsring,0,,,https://www.sunne.se/kommun/uppleva-och-gora/foreningar-foreningsliv/bidrag-stod-och-stipendier/
sunne,sunne,sunne-startbidrag,Startbidrag,0,,,https://www.sunne.se/kommun/uppleva-och-gora/foreningar-foreningsliv/bidrag-stod-och-stipendier/
sunne,sunne,sunne-arsbidrag,Årsbidrag,0,,,https://www.sunne.se/kommun/uppleva-och-gora/foreningar-foreningsliv/bidrag-stod-och-stipendier/
surahammar,surahammar,surahammar-aktivitetsbidrag,Aktivitetsbidrag,0,,,https://surahammar.se/kultur-fritid-och-turism/foreningar/foreningsbidrag.html
surahammar,surahammar,surahammar-arrangemangsbidrag-for-kulturforeningar,Arrangemangsbidrag för kulturföreningar,0,,,https://surahammar.se/kultur-fritid-och-turism/foreningar/foreningsbidrag.html
surahammar,surahammar,surahammar-grundbidrag,Grundbidrag,0,,,https://surahammar.se/kultur-fritid-och-turism/foreningar/foreningsbidrag.html
surahammar,surahammar,surahammar-medlemsbidrag,Medlemsbidrag,0,,,https://surahammar.se/kultur-fritid-och-turism/foreningar/foreningsbidrag.html
surahammar,surahammar,surahammar-projektbidrag-for-kulturforeningar,Projektbidrag för kulturföreningar,0,,,https://surahammar.se/kultur-fritid-och-turism/foreningar/foreningsbidrag.html
surahammar,surahammar,surahammar-verksamhetsbidrag-for-kulturforeningar,Verksamhetsbidrag för kulturföreningar,0,,,https://surahammar.se/kultur-fritid-och-turism/foreningar/foreningsbidrag.html
surahammar,surahammar,surahammar-ovrigt-verksamhetsbidrag,Övrigt verksamhetsbidrag,0,,,https://surahammar.se/kultur-fritid-och-turism/foreningar/foreningsbidrag.html
svalov,svalov,svalov-aktivitetsbidrag,Aktivitetsbidrag,0,,,https://www.svalov.se/uppleva--gora/foreningsservice
svalov,svalov,svalov-bidrag-till-civilsamhallesorganisationer-inom-socialnamndens-omrade,Bidrag till civilsamhällesorganisationer inom socialnämndens område,0,,,https://www.svalov.se/uppleva--gora/foreningsservice
svalov,svalov,svalov-lokal-och-anlaggningsbidrag,Lokal- och anläggningsbidrag,0,,,https://www.svalov.se/uppleva--gora/foreningsservice
svalov,svalov,svalov-projekt-och-arrangemangsbidrag,Projekt- och arrangemangsbidrag,0,,,https://www.svalov.se/uppleva--gora/foreningsservice
svalov,svalov,svalov-verksamhetsbidrag,Verksamhetsbidrag,0,,,https://www.svalov.se/uppleva--gora/foreningsservice
svalov,svalov,svalov-verksamhetsbidrag-till-studieforbund,Verksamhetsbidrag till studieförbund,0,,,https://www.svalov.se/uppleva--gora/foreningsservice
svedala,svedala,svedala-aktivitetsbidrag,Aktivitetsbidrag,0,,,https://www.svedala.se/uppleva/kultur-och-fritid/foreningar-foreningsliv/bidrag-och-stod-till-foreningar/
svedala,svedala,svedala-arrangemangsbidrag,Arrangemangsbidrag,0,,,https://www.svedala.se/uppleva/kultur-och-fritid/foreningar-foreningsliv/bidrag-och-stod-till-foreningar/
svedala,svedala,svedala-foreningsbidrag-vard-och-omsorg,Föreningsbidrag – vård och omsorg,0,,,https://www.svedala.se/uppleva/kultur-och-fritid/foreningar-foreningsliv/bidrag-och-stod-till-foreningar/
svedala,svedala,svedala-marknadsforingsbidrag,Marknadsföringsbidrag,0,,,https://www.svedala.se/uppleva/kultur-och-fritid/foreningar-foreningsliv/bidrag-och-stod-till-foreningar/
svedala,svedala,svedala-subventionerad-lokalhyra,Subventionerad lokalhyra,0,,,https://www.svedala.se/uppleva/kultur-och-fritid/foreningar-foreningsliv/bidrag-och-stod-till-foreningar/
svedala,svedala,svedala-uppdragsbidrag,Uppdragsbidrag,0,,,https://www.svedala.se/uppleva/kultur-och-fritid/foreningar-foreningsliv/bidrag-och-stod-till-foreningar/
svedala,svedala,svedala-uppstartsbidrag,Uppstartsbidrag,0,,,https://www.svedala.se/uppleva/kultur-och-fritid/foreningar-foreningsliv/bidrag-och-stod-till-foreningar/
svenljunga,svenljunga,svenljunga-anlaggningsbidrag,Anläggningsbidrag,0,,,https://www.svenljunga.se/uppleva--gora/foreningar-och-foreningsliv/foreningsbidrag
svenljunga,svenljunga,svenljunga-evenemangsbidrag,Evenemangsbidrag,0,,,https://www.svenljunga.se/uppleva--gora/foreningar-och-foreningsliv/foreningsbidrag
svenljunga,svenljunga,svenljunga-folkhalsobidrag,Folkhälsobidrag,0,,,https://www.svenljunga.se/uppleva--gora/foreningar-och-foreningsliv/foreningsbidrag
svenljunga,svenljunga,svenljunga-investeringsbidrag,Investeringsbidrag,0,,,https://www.svenljunga.se/uppleva--gora/foreningar-och-foreningsliv/foreningsbidrag
svenljunga,svenljunga,svenljunga-ledbidrag,Ledbidrag,0,,,https://www.svenljunga.se/uppleva--gora/foreningar-och-foreningsliv/foreningsbidrag
svenljunga,svenljunga,svenljunga-lokalbidrag,Lokalbidrag,0,,,https://www.svenljunga.se/uppleva--gora/foreningar-och-foreningsliv/foreningsbidrag
svenljunga,svenljunga,svenljunga-lovbidrag,Lovbidrag,0,,,https://www.svenljunga.se/uppleva--gora/foreningar-och-foreningsliv/foreningsbidrag
svenljunga,svenljunga,svenljunga-startbidrag,Startbidrag,0,,,https://www.svenljunga.se/uppleva--gora/foreningar-och-foreningsliv/foreningsbidrag
svenljunga,svenljunga,svenljunga-verksamhetsbidrag-byalag,Verksamhetsbidrag byalag,0,,,https://www.svenljunga.se/uppleva--gora/foreningar-och-foreningsliv/foreningsbidrag
svenljunga,svenljunga,svenljunga-verksamhetsbidrag-unga,Verksamhetsbidrag unga,0,,,https://www.svenljunga.se/uppleva--gora/foreningar-och-foreningsliv/foreningsbidrag
taby,taby,taby-verksamhetsbidrag-funktionshinderforening,Verksamhetsbidrag för funktionshinderförening,0,,,https://www.taby.se/uppleva-och-gora/foreningsliv/stod-och-bidrag-till-foreningar
tanum,tanum,tanum-bidrag-till-handikapp-och-pensionarsforeningar,Bidrag till handikapp- och pensionärsföreningar,0,,,https://www.tanum.se/upplevagora/foreningar/foreningsbidragochstod.4.7664b4813898b7df9843fa8.html
tanum,tanum,tanum-bidrag-till-studieforbund,Bidrag till studieförbund,0,,,https://www.tanum.se/upplevagora/foreningar/foreningsbidragochstod.4.7664b4813898b7df9843fa8.html
tanum,tanum,tanum-grundbidrag,Grundbidrag,0,,,https://www.tanum.se/upplevagora/foreningar/foreningsbidragochstod.4.7664b4813898b7df9843fa8.html
tanum,tanum,tanum-ledarutbildningsbidrag,Ledarutbildningsbidrag,0,,,https://www.tanum.se/upplevagora/foreningar/foreningsbidragochstod.4.7664b4813898b7df9843fa8.html
tanum,tanum,tanum-lokalt-aktivitetsstod,Lokalt aktivitetsstöd,0,,,https://www.tanum.se/upplevagora/foreningar/foreningsbidragochstod.4.7664b4813898b7df9843fa8.html
tanum,tanum,tanum-startbidrag,Startbidrag,0,,,https://www.tanum.se/upplevagora/foreningar/foreningsbidragochstod.4.7664b4813898b7df9843fa8.html
tanum,tanum,tanum-stod-for-arrangemang,Stöd för arrangemang,0,,,https://www.tanum.se/upplevagora/foreningar/foreningsbidragochstod.4.7664b4813898b7df9843fa8.html
tibro,tibro,tibro-driftskostnadsbidrag,Driftskostnadsbidrag,0,,,https://www.tibro.se/Kultur-fritid-och-idrott/forening/Bidrag/
tibro,tibro,tibro-hyreskostnadsbidrag,Hyreskostnadsbidrag,0,,,https://www.tibro.se/Kultur-fritid-och-idrott/forening/Bidrag/
tibro,tibro,tibro-kommunalt-lokalt-aktivitetsstod,Kommunalt lokalt aktivitetsstöd,0,,,https://www.tibro.se/Kultur-fritid-och-idrott/forening/Bidrag/
tibro,tibro,tibro-kulturaktivitet-och-evenemangsbidrag,Kulturaktivitet och evenemangsbidrag,0,,,https://www.tibro.se/Kultur-fritid-och-idrott/forening/Bidrag/
tibro,tibro,tibro-sarskilt-anlaggningsbidrag,Särskilt anläggningsbidrag,0,,,https://www.tibro.se/Kultur-fritid-och-idrott/forening/Bidrag/
tibro,tibro,tibro-tillaggsbidrag,Tilläggsbidrag,0,,,https://www.tibro.se/Kultur-fritid-och-idrott/forening/Bidrag/
tibro,tibro,tibro-verksamhetsbidrag-till-kulturforeningar,Verksamhetsbidrag till kulturföreningar,0,,,https://www.tibro.se/Kultur-fritid-och-idrott/forening/Bidrag/
tidaholm,tidaholm,tidaholm-anlaggningsbidrag,Anläggningsbidrag,0,,,https://www.tidaholm.se/upplevaochgora/foreningslivochbidrag/bidragstodochstipendier.1218.html
tidaholm,tidaholm,tidaholm-kulturbidrag,Kulturbidrag,0,,,https://www.tidaholm.se/upplevaochgora/foreningslivochbidrag/bidragstodochstipendier.1218.html
tidaholm,tidaholm,tidaholm-startbidrag,Startbidrag,0,,,https://www.tidaholm.se/upplevaochgora/foreningslivochbidrag/bidragstodochstipendier.1218.html
tidaholm,tidaholm,tidaholm-stod-till-lokal-utveckling,Stöd till lokal utveckling,0,,,https://www.tidaholm.se/upplevaochgora/foreningslivochbidrag/bidragstodochstipendier.1218.html
tidaholm,tidaholm,tidaholm-utvecklingsbidrag,Utvecklingsbidrag,0,,,https://www.tidaholm.se/upplevaochgora/foreningslivochbidrag/bidragstodochstipendier.1218.html
tidaholm,tidaholm,tidaholm-verksamhetsbidrag-aktivitetsstod,Verksamhetsbidrag (aktivitetsstöd),0,,,https://www.tidaholm.se/upplevaochgora/foreningslivochbidrag/bidragstodochstipendier.1218.html
tierp,tierp,tierp-aktivitetsbidrag-barn-unga,Aktivitetsbidrag barn och unga 4–25 år,0,,,https://www.tierp.se/tierp.se/kultur-fritid-och-friluftsliv/foreningar-och-studieforbund/foreningsbidrag.html
tierp,tierp,tierp-aktivitetsbidrag-funktionsnedsatta,Aktivitetsbidrag för föreningar för personer med funktionsnedsättning,0,,,https://www.tierp.se/tierp.se/kultur-fritid-och-friluftsliv/foreningar-och-studieforbund/foreningsbidrag.html
tierp,tierp,tierp-aktivitetsbidrag-pensionar,Aktivitetsbidrag pensionärsföreningar,0,,,https://www.tierp.se/tierp.se/kultur-fritid-och-friluftsliv/foreningar-och-studieforbund/foreningsbidrag.html
tierp,tierp,tierp-anlaggning,Anläggningsbidrag,0,,,https://www.tierp.se/tierp.se/kultur-fritid-och-friluftsliv/foreningar-och-studieforbund/foreningsbidrag.html
tierp,tierp,tierp-ledarutbildning,Bidrag för ledarutbildning,0,,,https://www.tierp.se/tierp.se/kultur-fritid-och-friluftsliv/foreningar-och-studieforbund/foreningsbidrag.html
tierp,tierp,tierp-lokalhyra,Bidrag för lokalhyra,0,,,https://www.tierp.se/tierp.se/kultur-fritid-och-friluftsliv/foreningar-och-studieforbund/foreningsbidrag.html
tierp,tierp,tierp-samlingslokaler,Bidrag för samlingslokaler,0,,,https://www.tierp.se/tierp.se/kultur-fritid-och-friluftsliv/foreningar-och-studieforbund/foreningsbidrag.html
tierp,tierp,tierp-scenkonst,Bidrag för scenkonst,0,,,https://www.tierp.se/tierp.se/kultur-fritid-och-friluftsliv/foreningar-och-studieforbund/foreningsbidrag.html
tierp,tierp,tierp-hembygdsgardar,Bidrag till hembygdsgårdar,0,,,https://www.tierp.se/tierp.se/kultur-fritid-och-friluftsliv/foreningar-och-studieforbund/foreningsbidrag.html
tierp,tierp,tierp-kulturarrangemang,Bidrag till kulturarrangemang,0,,,https://www.tierp.se/tierp.se/kultur-fritid-och-friluftsliv/foreningar-och-studieforbund/foreningsbidrag.html
tierp,tierp,tierp-investering,Investeringsbidrag,0,,,https://www.tierp.se/tierp.se/kultur-fritid-och-friluftsliv/foreningar-och-studieforbund/foreningsbidrag.html
tierp,tierp,tierp-riktat,Riktat bidrag,0,,,https://www.tierp.se/tierp.se/kultur-fritid-och-friluftsliv/foreningar-och-studieforbund/foreningsbidrag.html
tierp,tierp,tierp-verksamhetsbidrag-kultur,Verksamhetsbidrag för kulturföreningar,0,,,https://www.tierp.se/tierp.se/kultur-fritid-och-friluftsliv/foreningar-och-studieforbund/foreningsbidrag.html
tierp,tierp,tierp-ovrigt,Övrigt bidrag,0,,,https://www.tierp.se/tierp.se/kultur-fritid-och-friluftsliv/foreningar-och-studieforbund/foreningsbidrag.html
timra,timra,timra-aktivitetsbidrag-barn-och-ungdomsforeningar,Aktivitetsbidrag barn- och ungdomsföreningar,0,,,https://www.timra.se/upplevagora/foreningsliv/foreningsbidrag.4.714dad16d46439ef934f0.html
timra,timra,timra-bidrag-till-fritidsanlaggningar,Bidrag till fritidsanläggningar,0,,,https://www.timra.se/upplevagora/foreningsliv/foreningsbidrag.4.714dad16d46439ef934f0.html
timra,timra,timra-bidrag-till-foreningar-av-social-karaktar,Bidrag till föreningar av social karaktär,0,,,https://www.timra.se/upplevagora/foreningsliv/foreningsbidrag.4.714dad16d46439ef934f0.html
timra,timra,timra-bidrag-till-kulturarrangemang,Bidrag till kulturarrangemang,0,,,https://www.timra.se/upplevagora/foreningsliv/foreningsbidrag.4.714dad16d46439ef934f0.html
timra,timra,timra-bidrag-till-kulturforeningar,Bidrag till kulturföreningar,0,,,https://www.timra.se/upplevagora/foreningsliv/foreningsbidrag.4.714dad16d46439ef934f0.html
timra,timra,timra-bidrag-till-samlingslokaler,Bidrag till samlingslokaler,0,,,https://www.timra.se/upplevagora/foreningsliv/foreningsbidrag.4.714dad16d46439ef934f0.html
timra,timra,timra-bidrag-till-skotsel-av-lek-och-badplatser,Bidrag till skötsel av lek- och badplatser,0,,,https://www.timra.se/upplevagora/foreningsliv/foreningsbidrag.4.714dad16d46439ef934f0.html
timra,timra,timra-bidrag-till-studieforbund,Bidrag till studieförbund,0,,,https://www.timra.se/upplevagora/foreningsliv/foreningsbidrag.4.714dad16d46439ef934f0.html
timra,timra,timra-bidrag-till-sarskilda-insatser,Bidrag till särskilda insatser,0,,,https://www.timra.se/upplevagora/foreningsliv/foreningsbidrag.4.714dad16d46439ef934f0.html
timra,timra,timra-grundbidrag-barn-och-ungdomsforeningar,Grundbidrag barn- och ungdomsföreningar,0,,,https://www.timra.se/upplevagora/foreningsliv/foreningsbidrag.4.714dad16d46439ef934f0.html
tingsryd,tingsryd,tingsryd-evenemangsstod-mindre-arrangemang,Evenemangsstöd – mindre arrangemang,0,,,https://tingsryd.se/uppleva-och-gora/foreningar/stod-och-bidrag/
tingsryd,tingsryd,tingsryd-evenemangsstod-storre-arrangemang,Evenemangsstöd – större arrangemang,0,,,https://tingsryd.se/uppleva-och-gora/foreningar/stod-och-bidrag/
tingsryd,tingsryd,tingsryd-investeringsstod,Investeringsstöd,0,,,https://tingsryd.se/uppleva-och-gora/foreningar/stod-och-bidrag/
tingsryd,tingsryd,tingsryd-lovbidrag,Lovbidrag,0,,,https://tingsryd.se/uppleva-och-gora/foreningar/stod-och-bidrag/
tingsryd,tingsryd,tingsryd-utvecklingsstod,Utvecklingsstöd,0,,,https://tingsryd.se/uppleva-och-gora/foreningar/stod-och-bidrag/
tingsryd,tingsryd,tingsryd-verksamhetsstod,Verksamhetsstöd,0,,,https://tingsryd.se/uppleva-och-gora/foreningar/stod-och-bidrag/
tjorn,tjorn,tjorn-aktivitetsbidrag,Aktivitetsbidrag,0,,,https://www.tjorn.se/kultur-fritid-och-turism/stod-bidrag-och-stipendier
tjorn,tjorn,tjorn-arrangemangsbidrag,Arrangemangsbidrag,0,,,https://www.tjorn.se/kultur-fritid-och-turism/stod-bidrag-och-stipendier
tjorn,tjorn,tjorn-bygdegardsbidrag,Bygdegårdsbidrag,0,,,https://www.tjorn.se/kultur-fritid-och-turism/stod-bidrag-och-stipendier
tjorn,tjorn,tjorn-driftsbidrag,Driftsbidrag,0,,,https://www.tjorn.se/kultur-fritid-och-turism/stod-bidrag-och-stipendier
tjorn,tjorn,tjorn-kulturverksamhetsbidrag,Kulturverksamhetsbidrag,0,,,https://www.tjorn.se/kultur-fritid-och-turism/stod-bidrag-och-stipendier
tjorn,tjorn,tjorn-ledarutbildningsbidrag,Ledarutbildningsbidrag,0,,,https://www.tjorn.se/kultur-fritid-och-turism/stod-bidrag-och-stipendier
tjorn,tjorn,tjorn-projektbidrag,Projektbidrag,0,,,https://www.tjorn.se/kultur-fritid-och-turism/stod-bidrag-och-stipendier
tomelilla,tomelilla,tomelilla-foreningsbidrag-familjenamnden,Föreningsbidrag inom familjenämndens område,0,,,https://tomelilla.se/upplevaochgora/foreningsliv/stodtillforeningar/andratyperavforeningsstod.1110.html
tomelilla,tomelilla,tomelilla-forskoningsbidrag,Försköningsbidrag,0,,,https://tomelilla.se/upplevaochgora/foreningsliv/stodtillforeningar/andratyperavforeningsstod.1110.html
tomelilla,tomelilla,tomelilla-hyresstod,Hyresstöd,0,,,https://tomelilla.se/upplevaochgora/foreningsliv/stodtillforeningar/anlaggningsochlokalstodforforeningar.1094.html
tomelilla,tomelilla,tomelilla-lokalt-aktivitetsstod,Lokalt aktivitetsstöd,0,,,https://tomelilla.se/upplevaochgora/foreningsliv/stodtillforeningar/verksamhetsstodforforeningar.1093.html
tomelilla,tomelilla,tomelilla-investeringslan-eller-bidrag,Räntefritt lån eller bidrag till föreningsinvesteringar,0,,,https://tomelilla.se/upplevaochgora/foreningsliv/stodtillforeningar/andratyperavforeningsstod.1110.html
tomelilla,tomelilla,tomelilla-foreningsagda-anlaggningar,Stöd i föreningsägda anläggningar eller lokaler,0,,,https://tomelilla.se/upplevaochgora/foreningsliv/stodtillforeningar/anlaggningsochlokalstodforforeningar.1094.html
tomelilla,tomelilla,tomelilla-kommunagda-lokaler,Stöd i kommunägda eller kommunhyrda anläggningar och lokaler,0,,,https://tomelilla.se/upplevaochgora/foreningsliv/stodtillforeningar/anlaggningsochlokalstodforforeningar.1094.html
tomelilla,tomelilla,tomelilla-stod-kulturellt-vardefulla-byggnader,Stöd till kulturellt värdefulla byggnader,0,,,https://tomelilla.se/upplevaochgora/foreningsliv/stodtillforeningar/verksamhetsstodforforeningar.1093.html
toreboda,toreboda,toreboda-foreningsbidrag,Föreningsbidrag,0,,,https://toreboda.se/uppleva-och-gora/idrott-motion-och-friluftsliv/foreningsliv-och-foreningar/foreningsbidrag
torsas,torsas,torsas-foreningsbidrag,Föreningsbidrag,0,,,https://www.torsas.se/kultur-och-fritid/forenings-och-investeringsbidrag/
torsas,torsas,torsas-foreningsbidrag-inom-socialnamndens-omrade,Föreningsbidrag inom socialnämndens område,0,,,https://www.torsas.se/kultur-och-fritid/forenings-och-investeringsbidrag/foreningsbidrag/
torsas,torsas,torsas-investeringsbidrag-av-mindre-slag,Investeringsbidrag av mindre slag,0,,,https://www.torsas.se/kultur-och-fritid/forenings-och-investeringsbidrag/
torsas,torsas,torsas-kulturbidrag,Kulturbidrag,0,,,https://www.torsas.se/kultur-och-fritid/kultur/kulturbidrag/
torsby,torsby,torsby-aktivitetsbidrag,Aktivitetsbidrag,0,,,https://torsby.se/upplevagora/stodochhjalptillforeningar/foreningsbidragstodochstipendierforforeningar.4.7308326156ca7fa796bf201.html
torsby,torsby,torsby-bidrag-samlingslokaler,Bidrag till samlingslokaler,0,,,https://torsby.se/upplevagora/stodochhjalptillforeningar/foreningsbidragstodochstipendierforforeningar.4.7308326156ca7fa796bf201.html
torsby,torsby,torsby-forlustbidrag-kulturforeningar,Förlustbidrag till kulturföreningar,0,,,https://torsby.se/upplevagora/stodochhjalptillforeningar/foreningsbidragstodochstipendierforforeningar.4.7308326156ca7fa796bf201.html
torsby,torsby,torsby-landsbygdspotten,Landsbygdspotten,0,,,https://torsby.se/upplevagora/stodochhjalptillforeningar/foreningsbidragstodochstipendierforforeningar.4.7308326156ca7fa796bf201.html
torsby,torsby,torsby-ledarutbildningsbidrag,Ledarutbildningsbidrag,0,,,https://torsby.se/upplevagora/stodochhjalptillforeningar/foreningsbidragstodochstipendierforforeningar.4.7308326156ca7fa796bf201.html
torsby,torsby,torsby-lokal-och-anlaggningsbidrag,Lokal- och anläggningsbidrag,0,,,https://torsby.se/upplevagora/stodochhjalptillforeningar/foreningsbidragstodochstipendierforforeningar.4.7308326156ca7fa796bf201.html
torsby,torsby,torsby-startbidrag,Startbidrag,0,,,https://torsby.se/upplevagora/stodochhjalptillforeningar/foreningsbidragstodochstipendierforforeningar.4.7308326156ca7fa796bf201.html
tranemo,tranemo,tranemo-bidrag-till-funktionshinderforeningar,Bidrag till funktionshinderföreningar,0,,,https://tranemo.se/uppleva--gora/foreningsliv/bidrag
tranemo,tranemo,tranemo-bidrag-till-pensionarsforeningar,Bidrag till pensionärsföreningar,0,,,https://tranemo.se/uppleva--gora/foreningsliv/bidrag
tranemo,tranemo,tranemo-bidrag-till-rf-sisu,Bidrag till RF-SISU,0,,,https://tranemo.se/uppleva--gora/foreningsliv/bidrag
tranemo,tranemo,tranemo-bidrag-till-studieforbund,Bidrag till studieförbund,0,,,https://tranemo.se/uppleva--gora/foreningsliv/bidrag
tranemo,tranemo,tranemo-investerings-och-upprustningsbidrag,Investerings- och upprustningsbidrag,0,,,https://tranemo.se/uppleva--gora/foreningsliv/bidrag
tranemo,tranemo,tranemo-kommunstrategiskt-foreningsbidrag,Kommunstrategiskt föreningsbidrag,0,,,https://tranemo.se/uppleva--gora/foreningsliv/bidrag
tranemo,tranemo,tranemo-lokal-och-anlaggningsbidrag,Lokal- och anläggningsbidrag,0,,,https://tranemo.se/uppleva--gora/foreningsliv/bidrag
tranemo,tranemo,tranemo-utvecklingsbidrag,Utvecklingsbidrag,0,,,https://tranemo.se/uppleva--gora/foreningsliv/bidrag
tranemo,tranemo,tranemo-verksamhetsbidrag,Verksamhetsbidrag,0,,,https://tranemo.se/uppleva--gora/foreningsliv/bidrag
ulricehamn,ulricehamn,ulricehamn-aktivitetsstod,Aktivitetsstöd,0,,,https://www.ulricehamn.se/uppleva-och-gora/foreningar-och-foreningsliv/bidrag
ulricehamn,ulricehamn,ulricehamn-bidrag-till-funktionsrattsforeningar,Bidrag till funktionsrättsföreningar,0,,,https://www.ulricehamn.se/uppleva-och-gora/foreningar-och-foreningsliv/bidrag
ulricehamn,ulricehamn,ulricehamn-driftbidrag-till-allman-samlingslokal,Driftbidrag till allmän samlingslokal,0,,,https://www.ulricehamn.se/uppleva-och-gora/foreningar-och-foreningsliv/bidrag
ulricehamn,ulricehamn,ulricehamn-driftbidrag-till-ovriga-foreningsagda-anlaggningar,Driftbidrag till övriga föreningsägda anläggningar,0,,,https://www.ulricehamn.se/uppleva-och-gora/foreningar-och-foreningsliv/bidrag
ulricehamn,ulricehamn,ulricehamn-grundbidrag-till-pensionarsforeningar,Grundbidrag till pensionärsföreningar,0,,,https://www.ulricehamn.se/uppleva-och-gora/foreningar-och-foreningsliv/bidrag
ulricehamn,ulricehamn,ulricehamn-kostnadskravande-projekt,Kostnadskrävande projekt,0,,,https://www.ulricehamn.se/uppleva-och-gora/foreningar-och-foreningsliv/bidrag
ulricehamn,ulricehamn,ulricehamn-lokalbidrag,Lokalbidrag,0,,,https://www.ulricehamn.se/uppleva-och-gora/foreningar-och-foreningsliv/bidrag
ulricehamn,ulricehamn,ulricehamn-oforutsett-och-ovrigt,Oförutsett och övrigt,0,,,https://www.ulricehamn.se/uppleva-och-gora/foreningar-och-foreningsliv/bidrag
ulricehamn,ulricehamn,ulricehamn-startbidrag,Startbidrag,0,,,https://www.ulricehamn.se/uppleva-och-gora/foreningar-och-foreningsliv/bidrag
ulricehamn,ulricehamn,ulricehamn-stod-till-storre-projekt,Stöd till större projekt,0,,,https://www.ulricehamn.se/uppleva-och-gora/foreningar-och-foreningsliv/bidrag
umea,umea,umea-elitsponsring,Elitsponsring,0,,,https://www.umea.se/bidrag
umea,umea,umea-festivaler-arrangemang,Festivaler och kulturarrangemang (verksamhetsstöd),0,,,https://www.umea.se/bidrag
umea,umea,umea-folkhalsa-anlaggningar,Folkhälsa och anläggningar (utvecklingsstöd),0,,,https://www.umea.se/bidrag
umea,umea,umea-prioriterade-grupper,Fritidsaktivitet för prioriterade grupper (verksamhetsstöd),0,,,https://www.umea.se/bidrag
umea,umea,umea-gratis-lovaktiviteter,Gratis lovaktiviteter,0,,,https://www.umea.se/bidrag
umea,umea,umea-kulturnamnden-uvts,Kulturnämndens stöd – Umeå växer tryggt och säkert,0,,,https://www.umea.se/bidrag
umea,umea,umea-kulturpotten-minoriteter,Kulturpotten – nationella minoriteter,0,,,https://www.umea.se/bidrag
umea,umea,umea-rattigheter-samhallsnytta,Rättigheter och samhällsnytta (utvecklingsstöd),0,,,https://www.umea.se/bidrag
umea,umea,umea-skapande-skola,Skapande skola,0,,,https://www.umea.se/bidrag
umea,umea,umea-social-forebyggande,Social och förebyggande verksamhet (verksamhetsstöd),0,,,https://www.umea.se/bidrag
umea,umea,umea-anlaggningar-verksamhetsstod,Stöd till anläggningar (verksamhetsstöd),0,,,https://www.umea.se/bidrag
umea,umea,umea-uvts,Stöd till insatser för att Umeå ska växa tryggt och säkert (UVTS),0,,,https://www.umea.se/bidrag
umea,umea,umea-trygga-idrottsplatser,Trygga idrottsplatser (UVTS),0,,,https://www.umea.se/bidrag
umea,umea,umea-rattighetsfragor,Verksamhet för rättighetsfrågor (verksamhetsstöd),0,,,https://www.umea.se/bidrag
upplands-bro,upplands-bro,upplands-bro-socialnamnden,Föreningsbidrag från socialnämnden,0,,,https://www.upplands-bro.se/uppleva-och-gora/foreningar-och-foreningsliv/bidrag-och-stod-till-foreningar.html
upplands-bro,upplands-bro,upplands-bro-aldre-omsorg,Föreningsbidrag från äldre- och omsorgsnämnden,0,,,https://www.upplands-bro.se/uppleva-och-gora/foreningar-och-foreningsliv/bidrag-och-stod-till-foreningar.html
upplands-bro,upplands-bro,upplands-bro-uppdragsbidrag,Uppdragsbidrag,0,,,https://www.upplands-bro.se/uppleva-och-gora/foreningar-och-foreningsliv/bidrag-och-stod-till-foreningar.html
upplands-vasby,upplands-vasby,upplandsvasby-engangs-och-projektbidrag-ks,Engångsbidrag och projektbidrag (kommunstyrelsen),0,,,https://www.upplandsvasby.se/download/18.13568ed118a91dd06791214/1695895050521/riktlinjer-for-foreningsbidrag-for-organisationer-for-personer-med-funktionsnedsattning-samt-frivillig-och-intresseorganisationer.pdf
uppsala,uppsala,uppsala-samlingslokaler,Bidrag till allmänna samlingslokaler,0,,,https://www.uppsala.se/kultur-idrott-fritid/foreningar/bidrag/
uppsala,uppsala,uppsala-arbetsmarknadsinsatser,Bidrag till arbetsmarknadsinsatser,0,,,https://www.uppsala.se/kultur-idrott-fritid/foreningar/bidrag/
uppsala,uppsala,uppsala-kulturverksamhet,Bidrag till kulturverksamhet,0,,,https://www.uppsala.se/kultur-idrott-fritid/foreningar/bidrag/
uppsala,uppsala,uppsala-lokal-utveckling,Bidrag till lokal utveckling,0,,,https://www.uppsala.se/kultur-idrott-fritid/foreningar/bidrag/
uppsala,uppsala,uppsala-pensionarsforeningar,Bidrag till pensionärsföreningar,0,,,https://www.uppsala.se/kultur-idrott-fritid/foreningar/bidrag/bidrag-till-verksamhet-for-aldre/bidrag-till-pensionarsforeningar/
uppsala,uppsala,uppsala-representation,Bidrag till representation,0,,,https://www.uppsala.se/kultur-idrott-fritid/foreningar/bidrag/bidrag-till-representation/bidrag-till-representation/
uppsala,uppsala,uppsala-skadeforebyggande,Bidrag till skadeförebyggande arbete,0,,,https://www.uppsala.se/kultur-idrott-fritid/foreningar/bidrag/
uppsala,uppsala,uppsala-studieforbund,Bidrag till studieförbundsverksamhet,0,,,https://www.uppsala.se/kultur-idrott-fritid/foreningar/bidrag/
uppsala,uppsala,uppsala-funktionsnedsattning,Bidrag till verksamhet för personer med funktionsnedsättning,0,,,https://www.uppsala.se/kultur-idrott-fritid/foreningar/bidrag/
uppsala,uppsala,uppsala-oppen-fritidsverksamhet,Bidrag till öppen fritidsverksamhet för barn och unga,0,,,https://www.uppsala.se/kultur-idrott-fritid/foreningar/bidrag/
uppsala,uppsala,uppsala-idrott-fritid-verksamhet,Verksamhetsbidrag till idrotts- och fritidsföreningar,0,,,https://www.uppsala.se/kultur-idrott-fritid/foreningar/bidrag/
uppsala,uppsala,uppsala-sociala-insatser,Verksamhetsbidrag till sociala insatser,0,,,https://www.uppsala.se/kultur-idrott-fritid/foreningar/bidrag/bidrag-till-sociala-insatser/verksamhetsbidrag-till-sociala-insatser/
uppvidinge,uppvidinge,uppvidinge-aktivitetsstod,Aktivitetsstöd,0,,,https://minasidor.uppvidinge.se/oversikt/getflowform/732/530
uppvidinge,uppvidinge,uppvidinge-arrangemangsstod,Arrangemangsstöd,0,,,https://minasidor.uppvidinge.se/oversikt/getflowform/732/530
uppvidinge,uppvidinge,uppvidinge-driftsstod-samlingslokal,Driftsstöd till samlingslokal,0,,,https://minasidor.uppvidinge.se/oversikt/getflowform/732/530
vadstena,vadstena,vadstena-social-verksamhet,Bidrag till social verksamhet,0,,,https://www.vadstena.se/kultur-fritid/bidrag-till-kultur-och-fritid/att-soka-bidrag/
vadstena,vadstena,vadstena-studieforbund,Bidrag till studieförbund,0,,,https://www.vadstena.se/kultur-fritid/bidrag-till-kultur-och-fritid/att-soka-bidrag/
vadstena,vadstena,vadstena-drift,Driftsbidrag,0,,,https://www.vadstena.se/kultur-fritid/bidrag-till-kultur-och-fritid/att-soka-bidrag/
vadstena,vadstena,vadstena-grundbidrag,Grundbidrag,0,,,https://www.vadstena.se/kultur-fritid/bidrag-till-kultur-och-fritid/att-soka-bidrag/
vadstena,vadstena,vadstena-hyra,Hyresbidrag,0,,,https://www.vadstena.se/kultur-fritid/bidrag-till-kultur-och-fritid/att-soka-bidrag/
vadstena,vadstena,vadstena-utveckling-investering,Utvecklings- och investeringsbidrag,0,,,https://www.vadstena.se/kultur-fritid/bidrag-till-kultur-och-fritid/att-soka-bidrag/
vaggeryd,vaggeryd,vaggeryd-lokalt-aktivitetsstod,Kommunalt lokalt aktivitetsstöd,0,,,https://www.vaggeryd.se/uppleva-och-gora/foreningar-foreningsliv/foreningsbidrag.html
vaggeryd,vaggeryd,vaggeryd-medlemsbidrag,Medlemsbidrag,0,,,https://www.vaggeryd.se/uppleva-och-gora/foreningar-foreningsliv/foreningsbidrag.html
vaggeryd,vaggeryd,vaggeryd-utvecklingsbidrag,Utvecklingsbidrag,0,,,https://www.vaggeryd.se/uppleva-och-gora/foreningar-foreningsliv/foreningsbidrag.html
valdemarsvik,valdemarsvik,valdemarsvik-driftstod,Driftstöd,0,,,https://www.valdemarsvik.se/kommun/kultur-fritid/foreningsbidrag/
valdemarsvik,valdemarsvik,valdemarsvik-lokalstod,Lokalstöd,0,,,https://www.valdemarsvik.se/kommun/kultur-fritid/foreningsbidrag/
valdemarsvik,valdemarsvik,valdemarsvik-aktivitetsstod,Lokalt aktivitetsstöd,0,,,https://www.valdemarsvik.se/kommun/kultur-fritid/foreningsbidrag/
vannas,vannas,vannas-ungdomsstiftelse,Bidrag från Östen Berglunds ungdomsstiftelse,0,,,https://vannas.se/kultur-och-fritid/foreningsliv-och-foreningar/stod-bidrag-och-stipendium
vannas,vannas,vannas-drift-lokal,Drift- och lokalbidrag,0,,,https://vannas.se/kultur-och-fritid/foreningsliv-och-foreningar/stod-bidrag-och-stipendium
vannas,vannas,vannas-kulturarrangemang,Kulturarrangemangsbidrag,0,,,https://vannas.se/kultur-och-fritid/foreningsliv-och-foreningar/stod-bidrag-och-stipendium
vannas,vannas,vannas-ledarutbildning,Ledarutbildningsbidrag,0,,,https://vannas.se/kultur-och-fritid/foreningsliv-och-foreningar/stod-bidrag-och-stipendium
vannas,vannas,vannas-utveckling,Utvecklingsbidrag,0,,,https://vannas.se/kultur-och-fritid/foreningsliv-och-foreningar/stod-bidrag-och-stipendium
vansbro,vansbro,vansbro-administrationsbidrag,Administrationsbidrag,0,,,https://www.vansbro.se/uppleva-och-gora/foreningar/foreningsbidrag.html
vansbro,vansbro,vansbro-aktivitetsbidrag-fysisk-aktivitet,Aktivitetsbidrag fysisk aktivitet,0,,,https://www.vansbro.se/uppleva-och-gora/foreningar/foreningsbidrag.html
vansbro,vansbro,vansbro-driftsbidrag,Driftsbidrag,0,,,https://www.vansbro.se/uppleva-och-gora/foreningar/foreningsbidrag.html
vansbro,vansbro,vansbro-kulturarrangemangsbidrag,Kulturarrangemangsbidrag,0,,,https://www.vansbro.se/uppleva-och-gora/foreningar/foreningsbidrag.html
vara,vara,vara-bidrag-till-lokalhyra-for-pensionarsforeningar,Bidrag till lokalhyra för pensionärsföreningar,0,,,https://vara.se/upplevaochgora/foreningar.818.html
vara,vara,vara-bidrag-till-studieforbund,Bidrag till studieförbund,0,,,https://vara.se/upplevaochgora/foreningar.818.html
vara,vara,vara-foreningsvandring,Föreningsvandring,0,,,https://vara.se/upplevaochgora/foreningar.818.html
vara,vara,vara-stod-till-foreningslivet,Stöd till föreningslivet,0,,,https://vara.se/upplevaochgora/foreningar.818.html
vara,vara,vara-verksamhetsbidrag-till-organisationer,Verksamhetsbidrag till organisationer,0,,,https://vara.se/kommunochpolitik/varorganisationochverksamhet/planerochstyrandedokument/bidrag/reglerforverksamhetsbidragtillorganisationer.1947.html
vargarda,vargarda,vargarda-bidrag-till-lovaktiviteter,Bidrag till lovaktiviteter,0,,,https://www.vargarda.se/fritid-natur-och-kultur/foreningar-och-foreningsliv/foreningsbidrag.html
vargarda,vargarda,vargarda-driftstod-till-lokaler-och-anlaggningar,Driftstöd till lokaler och anläggningar,0,,,https://www.vargarda.se/fritid-natur-och-kultur/foreningar-och-foreningsliv/foreningsbidrag.html
vargarda,vargarda,vargarda-evenemangs-och-projektbidrag,Evenemangs- och projektbidrag,0,,,https://www.vargarda.se/fritid-natur-och-kultur/foreningar-och-foreningsliv/foreningsbidrag.html
vargarda,vargarda,vargarda-investeringsbidrag,Investeringsbidrag,0,,,https://www.vargarda.se/fritid-natur-och-kultur/foreningar-och-foreningsliv/foreningsbidrag.html
vargarda,vargarda,vargarda-kommunalt-lokalt-aktivitetsstod,Kommunalt lokalt aktivitetsstöd,0,,,https://www.vargarda.se/fritid-natur-och-kultur/foreningar-och-foreningsliv/foreningsbidrag.html
vargarda,vargarda,vargarda-kulturverksamhet-och-ovriga-organisationer,Kulturverksamhet och övriga organisationer,0,,,https://www.vargarda.se/fritid-natur-och-kultur/foreningar-och-foreningsliv/foreningsbidrag.html
vargarda,vargarda,vargarda-medlemsbidrag,Medlemsbidrag,0,,,https://www.vargarda.se/fritid-natur-och-kultur/foreningar-och-foreningsliv/foreningsbidrag.html
vargarda,vargarda,vargarda-pensionarsverksamhet,Pensionärsverksamhet,0,,,https://www.vargarda.se/fritid-natur-och-kultur/foreningar-och-foreningsliv/foreningsbidrag.html
vargarda,vargarda,vargarda-startbidrag,Startbidrag,0,,,https://www.vargarda.se/fritid-natur-och-kultur/foreningar-och-foreningsliv/foreningsbidrag.html
varnamo,varnamo,varnamo-aktivitetsbidrag,Aktivitetsbidrag,0,,,https://kommun.varnamo.se/kultur-och-fritid/foreningar-och-foreningsliv/bidrag-och-stod-till-foreningar.html
varnamo,varnamo,varnamo-foreningsvandring,Bidrag för föreningsvandring,0,,,https://kommun.varnamo.se/kultur-och-fritid/foreningar-och-foreningsliv/bidrag-och-stod-till-foreningar.html
varnamo,varnamo,varnamo-integrationsprojekt,Bidrag till integrationsfrämjande projekt,0,,,https://kommun.varnamo.se/kultur-och-fritid/foreningar-och-foreningsliv/bidrag-och-stod-till-foreningar.html
varnamo,varnamo,varnamo-grundbidrag-unga,Grundbidrag – barn- och ungdomsverksamhet,0,,,https://kommun.varnamo.se/kultur-och-fritid/foreningar-och-foreningsliv/bidrag-och-stod-till-foreningar.html
varnamo,varnamo,varnamo-grundbidrag-ovriga,"Grundbidrag – funktionsrätt, pensionär och samhällsnytta",0,,,https://kommun.varnamo.se/kultur-och-fritid/foreningar-och-foreningsliv/bidrag-och-stod-till-foreningar.html
varnamo,varnamo,varnamo-lokal-anlaggningsbidrag,Lokal- och anläggningsbidrag,0,,,https://kommun.varnamo.se/kultur-och-fritid/foreningar-och-foreningsliv/bidrag-och-stod-till-foreningar.html
varnamo,varnamo,varnamo-arsbidrag-kultur,Årsbidrag till kultur- och hembygdsföreningar,0,,,https://kommun.varnamo.se/kultur-och-fritid/foreningar-och-foreningsliv/bidrag-och-stod-till-foreningar.html
vasteras,vasteras,vasteras-fritidskortet,Fritidskortet,0,,,https://www.vasteras.se/uppleva-och-gora/foreningar-foreningsliv/bidrag-ekonomiskt-stod-till-foreningar.html
vasteras,vasteras,vasteras-lovaktiviteter,Stöd till avgiftsfria lovaktiviteter,0,,,https://www.vasteras.se/uppleva-och-gora/foreningar-foreningsliv/bidrag-ekonomiskt-stod-till-foreningar.html
vasteras,vasteras,vasteras-try-it-nara,TRY IT nära,0,,,https://www.vasteras.se/uppleva-och-gora/foreningar-foreningsliv/bidrag-ekonomiskt-stod-till-foreningar.html
vellinge,vellinge,vellinge-lovaktiviteter,Extra stöd till nya lovaktiviteter,0,,,https://vellinge.se/sjalvservice/fritid-och-kultur/bidrag-ungdomsverksamhet/
vellinge,vellinge,vellinge-social-verksamhet,Föreningsbidrag för social verksamhet,0,,,https://vellinge.se/sjalvservice/fritid-och-kultur/bidrag-social-verksamhet/
vellinge,vellinge,vellinge-ungdomsverksamhet,Föreningsbidrag för ungdomsverksamhet,0,,,https://vellinge.se/sjalvservice/fritid-och-kultur/bidrag-ungdomsverksamhet/
vellinge,vellinge,vellinge-kulturstipendium,Kulturstipendium,0,,,https://vellinge.se/naringsliv-och-jobb/foreningar/bidrag-stod-och-stipendier-for-foreningar
vellinge,vellinge,vellinge-stipendium-ledare-idrottsutovare,Stipendium för föreningsledare och idrottsutövare,0,,,https://vellinge.se/naringsliv-och-jobb/foreningar/bidrag-stod-och-stipendier-for-foreningar
vilhelmina,vilhelmina,vilhelmina-bygdemedel,Bygdemedel,0,,,https://www.vilhelmina.se/nyheter/sok-bygdemedel-for-2026/
vilhelmina,vilhelmina,vilhelmina-lokalt-aktivitetsstod,Kommunalt lokalt aktivitetsstöd,0,,,https://sjalvservice.vilhelmina.se/oversikt/overview/286
vilhelmina,vilhelmina,vilhelmina-kulturellt-verksamhetsstod,Kulturellt verksamhetsstöd,0,,,https://www.vilhelmina.se/uppleva-och-gora/vilhelminas-foreningsliv/kommunens-foreningsstod/
vimmerby,vimmerby,vimmerby-anlaggningsstod,Anläggningsstöd,0,,,https://www.vimmerby.se/uppleva-och-gora/foreningar-foreningsliv/foreningsstod
vimmerby,vimmerby,vimmerby-bidrag-till-foraldraforeningar,Bidrag till föräldraföreningar,0,,,https://www.vimmerby.se/uppleva-och-gora/foreningar-foreningsliv/foreningsstod
vimmerby,vimmerby,vimmerby-bidrag-till-studieforbund,Bidrag till studieförbund,0,,,https://www.vimmerby.se/uppleva-och-gora/foreningar-foreningsliv/foreningsstod
vimmerby,vimmerby,vimmerby-driftsstod-for-lokalagande-foreningar,Driftsstöd för lokalägande föreningar,0,,,https://www.vimmerby.se/uppleva-och-gora/foreningar-foreningsliv/foreningsstod
vimmerby,vimmerby,vimmerby-grundstod,Grundstöd,0,,,https://www.vimmerby.se/uppleva-och-gora/foreningar-foreningsliv/foreningsstod
vimmerby,vimmerby,vimmerby-investeringsstod,Investeringsstöd,0,,,https://www.vimmerby.se/uppleva-och-gora/foreningar-foreningsliv/foreningsstod
vimmerby,vimmerby,vimmerby-kommunalt-lok-stod,Kommunalt LOK-stöd,0,,,https://www.vimmerby.se/uppleva-och-gora/foreningar-foreningsliv/foreningsstod
vimmerby,vimmerby,vimmerby-lokalstod,Lokalstöd,0,,,https://www.vimmerby.se/uppleva-och-gora/foreningar-foreningsliv/foreningsstod
vimmerby,vimmerby,vimmerby-utvecklingsstod,Utvecklingsstöd,0,,,https://www.vimmerby.se/uppleva-och-gora/foreningar-foreningsliv/foreningsstod
vindeln,vindeln,vindeln-anlaggningsbidrag,Anläggningsbidrag,0,,,https://vindeln.se/uppleva-och-gora/foreningar/foreningsbidrag
vindeln,vindeln,vindeln-samlingslokaler,Bidrag för samlingslokaler,0,,,https://vindeln.se/uppleva-och-gora/foreningar/foreningsbidrag
vindeln,vindeln,vindeln-lonebidrag,Bidrag till lönebidragstjänst,0,,,https://vindeln.se/uppleva-och-gora/foreningar/foreningsbidrag
vindeln,vindeln,vindeln-minoriteter,Bidrag till nationella minoriteter och samer,0,,,https://vindeln.se/uppleva-och-gora/foreningar/foreningsbidrag
vindeln,vindeln,vindeln-studieforbund,Bidrag till studieförbund,0,,,https://vindeln.se/uppleva-och-gora/foreningar/foreningsbidrag
vindeln,vindeln,vindeln-ungdomsledarutbildning,Bidrag till ungdomsledarutbildning,0,,,https://vindeln.se/uppleva-och-gora/foreningar/foreningsbidrag
vindeln,vindeln,vindeln-kulturbidrag,Kulturbidrag,0,,,https://vindeln.se/uppleva-och-gora/foreningar/foreningsbidrag
vindeln,vindeln,vindeln-aktivitetsstod,Lokalt aktivitetsstöd,0,,,https://vindeln.se/uppleva-och-gora/foreningar/foreningsbidrag
vindeln,vindeln,vindeln-snabbkultur,Snabbkulturbidrag,0,,,https://vindeln.se/uppleva-och-gora/foreningar/foreningsbidrag
vingaker,vingaker,vingaker-aktivitetsstod,Aktivitetsstöd,0,,,https://vingaker.se/kultur--fritid/foreningsliv
vingaker,vingaker,vingaker-driftbidrag,Driftbidrag,0,,,https://vingaker.se/kultur--fritid/foreningsliv
vingaker,vingaker,vingaker-hyresbidrag,Hyresbidrag,0,,,https://vingaker.se/kultur--fritid/foreningsliv
vingaker,vingaker,vingaker-investeringsbidrag,Investeringsbidrag,0,,,https://vingaker.se/kultur--fritid/foreningsliv
vingaker,vingaker,vingaker-sponsring,Sponsring,0,,,https://vingaker.se/kultur--fritid/foreningsliv
vingaker,vingaker,vingaker-studieforbund,Stöd till studieförbund,0,,,https://vingaker.se/kultur--fritid/foreningsliv
ydre,ydre,ydre-arrangemangsbidrag,Arrangemangsbidrag,0,,,https://www.ydre.se/ydre-kommun/kultur-och-fritid/foreningar-och-foreningsbidrag/bidragsregler
ydre,ydre,ydre-snabba-cash,Snabba Cash – kultur- och fritidsbidrag för unga,0,,,https://www.ydre.se/ydre-kommun/kultur-och-fritid/foreningar-och-foreningsbidrag/bidragsregler
alvkarleby,alvkarleby,alvkarleby-foreningsstod,Föreningsstöd,1,,,https://www.alvkarleby.se/uppleva-och-gora/kultur/bidrag-stod-och-stipendier.html
angelholm,angelholm,angelholm-idrottspriset-profil,Idrottspriset — Årets idrottsprofil,1,,,https://www.engelholm.se/uppleva-och-gora/bidrag-sponsring-och-priser/priser-och-nomineringar.html
arboga,arboga,arboga-arrangorsbidrag,Arrangörsbidrag,1,,,https://arboga.se/uppleva-och-gora/foreningar-anlaggningar-och-lokaler/soka-foreningsbidrag.html
arboga,arboga,arboga-driftbidrag,Driftbidrag,1,,,https://arboga.se/uppleva-och-gora/foreningar-anlaggningar-och-lokaler/soka-foreningsbidrag.html
arboga,arboga,arboga-trivselbidrag,Trivselbidrag,1,,,https://arboga.se/uppleva-och-gora/foreningar-anlaggningar-och-lokaler/soka-foreningsbidrag.html
arjeplog,arjeplog,arjeplog-kulturkraft,Kulturkraft,1,,,https://arjeplog.se/foretag-forening-och-naringsliv/stod-och-bidrag-for-kultur-utveckling-och-folkhalsa/
askersund,askersund,askersund-aktivitetsbidrag,Aktivitetsbidrag,1,,,https://www.askersund.se/uppleva--gora/foreningar-foreningsliv/bidrag-och-stod-till-civilsamhallet
askersund,askersund,askersund-motesplatser-ungdom,Barns och ungas mötesplatser,1,,,https://www.askersund.se/uppleva--gora/foreningar-foreningsliv/bidrag-och-stod-till-civilsamhallet
askersund,askersund,askersund-pensionarforeningar,Bidrag till pensionärföreningar,1,,,https://www.askersund.se/uppleva--gora/foreningar-foreningsliv/bidrag-och-stod-till-civilsamhallet
askersund,askersund,askersund-lovbidrag,Lovbidrag,1,,,https://www.askersund.se/uppleva--gora/foreningar-foreningsliv/bidrag-och-stod-till-civilsamhallet
askersund,askersund,askersund-nattvandring,Nattvandring,1,,,https://www.askersund.se/uppleva--gora/foreningar-foreningsliv/bidrag-och-stod-till-civilsamhallet
askersund,askersund,askersund-samlingslokal,Samlingslokal,1,,,https://www.askersund.se/uppleva--gora/foreningar-foreningsliv/bidrag-och-stod-till-civilsamhallet
askersund,askersund,askersund-sociala-foreningar,Sociala föreningar,1,,,https://www.askersund.se/uppleva--gora/foreningar-foreningsliv/bidrag-och-stod-till-civilsamhallet
askersund,askersund,askersund-sommarlovsbidrag,Sommarlovsbidrag,1,,,https://www.askersund.se/uppleva--gora/foreningar-foreningsliv/bidrag-och-stod-till-civilsamhallet
avesta,avesta,avesta-kultur-fritidsbidrag,Kultur- och fritidsbidrag,1,,,https://avesta.se/gora-och-uppleva/foreningsliv-och-lokaler/foreningsbidrag/
avesta,avesta,avesta-kulturbidrag,Kulturbidrag,1,,,https://avesta.se/gora-och-uppleva/foreningsliv-och-lokaler/foreningsbidrag/
bastad,bastad,bastad-arrangemangsbidrag,Arrangemangsbidrag,1,,,https://www.bastad.se/uppleva-och-gora/kultur/stod-bidrag-och-stipendium.html
bastad,bastad,bastad-barn-ungdomsforeningar,Bidrag till barn- och ungdomsföreningar,1,,,https://www.bastad.se/uppleva-och-gora/foreningar-och-foreningsliv/bidrag-och-stod.html
bastad,bastad,bastad-funktionsratt-foreningar,Bidrag till föreningar för funktionshindrade,1,,,https://www.bastad.se/uppleva-och-gora/foreningar-och-foreningsliv/bidrag-och-stod.html
bastad,bastad,bastad-kulturforeningar,Bidrag till kulturföreningar,1,,,https://www.bastad.se/uppleva-och-gora/foreningar-och-foreningsliv/bidrag-och-stod.html
bastad,bastad,bastad-pensionarforeningar,Bidrag till pensionärsföreningar,1,,,https://www.bastad.se/uppleva-och-gora/foreningar-och-foreningsliv/bidrag-och-stod.html
bengtsfors,bengtsfors,bengtsfors-samlingslokaler,Bidrag till allmänna samlingslokaler,1,,,https://www.bengtsfors.se/uppleva-och-gora/foreningar-och-foreningsliv/bidrag
bengtsfors,bengtsfors,bengtsfors-ledarutbildning,Ledarutbildningsbidrag,1,,,https://www.bengtsfors.se/uppleva-och-gora/foreningar-och-foreningsliv/bidrag
bjuv,bjuv,bjuv-lokalbidrag,Lokalbidrag,1,,,https://www.bjuv.se/kultur-och-fritid/foreningar.html
bjuv,bjuv,bjuv-uppdragsbidrag,Uppdragsbidrag,1,,,https://www.bjuv.se/kultur-och-fritid/foreningar.html
bjuv,bjuv,bjuv-utbildningsbidrag-allmant,Utbildningsbidrag allmänt,1,,,https://www.bjuv.se/kultur-och-fritid/foreningar.html
bjuv,bjuv,bjuv-utvecklingsbidrag,Utvecklingsbidrag,1,,,https://www.bjuv.se/kultur-och-fritid/foreningar/stod-till-foreningar/ungdomsforening.html
boden,boden,boden-forlustgarantiuppdrag,Förlustgarantiuppdrag,1,,,https://boden.se/steg-for-steg-guider/ansok-om-foreningsstod
boras,boras,boras-arrangorsbidrag,Arrangörsbidrag,1,,,https://www.boras.se/upplevaochgora/foreningslivochbidrag/bidragochstod/foreningsbidrag.4.3cc917c815870110c12a3102.html
borgholm,borgholm,borgholm-samlingslokaler,Bidrag till föreningsägda samlingslokaler,1,,,https://www.borgholm.se/foreningsbidrag/
borgholm,borgholm,borgholm-studieforbund,Bidrag till studieförbund,1,,,https://www.borgholm.se/foreningsbidrag/
borgholm,borgholm,borgholm-sociala-foreningar,Föreningsbidrag till sociala föreningar,1,,,https://www.borgholm.se/foreningsbidrag/
borgholm,borgholm,borgholm-lokalt-aktivitetsstod,Kommunalt lokalt aktivitetsstöd,1,,,https://www.borgholm.se/foreningsbidrag/
borgholm,borgholm,borgholm-projektbidrag,Projektbidrag,1,,,https://www.borgholm.se/foreningsbidrag/
borgholm,borgholm,borgholm-kultur-verksamhetsbidrag,Verksamhetsbidrag till kulturföreningar,1,,,https://www.borgholm.se/foreningsbidrag/
borgholm,borgholm,borgholm-vagbidrag,Vägbidrag,1,,,https://www.borgholm.se/foreningsbidrag/
botkyrka,botkyrka,botkyrka-aktivitetsbidrag-idrott-scout,Aktivitetsbidrag för idrottsföreningar och scoutkårer,1,,,https://www.botkyrka.se/uppleva-och-gora/foreningar-och-studieforbund/bidrag-till-foreningar
botkyrka,botkyrka,botkyrka-aktivitetsbidrag-senior,Aktivitetsbidrag för seniorverksamhet,1,,,https://www.botkyrka.se/uppleva-och-gora/foreningar-och-studieforbund/bidrag-till-foreningar
botkyrka,botkyrka,botkyrka-aktivitetsbidrag-ovriga,Aktivitetsbidrag för övriga föreningar,1,,,https://www.botkyrka.se/uppleva-och-gora/foreningar-och-studieforbund/bidrag-till-foreningar
botkyrka,botkyrka,botkyrka-anlaggningsbidrag,Anläggningsbidrag,1,,,https://www.botkyrka.se/uppleva-och-gora/foreningar-och-studieforbund/bidrag-till-foreningar
botkyrka,botkyrka,botkyrka-social-verksamhet,Bidrag för föreningar som bedriver social verksamhet,1,,,https://www.botkyrka.se/uppleva-och-gora/foreningar-och-studieforbund/bidrag-till-foreningar
botkyrka,botkyrka,botkyrka-funktionsratt,Bidrag till funktionsrättsföreningar,1,,,https://www.botkyrka.se/uppleva-och-gora/foreningar-och-studieforbund/bidrag-till-foreningar
botkyrka,botkyrka,botkyrka-kulturell-verksamhet,Bidrag till kulturell verksamhet,1,,,https://www.botkyrka.se/uppleva-och-gora/foreningar-och-studieforbund/bidrag-till-foreningar
botkyrka,botkyrka,botkyrka-spontanidrott,Bidrag till organiserad spontanidrott,1,,,https://www.botkyrka.se/uppleva-och-gora/foreningar-och-studieforbund/bidrag-till-foreningar
botkyrka,botkyrka,botkyrka-lokalbidrag-senior,Lokalbidrag för seniorföreningar,1,,,https://www.botkyrka.se/uppleva-och-gora/foreningar-och-studieforbund/bidrag-till-foreningar
botkyrka,botkyrka,botkyrka-lokalbidrag-ovriga,Lokalbidrag för övriga föreningar,1,,,https://www.botkyrka.se/uppleva-och-gora/foreningar-och-studieforbund/bidrag-till-foreningar
botkyrka,botkyrka,botkyrka-sommarlovsaktiviteter,Stöd till sommarlovsaktiviteter,1,,,https://www.botkyrka.se/uppleva-och-gora/foreningar-och-studieforbund/bidrag-till-foreningar
bromolla,bromolla,bromolla-hogtidsfirande,Bidrag till högtidsfirande,1,,,https://www.bromolla.se/uppleva-och-gora/foreningar/foreningsbidrag-och-stipendier/
bromolla,bromolla,bromolla-investeringsbidrag,Investeringsbidrag,1,,,https://www.bromolla.se/uppleva-och-gora/foreningar/foreningsbidrag-och-stipendier/
bromolla,bromolla,bromolla-strategiskt-utvecklingsbidrag,Strategiskt utvecklingsbidrag,1,,,https://www.bromolla.se/uppleva-och-gora/foreningar/foreningsbidrag-och-stipendier/
danderyd,danderyd,danderyd-lokalbidrag-tennis,Lokalbidrag för tennisföreningar,1,,,https://www.danderyd.se/globalassets/globala-filer/kommun-och-politik/ovriga-styrdokument-ny/styrande-dokument---kultur-och-fritid/regler-for-foreningsbidrag---galler-fr.o.m.-2025-01-01.pdf
eda,eda,eda-lokalhallande,Bidrag till föreningar med lokalhållande verksamhet,1,,,https://eda.se/f%C3%B6reningar-f%C3%B6reningsliv/bidrag-st%C3%B6d--och-stipendier__2774
eda,eda,eda-barn-ungdom,Bidrag till föreningar med verksamhet för barn och ungdomar,1,,,https://eda.se/f%C3%B6reningar-f%C3%B6reningsliv/bidrag-st%C3%B6d--och-stipendier__2774
eda,eda,eda-pensionarer,Bidrag till föreningar med verksamhet för pensionärer,1,,,https://eda.se/f%C3%B6reningar-f%C3%B6reningsliv/bidrag-st%C3%B6d--och-stipendier__2774
eda,eda,eda-studieorganisationer,Bidrag till studieorganisationer,1,,,https://eda.se/f%C3%B6reningar-f%C3%B6reningsliv/bidrag-st%C3%B6d--och-stipendier__2774
eda,eda,eda-ovriga-foreningar,Bidrag till övriga föreningar,1,,,https://eda.se/f%C3%B6reningar-f%C3%B6reningsliv/bidrag-st%C3%B6d--och-stipendier__2774
emmaboda,emmaboda,emmaboda-funktionsnedsattning,Bidrag till funktionshinderorganisationer,1,,,https://www.emmaboda.se/uppleva--gora/gora/kultur/bidrag--stod/foreningsbidrag.html
emmaboda,emmaboda,emmaboda-kulturforeningar,Bidrag till kulturföreningar,1,,,https://www.emmaboda.se/uppleva--gora/gora/kultur/bidrag--stod/foreningsbidrag.html
emmaboda,emmaboda,emmaboda-pensionarer,Bidrag till pensionärsföreningar,1,,,https://www.emmaboda.se/uppleva--gora/gora/kultur/bidrag--stod/foreningsbidrag.html
emmaboda,emmaboda,emmaboda-investeringsbidrag,Investeringsbidrag,1,,,https://www.emmaboda.se/uppleva--gora/gora/kultur/bidrag--stod/foreningsbidrag.html
emmaboda,emmaboda,emmaboda-kartbidrag,Kartbidrag,1,,,https://www.emmaboda.se/uppleva--gora/gora/kultur/bidrag--stod/foreningsbidrag.html
eskilstuna,eskilstuna,eskilstuna-investeringsbidrag,Investeringsbidrag (större/mindre),1,,,https://www.eskilstuna.se/kultur-och-fritid/foreningsliv-och-bidrag/soka-bidrag
eskilstuna,eskilstuna,eskilstuna-lovstod,Lovstöd,1,,,https://www.eskilstuna.se/kultur-och-fritid/foreningsliv-och-bidrag/soka-bidrag
eskilstuna,eskilstuna,eskilstuna-projektstod-kultur,Projektstöd till fria kulturutövare,1,,,https://www.eskilstuna.se/kultur-och-fritid/foreningsliv-och-bidrag/soka-bidrag
eskilstuna,eskilstuna,eskilstuna-verksamhetsbidrag-barn-unga,Verksamhetsbidrag för barn och unga samt personer med funktionsnedsättning,1,,,https://www.eskilstuna.se/kultur-och-fritid/foreningsliv-och-bidrag/soka-bidrag
eskilstuna,eskilstuna,eskilstuna-verksamhetsbidrag-samhallsnytta,Verksamhetsbidrag för särskild samhällsnytta och parasport,1,,,https://www.eskilstuna.se/kultur-och-fritid/foreningsliv-och-bidrag/soka-bidrag
eslov,eslov,eslov-studieforbund,Bidrag till studieförbund,1,,,https://eslov.se/kommun-politik/kommunfakta/regler-och-styrande-dokument/bidragsnormer/
eslov,eslov,eslov-enskild-vag,Kommunalt bidrag till enskild väghållning,1,,,https://eslov.se/kommun-politik/kommunfakta/regler-och-styrande-dokument/bidragsnormer/
eslov,eslov,eslov-snabbstod,Snabbstöd,1,,,https://eslov.se/uppleva-gora/foreningar-och-studieforbund/bidrag-stod-och-stipendier/
eslov,eslov,eslov-idrott-fritid,Stöd inom idrott och fritid,1,,,https://eslov.se/uppleva-gora/foreningar-och-studieforbund/bidrag-stod-och-stipendier/
fagersta,fagersta,fagersta-grundbidrag,Grundbidrag till pensionärs- och funktionsrättsföreningar,1,,,https://fagersta.se/uppleva--gora/foreningsinformation/bidrag-och-stod
falkenberg,falkenberg,falkenberg-samfallighet-inom-detaljplan,Bidrag till samfällighetsföreningar inom detaljplan,1,,,https://kommun.falkenberg.se/gator-och-trafik/gator-och-vagar/vagsamfalligheter-och-vagforeningar
falkenberg,falkenberg,falkenberg-samfallighet-utom-detaljplan,Bidrag till samfällighetsföreningar utanför detaljplan,1,,,https://kommun.falkenberg.se/gator-och-trafik/gator-och-vagar/vagsamfalligheter-och-vagforeningar
falkenberg,falkenberg,falkenberg-studieforbundsbidrag,Bidrag till studieförbund,1,,,https://kommun.falkenberg.se/kultur-och-fritid/foreningar-inom-kultur-fritid-och-idrott/soka-bidrag-inom-kultur-fritid-och-idrott
falkenberg,falkenberg,falkenberg-elitbidrag,Elitbidrag,1,,,https://kommun.falkenberg.se/kultur-och-fritid/foreningar-inom-kultur-fritid-och-idrott/soka-bidrag-inom-kultur-fritid-och-idrott
falkenberg,falkenberg,falkenberg-investeringsbidrag,Investeringsbidrag,1,,,https://kommun.falkenberg.se/kultur-och-fritid/foreningar-inom-kultur-fritid-och-idrott/soka-bidrag-inom-kultur-fritid-och-idrott
falkenberg,falkenberg,falkenberg-lokal-och-anlaggningsbidrag,Lokal- och anläggningsbidrag,1,,,https://kommun.falkenberg.se/kultur-och-fritid/foreningar-inom-kultur-fritid-och-idrott/soka-bidrag-inom-kultur-fritid-och-idrott
falkenberg,falkenberg,falkenberg-medlemsbidrag,Medlemsbidrag,1,,,https://kommun.falkenberg.se/kultur-och-fritid/foreningar-inom-kultur-fritid-och-idrott/soka-bidrag-inom-kultur-fritid-och-idrott
falkenberg,falkenberg,falkenberg-rantebidrag,Räntebidrag,1,,,https://kommun.falkenberg.se/kultur-och-fritid/foreningar-inom-kultur-fritid-och-idrott/soka-bidrag-inom-kultur-fritid-och-idrott
falkenberg,falkenberg,falkenberg-startbidrag,Startbidrag,1,,,https://kommun.falkenberg.se/kultur-och-fritid/foreningar-inom-kultur-fritid-och-idrott/soka-bidrag-inom-kultur-fritid-och-idrott
falkenberg,falkenberg,falkenberg-utbildningsbidrag,Utbildningsbidrag,1,,,https://kommun.falkenberg.se/kultur-och-fritid/foreningar-inom-kultur-fritid-och-idrott/viktiga-datum-for-foreningslivet
falun,falun,falun-funktionshinder-grundbidrag,Grundbidrag för funktionshinderorganisationer,1,,,https://www.falun.se/gora--uppleva/foreningar-och-bidrag/bidrag-stod-och-stipendier/funktionshinderorganisationer.html
falun,falun,falun-studieforbundsbidrag,Kommunbidrag till studieförbund,1,,,https://www.falun.se/gora--uppleva/foreningar-och-bidrag/bidrag-stod-och-stipendier/bidrag-till-kultur--idrotts--och-fritidsforeningar/bidragsregler-for-kultur--och-fritidsforvaltningen.html
falun,falun,falun-lokalbidrag-hembygdsgardar,Lokalbidrag till föreningsägda hembygdsgårdar,1,,,https://www.falun.se/gora--uppleva/foreningar-och-bidrag/bidrag-stod-och-stipendier/bidrag-till-kultur--idrotts--och-fritidsforeningar/bidragsregler-for-kultur--och-fritidsforvaltningen.html
falun,falun,falun-lokalbidrag-vavstugor-bygdegardar,"Lokalbidrag till föreningsägda vävstugor, folkets hus och bygdegårdar",1,,,https://www.falun.se/gora--uppleva/foreningar-och-bidrag/bidrag-stod-och-stipendier/bidrag-till-kultur--idrotts--och-fritidsforeningar/bidragsregler-for-kultur--och-fritidsforvaltningen.html
falun,falun,falun-stod-lokaler-barn-ungdom,Stöd till lokaler (barn- och ungdomsverksamhet),1,,,https://www.falun.se/gora--uppleva/foreningar-och-bidrag/bidrag-stod-och-stipendier/bidrag-till-kultur--idrotts--och-fritidsforeningar/bidragsregler-for-kultur--och-fritidsforvaltningen.html
falun,falun,falun-verksamhetsbidrag-avgiftsfri,Verksamhetsbidrag för avgiftsfri arrangemangsverksamhet,1,,,https://www.falun.se/gora--uppleva/foreningar-och-bidrag/bidrag-stod-och-stipendier/bidrag-till-kultur--idrotts--och-fritidsforeningar/bidragsregler-for-kultur--och-fritidsforvaltningen.html
falun,falun,falun-verksamhetsbidrag-entre,Verksamhetsbidrag för entrébelagd arrangemangsverksamhet,1,,,https://www.falun.se/gora--uppleva/foreningar-och-bidrag/bidrag-stod-och-stipendier/bidrag-till-kultur--idrotts--och-fritidsforeningar/bidragsregler-for-kultur--och-fritidsforvaltningen.html
filipstad,filipstad,filipstad-arrangemangsbidrag,Arrangemangsbidrag,1,,,https://www.filipstad.se/toppmeny/upplevaochgora/foreningsverksamhet/foreningsochverksamhetsbidrag.912.html
filipstad,filipstad,filipstad-studiebidrag,Studiebidrag,1,,,https://www.filipstad.se/toppmeny/upplevaochgora/foreningsverksamhet/foreningsochverksamhetsbidrag.912.html
finspang,finspang,finspang-aktivitetsbidrag-barn-unga,Aktivitetsbidrag – barn och unga,1,,,https://finspang.se/kulturochfritid/foreningsliv-och-bidrag/foreningsbidrag
finspang,finspang,finspang-aktivitetsbidrag-folkhalsa,Aktivitetsbidrag – folkhälsa,1,,,https://finspang.se/kulturochfritid/foreningsliv-och-bidrag/foreningsbidrag
finspang,finspang,finspang-aktivitetsbidrag-socialt,Aktivitetsbidrag – sociala aktiviteter,1,,,https://finspang.se/kulturochfritid/foreningsliv-och-bidrag/foreningsbidrag
finspang,finspang,finspang-arrangemangsstod,Arrangemangsstöd,1,,,https://finspang.se/kulturochfritid/foreningsliv-och-bidrag/foreningsbidrag
finspang,finspang,finspang-investering-hallbarhet,Investerings- och hållbarhetsutvecklingsbidrag,1,,,https://finspang.se/kulturochfritid/foreningsliv-och-bidrag/foreningsbidrag
flen,flen,flen-allmant-foreningsstod,Allmänt föreningsstöd,1,,,https://etjanster.flen.se/
forshaga,forshaga,forshaga-anlaggnings-hyresstod,Anläggnings- och hyresstöd,1,,,https://www.forshaga.se/upplevaochgora/foreningarforeningsliv/stodtillforeningslivet.4.70c52033121865b13988000283.html
forshaga,forshaga,forshaga-pensionarsfonder,Donationsfonder för pensionärsföreningar,1,,,https://www.forshaga.se/upplevaochgora/foreningarforeningsliv/fonder.4.2fe0654b17f44ad5adc18e79.html
forshaga,forshaga,forshaga-studieforbund,Kommunbidrag till studieförbund,1,,,https://www.forshaga.se/upplevaochgora/studieforbund.4.166f07e319c6d70205f4da39.html
forshaga,forshaga,forshaga-motesplatsstod,Mötesplatsstöd,1,,,https://www.forshaga.se/upplevaochgora/foreningarforeningsliv/stodtillforeningslivet.4.70c52033121865b13988000283.html
forshaga,forshaga,forshaga-projektstod,Projektstöd,1,,,https://www.forshaga.se/upplevaochgora/foreningarforeningsliv/stodtillforeningslivet.4.70c52033121865b13988000283.html
forshaga,forshaga,forshaga-ansokningshjalp,Stöd för ansökningshjälp,1,,,https://www.forshaga.se/upplevaochgora/foreningarforeningsliv/stodtillforeningslivet.4.70c52033121865b13988000283.html
forshaga,forshaga,forshaga-investeringsstod,Stöd till investering,1,,,https://www.forshaga.se/upplevaochgora/foreningarforeningsliv/stodtillforeningslivet.4.70c52033121865b13988000283.html
forshaga,forshaga,forshaga-utbildningsstod,Utbildningsstöd,1,,,https://www.forshaga.se/upplevaochgora/foreningarforeningsliv/stodtillforeningslivet.4.70c52033121865b13988000283.html
gavle,gavle,gavle-anlaggningsstod,Anläggningsstöd,1,,,https://www.gavle.se/kultur-och-fritid/foreningar-och-organisationer/sok-foreningsstod/sok-anlaggningsstod/
gavle,gavle,gavle-lovstod,Lovstöd,1,,,https://www.gavle.se/kultur-och-fritid/foreningar-och-organisationer/sok-foreningsstod/
gavle,gavle,gavle-projektstod-kultur,Projektstöd (kultur),1,,,https://www.gavle.se/kommunens-service/kultur-och-fritid/foreningar-och-organisationer/sok-foreningsstod/sok-projektstod/
gavle,gavle,gavle-verksamhetsstod,Verksamhetsstöd,1,,,https://www.gavle.se/kultur-och-fritid/foreningar-och-organisationer/sok-foreningsstod/sok-verksamhetsstod/
gnesta,gnesta,gnesta-bygglovsbidrag,Bygglovsbidrag,1,,,https://www.gnesta.se/kulturfritid/foreningar/foreningsbidrag.4.233511f518beb6dc90023ca9.html
gnesta,gnesta,gnesta-utvecklingsbidrag,Utvecklingsbidrag,1,,,https://www.gnesta.se/kulturfritid/foreningar/foreningsbidrag.4.233511f518beb6dc90023ca9.html
gnosjo,gnosjo,gnosjo-grundbidrag,Grundbidrag,1,,,https://www.gnosjo.se/uppleva-och-gora/foreningar-foreningsliv/bidrag-och-stod-for-foreningar/grundbidrag
gnosjo,gnosjo,gnosjo-investeringsbidrag,Investeringsbidrag,1,,,https://www.gnosjo.se/uppleva-och-gora/foreningar-foreningsliv/bidrag-och-stod-for-foreningar
gnosjo,gnosjo,gnosjo-lokalbidrag,Lokalbidrag,1,,,https://www.gnosjo.se/uppleva-och-gora/foreningar-foreningsliv/bidrag-och-stod-for-foreningar
gnosjo,gnosjo,gnosjo-startbidrag,Startbidrag/Etableringsstöd,1,,,https://www.gnosjo.se/uppleva-och-gora/foreningar-foreningsliv/bidrag-och-stod-for-foreningar/etableringsstod-startbidrag
goteborg,goteborg,goteborg-kulturstod,Kulturstöd (kulturförvaltningen),1,,,https://etjanst.kulturstod.goteborg.se/
goteborg,goteborg,goteborg-lokalbidrag,Lokalbidrag,1,,,https://goteborg.se/wps/portal?uri=gbglnk%3A2018222163749688
gotland,gotland,gotland-barn-ungdom-aktivitet,Aktivitetsstöd för barn- och ungdomsverksamhet,1,,,https://gotland.se/kultur-och-fritid/bokning-bidrag-och-foreningsliv/stod-till-fritids--och-idrottsforeningar
gotland,gotland,gotland-fritidskortet,Fritidskortet,1,,,https://gotland.se/kultur-och-fritid/bokning-bidrag-och-foreningsliv
gotland,gotland,gotland-investeringsstod-idrottsanlaggning,Investeringsstöd för föreningsägd idrottsanläggning,1,,,https://gotland.se/kultur-och-fritid/bokning-bidrag-och-foreningsliv/stod-till-fritids--och-idrottsforeningar
gotland,gotland,gotland-fritidsarrangemang,Stöd till fritidsarrangemang,1,,,https://gotland.se/kultur-och-fritid/bokning-bidrag-och-foreningsliv/stod-till-fritids--och-idrottsforeningar
gotland,gotland,gotland-kultur-verksamhetsstod,Verksamhetsstöd till kulturorganisationer,1,,,https://gotland.se/kultur-och-fritid/kultur/stod-stipendier-och-priser/verksamhetsstod
grastorp,grastorp,grastorp-evenemangsbidrag,Evenemangsbidrag,1,,,https://www.grastorp.se/uppleva-och-gora/fritid/foreningar/foreningsstod.html
grums,grums,grums-kulturverksamhet,Kulturverksamhetsbidrag,1,,,https://www.grums.se/upplevagora/foreningsliv/foreningsbidrag.8246.html
grums,grums,grums-lokalhyra,Lokalhyra (Enhetstaxa),1,,,https://www.grums.se/upplevagora/foreningsliv/foreningsbidrag.8246.html
habo-jonkoping,habo-jonkoping,habo-jonkoping-foreningsanslag,Föreningsanslag,1,,,https://habokommun.se/uppleva-och-gora/foreningsliv
habo-jonkoping,habo-jonkoping,habo-jonkoping-startbidrag,Startbidrag,1,,,https://habokommun.se/uppleva-och-gora/foreningsliv
habo-uppsala,habo-uppsala,habo-uppsala-pensionar-funktionsratt,Bidrag till pensionärs- och handikappföreningar,1,,,https://www.habo.se/uppleva-och-gora/foreningar/bidrag-och-stod/bidrag-till-pensionars--och-handikappforeningar.html
habo-uppsala,habo-uppsala,habo-uppsala-nattvandring,Nattvandringsbidrag,1,,,https://www.habo.se/uppleva-och-gora/foreningar/bidrag-och-stod.html
habo-uppsala,habo-uppsala,habo-uppsala-projektbidrag,Projektbidrag,1,,,https://www.habo.se/uppleva-och-gora/foreningar/bidrag-och-stod.html
habo-uppsala,habo-uppsala,habo-uppsala-projekt-publika-arrangemang,Projektbidrag för publika arrangemang,1,,,https://www.habo.se/uppleva-och-gora/foreningar/bidrag-och-stod/projektbidrag-for-publika-arrangemang.html
habo-uppsala,habo-uppsala,habo-uppsala-ungdomsbidrag,Ungdomsbidrag,1,,,https://www.habo.se/uppleva-och-gora/foreningar/bidrag-och-stod/ungdomsbidrag.html
habo-uppsala,habo-uppsala,habo-uppsala-verksamhet-publika-arrangemang,Verksamhetsbidrag för publika arrangemang,1,,,https://www.habo.se/uppleva-och-gora/foreningar/bidrag-och-stod/verksamhetsbidrag-for-publika-arrangemang.html
haparanda,haparanda,haparanda-lokalt-aktivitetsstod,Lokalt aktivitetsstöd,1,,,https://www.haparanda.se/fritid-och-kultur/foreningsliv/bidrag-och-stod-till-foreningar
haparanda,haparanda,haparanda-sarskilt,Särskilt bidrag,1,,,https://www.haparanda.se/fritid-och-kultur/foreningsliv/bidrag-och-stod-till-foreningar
harjedalen,harjedalen,harjedalen-anstallningsstod,Anställningsstöd,1,,,https://www.herjedalen.se/kommun-och-politik/styrdokument-och-regler/bidrag-och-stod-for-evenemang-foreningar-lokaler-och-studieforbund/foreningsstod.html
harjedalen,harjedalen,harjedalen-driftbidrag,Driftbidrag,1,,,https://www.herjedalen.se/kommun-och-politik/styrdokument-och-regler/bidrag-och-stod-for-evenemang-foreningar-lokaler-och-studieforbund/foreningsstod.html
harjedalen,harjedalen,harjedalen-lokalt-aktivitetsstod,Kommunalt lokalt aktivitetsstöd,1,,,https://www.herjedalen.se/kommun-och-politik/styrdokument-och-regler/bidrag-och-stod-for-evenemang-foreningar-lokaler-och-studieforbund/foreningsstod.html
harjedalen,harjedalen,harjedalen-kulturarrangemang,Kulturarrangemang,1,,,https://www.herjedalen.se/kommun-och-politik/styrdokument-och-regler/bidrag-och-stod-for-evenemang-foreningar-lokaler-och-studieforbund/foreningsstod.html
harjedalen,harjedalen,harjedalen-kursbidrag,Kursbidrag,1,,,https://www.herjedalen.se/kommun-och-politik/styrdokument-och-regler/bidrag-och-stod-for-evenemang-foreningar-lokaler-och-studieforbund/foreningsstod.html
harjedalen,harjedalen,harjedalen-lokalbidrag,Lokalbidrag,1,,,https://www.herjedalen.se/kommun-och-politik/styrdokument-och-regler/bidrag-och-stod-for-evenemang-foreningar-lokaler-och-studieforbund/foreningsstod.html
harjedalen,harjedalen,harjedalen-ovriga-stod,Övriga stöd,1,,,https://www.herjedalen.se/kommun-och-politik/styrdokument-och-regler/bidrag-och-stod-for-evenemang-foreningar-lokaler-och-studieforbund/foreningsstod.html
hassleholm,hassleholm,hassleholm-arrangemangsbidrag,Arrangemangsbidrag,1,,,https://www.hassleholm.se/uppleva-och-gora/foreningar-och-foreningsliv/bidrag-stod-och-stipendier
hassleholm,hassleholm,hassleholm-bygdegard,Bygdegårdsbidrag,1,,,https://www.hassleholm.se/uppleva-och-gora/foreningar-och-foreningsliv/bidrag-stod-och-stipendier
hassleholm,hassleholm,hassleholm-kulturverksamhet,Verksamhetsbidrag - kultur,1,,,https://www.hassleholm.se/uppleva-och-gora/foreningar-och-foreningsliv/bidrag-stod-och-stipendier
heby,heby,heby-foreningsstod,Föreningsstöd,1,,,https://www.heby.se/kultur-och-fritid/foreningsliv/information-till-foreningar/foreningsstod-och-annat-stod
helsingborg,helsingborg,helsingborg-projektstod-kultur,Projektstöd (kulturnämnden),1,,,https://helsingborg.se/uppleva-och-gora/kultur-och-museer/kulturstod-i-helsingborg/projektstod/
helsingborg,helsingborg,helsingborg-nationella-minoriteter-arrangemang,Stöd till nationella minoriteters arrangemang,1,,,https://helsingborg.se/uppleva-och-gora/kultur-och-museer/kulturstod-i-helsingborg/
helsingborg,helsingborg,helsingborg-studieforbund,Stöd till studieförbund,1,,,https://helsingborg.se/uppleva-och-gora/kultur-och-museer/kulturstod-i-helsingborg/
helsingborg,helsingborg,helsingborg-verksamhetsbidrag-social,Verksamhetsbidrag (socialnämnden),1,,,https://helsingborg.se/omsorg-och-stod/foreningar-med-social-verksamhet/bidrag-fran-socialnamnden/
hoganas,hoganas,hoganas-aktivitetsstod,Aktivitetsstöd ungdom,1,,,https://www.hoganas.se/besok--upplev/foreningar-och-foreningsliv/sokbara-stod-i-hoganas.html
hoganas,hoganas,hoganas-funktionsnedsattning,Funktionsnedsättningsstöd,1,,,https://www.hoganas.se/besok--upplev/foreningar-och-foreningsliv/sokbara-stod-i-hoganas.html
hoganas,hoganas,hoganas-lokalstod,Lokalstöd,1,,,https://www.hoganas.se/besok--upplev/foreningar-och-foreningsliv/sokbara-stod-i-hoganas.html
hoganas,hoganas,hoganas-pensionarer,Pensionärsorganisationsbidrag,1,,,https://www.hoganas.se/besok--upplev/foreningar-och-foreningsliv/sokbara-stod-i-hoganas.html
hoganas,hoganas,hoganas-startbidrag,Startbidrag,1,,,https://www.hoganas.se/besok--upplev/foreningar-och-foreningsliv/sokbara-stod-i-hoganas/startbidrag.html
hoganas,hoganas,hoganas-utvecklingsstod,Utvecklingsstöd,1,,,https://www.hoganas.se/besok--upplev/foreningar-och-foreningsliv/sokbara-stod-i-hoganas.html
hogsby,hogsby,hogsby-hemmansbidrag,Hemmansbidrag,1,,,https://hogsby.se/uppleva-och-goera/kultur-och-fritid/foereningsliv/bidragsregler/
hoor,hoor,hoor-evenemang,Evenemangsbidrag,1,,,https://www.hoor.se/uppleva-gora/foreningar-foreningsliv/
hoor,hoor,hoor-kulturverksamhet,Verksamhetsbidrag - kultur,1,,,https://www.hoor.se/uppleva-gora/foreningar-foreningsliv/
horby,horby,horby-pensionarstod,Lokalt aktivitetsstöd pensionärer,1,,,https://fri.horby.se/bidrag/default.aspx
huddinge,huddinge,huddinge-studieforbund-arrangemangsbidrag,Arrangemangsbidrag till studieförbund,1,,,https://www.huddinge.se/fritid-natur-och-kultur/foreningar-och-bidrag/bidrag-stod-och-stipendier/bidrag-till-foreningar-och-studieforbund/
huddinge,huddinge,huddinge-fritidsaktiviteter-funktionsnedsattning-kultur,Bidrag till fritidsaktiviteter för personer med funktionsnedsättning,1,,,https://www.huddinge.se/fritid-natur-och-kultur/foreningar-och-bidrag/bidrag-stod-och-stipendier/bidrag-till-foreningar-och-studieforbund/
huddinge,huddinge,huddinge-studieforbund-fritidsaktiviteter,Bidrag till fritidsaktiviteter för personer med funktionsnedsättning (studieförbund),1,,,https://www.huddinge.se/fritid-natur-och-kultur/foreningar-och-bidrag/bidrag-stod-och-stipendier/bidrag-till-foreningar-och-studieforbund/
huddinge,huddinge,huddinge-lokalbidrag-oppen-kulturverksamhet,Bidrag till lokaler för öppen kulturverksamhet,1,,,https://www.huddinge.se/fritid-natur-och-kultur/foreningar-och-bidrag/bidrag-stod-och-stipendier/bidrag-till-foreningar-och-studieforbund/
huddinge,huddinge,huddinge-studieforbund-grundbidrag,Grundbidrag till studieförbund,1,,,https://www.huddinge.se/fritid-natur-och-kultur/foreningar-och-bidrag/bidrag-stod-och-stipendier/bidrag-till-foreningar-och-studieforbund/
huddinge,huddinge,huddinge-studieforbund-projektbidrag,Projektbidrag till studieförbund,1,,,https://www.huddinge.se/fritid-natur-och-kultur/foreningar-och-bidrag/bidrag-stod-och-stipendier/bidrag-till-foreningar-och-studieforbund/
huddinge,huddinge,huddinge-startbidrag-generellt,"Startbidrag (kommunstyrelsen, generellt för nystartad förening)",1,,,https://sammantraden.huddinge.se/welcome-sv/namnder-styrelser/kommunfullmaktige/kommunfullmaktige/agenda/rev-bilaga-hkf-8020-foreningsbidragpdf?downloadMode=open
huddinge,huddinge,huddinge-startbidrag-funktionsnedsattning,Startbidrag till nystartad förening för personer med funktionsnedsättning,1,,,https://service.huddinge.se/Web/FAQList.aspx?service=AFG
huddinge,huddinge,huddinge-startbidrag-social,Startbidrag till nystartad social stöd- och hjälporganisation,1,,,https://service.huddinge.se/Web/FAQList.aspx?service=AFG
huddinge,huddinge,huddinge-verksamhetsbidrag-idrott-fritid,Verksamhetsbidrag till idrotts- och fritidsföreningar,1,,,https://www.huddinge.se/fritid-natur-och-kultur/foreningar-och-bidrag/bidrag-stod-och-stipendier/bidrag-till-foreningar-och-studieforbund/
kalix,kalix,kalix-idrottsstipendium,Kalix kommuns idrottsstipendium,1,,,https://www.kalix.se/link/5d595702eab0417ab1c008e2675a46a9.aspx
kalix,kalix,kalix-kulturstipendium,Kalix kommuns kulturstipendium,1,,,https://www.kalix.se/link/06c21629c9a04b0fb8e2752624bb3ee2.aspx
kalix,kalix,kalix-startbidrag,Startbidrag för nybildad förening,1,,,https://www.kalix.se/contentassets/c36364d7a9e44ab698f3dee0c34cec6e/bidragsregler--2026.pdf
kalix,kalix,kalix-stod-funktionshindersforeningar,Stöd till funktionshindersföreningar,1,,,https://www.kalix.se/contentassets/c36364d7a9e44ab698f3dee0c34cec6e/bidragsregler--2026.pdf
kalix,kalix,kalix-stod-isbanor,Stöd till isbanor (ishockey- och bandybanor),1,,,https://www.kalix.se/contentassets/c36364d7a9e44ab698f3dee0c34cec6e/bidragsregler--2026.pdf
kalix,kalix,kalix-stod-pensionarsforeningar,Stöd till pensionärsföreningar,1,,,https://www.kalix.se/contentassets/c36364d7a9e44ab698f3dee0c34cec6e/bidragsregler--2026.pdf
kalix,kalix,kalix-stod-skoterleder,Stöd till skoterleder,1,,,https://www.kalix.se/contentassets/c36364d7a9e44ab698f3dee0c34cec6e/bidragsregler--2026.pdf
karlshamn,karlshamn,karlshamn-samhalle-administrationsbidrag,Administrationsbidrag för samhällsföreningar,1,,,https://www.karlshamn.se/uppleva-och-gora/foreningar-foreningsliv/bidrag-och-stod/
karlshamn,karlshamn,karlshamn-kultur-ung-kultur,Bidrag till Ung kultur,1,,,https://www.karlshamn.se/uppleva-och-gora/foreningar-foreningsliv/bidrag-och-stod/
karlskrona,karlskrona,karlskrona-uppstart-foreningsgard,Stöd till uppstart av föreningsgård,1,,,https://www.karlskrona.se/globalassets/kultur-och-fritid/foreningar/dokument/belopp-och-ansokningstider-for-stod-inom-kultur-och-fritidsomradet-2026.pdf
katrineholm,katrineholm,katrineholm-arrangemangsbidrag-idrott,Arrangemangsbidrag (idrott och fritid),1,,,https://www.katrineholm.se/uppleva-och-gora/foreningar/foreningsbidrag/foreningsbidrag-idrott-och-fritid.html
katrineholm,katrineholm,katrineholm-arrangemangsbidrag-kultur,Arrangemangsbidrag (kultur),1,,,https://www.katrineholm.se/uppleva-och-gora/foreningar/foreningsbidrag/foreningsbidrag-kultur.html
katrineholm,katrineholm,katrineholm-grundbidrag-senior-funktionsvariation,Grundbidrag (seniorer och funktionsvariation),1,,,https://www.katrineholm.se/uppleva-och-gora/foreningar/foreningsbidrag/foreningsbidrag-seniorer-och-funktionsvariation.html
katrineholm,katrineholm,katrineholm-grundbidrag-social,Grundbidrag (social verksamhet),1,,,https://www.katrineholm.se/uppleva-och-gora/foreningar/foreningsbidrag/foreningsbidrag-social-verksamhet.html
katrineholm,katrineholm,katrineholm-verksamhetsbidrag-kultur,Verksamhetsbidrag (kultur),1,,,https://www.katrineholm.se/uppleva-och-gora/foreningar/foreningsbidrag/foreningsbidrag-kultur.html
katrineholm,katrineholm,katrineholm-verksamhetsbidrag-social,Verksamhetsbidrag (social verksamhet),1,,,https://www.katrineholm.se/uppleva-och-gora/foreningar/foreningsbidrag/foreningsbidrag-social-verksamhet.html
kinda,kinda,kinda-idrott-fritid,Föreningsbidrag – idrott och fritid,1,,,https://www.kinda.se/upplevaochgora/foreningsliv/foreningsbidrag.4.15d59a7c151bb4254b7e713c.html
kinda,kinda,kinda-kultur,Föreningsbidrag – kultur,1,,,https://www.kinda.se/upplevaochgora/foreningsliv/foreningsbidrag.4.15d59a7c151bb4254b7e713c.html
kinda,kinda,kinda-omsorg,Föreningsbidrag – omsorg,1,,,https://www.kinda.se/upplevaochgora/foreningsliv/foreningsbidrag.4.15d59a7c151bb4254b7e713c.html
kinda,kinda,kinda-samlingslokaler,Föreningsbidrag – samlingslokaler,1,,,https://www.kinda.se/upplevaochgora/foreningsliv/foreningsbidrag.4.15d59a7c151bb4254b7e713c.html
klippan,klippan,klippan-arrangemangs-och-projektbidrag,Arrangemangs- och projektbidrag,1,,,https://www.klippan.se/uppleva--gora/foreningar/bidrag--stod-for-foreningar
lessebo,lessebo,lessebo-lokal-anlaggning,Stöd för lokal eller anläggning,1,,,https://etjanster.lessebo.se/oversikt/overview/406
lidkoping,lidkoping,lidkoping-friluftslivsutveckling,Bidrag för friluftslivsutveckling,1,,,https://sjalvservice.lidkoping.se/oversikt/overview/590
lidkoping,lidkoping,lidkoping-foreningsutveckling,Bidrag för föreningsutveckling,1,,,https://sjalvservice.lidkoping.se/oversikt/overview/247
lidkoping,lidkoping,lidkoping-investeringsstod,Bidrag för investeringsstöd,1,,,https://sjalvservice.lidkoping.se/oversikt/overview/662
lidkoping,lidkoping,lidkoping-kulturarrangemang,"Bidrag för kulturarrangemang, produktioner och program",1,,,https://sjalvservice.lidkoping.se/oversikt/overview/248
lulea,lulea,lulea-driftsbidrag-snoskoterleder,Driftsbidrag snöskoterleder,1,,,https://www.lulea.se/uppleva--gora/foreningar-och-organisationer/stod-och-bidrag-i-lulea-kommun/fritidsbidrag.html
lulea,lulea,lulea-socialforvaltningen,Föreningsbidrag från socialförvaltningen,1,,,https://www.lulea.se/uppleva--gora/foreningar-och-organisationer/stod-och-bidrag-i-lulea-kommun/bidrag-till-foreningar-fran-socialforvaltningen.html
lulea,lulea,lulea-ovrigt-bidrag-fritid,Övrigt bidrag fritid,1,,,https://www.lulea.se/uppleva--gora/foreningar-och-organisationer/stod-och-bidrag-i-lulea-kommun/fritidsbidrag.html
mala,mala,mala-studieforbund,Bidrag till studieförbund,1,,,https://www.mala.se/kultur-och-fritid/foreningsinformation/foreningsbidrag/
mala,mala,mala-bygdemedel,Bygdemedel,1,,,https://www.mala.se/kultur-och-fritid/foreningsinformation/foreningsbidrag/
malmo,malmo,malmo-socialt-bidrag,Bidrag till idéburna organisationer inom det sociala området,1,,,https://malmo.se/For-foreningar/Bidrag-till-ideburna-organisationer-inom-det-sociala-omradet.html
malmo,malmo,malmo-grundstod,Grundstöd,1,,,https://malmo.se/For-foreningar/Foreningsliv---Idrott-och-fritid/Bidrag-och-stod.html
malmo,malmo,malmo-lokalstod,Lokalstöd,1,,,https://malmo.se/For-foreningar/Foreningsliv---Idrott-och-fritid/Bidrag-och-stod.html
malmo,malmo,malmo-verksamhetsstod-kultur,Verksamhetsstöd till kulturorganisationer,1,,,https://sjalvservice.malmo.se/oversikt/overview/658
markaryd,markaryd,markaryd-barn-ungdomskultur-stromsnasbruk-traryd,Bidrag till barn- och ungdomskultur i Strömsnäsbruk och Traryd,1,,,https://www.markaryd.se/sidor/uppleva-och-gora/kultur/foreningsbidrag-inom-kultur.html
markaryd,markaryd,markaryd-pensionar-funktionsratt,Bidrag till pensionärs- och funktionsrättsföreningar,1,,,https://www.markaryd.se/sidor/stod-och-omsorg/foreningar-och-foreningsbidrag/bidrag-till-pensionars--och-handikappforeningar.html
markaryd,markaryd,markaryd-ridskolebidrag,Ridskolebidrag,1,,,https://www.markaryd.se/sidor/uppleva-och-gora/foreningsinformation/foreningsbidrag.html
norrtalje,norrtalje,norrtalje-jubileumsbidrag,Jubileumsbidrag,1,,,https://www.norrtalje.se/info/kultur-och-fritid/bidrag-och-stipendier/bidrag-till-ideell-forening/
nykvarn,nykvarn,nykvarn-elitbidrag,Elitbidrag,1,,,https://nykvarn.se/download/18.1cce16d319bb5486edc98bbc/1769681970250/Riktlinjer%20f%C3%B6r%20bidrag%20f%C3%B6r%20ideella%20f%C3%B6reningar%2C%20reviderad%202025-12-09.pdf
nykvarn,nykvarn,nykvarn-jubileumsbidrag,Jubileumsbidrag,1,,,https://nykvarn.se/download/18.1cce16d319bb5486edc98bbc/1769681970250/Riktlinjer%20f%C3%B6r%20bidrag%20f%C3%B6r%20ideella%20f%C3%B6reningar%2C%20reviderad%202025-12-09.pdf
nykvarn,nykvarn,nykvarn-startbidrag,Startbidrag,1,,,https://nykvarn.se/download/18.1cce16d319bb5486edc98bbc/1769681970250/Riktlinjer%20f%C3%B6r%20bidrag%20f%C3%B6r%20ideella%20f%C3%B6reningar%2C%20reviderad%202025-12-09.pdf
nykvarn,nykvarn,nykvarn-utvecklingsbidrag,Utvecklingsbidrag,1,,,https://nykvarn.se/download/18.1cce16d319bb5486edc98bbc/1769681970250/Riktlinjer%20f%C3%B6r%20bidrag%20f%C3%B6r%20ideella%20f%C3%B6reningar%2C%20reviderad%202025-12-09.pdf
odeshog,odeshog,odeshog-arrangemangsbidrag,Arrangemangsbidrag,1,,,https://minasidor.odeshog.se/
odeshog,odeshog,odeshog-foreningsbidrag-for-lokalforvaltande-organisation,Föreningsbidrag för lokalförvaltande organisation,1,,,https://minasidor.odeshog.se/
odeshog,odeshog,odeshog-investeringsbidrag,Investeringsbidrag,1,,,https://www.odeshog.se/upplevaochgora/foreningarforeningsliv/bidragstodstipendier.4.78ae827d1605526e94b6179c.html
orebro,orebro,orebro-aktivitet-aldre,Bidrag till aktivitet för äldre,1,,,https://www.orebro.se/kultur--fritid/foreningsstod/foreningsbidrag/bidrag-till-aktivitet-for-aldre.html
ornskoldsvik,ornskoldsvik,ornskoldsvik-bra-medel,Brå-medel (brottsförebyggande bidrag),1,False,angivet,https://www.ornskoldsvik.se/omsorg-och-stod/vald-och-brott/brottsforebyggande/ansok-om-bra-medel
ornskoldsvik,ornskoldsvik,ornskoldsvik-kulturstipendiet,Kulturstipendiet,1,True,angivet,https://www.ornskoldsvik.se/fritid-och-kultur/foreningsliv/stipendier/kulturstipendiets-statuter
oskarshamn,oskarshamn,oskarshamn-lokalt-aktivitetsstod,Kommunalt lokalt aktivitetsstöd,1,,,https://www.oskarshamn.se/kultur-och-fritid/foreningsliv/foreningsbidrag/bidrag-fritidsforeningar/
oskarshamn,oskarshamn,oskarshamn-lokalbidrag,Lokalbidrag,1,,,https://minasidor.oskarshamn.se/oversikt/overview/479
oskarshamn,oskarshamn,oskarshamn-lokalbidrag-ungdom,Lokalbidrag (registrerade ungdomsföreningar),1,,,https://www.oskarshamn.se/kultur-och-fritid/foreningsliv/foreningsbidrag/bidrag-kulturforeningar/
oskarshamn,oskarshamn,oskarshamn-skotselbidrag,Skötselbidrag,1,,,https://minasidor.oskarshamn.se/oversikt/overview/479
ostersund,ostersund,ostersund-studieforbund,Bidrag till studieförbund,1,,,https://eservice.ostersund.se/oversikt/overview/632
ostersund,ostersund,ostersund-vardomsorg-jamstalldhetsbidrag,Jämställdhetsbidrag (Vård- och omsorgsnämnden),1,,,https://www.ostersund.se/download/18.2442e1d18fcaa703a58961/1766419917652/Riktlinje%20f%C3%B6r%20bidrag%20till%20f%C3%B6reningar%20inom%20V%C3%A5rd-%20och%20omsorgsn%C3%A4mndens%20verksamhetsomr%C3%A5de.pdf
ostersund,ostersund,ostersund-utvecklingsbidrag-kultur,Utvecklingsbidrag för kultur,1,,,https://www.ostersund.se/uppleva-och-gora/foreningsliv-och-bidrag/bidrag.html
ostersund,ostersund,ostersund-underhallsbidrag-vagbelysning,Årligt underhållsbidrag för vägbelysning på landsbygden,1,,,https://www.ostersund.se/trafik-och-infrastruktur/pa-din-gata/vagbelysning-pa-landsbygden.html
osthammar,osthammar,osthammar-administrationsbidrag,Administrationsbidrag,1,,,https://www.osthammar.se/uppleva-och-gora/stod-och-stipendier/foreningsstod/
osthammar,osthammar,osthammar-anlaggningsstod,Anläggningsstöd,1,,,https://www.osthammar.se/uppleva-och-gora/stod-och-stipendier/foreningsstod/
osthammar,osthammar,osthammar-foreningsbidrag,Föreningsbidrag,1,,,https://www.osthammar.se/uppleva-och-gora/stod-och-stipendier/foreningsstod/
osthammar,osthammar,osthammar-grundbidrag,Grundbidrag,1,,,https://www.osthammar.se/uppleva-och-gora/stod-och-stipendier/foreningsstod/
osthammar,osthammar,osthammar-skotselbidrag,Skötselbidrag,1,,,https://www.osthammar.se/uppleva-och-gora/stod-och-stipendier/foreningsstod/
osthammar,osthammar,osthammar-speciellt-bidrag,Speciellt bidrag,1,,,https://www.osthammar.se/uppleva-och-gora/stod-och-stipendier/foreningsstod/
osthammar,osthammar,osthammar-verksamhetsbidrag-–-funktionsratt,Verksamhetsbidrag – funktionsrätt,1,,,https://www.osthammar.se/uppleva-och-gora/stod-och-stipendier/foreningsstod/
ostra-goinge,ostra-goinge,ostra-goinge-arrangemangsbidrag,Arrangemangsbidrag,1,,,https://ostragoinge.se/uppleva-och-gora/foreningsliv/bidrag-och-stod-for-foreningar
overtornea,overtornea,overtornea-lok-stod,Lokalt aktivitetsstöd (LOK-stöd),1,,,https://overtornea.se/nyheter/ansokan-om-lok-stod/
oxelosund,oxelosund,oxelosund-studieforbundsbidrag,Bidrag till studieförbund,1,,,https://www.oxelosund.se/uppleva-och-gora/foreningar-och-studieforbund
partille,partille,partille-barnkonventionspriset,Barnkonventionspriset,1,,,https://www.partille.se/kommun--politik/priser-stipendier-stiftelser/
partille,partille,partille-hallbarhetspriset,Hållbarhetspriset,1,,,https://www.partille.se/kommun--politik/priser-stipendier-stiftelser/
pitea,pitea,pitea-investeringsstod-gemensamma-anlaggningar,Investeringsstöd gemensamma anläggningar och lokaler,1,,,https://www.pitea.se/invanare/fritid-kultur/foreningar/foreningsstod/anlaggningsstod/investeringsstod-gemensamma--anlaggningar-och-lokaler/
pitea,pitea,pitea-naromradesutveckling,Närområdesutveckling,1,,,https://www.pitea.se/contentassets/2fd5d4d6f02c4c88b22c09e6345fe9b4/bestammelser-for-stod-till-gles--och-landsbygd.pdf
pitea,pitea,pitea-tillsynsavgifter,Stöd för tillsynsavgifter,1,,,https://www.pitea.se/invanare/fritid-kultur/foreningar/foreningsstod/anlaggningsstod/
pitea,pitea,pitea-kultur-teater-barn-unga,Stöd till kultur- och teaterverksamhet för barn och unga,1,,,https://www.pitea.se/invanare/fritid-kultur/foreningar/foreningsstod/Stod-till-kulturverksamhet/
ragunda,ragunda,ragunda-kulturstod,Kulturstöd,1,,,https://sjalvservice.ragunda.se/
savsjo,savsjo,savsjo-arrangemangsbidrag,Arrangemangsbidrag,1,,,https://www.savsjo.se/kultur-och-fritid/foreningar-och-bidrag/foreningsbidrag.html
savsjo,savsjo,savsjo-lovsbidrag,Lovsbidrag,1,,,https://www.savsjo.se/kultur-och-fritid/foreningar-och-bidrag/foreningsbidrag.html
savsjo,savsjo,savsjo-sarskild-provning,Särskild prövning,1,,,https://www.savsjo.se/kultur-och-fritid/foreningar-och-bidrag/foreningsbidrag.html
sjobo,sjobo,sjobo-driftsbidrag-enskilda-vagar,Driftsbidrag till enskilda vägar,1,,,https://www.sjobo.se/trafik-och-gator/gator/bidrag-till-enskilda-vagar.html
skelleftea,skelleftea,skelleftea-badplatser,Bidrag till badplatser,1,,,https://skelleftea.se/foreningsportalen/foreningsportalen/ekonomi-och-bidrag/bidragsnormer/fritidsnamndens-bidragsnormer
skelleftea,skelleftea,skelleftea-tradgard-biodlarforening,Bidrag till trädgårdsförening eller biodlarförening,1,,,https://skelleftea.se/foreningsportalen/foreningsportalen/ekonomi-och-bidrag/bidragsnormer/samhallsbyggnadsnamndens-bidragsnormer
skelleftea,skelleftea,skelleftea-fotbollsplaner-drift-investering,Drift- och investeringsbidrag – fotbollsplaner,1,,,https://skelleftea.se/foreningsportalen/foreningsportalen/ekonomi-och-bidrag/bidragsnormer/fritidsnamndens-bidragsnormer
skelleftea,skelleftea,skelleftea-ishockeyplaner-drift-investering,Drift- och investeringsbidrag – ishockeyplaner,1,,,https://skelleftea.se/foreningsportalen/foreningsportalen/ekonomi-och-bidrag/bidragsnormer/fritidsnamndens-bidragsnormer
skelleftea,skelleftea,skelleftea-extern-kommunikation-marknadsforing,Extern kommunikation och marknadsföring,1,,,https://skelleftea.se/foreningsportalen/foreningsportalen/ekonomi-och-bidrag/bidragsnormer/fritidsnamndens-bidragsnormer
skelleftea,skelleftea,skelleftea-fast-driftbidrag-specialanlaggningar,Fast driftbidrag – specialanläggningar,1,,,https://skelleftea.se/foreningsportalen/foreningsportalen/ekonomi-och-bidrag/bidragsnormer/fritidsnamndens-bidragsnormer
skelleftea,skelleftea,skelleftea-fiske-skotselbidrag,Fiske – skötselbidrag,1,,,https://skelleftea.se/foreningsportalen/foreningsportalen/ekonomi-och-bidrag/bidragsnormer/fritidsnamndens-bidragsnormer
skelleftea,skelleftea,skelleftea-friluftsliv-skotselbidrag,Friluftsliv – skötselbidrag,1,,,https://skelleftea.se/foreningsportalen/foreningsportalen/ekonomi-och-bidrag/bidragsnormer/fritidsnamndens-bidragsnormer
skelleftea,skelleftea,skelleftea-idrottsstipendium,Idrottsstipendium,1,,,https://skelleftea.se/foreningsportalen/foreningsportalen/ekonomi-och-bidrag/bidragsnormer/fritidsnamndens-bidragsnormer
skelleftea,skelleftea,skelleftea-investeringsbidrag-egen-anlaggning,Investeringsbidrag till egen föreningsanläggning,1,,,https://skelleftea.se/foreningsportalen/foreningsportalen/ekonomi-och-bidrag/sok-bidrag/investeringar-och-renoveringar
skelleftea,skelleftea,skelleftea-ledarstipendium,Ledarstipendium,1,,,https://skelleftea.se/foreningsportalen/foreningsportalen/ekonomi-och-bidrag/bidragsnormer/fritidsnamndens-bidragsnormer
skelleftea,skelleftea,skelleftea-lokalbidrag-funktionsnedsattning,Lokalbidrag – funktionsnedsättningsföreningar,1,,,https://skelleftea.se/foreningsportalen/foreningsportalen/ekonomi-och-bidrag/bidragsnormer/fritidsnamndens-bidragsnormer
skelleftea,skelleftea,skelleftea-lokalbidrag-idrott-ungdom,Lokalbidrag – idrotts- och ungdomsföreningar,1,,,https://skelleftea.se/foreningsportalen/foreningsportalen/ekonomi-och-bidrag/bidragsnormer/fritidsnamndens-bidragsnormer
skelleftea,skelleftea,skelleftea-samlingslokal-boverket-medfinansiering,Medfinansiering till samlingslokalens ansökan hos Boverket,1,,,https://skelleftea.se/foreningsportalen/foreningsportalen/ekonomi-och-bidrag/sok-bidrag/investeringar-och-renoveringar
skelleftea,skelleftea,skelleftea-skoterleder,Skoterleder,1,,,https://skelleftea.se/foreningsportalen/foreningsportalen/ekonomi-och-bidrag/bidragsnormer/fritidsnamndens-bidragsnormer
skelleftea,skelleftea,skelleftea-utvecklingsbidrag-kultur,Utvecklingsbidrag (kultur),1,,,https://skelleftea.se/foreningsportalen/foreningsportalen/ekonomi-och-bidrag/bidragsnormer/kulturnamndens-bidragsnormer
skelleftea,skelleftea,skelleftea-ovriga-bidrag-kulturnamnden,Övriga bidrag – kulturnämndens till förfogande,1,,,https://skelleftea.se/foreningsportalen/foreningsportalen/ekonomi-och-bidrag/bidragsnormer/kulturnamndens-bidragsnormer
skovde,skovde,skovde-ungdom-anlaggningsbidrag,Anläggningsbidrag till ungdomsföreningar,1,,,https://www.skovde.se/naringsliv-foretag-forening/forening/foreningsbidrag/bidrag-till-foreningar-med-ungdomsverksamhet/
skovde,skovde,skovde-idrottskandidater,Idrottskandidater,1,,,https://www.skovde.se/kommun-och-politik/pengar-du-kan-soka-och-utmarkelser/idrottskandidater/
skovde,skovde,skovde-parasportbidrag,Parasportbidrag,1,,,https://www.skovde.se/naringsliv-foretag-forening/forening/foreningsbidrag/bidrag-till-foreningar-med-ungdomsverksamhet/
soderkoping,soderkoping,soderkoping-verksamhetsbidrag-–-kultur,Verksamhetsbidrag – kultur,1,,,https://foreningar.soderkoping.se/foreningsbidrag/
sodertalje,sodertalje,sodertalje-pensionarsforeningar,Bidrag till pensionärsföreningar,1,,,https://www.sodertalje.se/contentassets/5d396db643f94a60af023841f682d951/sk-regler-och-riktlinjer-foreningsbidrag-003.pdf
sodertalje,sodertalje,sodertalje-sociala-foreningar,Bidrag till sociala föreningar,1,,,https://www.sodertalje.se/contentassets/5d396db643f94a60af023841f682d951/sk-regler-och-riktlinjer-foreningsbidrag-003.pdf
sollentuna,sollentuna,sollentuna-kultur-arrangemangsbidrag,Bidrag till kulturarrangemang,1,,,https://www.sollentuna.se/uppleva--gora/foreningar-och-foreningsliv/Foreningsbidrag/bidrag-till-kulturforeningar/
sollentuna,sollentuna,sollentuna-studieforbund-bidrag,Kommunalt bidrag till studieförbund,1,,,https://www.sollentuna.se/globalassets/kommun-och-politik/sa-styrs-sollentuna/sollentuna-forfattningssamling-sfs/bidrag-stiftelser-och-stipendier/regler-for-kommunalt-bidrag-till-studieforbund.pdf
sollentuna,sollentuna,sollentuna-funktionsratt-lokalbidrag,Lokalbidrag,1,,,https://www.sollentuna.se/globalassets/uppleva-och-gora/foreningsliv/bidragsblanketter/blanketter-fritid/bidrag-till-foreningar-som-bedriver-verksamhet-for-personer-med-funktionsnedsattning.pdf
sollentuna,sollentuna,sollentuna-funktionsratt-utbildningsbidrag,Utbildningsbidrag,1,,,https://www.sollentuna.se/globalassets/uppleva-och-gora/foreningsliv/bidragsblanketter/blanketter-fritid/bidrag-till-foreningar-som-bedriver-verksamhet-for-personer-med-funktionsnedsattning.pdf
solna,solna,solna-pensionarsforeningsbidrag,Bidrag till pensionärsföreningar,1,,,https://www.solna.se/uppleva--gora/kultur--och-foreningsstod/forenings--och-bidragsregler
stockholm,stockholm,stockholm-eget-skapande,"Stöd till eget skapande, deltagande och folkbildning",1,,,https://foreningsservice.stockholm/stod-till-foreningar-och-organisationer/
stockholm,stockholm,stockholm-kultur-produktion,Stöd till konstnärlig produktion och kulturarrangemang,1,,,https://foreningsservice.stockholm/stod-till-foreningar-och-organisationer/
stockholm,stockholm,stockholm-kulturetablering,Stöd till kulturetablering och utveckling,1,,,https://foreningsservice.stockholm/stod-till-foreningar-och-organisationer/
stockholm,stockholm,stockholm-minoritetskultur,"Stöd till kulturprogram för finska, meänkieli och samiska språk och kultur",1,,,https://foreningsservice.stockholm/stod-till-foreningar-och-organisationer/
stockholm,stockholm,stockholm-kulturprogram-aldre,Stöd till kulturprogram för äldre,1,,,https://foreningsservice.stockholm/stod-till-foreningar-och-organisationer/
stockholm,stockholm,stockholm-kulturprogram-forskola-skola,Stöd till kulturprogram i förskola och skola,1,,,https://foreningsservice.stockholm/stod-till-foreningar-och-organisationer/
stockholm,stockholm,stockholm-lokalforvaltande,Stöd till lokalförvaltande organisationer,1,,,https://foreningsservice.stockholm/stod-till-foreningar-och-organisationer/kulturstod/stod-till-lokalforvaltande-organisationer/
stockholm,stockholm,stockholm-ungas-kulturprojekt,Stöd till ungas egna kulturprojekt,1,,,https://foreningsservice.stockholm/stod-till-foreningar-och-organisationer/
stromsund,stromsund,stromsund-funktionsrattsforeningar,Bidrag till funktionsrättsföreningar,1,,,https://www.stromsund.se/970.html
stromsund,stromsund,stromsund-pensionarsforeningar,Bidrag till pensionärsföreningar,1,,,https://www.stromsund.se/970.html
stromsund,stromsund,stromsund-driftbidrag-idrottsanlaggningar,Driftbidrag till idrotts- och friluftsanläggningar,1,,,https://www.stromsund.se/972.html
stromsund,stromsund,stromsund-studieforbund,Kommunalt anslag till studieförbund,1,,,https://www.stromsund.se/970.html
sundbyberg,sundbyberg,sundbyberg-lovbidrag-social-arbetsmarknad,Lovbidrag (social- och arbetsmarknadsnämnden),1,,,https://www.sundbyberg.se/download/18.2e6195c8190a64a78d49e1b3/1724248394955/
sundbyberg,sundbyberg,sundbyberg-projektbidrag-social-arbetsmarknad,Projektbidrag (social- och arbetsmarknadsnämnden),1,,,https://www.sundbyberg.se/download/18.2e6195c8190a64a78d49e1b3/1724248394955/
sundbyberg,sundbyberg,sundbyberg-projektbidrag-over-30000,Projektbidrag över 30 000 kronor (kultur- och fritidsnämnden),1,,,https://www.sundbyberg.se/uppleva-och-gora/konst-och-kultur-i-sundbybergs-stad/bidrag-stod-och-stipendier/bidrag-till-foreningar---idrott-friluftsliv-fritid-och-kultur
sundsvall,sundsvall,sundsvall-anlaggningsbidrag,Anläggningsbidrag,1,,,https://sundsvall.se/kommun/uppleva-och-gora/foreningar-foreningsliv/bidrag-stod-och-stipendier/bidragstyper
sundsvall,sundsvall,sundsvall-driftbidrag-samlingslokal,Driftbidrag till föreningsägd samlingslokal,1,,,https://sundsvall.se/kommun/uppleva-och-gora/foreningar-foreningsliv/bidrag-stod-och-stipendier/bidragstyper
sundsvall,sundsvall,sundsvall-verksamhetsbidrag-allmant,Verksamhetsbidrag,1,,,https://sundsvall.se/kommun/uppleva-och-gora/foreningar-foreningsliv/bidrag-stod-och-stipendier/bidragstyper
sundsvall,sundsvall,sundsvall-patient-funktionshinder,Verksamhetsbidrag för patient- och funktionshindersföreningar,1,,,https://sundsvall.se/kommun/uppleva-och-gora/foreningar-foreningsliv/bidrag-stod-och-stipendier/bidragstyper
sundsvall,sundsvall,sundsvall-pensionarsforeningar,Verksamhetsbidrag för pensionärsföreningar,1,,,https://sundsvall.se/kommun/uppleva-och-gora/foreningar-foreningsliv/bidrag-stod-och-stipendier/bidragstyper
sundsvall,sundsvall,sundsvall-verksamhetsbidrag-studieforbund,Verksamhetsbidrag för studieförbund,1,,,https://sundsvall.se/kommun/uppleva-och-gora/foreningar-foreningsliv/bidrag-stod-och-stipendier/bidragstyper
sundsvall,sundsvall,sundsvall-fiskevardsbidrag,Verksamhetsbidrag till fiskevårdsområden,1,,,https://sundsvall.se/kommun/uppleva-och-gora/foreningar-foreningsliv/bidrag-stod-och-stipendier/bidragstyper
sundsvall,sundsvall,sundsvall-vindkraftsstod-investering,Vindkraftstöd (investeringsbidrag),1,,,https://sundsvall.se/kommun/uppleva-och-gora/foreningar-foreningsliv/bidrag-stod-och-stipendier/bidragstyper
taby,taby,taby-parasport,Parasport,1,,,https://www.taby.se/uppleva-och-gora/foreningsliv/stod-och-bidrag-till-foreningar
tomelilla,tomelilla,tomelilla-arrangemangs-och-evenemangsstod,Arrangemangs- och evenemangsstöd,1,,,https://tomelilla.se/upplevaochgora/foreningsliv/stodtillforeningar/verksamhetsstodforforeningar.1093.html
tomelilla,tomelilla,tomelilla-utvecklingsstod,Utvecklingsstöd,1,,,https://tomelilla.se/upplevaochgora/foreningsliv/stodtillforeningar/verksamhetsstodforforeningar.1093.html
trollhattan,trollhattan,trollhattan-studieforbund,Bidrag till studieförbundens lokala organisationer,1,,,https://www.trollhattan.se/startsida/uppleva-och-gora/foreningar-foreningsliv/bidrag-stod-och-elitsponsring/
trosa,trosa,trosa-studieforbund,Bidrag till studieförbund,1,,,https://www.trosa.se/kommun-och-politik/kommunfakta/forfattningssamling/kultur-och-fritidsnamnden-styrdokument/
trosa,trosa,trosa-foreningsbidrag,Föreningsbidrag,1,,,https://www.trosa.se/uppleva-och-gora/fritidsaktiviteter/foreningsliv/
trosa,trosa,trosa-startbidrag,Startbidrag,1,,,https://www.trosa.se/uppleva-och-gora/fritidsaktiviteter/foreningsliv/
tyreso,tyreso,tyreso-enstaka-bidrag,Enstaka bidrag,1,,,https://www.tyreso.se/uppleva--gora/forening/foreningsbidrag-och-stipendier/enstaka-bidrag.html
tyreso,tyreso,tyreso-integrationsbidrag,Integrationsbidrag som utgår från etableringsersättningen,1,,,https://www.tyreso.se/uppleva--gora/forening/foreningsbidrag-och-stipendier/integrationsbidrag.html
umea,umea,umea-lokalhyra-verksamhetsstod,Stöd till lokalhyra (verksamhetsstöd),1,,,https://www.umea.se/upplevaochgora/foreningarforeningsliv/bidragochstod/ansokningstider.4.5d9221f0174f99211465e4.html
upplands-bro,upplands-bro,upplands-bro-kulturbidrag,Kulturföreningsbidrag / arrangemangsstöd,1,,,https://www.upplands-bro.se/uppleva-och-gora/foreningar-och-foreningsliv/bidrag-och-stod-till-foreningar.html
upplands-vasby,upplands-vasby,upplandsvasby-foreningsbidrag-funktionsnedsattning-verksamhet,Föreningsbidrag för verksamhet för personer med funktionsnedsättning,1,,,https://www.upplandsvasby.se/uppleva-och-gora/foreningar-och-foreningsliv/bidrag-stod-och-stipendier.html
upplands-vasby,upplands-vasby,upplandsvasby-uppdragsbidrag-utanforskap,Uppdragsbidrag kopplat till arbete mot utanförskap,1,,,https://www.upplandsvasby.se/uppleva-och-gora/foreningar-och-foreningsliv/bidrag-stod-och-stipendier.html
uppsala,uppsala,uppsala-aktivitetsbidrag-aldre,Aktivitets- och sammankomstbidrag för äldre 60+,1,,,https://www.uppsala.se/kultur-idrott-fritid/foreningar/bidrag/bidrag-till-foreningsverksamhet-for-idrott-och-fritid/aktivitetsbidrag-och-sammankomstbidrag-for-aldre-60/
uppsala,uppsala,uppsala-projektbidrag-barn-ungas-fria-tid,Projektbidrag till barns och ungas fria tid,1,,,https://www.uppsala.se/kultur-idrott-fritid/foreningar/bidrag/bidrag-till-oppen-fritidsverksamhet-for-barn-och-unga/projektbidrag-till-barns-och-ungas-fria-tid/
uppsala,uppsala,uppsala-utvecklingsbidrag,Utvecklings- och projektbidrag (idrott och fritid),1,,,https://www.uppsala.se/kultur-idrott-fritid/foreningar/bidrag/bidrag-till-foreningsverksamhet-for-idrott-och-fritid/utvecklingsbidrag--projektbidrag/
vadstena,vadstena,vadstena-aktivitetsbidrag,Aktivitetsbidrag för ungdomsverksamhet,1,,,https://www.vadstena.se/kultur-fritid/bidrag-till-kultur-och-fritid/att-soka-bidrag/
vadstena,vadstena,vadstena-arrangemang,Arrangemangsbidrag,1,,,https://www.vadstena.se/kultur-fritid/bidrag-till-kultur-och-fritid/att-soka-bidrag/
vadstena,vadstena,vadstena-regionalt-nationellt,Bidrag till verksamhet av regionalt eller nationellt intresse,1,,,https://www.vadstena.se/kultur-fritid/bidrag-till-kultur-och-fritid/att-soka-bidrag/
vaggeryd,vaggeryd,vaggeryd-registreringsstod,Registreringsstöd,1,,,https://www.vaggeryd.se/uppleva-och-gora/foreningar-foreningsliv/foreningsbidrag.html
vaggeryd,vaggeryd,vaggeryd-verksamhetsbidrag,Verksamhetsbidrag,1,,,https://www.vaggeryd.se/uppleva-och-gora/foreningar-foreningsliv/foreningsbidrag.html
valdemarsvik,valdemarsvik,valdemarsvik-evenemangsstod,Evenemangsstöd,1,,,https://www.valdemarsvik.se/kommun/kultur-fritid/foreningsbidrag/
valdemarsvik,valdemarsvik,valdemarsvik-investeringsstod,Investerings- och upprustningsstöd,1,,,https://www.valdemarsvik.se/kommun/kultur-fritid/foreningsbidrag/
valdemarsvik,valdemarsvik,valdemarsvik-kulturforeningsstod,Kulturföreningsstöd,1,,,https://www.valdemarsvik.se/kommun/kultur-fritid/foreningsbidrag/
valdemarsvik,valdemarsvik,valdemarsvik-stod-till-studieforbund-och-barnrattsorganisationer,Stöd till studieförbund och barnrättsorganisationer,1,,,https://www.valdemarsvik.se/kommun/kultur-fritid/foreningsbidrag/
valdemarsvik,valdemarsvik,valdemarsvik-ungdomspotten-”snabbslanten”,Ungdomspotten ”snabbslanten”,1,,,https://www.valdemarsvik.se/kommun/kultur-fritid/foreningsbidrag/
vallentuna,vallentuna,vallentuna-foreningsbidrag-pensionarsforeningar-social,Föreningsbidrag till pensionärsföreningar (socialnämnden),1,,,https://www.vallentuna.se/omsorg-och-hjalp/anhoriga-och-frivilliga/frivilligt-arbete-och-organisationer/foreningsbidrag/
vallentuna,vallentuna,vallentuna-lokalsubvention-moteslokaler,Lokalsubvention – möteslokaler,1,,,https://dok.vallentuna.se/file/f%C3%B6rfattningssamling/4.%20kultur%20och%20fritid/4.4%20taxor%20och%20ers%C3%A4ttningar/4.4.1%20Bidragsnormer%20f%C3%B6r%20f%C3%B6reningsverksamhet.pdf
vanersborg,vanersborg,vanersborg-medlemsbidrag,Medlemsbidrag,1,,,https://vanersborg.se/download/18.63cb04eb197a2053a89b3daa/1751518201295/Riktlinje%20f%C3%B6r%20f%C3%B6reningsbidrag%20inom%20kultur-%20och%20fritidsn%C3%A4mndens%20verksamhetsomr%C3%A5de%20antagten%202025-05-20.pdf
vara,vara,vara-bidrag-enskild-vag,Bidrag till enskild väg,1,,,https://vara.se/kommunochpolitik/varorganisationochverksamhet/planerochstyrandedokument/bidrag.html
varberg,varberg,varberg-oforutsedda-kostnader,Bidrag för oförutsedda kostnader,1,,,https://varberg.se/uppleva-och-gora/foreningar-foreningsliv/bidrag-stod-och-stipendier/foreningsbidrag-inom-idrotts--och-fritidsomradet/foreningsbidrag-for-lokaler-och-anlaggningar-inom-idrotts--och-fritidsomradet
varberg,varberg,varberg-bidrag-rf-sisu-halland,Bidrag till RF Sisu Halland,1,,,https://varberg.se/uppleva-och-gora/foreningar-foreningsliv/bidrag-stod-och-stipendier/foreningsbidrag-inom-idrotts--och-fritidsomradet/foreningsbidrag-for-verksamhet-inom-idrotts--och-fritidsomradet
varberg,varberg,varberg-dialogbaserat-verksamhetsbidrag,Dialogbaserat verksamhetsbidrag,1,,,https://varberg.se/uppleva-och-gora/foreningar-foreningsliv/bidrag-stod-och-stipendier/foreningsbidrag-inom-idrotts--och-fritidsomradet/foreningsbidrag-for-verksamhet-inom-idrotts--och-fritidsomradet
varberg,varberg,varberg-landsbygdschecken,Landsbygdschecken,1,,,https://sjalvservice.varberg.se/oversikt/overview/64
varberg,varberg,varberg-medlemsbidrag-funktionsnedsattning,Medlemsbidrag till föreningar för personer med funktionsnedsättning,1,,,https://varberg.se/uppleva-och-gora/foreningar-foreningsliv/bidrag-stod-och-stipendier/foreningsbidrag-inom-idrotts--och-fritidsomradet/foreningsbidrag-for-verksamhet-inom-idrotts--och-fritidsomradet
vargarda,vargarda,vargarda-belysningsbidrag,Drift- och underhållsbidrag till vägbelysning,1,,,https://www.vargarda.se/samhallsplanering-och-trafik/trafik-gator-och-parkering/gator-och-vagar/driftbidrag-for-vag--och-belysningsforeningar.html
vargarda,vargarda,vargarda-vagbidrag,Driftbidrag till enskilda vägar,1,,,https://www.vargarda.se/samhallsplanering-och-trafik/trafik-gator-och-parkering/gator-och-vagar/driftbidrag-for-vag--och-belysningsforeningar.html
varnamo,varnamo,varnamo-arrangemangsbidrag,Arrangemangsbidrag,1,,,https://kommun.varnamo.se/kultur-och-fritid/foreningar-och-foreningsliv/bidrag-och-stod-till-foreningar.html
varnamo,varnamo,varnamo-enskilt-avlopp,Bidrag för åtgärd av enskilt avlopp,1,,,https://kommun.varnamo.se/kultur-och-fritid/foreningar-och-foreningsliv/bidrag-och-stod-till-foreningar.html
varnamo,varnamo,varnamo-energi-klimatbidrag,Energi- och klimatbidrag,1,,,https://kommun.varnamo.se/kultur-och-fritid/foreningar-och-foreningsliv/bidrag-och-stod-till-foreningar.html
varnamo,varnamo,varnamo-ledarutbildningsbidrag-–-barn-och-ungdom,Ledarutbildningsbidrag – barn och ungdom,1,,,https://kommun.varnamo.se/kultur-och-fritid/foreningar-och-foreningsliv/bidrag-och-stod-till-foreningar.html
varnamo,varnamo,"varnamo-ledarutbildningsbidrag-–-funktionsratt,-pensionar-och-samhallsnytta","Ledarutbildningsbidrag – funktionsrätt, pensionär och samhällsnytta",1,,,https://kommun.varnamo.se/kultur-och-fritid/foreningar-och-foreningsliv/bidrag-och-stod-till-foreningar.html
varnamo,varnamo,"varnamo-lokalbidrag-–-funktionsratt,-pensionar-och-samhallsnytta","Lokalbidrag – funktionsrätt, pensionär och samhällsnytta",1,,,https://kommun.varnamo.se/kultur-och-fritid/foreningar-och-foreningsliv/bidrag-och-stod-till-foreningar.html
vasteras,vasteras,vasteras-driftsstod-samlingslokaler,Driftsstöd till samlingslokaler (kulturnämnden),1,,,https://www.vasteras.se/uppleva-och-gora/foreningar-foreningsliv/bidrag-ekonomiskt-stod-till-foreningar/regelverk-for-stod-till-samlingslokaler-inom-kulturnamnden.html
vasteras,vasteras,vasteras-idrottsstod,Föreningsstöd till idrottsföreningar,1,,,https://www.vasteras.se/uppleva-och-gora/foreningar-foreningsliv/bidrag-ekonomiskt-stod-till-foreningar/riktlinjer-for-idrottsforeningar.html
vasteras,vasteras,vasteras-projekt-arrangemang,Stöd till enskilda projekt eller arrangemang,1,,,https://www.vasteras.se/uppleva-och-gora/foreningar-foreningsliv/bidrag-ekonomiskt-stod-till-foreningar.html
vasteras,vasteras,vasteras-verksamhetsstod-pensionar,Verksamhetsstöd till pensionärsföreningar (äldrenämnden),1,,,https://www.vasteras.se/uppleva-och-gora/foreningar-foreningsliv/bidrag-ekonomiskt-stod-till-foreningar.html
vastervik,vastervik,vastervik-foreningsledarstipendium,Föreningsledarstipendium,1,,,https://www.vastervik.se/Uppleva-och-gora/Foreningar-foreningsliv/stod-bidrag-och-stipendier/
vastervik,vastervik,vastervik-kulturstipendium,Kulturstipendium,1,,,https://www.vastervik.se/Uppleva-och-gora/Foreningar-foreningsliv/stod-bidrag-och-stipendier/
vastervik,vastervik,vastervik-arets-ideella-samhallsutvecklare,Årets ideella samhällsutvecklare,1,,,https://www.vastervik.se/Uppleva-och-gora/Foreningar-foreningsliv/stod-bidrag-och-stipendier/
vaxholm,vaxholm,vaxholm-socialnamndens-foreningsbidrag,Föreningsbidrag från socialnämnden,1,,,https://www.vaxholm.se/omsorg--stod/ekonomiskt-stod-och-radgivning/stipendier-och-bidrag/foreningsbidrag-fran-socialnamnden
vaxholm,vaxholm,vaxholm-lokalbidrag,Lokalbidrag,1,,,https://www.vaxholm.se/uppleva--gora/foreningsliv-och-bidrag/bidrag-och-stod-till-foreningar
vaxjo,vaxjo,vaxjo-verksamhetsstod-byalag,"Verksamhetsstöd (byalag, samhälls-, byggnads-, hembygds- och bygdegårdsföreningar)",1,,,https://www.vaxjo.se/sidor/politik-och-demokrati/ekonomi/sok-stod-till-foreningar/stod-till-byalag-samhalls--byggnads--hembygds--och-bygdegardsforeningar.html
vingaker,vingaker,vingaker-evenemangsbidrag,Evenemangsbidrag,1,,,https://vingaker.se/kultur--fritid/foreningsliv
ydre,ydre,ydre-anlaggningsbidrag-hyra,Anläggningsbidrag – hyreskostnader,1,,,https://www.ydre.se/ydre-kommun/kultur-och-fritid/foreningar-och-foreningsbidrag/bidragsregler
ydre,ydre,ydre-utvecklingsbidrag,Utvecklingsbidrag,1,,,https://www.ydre.se/ydre-kommun/kultur-och-fritid/foreningar-och-foreningsbidrag/bidragsregler
ystad,ystad,ystad-grundbidrag,Grundbidrag,1,,,https://ystad.fri-go.se/bidrag/ansokaninfo.aspx?type=13&year=2026
ale,ale,ale-driftsbidrag,Driftsbidrag,2,,,https://ale.se/uppleva-och-gora/foreningar-foreningsliv/bidrag-stod-och-stipendier.html
ale,ale,ale-investeringsbidrag,Investeringsbidrag,2,,,https://ale.se/uppleva-och-gora/foreningar-foreningsliv/bidrag-stod-och-stipendier.html
ale,ale,ale-ledarutbildning,Ledarutbildningsbidrag,2,,,https://ale.se/uppleva-och-gora/foreningar-foreningsliv/bidrag-stod-och-stipendier.html
ale,ale,ale-lokalbidrag,Lokalbidrag,2,,,https://ale.se/uppleva-och-gora/foreningar-foreningsliv/bidrag-stod-och-stipendier.html
ale,ale,ale-lovbidrag,Lovbidrag,2,,,https://ale.se/uppleva-och-gora/foreningar-foreningsliv/bidrag-stod-och-stipendier.html
ale,ale,ale-projekt-arrangemang,Projekt- och arrangemangsbidrag,2,,,https://ale.se/uppleva-och-gora/foreningar-foreningsliv/bidrag-stod-och-stipendier.html
ale,ale,ale-studieforbund,Stöd till studieförbund,2,,,https://ale.se/uppleva-och-gora/foreningar-foreningsliv/bidrag-stod-och-stipendier.html
ale,ale,ale-trygg-forening,Trygg förening-bidrag,2,,,https://ale.se/uppleva-och-gora/foreningar-foreningsliv/trygg-forening---bidrag.html
alingsas,alingsas,alingsas-annan-anlaggning,Bidrag till annan anläggning,2,,,https://municipio.alingsas.se/wp-content/uploads/networks/1/sites/2/2025/11/regler-och-riktlinjer-for-foreningsbidrag-antagen.pdf
alingsas,alingsas,alingsas-samverkansbidrag,Bidrag till samverkansorganisationer,2,,,https://municipio.alingsas.se/wp-content/uploads/networks/1/sites/2/2025/11/regler-och-riktlinjer-for-foreningsbidrag-antagen.pdf
alingsas,alingsas,alingsas-funktionsvariation-social,Föreningsbidrag till organisationer och föreningar som jobbar med funktionsvariationsfrågor eller med social verksamhet,2,,,https://municipio.alingsas.se/wp-content/uploads/networks/1/sites/2/2025/11/regler-och-riktlinjer-for-foreningsbidrag-antagen.pdf
alingsas,alingsas,alingsas-startbidrag,Startbidrag,2,,,https://municipio.alingsas.se/wp-content/uploads/networks/1/sites/2/2025/11/regler-och-riktlinjer-for-foreningsbidrag-antagen.pdf
alingsas,alingsas,alingsas-vagbidrag-utokat,Utökat vägbidrag,2,,,https://www.alingsas.se/trafik-och-gator/vagbidrag/
alvesta,alvesta,alvesta-ledarutbildning,Ledarutbildningsbidrag,2,,,https://www.alvesta.se/uppleva-och-gora/foreningar-och-foreningsliv/foreningsstod-och-externa-bidrag/
alvesta,alvesta,alvesta-projekt-fritid,Projektbidrag: Aktiv fritid för alla,2,,,https://www.alvesta.se/uppleva-och-gora/foreningar-och-foreningsliv/foreningsstod-och-externa-bidrag/
alvesta,alvesta,alvesta-projekt-ungdom,Projektbidrag: Ungdom leder ungdom,2,,,https://www.alvesta.se/uppleva-och-gora/foreningar-och-foreningsliv/foreningsstod-och-externa-bidrag/
alvesta,alvesta,alvesta-rantstod,Räntestöd för föreningslån,2,,,https://www.alvesta.se/uppleva-och-gora/foreningar-och-foreningsliv/foreningsstod-och-externa-bidrag/
alvesta,alvesta,alvesta-nystartat-bidrag,Stöd till nystartade föreningar,2,,,https://www.alvesta.se/uppleva-och-gora/foreningar-och-foreningsliv/foreningsstod-och-externa-bidrag/
alvkarleby,alvkarleby,alvkarleby-enskilda-vagar,Driftbidrag till enskilda vägar,2,,,https://www.alvkarleby.se/uppleva-och-gora/kultur/bidrag-stod-och-stipendier.html
aneby,aneby,aneby-studieforbund-stod,Stöd till studieförbund,2,,,https://aneby.se/sidor/kultur-fritid-och-turism/foreningar-foreningsliv/kultur--och-foreningsstod.html
angelholm,angelholm,angelholm-inventariestod,Inventariestöd,2,,,https://www.engelholm.se/uppleva-och-gora/bidrag-sponsring-och-priser/foreningsbidrag/inventariestod---villkor-vid-ansokan.html
angelholm,angelholm,angelholm-kulturpriset,Kulturpriset,2,,,https://www.engelholm.se/uppleva-och-gora/bidrag-sponsring-och-priser/priser-och-nomineringar.html
angelholm,angelholm,angelholm-landsbygdspotten,Landsbygdspotten,2,,,https://www.engelholm.se/uppleva-och-gora/bidrag-sponsring-och-priser/foreningsbidrag/landsbygdspotten---villkor-vid-ansokan.html
angelholm,angelholm,angelholm-skotselbidrag,Skötselbidrag,2,,,https://www.engelholm.se/uppleva-och-gora/bidrag-sponsring-och-priser/foreningsbidrag.html
angelholm,angelholm,angelholm-segerstrom-skollovskolonifond,Stiftelsen Lisa och Wilhelm Segerströms skollovskolonifond,2,,,https://www.engelholm.se/stod-och-omsorg/ekonomiskt-och-socialt-stod/stiftelser-och-fonder.html
angelholm,angelholm,angelholm-studieforbund,Studieförbund,2,,,https://www.engelholm.se/uppleva-och-gora/bidrag-sponsring-och-priser/foreningsbidrag/studieforbund---villkor-vid-ansokan.html
angelholm,angelholm,angelholm-social-sarskilt-viktig-verksamhet,Stöd till social verksamhet — särskilt viktig verksamhet,2,,,https://www.engelholm.se/uppleva-och-gora/bidrag-sponsring-och-priser/foreningsbidrag/stod-till-social-verksamhet---villkor-vid-ansokan.html
angelholm,angelholm,angelholm-verksamhetsstod,Verksamhetsstöd,2,,,https://www.engelholm.se/uppleva-och-gora/bidrag-sponsring-och-priser/foreningsbidrag/verksamhetsstod---villkor-vid-ansokan.html
arboga,arboga,arboga-investeringsbidrag,Investeringsbidrag,2,,,https://arboga.se/uppleva-och-gora/foreningar-anlaggningar-och-lokaler/soka-foreningsbidrag.html
arboga,arboga,arboga-lovbidrag,Lovbidrag,2,,,https://arboga.se/uppleva-och-gora/foreningar-anlaggningar-och-lokaler/soka-foreningsbidrag.html
arboga,arboga,arboga-subventionerad-hyra,Subventionerad hyra,2,,,https://arboga.se/uppleva-och-gora/foreningar-anlaggningar-och-lokaler/soka-foreningsbidrag.html
arboga,arboga,arboga-verksamhetsbidrag-foreningar,Verksamhetsbidrag föreningar,2,,,https://arboga.se/uppleva-och-gora/foreningar-anlaggningar-och-lokaler/soka-foreningsbidrag.html
arboga,arboga,arboga-verksamhetsbidrag-studieforbund,Verksamhetsbidrag studieförbund,2,,,https://arboga.se/uppleva-och-gora/foreningar-anlaggningar-och-lokaler/soka-foreningsbidrag.html
arjeplog,arjeplog,arjeplog-stimulansbidrag-folkhalsa,Stimulansbidrag för folkhälsoinsatser,2,,,https://arjeplog.se/foretag-forening-och-naringsliv/stod-och-bidrag-for-kultur-utveckling-och-folkhalsa/
arjeplog,arjeplog,arjeplog-utvecklingspeng,Utvecklingspeng,2,,,https://arjeplog.se/foretag-forening-och-naringsliv/stod-och-bidrag-for-kultur-utveckling-och-folkhalsa/
arvika,arvika,arvika-utvecklingsprojekt-kultur,Bidrag till kulturella utvecklingsprojekt,2,,,https://www.arvika.se/upplevaochgora/foreningarforeningsliv/bidragstodstipendier/stodinomkultursektorn.2744.html
arvika,arvika,arvika-pensionarsorganisationer,Bidrag till pensionärsorganisationer,2,,,https://www.arvika.se/upplevaochgora/foreningarforeningsliv/bidragstodstipendier/stodinomsocialasektorn.2746.html
arvika,arvika,arvika-driftsbidrag,Driftsbidrag — Underhåll av föreningslokal,2,,,https://www.arvika.se/upplevaochgora/foreningarforeningsliv/bidragstodstipendier/stodinomfritidssektorn.2742.html
arvika,arvika,arvika-funktionsratt,Funktionsrätt Arvika — Årligt bidrag,2,,,https://www.arvika.se/upplevaochgora/foreningarforeningsliv/bidragstodstipendier/stodinomsocialasektorn.2746.html
arvika,arvika,arvika-ledartranering,Ledarträningsbidrag,2,,,https://www.arvika.se/upplevaochgora/foreningarforeningsliv/bidragstodstipendier/stodinomfritidssektorn.2742.html
askersund,askersund,askersund-arrangemangsbidrag-kultur,Arrangemangsbidrag Kultur,2,,,https://www.askersund.se/uppleva--gora/foreningar-foreningsliv/bidrag-och-stod-till-civilsamhallet
askersund,askersund,askersund-driftbidrag-idrott,Driftbidrag idrottanläggning,2,,,https://www.askersund.se/uppleva--gora/foreningar-foreningsliv/bidrag-och-stod-till-civilsamhallet
askersund,askersund,askersund-grundbidrag,Grundbidrag,2,,,https://www.askersund.se/uppleva--gora/foreningar-foreningsliv/bidrag-och-stod-till-civilsamhallet
askersund,askersund,askersund-ledarutbildning,Ledarutbildningsbidrag,2,,,https://www.askersund.se/uppleva--gora/foreningar-foreningsliv/bidrag-och-stod-till-civilsamhallet
askersund,askersund,askersund-lagerbidrag,Lägerbidrag,2,,,https://www.askersund.se/uppleva--gora/foreningar-foreningsliv/bidrag-och-stod-till-civilsamhallet
askersund,askersund,askersund-startbidrag,Startbidrag,2,,,https://www.askersund.se/uppleva--gora/foreningar-foreningsliv/bidrag-och-stod-till-civilsamhallet
askersund,askersund,askersund-trygghetsnarvaro,Trygghetsskapande närvaro,2,,,https://www.askersund.se/uppleva--gora/foreningar-foreningsliv/bidrag-och-stod-till-civilsamhallet
astorp,astorp,astorp-arrangemangsbidrag,Arrangemangsbidrag,2,,,https://eservice.astorp.se/kof_arrangemangsansokan
astorp,astorp,astorp-lovaktivitetsbidrag,Lovaktivitetsbidrag,2,,,https://eservice.astorp.se/kof_lovaktivitetsbidragsans
avesta,avesta,avesta-omsorgsforeningsbidrag,Omsorgsförvaltningens föreningsbidrag,2,,,https://avesta.se/gora-och-uppleva/foreningsliv-och-lokaler/foreningsbidrag/
bengtsfors,bengtsfors,bengtsfors-aktivitetsstod,Aktivitetsstöd till barn- och ungdomsverksamhet,2,,,https://www.bengtsfors.se/uppleva-och-gora/foreningar-och-foreningsliv/bidrag
bengtsfors,bengtsfors,bengtsfors-anlaggningsbidrag,Anläggningsbidrag,2,,,https://www.bengtsfors.se/uppleva-och-gora/foreningar-och-foreningsliv/bidrag
bengtsfors,bengtsfors,bengtsfors-driftsbidrag,Driftsbidrag,2,,,https://www.bengtsfors.se/uppleva-och-gora/foreningar-och-foreningsliv/bidrag
berg,berg,berg-aktivitetsbidrag,Aktivitetsbidrag,2,,,https://berg.se/uppleva-och-gora/foreningsliv-och-foreningar/sok-bidrag-stod-och-stipendier/kommunala-foreningsbidrag
bjurholm,bjurholm,bjurholm-studieforbund,Bidrag till studieförbund,2,,,https://e-tjanster.bjurholm.se/
bjuv,bjuv,bjuv-arrangemangsbidrag-ungdom,Arrangemangsbidrag ungdom,2,,,https://www.bjuv.se/kultur-och-fritid/foreningar/stod-till-foreningar/ungdomsforening.html
bjuv,bjuv,bjuv-individuell-utbildning,Individuell utbildningsbidrag,2,,,https://www.bjuv.se/kultur-och-fritid/foreningar/stod-till-foreningar/ungdomsforening.html
bjuv,bjuv,bjuv-ungdomspengen,Ungdomspengen,2,,,https://www.bjuv.se/kultur-och-fritid/foreningar/stod-till-foreningar/ungdomsforening.html
bjuv,bjuv,bjuv-utbildningsbidrag-ungdom,Utbildningsbidrag ungdom,2,,,https://www.bjuv.se/kultur-och-fritid/foreningar/stod-till-foreningar/ungdomsforening.html
boden,boden,boden-aktivitetsstod-pensionarsforeningar,Aktivitetsstöd till pensionärsföreningar,2,,,https://boden.se/steg-for-steg-guider/ansok-om-foreningsstod
boden,boden,boden-anlaggningsbidrag-foreningsagda,Anläggningsbidrag till föreningsägda anläggningar,2,,,https://boden.se/steg-for-steg-guider/ansok-om-foreningsstod
boden,boden,boden-enskilda-statsbidragsvagar,Bidrag till enskilda statsbidragsvägar (drift och underhåll),2,,,https://boden.se/gator-och-trafik/gator-och-parkering/enskilda-vagar
boden,boden,boden-kulturstipendium,Bodens kulturstipendium,2,,,https://boden.se/uppleva-och-gora/kultur-och-besoksmal/kulturstipendium
boden,boden,boden-byapeng,Byapeng,2,,,https://boden.se/steg-for-steg-guider/ansok-om-foreningsstod
boden,boden,boden-driftstod-badplatser,Driftstöd till föreningsdrivna badplatser,2,,,https://boden.se/steg-for-steg-guider/ansok-om-foreningsstod
boden,boden,boden-hyresstod-aktivitetslokaler,Hyresstöd till aktivitetslokaler,2,,,https://boden.se/steg-for-steg-guider/ansok-om-foreningsstod
boden,boden,boden-lokalt-aktivitetsstod-barn-ungdom,Lokalt aktivitetsstöd för barn- och ungdomsaktiviteter,2,,,https://boden.se/steg-for-steg-guider/ansok-om-foreningsstod
boden,boden,boden-lokalt-aktivitetsstod-funktionsvariation,Lokalt aktivitetsstöd för föreningar med personer med funktionsvariationer,2,,,https://boden.se/steg-for-steg-guider/ansok-om-foreningsstod
boden,boden,boden-projektmedel-byautveckling,Projektmedel till byautvecklingsgrupper,2,,,https://boden.se/samhalle-och-utveckling/samhallsutveckling/en-levande-landsbygd
boden,boden,boden-usm-jsm-nif-stod,"Stöd för deltagande i USM, JSM, NIF distrikts- och länslagsläger samt nationella ungdomsuppdrag",2,,,https://boden.se/steg-for-steg-guider/ansok-om-foreningsstod
boden,boden,boden-skoterleder-skotsel,Stöd för skötsel av skoterleder,2,,,https://boden.se/steg-for-steg-guider/ansok-om-foreningsstod
boden,boden,boden-foreningsjubileum,Stöd till föreningsjubileum,2,,,https://boden.se/steg-for-steg-guider/ansok-om-foreningsstod
boden,boden,boden-stod-till-studieforbund,Stöd till studieförbund,2,,,https://boden.se/steg-for-steg-guider/ansok-om-foreningsstod
boden,boden,boden-verksamhetsstod-funktionsvariation,Verksamhetsstöd riktat till föreningar för barn och ungdomar med funktionsvariationer,2,,,https://boden.se/steg-for-steg-guider/ansok-om-foreningsstod
bollnas,bollnas,bollnas-uppdragsersattning,Uppdragsersättning/Avtal,2,,,https://bollnas.se/uppleva-och-gora/foreningar-foreningsliv/stod-bidrag-och-stipendier/foreningsbidrag
boras,boras,boras-aktivitetsstod,Aktivitetsstöd,2,,,https://www.boras.se/kommunochpolitik/bidragansokompengar/pengarforforeningar/aktivitetsstodforforeningar.4.7965cac6188477a181e79600.html
boras,boras,boras-lokalbidrag,Bidrag till lokaler och anläggningar (lokalhyra/driftsbidrag),2,,,https://www.boras.se/kommunochpolitik/bidragansokompengar/pengarforforeningar/bidragtilllokerochanlaggningar.4.7965cac6188477a181e79626.html
boras,boras,boras-projekt-arrangemangsbidrag-kultur,Projekt- och arrangemangsbidrag (kultur),2,,,https://www.boras.se/kommunochpolitik/bidragansokompengar/pengarforkulturkonstochbildning/projektocharrangemangsbidrag.4.7965cac6188477a181e794c8.html
boras,boras,boras-sociala-insatser,Stöd till sociala insatser för föreningar,2,,,https://www.boras.se/kommunochpolitik/bidragansokompengar/pengarforforeningar/stodtillsocialainsatserforforeningar.4.7965cac6188477a181e79661.html
borgholm,borgholm,borgholm-uppvaxlingsprojekt,Uppväxlingsprojekt,2,,,https://www.borgholm.se/foreningsbidrag/
danderyd,danderyd,danderyd-funktionshinder,Bidrag till fritid för personer med funktionsnedsättning,2,,,https://www.danderyd.se/globalassets/globala-filer/kommun-och-politik/ovriga-styrdokument-ny/styrande-dokument---kultur-och-fritid/regler-for-foreningsbidrag---galler-fr.o.m.-2025-01-01.pdf
degerfors,degerfors,degerfors-specialbidrag,Specialbidrag,2,,,https://www.degerfors.se/uppleva-och-gora/foreningar-och-foreningsstod
dorotea,dorotea,dorotea-anlaggningsbidrag,Anläggningsbidrag,2,,,https://www.dorotea.se/uppleva-och-gora/foreningar-och-foreningsliv/
dorotea,dorotea,dorotea-bygdemedel,Bygdemedel,2,,,https://www.dorotea.se/uppleva-och-gora/foreningar-och-foreningsliv/
dorotea,dorotea,dorotea-kulturbidrag,Kulturbidrag,2,,,https://www.dorotea.se/uppleva-och-gora/foreningar-och-foreningsliv/
dorotea,dorotea,dorotea-ledarutbildning,Ledarutbildningsbidrag,2,,,https://www.dorotea.se/uppleva-och-gora/foreningar-och-foreningsliv/
dorotea,dorotea,dorotea-lokalbidrag,Lokalbidrag,2,,,https://www.dorotea.se/uppleva-och-gora/foreningar-och-foreningsliv/
dorotea,dorotea,dorotea-statligt-aktivitetsstod,Statligt aktivitetsstöd,2,,,https://www.dorotea.se/uppleva-och-gora/foreningar-och-foreningsliv/foreningsstod/statligt-aktivitetsstod/
dorotea,dorotea,dorotea-specialbidrag,Särskilda bidrag,2,,,https://www.dorotea.se/uppleva-och-gora/foreningar-och-foreningsliv/
ekero,ekero,ekero-anlaggningsstod-drift,Anläggningsstöd för drift,2,,,https://www.ekero.se/uppleva-gora/idrott--foreningar/foreningsstod-och-bidrag
eksjo,eksjo,eksjo-investeringsbidrag,Investeringsbidrag,2,,,https://eksjo.se/kultur-och-fritid/foreningsliv/foreningsbidrag
eksjo,eksjo,eksjo-kulturpeng-unga,Kulturpeng för unga,2,,,https://eksjo.se/kultur-och-fritid/foreningsliv/foreningsbidrag
eksjo,eksjo,eksjo-lokalbidrag,Lokalbidrag,2,,,https://eksjo.se/kultur-och-fritid/foreningsliv/foreningsbidrag
eksjo,eksjo,eksjo-samlingslokalbidrag,Samlingslokalbidrag,2,,,https://eksjo.se/kultur-och-fritid/foreningsliv/foreningsbidrag
eksjo,eksjo,eksjo-studieforbund,Studieförbundsbidrag,2,,,https://eksjo.se/kultur-och-fritid/foreningsliv/foreningsbidrag
eksjo,eksjo,eksjo-stod-projekt,Stödbidrag för projekt,2,,,https://eksjo.se/kultur-och-fritid/foreningsliv/foreningsbidrag
emmaboda,emmaboda,emmaboda-studieforbund,Bidrag till studieförbund,2,,,https://www.emmaboda.se/uppleva--gora/gora/kultur/bidrag--stod/foreningsbidrag.html
emmaboda,emmaboda,emmaboda-lokalbidrag,Lokalbidrag,2,,,https://www.emmaboda.se/uppleva--gora/gora/kultur/bidrag--stod/foreningsbidrag.html
emmaboda,emmaboda,emmaboda-verksamhetsbidrag,Verksamhetsbidrag,2,,,https://www.emmaboda.se/uppleva--gora/gora/kultur/bidrag--stod/foreningsbidrag.html
eslov,eslov,eslov-arrangemangsstod,Arrangemangsstöd,2,,,https://eslov.se/uppleva-gora/foreningar-och-studieforbund/bidrag-stod-och-stipendier/
essunga,essunga,essunga-kultur-fritidsbidrag,Bidrag för kultur- och fritidsföreningar,2,,,https://sjalvservice.essunga.se/
essunga,essunga,essunga-verksamhetsbidrag,Verksamhetsbidrag,2,,,https://www.essunga.se/uppleva--gora/foreningar.html
fagersta,fagersta,fagersta-drift-underhall,Drift- och underhållsbidrag,2,,,https://fagersta.se/uppleva--gora/foreningsinformation/bidrag-och-stod
fagersta,fagersta,fagersta-aktivitetsstod,Kommunalt aktivitetsstöd,2,,,https://fagersta.se/uppleva--gora/foreningsinformation/bidrag-och-stod
fagersta,fagersta,fagersta-riktat,Riktat föreningsbidrag,2,,,https://fagersta.se/uppleva--gora/foreningsinformation/bidrag-och-stod
falkenberg,falkenberg,falkenberg-aktivitetsbidrag-65plus,Aktivitetsbidrag 65+,2,,,https://kommun.falkenberg.se/kultur-och-fritid/foreningar-inom-kultur-fritid-och-idrott/soka-bidrag-inom-kultur-fritid-och-idrott
falkenberg,falkenberg,falkenberg-aktivitetsbidrag-lok-stod,Aktivitetsbidrag/LOK-stöd,2,,,https://kommun.falkenberg.se/kultur-och-fritid/foreningar-inom-kultur-fritid-och-idrott/soka-bidrag-inom-kultur-fritid-och-idrott
falkenberg,falkenberg,falkenberg-hembygdsforeningar,Bidrag till hembygdsföreningar,2,,,https://kommun.falkenberg.se/kultur-och-fritid/foreningar-inom-kultur-fritid-och-idrott/soka-bidrag-inom-kultur-fritid-och-idrott
falkenberg,falkenberg,falkenberg-bidrag-samlingslokal,Bidrag till samlingslokal,2,,,https://kommun.falkenberg.se/kultur-och-fritid/foreningar-inom-kultur-fritid-och-idrott/soka-bidrag-inom-kultur-fritid-och-idrott
falkenberg,falkenberg,falkenberg-hallbarhetspriset,Hållbarhetspriset,2,,,https://kommun.falkenberg.se/om-kommunen/kommunens-priser/hallbarhetspriset
falkenberg,falkenberg,falkenberg-kulturpriset,Kulturpriset,2,,,https://kommun.falkenberg.se/om-kommunen/kommunens-priser/kulturpriset
falkenberg,falkenberg,falkenberg-natur-miljovardsbidrag,Natur- och miljövårdsbidrag,2,,,https://kommun.falkenberg.se/bygga-bo-och-miljo/hallbar-omstallning/naturvard/natur-och-miljoevardsbidrag
falkenberg,falkenberg,falkenberg-stiftelser-fonder,"Stiftelser, stipendier och fonder",2,,,https://kommun.falkenberg.se/om-kommunen/ekonomi-kvalitet-och-styrning/kommunens-ekonomi/stiftelser-stipendier-och-fonder
falkoping,falkoping,falkoping-folkhalsorad,Folkhälsoråd (samordning),2,,,https://www.falkoping.se/uppleva--gora/foreningar/foreningsbidrag
falkoping,falkoping,falkoping-studieforbundsbidrag,Studieförbundsbidrag,2,,,https://www.falkoping.se/uppleva--gora/foreningar/foreningsbidrag
falkoping,falkoping,falkoping-vag-anslutningsbidrag,VA-anslutningsbidrag,2,,,https://www.falkoping.se/uppleva--gora/foreningar/foreningsbidrag
falun,falun,falun-socialnamnd-stiftelser,Arbetslivs- och socialnämndens stiftelser (sociala ändamål),2,,,https://www.falun.se/stod--omsorg/arbetslivs--och-socialnamndens-stiftelser.html
falun,falun,falun-pensionar-grundbidrag,Grundbidrag för pensionärsorganisationer,2,,,https://www.falun.se/gora--uppleva/foreningar-och-bidrag/bidrag-stod-och-stipendier/pensionarsverksamhet.html
falun,falun,falun-lokalbidrag-hyrda-vavstugor,Lokalbidrag till hyrda kontraktsbundna vävstugor,2,,,https://www.falun.se/gora--uppleva/foreningar-och-bidrag/bidrag-stod-och-stipendier/bidrag-till-kultur--idrotts--och-fritidsforeningar/bidragsregler-for-kultur--och-fritidsforvaltningen.html
falun,falun,falun-projektbidrag-sarskilda-projekt,Projektbidrag för särskilda projekt och publika arrangemang,2,,,https://www.falun.se/gora--uppleva/foreningar-och-bidrag/bidrag-stod-och-stipendier/bidrag-till-kultur--idrotts--och-fritidsforeningar/bidragsregler-for-kultur--och-fritidsforvaltningen.html
falun,falun,falun-start-av-forening,Start av förening,2,,,https://www.falun.se/gora--uppleva/foreningar-och-bidrag/bidrag-stod-och-stipendier/bidrag-till-kultur--idrotts--och-fritidsforeningar/bidragsregler-for-kultur--och-fritidsforvaltningen.html
filipstad,filipstad,filipstad-investeringsbidrag,Investeringsbidrag,2,,,https://www.filipstad.se/toppmeny/upplevaochgora/foreningsverksamhet/foreningsochverksamhetsbidrag.912.html
filipstad,filipstad,filipstad-socialbidrag,Socialt verksamhetsbidrag,2,,,https://www.filipstad.se/toppmeny/upplevaochgora/foreningsverksamhet/foreningsochverksamhetsbidrag.912.html
finspang,finspang,finspang-ungdomscheck,Ungdomscheck,2,,,https://finspang.se/kulturochfritid/foreningsliv-och-bidrag
flen,flen,flen-arrangemangsbidrag,Arrangemangsbidrag,2,,,https://flen.se/uppleva--gora/foreningsliv
flen,flen,flen-investeringsbidrag,Investeringsbidrag,2,,,https://flen.se/uppleva--gora/foreningsliv
forshaga,forshaga,forshaga-arrangemangsstod,Arrangemangsstöd,2,,,https://www.forshaga.se/upplevaochgora/foreningarforeningsliv/stodtillforeningslivet.4.70c52033121865b13988000283.html
forshaga,forshaga,forshaga-aktivitetsstod,Kommunalt aktivitetsstöd,2,,,https://www.forshaga.se/upplevaochgora/foreningarforeningsliv/stodtillforeningslivet.4.70c52033121865b13988000283.html
gagnef,gagnef,gagnef-arrangorbidrag,Arrangeörbidrag,2,,,https://www.gagnef.se/kultur-och-fritid/fritid-och-idrott/stod-och-bidrag-inom-kultur-fritids-och-idrottsverksamhet-2/
gagnef,gagnef,gagnef-fritidsidrott,"Föreningsbidrag fritid, idrott och kultur",2,,,https://www.gagnef.se/kultur-och-fritid/fritid-och-idrott/stod-och-bidrag-inom-kultur-fritids-och-idrottsverksamhet-2/
gagnef,gagnef,gagnef-socialt-foreningsbidrag,Föreningsbidrag inom socialt område,2,,,https://www.gagnef.se/stod-omsorg-och-vard/foreningsbidrag/
gallivare,gallivare,gallivare-fritidkultur,Fritids- och kulturbidrag,2,,,https://gallivare.se/omsorg-och-stod/ekonomi---stod-och-radgivning/bidrag-stod-och-stipendier
gallivare,gallivare,gallivare-kulturstod,Kulturstöd,2,,,https://gallivare.se/omsorg-och-stod/ekonomi---stod-och-radgivning/bidrag-stod-och-stipendier
gallivare,gallivare,gallivare-socialbidrag,Socialt verksamhetsbidrag,2,,,https://gallivare.se/omsorg-och-stod/ekonomi---stod-och-radgivning/bidrag-stod-och-stipendier
gavle,gavle,gavle-arrangemangsstod,Arrangemangsstöd (kultur),2,,,https://www.gavle.se/kommunens-service/kultur-och-fritid/foreningar-och-organisationer/sok-foreningsstod/sok-arrangemangsstod/
gavle,gavle,gavle-medlemsstod,Medlemsstöd,2,,,https://www.gavle.se/kommunens-service/kultur-och-fritid/foreningar-och-organisationer/sok-foreningsstod/sok-medlemsstod/
gislaved,gislaved,gislaved-namndens-forfogande,Nämndens förfogande,2,True,angivet,https://www.gislaved.se/uppleva-och-gora/foreningsliv/foreningsbidrag-fritid--och-kulturforeningar
gislaved,gislaved,gislaved-verksamhetsbidrag-studieforbund,Verksamhetsbidrag studieförbund,2,False,angivet,https://www.gislaved.se/uppleva-och-gora/foreningsliv/foreningsbidrag-fritid--och-kulturforeningar
gnesta,gnesta,gnesta-anlaggningsbidrag,Anläggningsbidrag,2,,,https://www.gnesta.se/kulturfritid/foreningar/foreningsbidrag.4.233511f518beb6dc90023ca9.html
gnesta,gnesta,gnesta-arrangemangsbidrag,Arrangemangsbidrag,2,,,https://www.gnesta.se/kulturfritid/foreningar/foreningsbidrag.4.233511f518beb6dc90023ca9.html
gnesta,gnesta,gnesta-investeringsbidrag,Investeringsbidrag,2,,,https://www.gnesta.se/kulturfritid/foreningar/foreningsbidrag.4.233511f518beb6dc90023ca9.html
gnesta,gnesta,gnesta-ledarutbildning,Ledarutbildningsbidrag,2,,,https://www.gnesta.se/kulturfritid/foreningar/foreningsbidrag.4.233511f518beb6dc90023ca9.html
gnosjo,gnosjo,gnosjo-aktivitetsbidrag,Aktivitetsbidrag,2,,,https://www.gnosjo.se/uppleva-och-gora/foreningar-foreningsliv/bidrag-och-stod-for-foreningar/bidrag-for-aktiviteter
goteborg,goteborg,goteborg-sarskilt-driftsbidrag,Särskilt driftsbidrag för egen anläggning,2,,,https://goteborg.se/wps/portal?uri=gbglnk%3A2022321162949614
gotene,gotene,gotene-funktionshinder,Funktionsnedsättningsbidrag,2,,,https://www.gotene.se/kommunochpolitik/kommunalabestammelserochtillstand/kommunensforfattningar/dokument/f/foreningsbidrag.263933.html
gotene,gotene,gotene-bygdegard,Hembygds-/bygdegårdsbidrag,2,,,https://www.gotene.se/kommunochpolitik/kommunalabestammelserochtillstand/kommunensforfattningar/dokument/f/foreningsbidrag.263933.html
gotene,gotene,gotene-lonebidrag,Kommunalt lönebidrag,2,,,https://www.gotene.se/kommunochpolitik/kommunalabestammelserochtillstand/kommunensforfattningar/dokument/f/foreningsbidrag.263933.html
gotene,gotene,gotene-lokalbidrag,Lokal- och anläggningsbidrag,2,,,https://www.gotene.se/kommunochpolitik/kommunalabestammelserochtillstand/kommunensforfattningar/dokument/f/foreningsbidrag.263933.html
gotene,gotene,gotene-projekt,Projekt- och investeringsbidrag,2,,,https://www.gotene.se/kommunochpolitik/kommunalabestammelserochtillstand/kommunensforfattningar/dokument/f/foreningsbidrag.263933.html
gotene,gotene,gotene-studieforbund,Studieförbundsbidrag,2,,,https://www.gotene.se/kommunochpolitik/kommunalabestammelserochtillstand/kommunensforfattningar/dokument/f/foreningsbidrag.263933.html
gotland,gotland,gotland-funktionsratt-aktivitet-resa-medlem,"Aktivitets-, rese- och medlemsstöd till funktionsrättsföreningar",2,,,https://gotland.se/kultur-och-fritid/bokning-bidrag-och-foreningsliv/stod-till-fritids--och-idrottsforeningar
gotland,gotland,gotland-driftsstod-idrottsanlaggning,Driftsstöd för föreningsägd idrottsanläggning,2,,,https://gotland.se/kultur-och-fritid/bokning-bidrag-och-foreningsliv/stod-till-fritids--och-idrottsforeningar
gotland,gotland,gotland-projektstod,Projektstöd fritid och kultur,2,,,https://gotland.se/kultur-och-fritid/bokning-bidrag-och-foreningsliv
gotland,gotland,gotland-hyresstod-idrottsanlaggning,Stöd för hyreskostnader för idrottsanläggning,2,,,https://gotland.se/kultur-och-fritid/bokning-bidrag-och-foreningsliv/stod-till-fritids--och-idrottsforeningar
grastorp,grastorp,grastorp-foreningsbidrag,Föreningsbidrag,2,,,https://www.grastorp.se/uppleva-och-gora/fritid/foreningar/foreningsstod.html
grastorp,grastorp,grastorp-investeringsbidrag,Investeringsbidrag,2,,,https://www.grastorp.se/uppleva-och-gora/fritid/foreningar/foreningsstod.html
grastorp,grastorp,grastorp-renoveringsbidrag,Renoveringsbidrag,2,,,https://www.grastorp.se/uppleva-och-gora/fritid/foreningar/foreningsstod.html
grums,grums,grums-anlaggningsbidrag,Anläggningsbidrag ungdom,2,,,https://www.grums.se/upplevagora/foreningsliv/foreningsbidrag.8246.html
grums,grums,grums-lok,LOK-stöd,2,,,https://www.grums.se/upplevagora/foreningsliv/foreningsbidrag.8246.html
grums,grums,grums-socialbidrag,Socialt verksamhetsbidrag,2,,,https://www.grums.se/upplevagora/foreningsliv/foreningsbidrag.8246.html
gullspang,gullspang,gullspang-foreningsbidrag,Föreningsbidrag,2,,,https://gullspang.se/Gullspangs-kommun/Kultur--fritid/Foreningar-och-studieforbund/Foreningsbidrag
gullspang,gullspang,gullspang-investeringsbidrag,Investeringsbidrag,2,,,https://gullspang.se/uppleva-och-gora/foreningsliv-och-foreningar/foreningsbidrag-och-investeringsbidrag
habo-uppsala,habo-uppsala,habo-uppsala-lokal-drift,Lokal- och driftsbidrag,2,,,https://www.habo.se/uppleva-och-gora/foreningar/bidrag-och-stod/lokal--och-driftsbidrag.html
halmstad,halmstad,halmstad-administrationsbidrag-vagforeningar,Administrationsbidrag till vägföreningar,2,,,https://www.halmstad.se/trafikochinfrastruktur/vagarochgator/vagforeningarochvagsamfalligheter.n640.html
halmstad,halmstad,halmstad-generellt-bidrag-vagsamfalligheter,Generellt bidrag till vägsamfälligheter,2,,,https://www.halmstad.se/trafikochinfrastruktur/vagarochgator/vagforeningarochvagsamfalligheter.n640.html
halmstad,halmstad,halmstad-investeringsbidrag,Investeringsbidrag,2,,,https://www.halmstad.se/upplevaochgora/foreningarochforeningsliv/bidragochstodtillforeningar/investeringsbidrag.n1904.html
halmstad,halmstad,halmstad-stiftelser-fonder,Stiftelser och fonder,2,,,https://www.halmstad.se/omsorgochstod/ekonomiochforsorjningsstod/sokapengarfranstiftelserochfonder.7474.html
harjedalen,harjedalen,harjedalen-evenemangsstod,Evenemangsstöd,2,,,https://www.herjedalen.se/uppleva-och-gora/foreningar-och-foreningsliv/bidrag-stipendier-och-stod.html
harryda,harryda,harryda-folkbildningsstod,Folkbildningsstöd,2,,,https://www.harryda.se/upplevaochgora/foreningar/stodtillideellaforeningar.4.42a851691818a5d975f1d88.html
harryda,harryda,harryda-sarskilda-avtal,Särskilda avtal,2,,,https://www.harryda.se/upplevaochgora/foreningar/stodtillideellaforeningar.4.42a851691818a5d975f1d88.html
harryda,harryda,harryda-utvecklingsstod,Utvecklingsstöd,2,,,https://www.harryda.se/upplevaochgora/foreningar/stodtillideellaforeningar.4.42a851691818a5d975f1d88.html
hassleholm,hassleholm,hassleholm-aktivitetsbidrag,Aktivitetsbidrag,2,,,https://www.hassleholm.se/uppleva-och-gora/foreningar-och-foreningsliv/bidrag-stod-och-stipendier
hassleholm,hassleholm,hassleholm-lokalbidrag,Lokalbidrag,2,,,https://www.hassleholm.se/uppleva-och-gora/foreningar-och-foreningsliv/bidrag-stod-och-stipendier
hassleholm,hassleholm,hassleholm-tatortsbidrag,Tätortsbidrag,2,,,https://www.hassleholm.se/uppleva-och-gora/foreningar-och-foreningsliv/bidrag-stod-och-stipendier
heby,heby,heby-investeringsstod-samlingslokal,Investeringsstöd för samlingslokaler,2,,,https://www.heby.se/kultur-och-fritid/foreningsliv/information-till-foreningar/foreningsstod-och-annat-stod
helsingborg,helsingborg,helsingborg-von-administrationsbidrag,Administrationsbidrag till pensionärsföreningar,2,,,https://helsingborg.se/omsorg-och-stod/foreningar-med-social-verksamhet/bidrag-fran-vard-och-omsorgsnamnden/
helsingborg,helsingborg,helsingborg-aktivitetsstod,Aktivitetsstöd,2,,,https://helsingborg.se/uppleva-och-gora/foreningar/jag-ar-aktiv-i-en-forening/aktivitetsstod-i-rbok/
helsingborg,helsingborg,helsingborg-en-snabb-slant,En snabb slant,2,,,https://helsingborg.se/uppleva-och-gora/kultur-och-museer/kulturstod-i-helsingborg/
helsingborg,helsingborg,helsingborg-hyresstod-ateljeforeningar,Hyresstöd till ateljéföreningar,2,,,https://helsingborg.se/uppleva-och-gora/kultur-och-museer/kulturstod-i-helsingborg/
helsingborg,helsingborg,helsingborg-startbidrag,Startbidrag,2,,,https://media.helsingborg.se/uploads/networks/1/2022/12/bestammelser-2023.pdf
helsingborg,helsingborg,helsingborg-von-utvecklingsbidrag,Utvecklingsbidrag från vård- och omsorgsnämnden,2,,,https://helsingborg.se/omsorg-och-stod/foreningar-med-social-verksamhet/bidrag-fran-vard-och-omsorgsnamnden/
helsingborg,helsingborg,helsingborg-social-utvecklingsmedel,Utvecklingsmedel från socialnämnden,2,,,https://helsingborg.se/omsorg-och-stod/foreningar-med-social-verksamhet/bidrag-fran-socialnamnden/
helsingborg,helsingborg,helsingborg-verksamhetsstod-kultur,Verksamhetsstöd (kulturnämnden),2,,,https://helsingborg.se/uppleva-och-gora/kultur-och-museer/kulturstod-i-helsingborg/verksamhetsstod/
hogsby,hogsby,hogsby-grundbidrag,Grundbidrag,2,,,https://hogsby.se/uppleva-och-goera/kultur-och-fritid/foereningsliv/bidragsregler/
hogsby,hogsby,hogsby-integrationsproject,Integrationsprojektbidrag,2,,,https://hogsby.se/uppleva-och-goera/kultur-och-fritid/foereningsliv/bidragsregler/
hoor,hoor,hoor-aktivitetsbidrag,Aktivitetsbidrag,2,,,https://www.hoor.se/uppleva-gora/foreningar-foreningsliv/
hoor,hoor,hoor-lokalbidrag,Lokalbidrag,2,,,https://www.hoor.se/uppleva-gora/foreningar-foreningsliv/
hoor,hoor,hoor-studieförbund,Studieförbundsbidrag,2,,,https://www.hoor.se/uppleva-gora/foreningar-foreningsliv/
horby,horby,horby-aktivitetsbidrag,Lokalt aktivitetsstöd 7-25 år,2,,,https://fri.horby.se/bidrag/default.aspx
horby,horby,horby-studieförbund,Studieförbundsbidrag,2,,,https://fri.horby.se/bidrag/ansokaninfo.aspx?type=48&year=2025
horby,horby,horby-verksamhetsbidrag,Verksamhetsbidrag,2,,,https://fri.horby.se/bidrag/ansokaninfo.aspx?type=32&year=2025
huddinge,huddinge,huddinge-anlaggningsbidrag,Anläggningsbidrag,2,,,https://www.huddinge.se/fritid-natur-och-kultur/foreningar-och-bidrag/bidrag-stod-och-stipendier/bidrag-till-foreningar-och-studieforbund/
huddinge,huddinge,huddinge-pensionarsbidrag,Bidrag till pensionärsföreningar,2,,,https://www.huddinge.se/fritid-natur-och-kultur/foreningar-och-bidrag/bidrag-stod-och-stipendier/bidrag-till-foreningar-och-studieforbund/
huddinge,huddinge,huddinge-grundbidrag-social,Grundbidrag till sociala stöd- och hjälporganisationer,2,,,https://www.huddinge.se/fritid-natur-och-kultur/foreningar-och-bidrag/bidrag-stod-och-stipendier/foreningsbidrag-for-sociala-stod--och-hjalporganisationer
huddinge,huddinge,huddinge-hyresbidrag-social,Hyresbidrag till sociala stöd- och hjälporganisationer,2,,,https://www.huddinge.se/fritid-natur-och-kultur/foreningar-och-bidrag/bidrag-stod-och-stipendier/foreningsbidrag-for-sociala-stod--och-hjalporganisationer
huddinge,huddinge,huddinge-lovbidrag,Lovbidrag,2,,,https://www.huddinge.se/fritid-natur-och-kultur/foreningar-och-bidrag/bidrag-stod-och-stipendier/bidrag-till-foreningar-och-studieforbund/
huddinge,huddinge,huddinge-utvecklingsbidrag,Utvecklingsbidrag,2,,,https://www.huddinge.se/fritid-natur-och-kultur/foreningar-och-bidrag/bidrag-stod-och-stipendier/bidrag-till-foreningar-och-studieforbund/
huddinge,huddinge,huddinge-verksamhetsbidrag-ks,"Verksamhetsbidrag (kommunstyrelsen, övriga bidrag)",2,,,https://sammantraden.huddinge.se/welcome-sv/namnder-styrelser/kommunfullmaktige/kommunfullmaktige/agenda/rev-bilaga-hkf-8020-foreningsbidragpdf?downloadMode=open
huddinge,huddinge,huddinge-verksamhetsbidrag-funktionsnedsattning,Verksamhetsbidrag till föreningar för personer med funktionsnedsättning,2,,,https://www.huddinge.se/fritid-natur-och-kultur/foreningar-och-bidrag/bidrag-stod-och-stipendier/foreningsbidrag-for-foreningar-for-personer-med-funktionsnedsattning-och-sociala-stod--och-hjalporganisationer/
huddinge,huddinge,huddinge-verksamhetsbidrag-kultur,Verksamhetsbidrag till kulturföreningar,2,,,https://www.huddinge.se/fritid-natur-och-kultur/foreningar-och-bidrag/bidrag-stod-och-stipendier/bidrag-till-foreningar-och-studieforbund/
huddinge,huddinge,huddinge-verksamhetsbidrag-social,Verksamhetsbidrag till sociala stöd- och hjälporganisationer,2,,,https://www.huddinge.se/fritid-natur-och-kultur/foreningar-och-bidrag/bidrag-stod-och-stipendier/foreningsbidrag-for-sociala-stod--och-hjalporganisationer
kalix,kalix,kalix-bidrag-studieforbund,Bidrag till studieförbund,2,,,https://www.kalix.se/contentassets/c36364d7a9e44ab698f3dee0c34cec6e/bidragsregler--2026.pdf
kalix,kalix,kalix-grundbidrag-kulturforeningar,Grundbidrag till kulturföreningar,2,,,https://www.kalix.se/contentassets/c36364d7a9e44ab698f3dee0c34cec6e/bidragsregler--2026.pdf
kalix,kalix,kalix-samtalsmodellen,Stöd via samtalsmodellen (namngivna föreningar),2,,,https://www.kalix.se/contentassets/c36364d7a9e44ab698f3dee0c34cec6e/bidragsregler--2026.pdf
kalmar,kalmar,kalmar-tkt,TKT – Trygga Kalmar Tillsammans,2,,,https://kalmar.se/uppleva-och-gora/foreningar-och-foreningsliv/foreningsstod/tkt---trygga-kalmar-tillsammans.html
karlshamn,karlshamn,karlshamn-funktionsnedsattning-aktivitetsbidrag,Aktivitetsbidrag för funktionsnedsättningsföreningar,2,,,https://www.karlshamn.se/uppleva-och-gora/foreningar-foreningsliv/bidrag-och-stod/
karlshamn,karlshamn,karlshamn-ungdom-aktivitetsbidrag,Aktivitetsbidrag för ungdomsföreningar,2,,,https://www.karlshamn.se/uppleva-och-gora/foreningar-foreningsliv/bidrag-och-stod/
karlshamn,karlshamn,karlshamn-kultur-arrangemangsbidrag,Arrangemangsbidrag för kulturföreningar,2,,,https://www.karlshamn.se/uppleva-och-gora/foreningar-foreningsliv/bidrag-och-stod/
karlshamn,karlshamn,karlshamn-funktionsnedsattning-grundbidrag,Grundbidrag för funktionsnedsättningsföreningar,2,,,https://www.karlshamn.se/uppleva-och-gora/foreningar-foreningsliv/bidrag-och-stod/
karlshamn,karlshamn,karlshamn-ungdom-grundbidrag,Grundbidrag för ungdomsföreningar,2,,,https://www.karlshamn.se/uppleva-och-gora/foreningar-foreningsliv/bidrag-och-stod/
karlshamn,karlshamn,karlshamn-funktionsnedsattning-lokalbidrag,Lokalbidrag för funktionsnedsättningsföreningar,2,,,https://www.karlshamn.se/uppleva-och-gora/foreningar-foreningsliv/bidrag-och-stod/
karlshamn,karlshamn,karlshamn-pensionar-lokalbidrag,Lokalbidrag för pensionärsföreningar,2,,,https://www.karlshamn.se/uppleva-och-gora/foreningar-foreningsliv/bidrag-och-stod/
karlshamn,karlshamn,karlshamn-samhalle-lokalbidrag,Lokalbidrag för samhällsföreningar,2,,,https://www.karlshamn.se/uppleva-och-gora/foreningar-foreningsliv/bidrag-och-stod/
karlshamn,karlshamn,karlshamn-ungdom-lokalbidrag,Lokalbidrag för ungdomsföreningar,2,,,https://www.karlshamn.se/uppleva-och-gora/foreningar-foreningsliv/bidrag-och-stod/
karlshamn,karlshamn,karlshamn-samhalle-projektbidrag,Projektbidrag för samhällsföreningar,2,,,https://www.karlshamn.se/uppleva-och-gora/foreningar-foreningsliv/bidrag-och-stod/
karlshamn,karlshamn,karlshamn-funktionsnedsattning-verksamhetsbidrag,Verksamhetsbidrag för funktionsnedsättningsföreningar,2,,,https://www.karlshamn.se/uppleva-och-gora/foreningar-foreningsliv/bidrag-och-stod/
karlshamn,karlshamn,karlshamn-pensionar-verksamhetsbidrag,Verksamhetsbidrag för pensionärsföreningar,2,,,https://www.karlshamn.se/uppleva-och-gora/foreningar-foreningsliv/bidrag-och-stod/
karlskoga,karlskoga,karlskoga-sisu-bidrag,SISU-bidrag,2,,,https://karlskoga.se/uppleva--gora/foreningar-och-foreningsliv/foreningsbidrag-och-stod.html
karlskoga,karlskoga,karlskoga-sarskilt-bidrag,Särskilt bidrag,2,,,https://karlskoga.se/uppleva--gora/foreningar-och-foreningsliv/foreningsbidrag-och-stod.html
karlskrona,karlskrona,karlskrona-medlemsstod-funktionsnedsattning,Medlemsstöd för förening för funktionsnedsatta,2,,,https://www.karlskrona.se/globalassets/kultur-och-fritid/foreningar/dokument/belopp-och-ansokningstider-for-stod-inom-kultur-och-fritidsomradet-2026.pdf
karlskrona,karlskrona,karlskrona-produktionsstod,Produktionsstöd,2,,,https://www.karlskrona.se/globalassets/kultur-och-fritid/foreningar/dokument/belopp-och-ansokningstider-for-stod-inom-kultur-och-fritidsomradet-2026.pdf
karlskrona,karlskrona,karlskrona-projektstod-lovaktiviteter,Projektstöd — lovaktiviteter,2,,,https://www.karlskrona.se/globalassets/kultur-och-fritid/foreningar/dokument/belopp-och-ansokningstider-for-stod-inom-kultur-och-fritidsomradet-2026.pdf
karlskrona,karlskrona,karlskrona-aldre-riktat-bidrag,Riktat bidrag (äldreverksamhet),2,,,https://www.karlskrona.se/globalassets/kultur-och-fritid/foreningar/dokument/an_foreningsbidrag.pdf
karlskrona,karlskrona,karlskrona-orienteringskartor,Stöd för orienteringskartor,2,,,https://www.karlskrona.se/globalassets/kultur-och-fritid/foreningar/dokument/belopp-och-ansokningstider-for-stod-inom-kultur-och-fritidsomradet-2026.pdf
karlskrona,karlskrona,karlskrona-internationellt-utbyte,Stöd till internationellt utbyte,2,,,https://www.karlskrona.se/globalassets/kommun-och-politik/forfattningssamling/ersattningar-och-bidrag/riktlinjer-for-stod-priser-och-stipendier-inom-kultur--och-fritidsomradet.pdf
karlskrona,karlskrona,karlskrona-publika-kulturarrangemang,Stöd till publika kulturarrangemang,2,,,https://www.karlskrona.se/globalassets/kultur-och-fritid/foreningar/dokument/belopp-och-ansokningstider-for-stod-inom-kultur-och-fritidsomradet-2026.pdf
karlskrona,karlskrona,karlskrona-utvecklingsstod-kultur,Utvecklingsstöd,2,,,https://www.karlskrona.se/globalassets/kultur-och-fritid/foreningar/dokument/belopp-och-ansokningstider-for-stod-inom-kultur-och-fritidsomradet-2026.pdf
karlstad,karlstad,karlstad-aktivitetsstod,Aktivitetsstöd,2,,,https://karlstad.se/uppleva-och-gora/foreningsliv-stod-och-stipendier/bidrag-och-stod-till-foreningar/stod-till-barn--och-ungdomsverksamhet
karlstad,karlstad,karlstad-anlaggningsstod,Anläggningsstöd,2,,,https://karlstad.se/uppleva-och-gora/foreningsliv-stod-och-stipendier/bidrag-och-stod-till-foreningar/stod-till-barn--och-ungdomsverksamhet
karlstad,karlstad,karlstad-funktionsnedsattning-foreningsbidrag,Föreningsbidrag till verksamhet för personer med funktionsnedsättning,2,,,https://karlstad.se/uppleva-och-gora/foreningsliv-stod-och-stipendier/bidrag-och-stod-till-foreningar/stod-till-verksamhet-for-personer-med-funktionsnedsattning
karlstad,karlstad,karlstad-medlemsstod,Medlemsstöd,2,,,https://karlstad.se/uppleva-och-gora/foreningsliv-stod-och-stipendier/bidrag-och-stod-till-foreningar/stod-till-barn--och-ungdomsverksamhet
karlstad,karlstad,karlstad-projektstod-kulturarbetare,Projektstöd för kulturarbetare,2,,,https://karlstad.se/uppleva-och-gora/foreningsliv-stod-och-stipendier/bidrag-och-stod-till-foreningar/stod-till-kulturverksamhet
karlstad,karlstad,karlstad-stiftelser-fonder,Stiftelser och fonder öppna för föreningar,2,,,https://karlstad.se/uppleva-och-gora/foreningsliv-stod-och-stipendier/stipendier-och-fonder
karlstad,karlstad,karlstad-gruppaktiviteter-65,Stöd till föreningar med gruppaktiviteter för 65+,2,,,https://karlstad.se/uppleva-och-gora/foreningsliv-stod-och-stipendier/bidrag-och-stod-till-foreningar/stod-till-foreningar-med-gruppaktiviteter-for-65-
karlstad,karlstad,karlstad-ridskolor,Stöd till föreningsdrivna ridskolor,2,,,https://karlstad.se/uppleva-och-gora/foreningsliv-stod-och-stipendier/bidrag-och-stod-till-foreningar/stod-till-barn--och-ungdomsverksamhet
karlstad,karlstad,karlstad-studieforbund,Stöd till studieförbund,2,,,https://karlstad.se/uppleva-och-gora/foreningsliv-stod-och-stipendier/bidrag-och-stod-till-foreningar/stod-till-kulturverksamhet
karlstad,karlstad,karlstad-utbildningsstod,Utbildningsstöd,2,,,https://karlstad.se/uppleva-och-gora/foreningsliv-stod-och-stipendier/bidrag-och-stod-till-foreningar/stod-till-barn--och-ungdomsverksamhet
karlstad,karlstad,karlstad-social-utvecklingsstod,Utvecklingsstöd till föreningar med särskild social inriktning,2,,,https://karlstad.se/uppleva-och-gora/foreningsliv-stod-och-stipendier/bidrag-och-stod-till-foreningar/stod-till-foreningar-med-sarskild-social-inriktning
katrineholm,katrineholm,katrineholm-driftbidrag-idrott,Driftbidrag (idrott och fritid),2,,,https://www.katrineholm.se/uppleva-och-gora/foreningar/foreningsbidrag/foreningsbidrag-idrott-och-fritid.html
katrineholm,katrineholm,katrineholm-grundbidrag-idrott,Grundbidrag (idrott och fritid),2,,,https://www.katrineholm.se/uppleva-och-gora/foreningar/foreningsbidrag/foreningsbidrag-idrott-och-fritid.html
katrineholm,katrineholm,katrineholm-grundbidrag-kultur,Grundbidrag (kultur),2,,,https://www.katrineholm.se/uppleva-och-gora/foreningar/foreningsbidrag/foreningsbidrag-kultur.html
katrineholm,katrineholm,katrineholm-verksamhetsbidrag-idrott,Verksamhetsbidrag (idrott och fritid),2,,,https://www.katrineholm.se/uppleva-och-gora/foreningar/foreningsbidrag/foreningsbidrag-idrott-och-fritid.html
kavlinge,kavlinge,kavlinge-startbidrag,Startbidrag,2,,,https://www.kavlinge.se/uppleva-och-gora/foreningar/soka-foreningsbidrag/bidragsbestammelser
kavlinge,kavlinge,kavlinge-studieforbundsbidrag,Studieförbundsbidrag,2,,,https://www.kavlinge.se/uppleva-och-gora/foreningar/soka-foreningsbidrag/bidragsbestammelser
kristianstad,kristianstad,kristianstad-arrangorsstod-kultur,"Arrangörsstöd, kultur",2,,,https://www.kristianstad.se/upplevaochgora/bidrag/arrangorsstodkultur.5408.html
kristianstad,kristianstad,kristianstad-elitbidrag,Elitbidrag,2,,,https://www.kristianstad.se/upplevaochgora/bidrag/elitbidrag.5411.html
kristianstad,kristianstad,kristianstad-verksamhetsbidrag-kultur,"Verksamhetsbidrag, kultur",2,,,https://www.kristianstad.se/upplevaochgora/bidrag/verksamhetsbidragkultur.5421.html
kungalv,kungalv,kungalv-studieforbund,Kommunbidrag till studieförbund,2,,,https://sjalvservice.kungalv.se/oversikt/overview/698
kungalv,kungalv,kungalv-bygdegardar-hembygd,Stöd till bygdegårdar och hembygdsföreningar,2,,,https://sjalvservice.kungalv.se/oversikt/overview/354
kungalv,kungalv,kungalv-funktionshinder-diagnos,Stöd till funktionshinder- och diagnosföreningar,2,,,https://sjalvservice.kungalv.se/oversikt/overview/527
kungalv,kungalv,kungalv-kultur-fritidsframjande,Stöd till kultur- och fritidsfrämjande verksamhet,2,,,https://sjalvservice.kungalv.se/oversikt/overview/355
kungalv,kungalv,kungalv-pensionarsforeningar,Stöd till pensionärsföreningar,2,,,https://sjalvservice.kungalv.se/oversikt/overview/526
kungalv,kungalv,kungalv-socialt-stodjande,Stöd till socialt stödjande föreningar,2,,,https://sjalvservice.kungalv.se/oversikt/overview/528
kungsbacka,kungsbacka,kungsbacka-stod-hembygdsgardar,Stöd till hembygdsgårdar och liknande byggnader,2,,,"https://kungsbacka.se/download/18.4028632d1864b8f9bc313428/1676898790110/Anl%C3%A4ggningsst%C3%B6d%20till%20samlingslokaler,%20hembygdsg%C3%A5rdar%20och%20liknande.pdf"
kungsbacka,kungsbacka,kungsbacka-utvecklingsstod,Utvecklingsstöd,2,,,https://kungsbacka.se/uppleva-och-gora/foreningar/stod-for-foreningar/utvecklingsstod
laholm,laholm,laholm-arrangemangsbidrag,Arrangemangsbidrag,2,,,https://www.laholm.se/download/18.4325347919d9a4b4c3b83edb/1777459680138/LFS%207.8%20%282%29.pdf
laholm,laholm,laholm-samlingslokaler,Bidrag till samlingslokaler,2,,,https://www.laholm.se/download/18.4325347919d9a4b4c3b83edb/1777459680138/LFS%207.8%20%282%29.pdf
laholm,laholm,laholm-idepengar-unga,Idépengar för unga,2,,,https://www.laholm.se/download/18.4325347919d9a4b4c3b83edb/1777459680138/LFS%207.8%20%282%29.pdf
laholm,laholm,laholm-lokalt-aktivitetsbidrag,Kommunalt lokalt aktivitetsbidrag,2,,,https://www.laholm.se/download/18.4325347919d9a4b4c3b83edb/1777459680138/LFS%207.8%20%282%29.pdf
laholm,laholm,laholm-lokal-driftbidrag,Lokal- och driftbidrag,2,,,https://www.laholm.se/download/18.4325347919d9a4b4c3b83edb/1777459680138/LFS%207.8%20%282%29.pdf
laholm,laholm,laholm-langsiktigt-arrangorsstod,Långsiktigt arrangörsstöd,2,,,https://www.laholm.se/download/18.4325347919d9a4b4c3b83edb/1777459680138/LFS%207.8%20%282%29.pdf
laholm,laholm,laholm-stod-byalag,Stöd till byalag,2,,,https://www.laholm.se/download/18.4325347919d9a4b4c3b83edb/1777459680138/LFS%207.8%20%282%29.pdf
laholm,laholm,laholm-tatortsbudget,Tätortsbudget,2,,,https://www.laholm.se/download/18.4325347919d9a4b4c3b83edb/1777459680138/LFS%207.8%20%282%29.pdf
laholm,laholm,laholm-utvecklings-investeringsbidrag,Utvecklings- och investeringsbidrag,2,,,https://www.laholm.se/download/18.4325347919d9a4b4c3b83edb/1777459680138/LFS%207.8%20%282%29.pdf
landskrona,landskrona,landskrona-projektstod-individfamilj-omsorg,Projektstöd (individ- och familjenämnden samt omsorgsnämnden),2,,,https://cms.landskrona.se/wp-content/uploads/2024/12/sarskilda-regler-for-foreningsbidrag-som-delas-ut-av-individ-och-familjenamnden.pdf
lerum,lerum,lerum-nystartad-so,Föreningsstöd till nystartad förening (stöd och omsorg),2,,,https://lerum.se/kultur-och-fritid/foreningar-och-foreningsliv/foreningsstod-och-stipendier/foreningsstod-fran-sektor-stod-och-omsorg
lerum,lerum,lerum-greta-bergs-minnesstiftelse,Greta Bergs minnesstiftelse,2,,,https://lerum.se/omsorg-och-stod/fonder-och-stiftelser-sektor-stod-och-omsorg
lessebo,lessebo,lessebo-aktivitetsstod,Lokalt aktivitetsstöd 5–25 år,2,,,https://etjanster.lessebo.se/oversikt/overview/369
lidkoping,lidkoping,lidkoping-elitidrott,Bidrag för elitidrott,2,,,https://sjalvservice.lidkoping.se/oversikt/overview/598
lidkoping,lidkoping,lidkoping-lokaler-anlaggningar,Bidrag för lokaler och anläggningar,2,,,https://sjalvservice.lidkoping.se/oversikt/overview/251
lidkoping,lidkoping,lidkoping-lokalt-kulturarv,Bidrag för lokalt kulturarv,2,,,https://sjalvservice.lidkoping.se/oversikt/overview/249
lidkoping,lidkoping,lidkoping-lovaktivitet,Bidrag lovaktivitet,2,,,https://sjalvservice.lidkoping.se/oversikt/overview/27
lidkoping,lidkoping,lidkoping-lovaktivitet-summer-move,Bidrag lovaktivitet på Summer Move,2,,,https://sjalvservice.lidkoping.se/oversikt/overview/696
lidkoping,lidkoping,lidkoping-hallbarhetspris-forening,Hållbarhetspriset (Lidköpings kommuns pris för hållbar utveckling) — föreningsnominering,2,,,https://sjalvservice.lidkoping.se/oversikt/overview/139
ljungby,ljungby,ljungby-jubileum,Stöd till jubilerande förening,2,,,https://www.ljungby.se/uppleva-och-gora/foreningar-foreningsliv/bidrag-och-stod
lulea,lulea,lulea-verksamhetslokaler,Bidrag till hyrda och egna verksamhetslokaler,2,,,https://www.lulea.se/uppleva--gora/foreningar-och-organisationer/stod-och-bidrag-i-lulea-kommun/fritidsbidrag.html
lulea,lulea,lulea-driftsbidrag-samlingslokaler,Driftsbidrag till samlingslokaler på landsbygden,2,,,https://www.lulea.se/uppleva--gora/foreningar-och-organisationer/stod-och-bidrag-i-lulea-kommun/bidrag-till-landsbygden.html
lulea,lulea,lulea-investeringsbidrag-samlingslokaler,Investeringsbidrag till samlingslokaler på landsbygden,2,,,https://www.lulea.se/uppleva--gora/foreningar-och-organisationer/stod-och-bidrag-i-lulea-kommun/bidrag-till-landsbygden.html
lulea,lulea,lulea-startbidrag-nya-foreningar,Startbidrag nya föreningar,2,,,https://www.lulea.se/uppleva--gora/foreningar-och-organisationer/stod-och-bidrag-i-lulea-kommun/fritidsbidrag.html
malmo,malmo,malmo-aktivitetsstod,Aktivitetsstöd,2,,,https://malmo.se/For-foreningar/Foreningsliv---Idrott-och-fritid/Viktiga-datum-att-ha-koll-pa.html
malmo,malmo,malmo-evenemangsbidrag,Evenemangsbidrag (mindre/större),2,,,https://malmo.se/For-foreningar/Foreningsliv---Idrott-och-fritid/Bidrag-och-stod.html
malmo,malmo,malmo-projektstod-kultur,Projektstöd inom kultur (kulturförvaltningen),2,,,https://malmo.se/For-foretag-och-verksamheter/Stod-till-kulturskapare/Stod-till-kulturorganisationer-och-studieforbund/Projektstod-inom-kultur.html
markaryd,markaryd,markaryd-halkskydd,Bidrag till utdelning av halkskydd,2,,,https://www.markaryd.se/sidor/stod-och-omsorg/foreningar-och-foreningsbidrag/bidrag-till-pensionars--och-handikappforeningar.html
mjolby,mjolby,mjolby-arrangement-bidrag,Arrangemangsbidrag,2,,,https://www.mjolby.se/uppleva-och-gora/foreningar-foreningsliv/bidrag-till-foreningar
mjolby,mjolby,mjolby-funktionsratt-bidrag,Bidrag för funktionsnedsättningsföreningar,2,,,https://www.mjolby.se/uppleva-och-gora/foreningar-foreningsliv/bidrag-till-foreningar
mjolby,mjolby,mjolby-hembygd-bygdegard-bidrag,Bidrag för hembygds- och bygdegårdsföreningar,2,,,https://www.mjolby.se/uppleva-och-gora/foreningar-foreningsliv/bidrag-till-foreningar
mjolby,mjolby,mjolby-pensionar-bidrag,Bidrag för pensionärsföreningar,2,,,https://www.mjolby.se/uppleva-och-gora/foreningar-foreningsliv/bidrag-till-foreningar
mjolby,mjolby,mjolby-driftbidrag,Driftbidrag,2,,,https://www.mjolby.se/uppleva-och-gora/foreningar-foreningsliv/bidrag-till-foreningar
mjolby,mjolby,mjolby-sverok-bidrag,Sverok-stöd,2,,,https://www.mjolby.se/uppleva-och-gora/foreningar-foreningsliv/bidrag-till-foreningar
mjolby,mjolby,mjolby-uppdragsbidrag,Uppdragsbidrag,2,,,https://www.mjolby.se/uppleva-och-gora/foreningar-foreningsliv/bidrag-till-foreningar
mjolby,mjolby,mjolby-utrustningSbjudrag,Utrustnings- och inventariebidrag,2,,,https://www.mjolby.se/uppleva-och-gora/foreningar-foreningsliv/bidrag-till-foreningar
molndal,molndal,molndal-foreningsbidrag-aldre-funktionsnedsattning,Föreningsbidrag för äldre och personer med funktionsnedsättning,2,,,https://www.molndal.se/uppleva-och-gora/foreningar-och-foreningsliv/foreningsbidrag-och-stipendier/foreningsbidrag-for-aldre-och-personer-med-funktionsnedsattning
molndal,molndal,molndal-projektstod-kultur,Projektstöd kultur,2,,,https://www.molndal.se/uppleva-och-gora/kultur/kulturstod
motala,motala,motala-kulturbidrag-extra,Extra kulturbidrag,2,,,https://www.motala.se/uppleva-och-gora/foreningar-och-foreningsbidrag/foreningsbidrag-till-kulturforeningar/
motala,motala,motala-grundbidrag-kultur,Grundbidrag (kulturföreningar),2,,,https://www.motala.se/uppleva-och-gora/foreningar-och-foreningsbidrag/foreningsbidrag-till-kulturforeningar/
motala,motala,motala-vagbidrag,Vägbidrag till vägsamfälligheter,2,,,https://www.motala.se/stadsplanering-och-trafik/gator-och-vagar/enskilda-vagar-och-vagsamfalligheter/
nacka,nacka,nacka-gatubelysningsbidrag,Gatubelysningsbidrag,2,,,https://www.nacka.se/stadsutveckling-trafik/skotsel-av-gator-och-vagar/vem-ansvarar-for-vagen/vag-och-gatubelysningsbidrag/
nacka,nacka,nacka-stort-projektstod-produktionsstod,Stort projektstöd och produktionsstöd (kultur),2,,,https://www.nacka.se/underwebbar/for-anordnare-inom-kulturomradet/kulturstod-och-stipendier/kulturbidrag/stort-projektstod-och-produktionsstod/
nassjo,nassjo,nassjo-kommundelspeng,Kommundelspeng,2,,,https://nassjo.se/kultur-och-fritid/forening/foreningsbidrag.html
nassjo,nassjo,nassjo-offentlig-medfinansiering,Offentlig medfinansiering,2,,,https://nassjo.se/kultur-och-fritid/forening/foreningsbidrag.html
norrtalje,norrtalje,norrtalje-hyresbidrag-barn-ungdom,Hyresbidrag för barn- och ungdomsföreningar,2,,,https://www.norrtalje.se/info/kultur-och-fritid/bidrag-och-stipendier/bidrag-till-ideell-forening/
norrtalje,norrtalje,norrtalje-hallbarhetsbidrag,Hållbarhetsbidrag,2,,,https://www.norrtalje.se/info/bygga-bo-miljo/klimat-och-natur/hallbarhetsbidrag/
norrtalje,norrtalje,norrtalje-snabb-peng,Snabb peng (ungdomsstipendium),2,,,https://www.norrtalje.se/sjalvservice/kultur-fritid/ungdomsstipendium-snabb-peng/
norrtalje,norrtalje,norrtalje-stiftelser-fonder,Stiftelser och fonder (samlat),2,,,https://www.norrtalje.se/info/stod-vard-omsorg/fonder-och-stiftelser-som-kommunen-forvaltar/
norrtalje,norrtalje,norrtalje-oppen-verksamhet-barn-ungdom,Öppen verksamhet för barn- och ungdomsföreningar,2,,,https://www.norrtalje.se/info/kultur-och-fritid/bidrag-och-stipendier/bidrag-till-ideell-forening/
nykoping,nykoping,nykoping-subventionerad-lokalhyra,Subventionerad lokalhyra (Nyköpings Arenor),2,,,https://www.nykoping.se/foreningsbidrag
nykvarn,nykvarn,nykvarn-arrangemangsbidrag,Arrangemangsbidrag,2,,,https://nykvarn.se/download/18.1cce16d319bb5486edc98bbc/1769681970250/Riktlinjer%20f%C3%B6r%20bidrag%20f%C3%B6r%20ideella%20f%C3%B6reningar%2C%20reviderad%202025-12-09.pdf
nykvarn,nykvarn,nykvarn-idepeng,Idépeng,2,,,https://nykvarn.se/download/18.1cce16d319bb5486edc98bbc/1769681970250/Riktlinjer%20f%C3%B6r%20bidrag%20f%C3%B6r%20ideella%20f%C3%B6reningar%2C%20reviderad%202025-12-09.pdf
nykvarn,nykvarn,nykvarn-investeringsbidrag,Investeringsbidrag,2,,,https://nykvarn.se/download/18.1cce16d319bb5486edc98bbc/1769681970250/Riktlinjer%20f%C3%B6r%20bidrag%20f%C3%B6r%20ideella%20f%C3%B6reningar%2C%20reviderad%202025-12-09.pdf
nykvarn,nykvarn,nykvarn-lokal-anlaggningsbidrag,Lokal- och anläggningsbidrag,2,,,https://nykvarn.se/download/18.1cce16d319bb5486edc98bbc/1769681970250/Riktlinjer%20f%C3%B6r%20bidrag%20f%C3%B6r%20ideella%20f%C3%B6reningar%2C%20reviderad%202025-12-09.pdf
nykvarn,nykvarn,nykvarn-lovbidrag,Lovbidrag,2,,,https://nykvarn.se/download/18.1cce16d319bb5486edc98bbc/1769681970250/Riktlinjer%20f%C3%B6r%20bidrag%20f%C3%B6r%20ideella%20f%C3%B6reningar%2C%20reviderad%202025-12-09.pdf
nynashamn,nynashamn,nynashamn-startbidrag,Startbidrag,2,,,https://nynashamn.se/service/kultur--fritid/foreningsliv/foreningsbidrag-inom-kultur-och-fritid
nynashamn,nynashamn,nynashamn-studieverbundsbidrag,Studieförbundsbidrag,2,,,https://nynashamn.se/service/kultur--fritid/foreningsliv/foreningsbidrag-inom-kultur-och-fritid
orebro,orebro,orebro-kulturverksamhetsbidrag,Bidrag till kulturverksamhet,2,,,https://www.orebro.se/kultur--fritid/foreningsstod/foreningsbidrag/kulturforeningar/bidrag-till-kulturverksamhet.html
orebro,orebro,orebro-lokal-anlaggningsbidrag,Lokal- och anläggningsbidrag till idéburna föreningar,2,,,https://www.orebro.se/kultur--fritid/foreningsstod/foreningsbidrag/ideburna-foreningar/lokal---anlaggningsbidrag-till-ideburna-foreningar.html
orebro,orebro,orebro-verksamhetsbidrag-idrott,Verksamhetsbidrag för idrottsföreningar,2,,,https://www.orebro.se/kultur--fritid/foreningsstod/foreningsbidrag/bidrag-for-idrottsforeningar/verksamhetsbidrag-for-idrottsforeningar.html
orebro,orebro,orebro-verksamhetsbidrag-ideburna,Verksamhetsbidrag till idéburna föreningar,2,,,https://www.orebro.se/kultur--fritid/foreningsstod/foreningsbidrag/ideburna-foreningar/verksamhetsbidrag-till-ideburna-foreningar.html
ornskoldsvik,ornskoldsvik,ornskoldsvik-bror-marklundstipendiet,Bror Marklundstipendiet,2,False,angivet,https://www.ornskoldsvik.se/fritid-och-kultur/foreningsliv/stipendier/information-om-stipendium
ornskoldsvik,ornskoldsvik,ornskoldsvik-vagsamfalligheter,Driftbidrag till vägsamfälligheter,2,False,angivet,https://www.ornskoldsvik.se/bo-miljo-och-trafik/trafik-och-resor/bidrag-till-vagsamfalligheter
ornskoldsvik,ornskoldsvik,ornskoldsvik-evenemangsstod,Evenemangsstöd,2,False,angivet,https://www.ornskoldsvik.se/marknad/foretag-och-naringsliv/foretag-och-naringsliv/vi-hjalper-dig-i-starten-och-langs-vagen/evenemangsstod
ornskoldsvik,ornskoldsvik,ornskoldsvik-vindbonus,Vindbonus,2,False,angivet,https://www.ornskoldsvik.se/bo-miljo-och-trafik/bo-pa-landsbygd/medel-till-landsbygd/las-och-ansok-om-vindbonus
oskarshamn,oskarshamn,oskarshamn-kultur-arrangerande,Bidrag för arrangerande/utövande kulturföreningar,2,,,https://www.oskarshamn.se/kultur-och-fritid/foreningsliv/foreningsbidrag/bidrag-kulturforeningar/
oskarshamn,oskarshamn,oskarshamn-ledarutbildningsbidrag,Ledarutbildningsbidrag,2,,,https://www.oskarshamn.se/kultur-och-fritid/foreningsliv/foreningsbidrag/bidrag-fritidsforeningar/
oskarshamn,oskarshamn,oskarshamn-lovbidrag,Lovbidrag,2,,,https://www.oskarshamn.se/kultur-och-fritid/foreningsliv/foreningsbidrag/bidrag-fritidsforeningar/
osteraker,osteraker,osteraker-anlaggningsbidrag,Anläggningsbidrag,2,,,https://www.osteraker.se/upplevagora/foreningarochforeningsliv/bidragochstod.4.367d658917909e8fc2bdbc.html
osteraker,osteraker,osteraker-inkluderingsbidrag,Inkluderingsbidrag,2,,,https://www.osteraker.se/download/18.5f4ce35f18ecbde7180664b/1720095809495/riktlinjer_inkludering.pdf
osteraker,osteraker,osteraker-kulturpris,Österåkers kulturpris,2,,,https://www.osteraker.se/upplevagora/foreningarochforeningsliv/bidragochstod.4.367d658917909e8fc2bdbc.html
ostersund,ostersund,ostersund-arrangemangsbidrag-idrott-fritid,Arrangemangsbidrag (idrott och fritid),2,,,https://www.ostersund.se/download/18.6c0544be1953e783a24487/1740563264147/Arrangemangsbidrag.pdf
ostersund,ostersund,ostersund-driftbidrag-enskild-vag,Driftbidrag till enskild väg (generellt),2,,,https://www.ostersund.se/trafik-och-infrastruktur/pa-din-gata/enskilda-vagar.html
ostersund,ostersund,ostersund-vardomsorg-extraordinart,Extraordinärt bidrag (Vård- och omsorgsnämnden),2,,,https://www.ostersund.se/download/18.2442e1d18fcaa703a58961/1766419917652/Riktlinje%20f%C3%B6r%20bidrag%20till%20f%C3%B6reningar%20inom%20V%C3%A5rd-%20och%20omsorgsn%C3%A4mndens%20verksamhetsomr%C3%A5de.pdf
ostersund,ostersund,ostersund-jamstalldhetspriset,Jämställdhetspriset,2,,,https://www.ostersund.se/kommun-och-politik/priser-och-stipendier.html
ostersund,ostersund,ostersund-miljopriset,Miljöpriset,2,,,https://www.ostersund.se/kommun-och-politik/priser-och-stipendier.html
ostersund,ostersund,ostersund-startbidrag-kulturforening,Startbidrag för nybildad kulturförening,2,,,https://www.ostersund.se/download/18.2acaf8221584532b6601178c/1597991222315/kulturbidrag.pdf
ostersund,ostersund,ostersund-sarskilt-driftbidrag-enskild-vag,Särskilt driftbidrag till enskild väg,2,,,https://www.ostersund.se/trafik-och-infrastruktur/pa-din-gata/enskilda-vagar.html
ostersund,ostersund,ostersund-tillganglighetspriset,Tillgänglighetspriset,2,,,https://www.ostersund.se/kommun-och-politik/priser-och-stipendier.html
ostersund,ostersund,ostersund-vardomsorg-verksamhetsbidrag,Verksamhetsbidrag (Vård- och omsorgsnämnden),2,,,https://www.ostersund.se/download/18.2442e1d18fcaa703a58961/1766419917652/Riktlinje%20f%C3%B6r%20bidrag%20till%20f%C3%B6reningar%20inom%20V%C3%A5rd-%20och%20omsorgsn%C3%A4mndens%20verksamhetsomr%C3%A5de.pdf
ostersund,ostersund,ostersund-arets-by,Årets by,2,,,https://www.ostersund.se/kommun-och-politik/priser-och-stipendier.html
ovanaker,ovanaker,ovanaker-tillfalligt-ovrigt-arrangemangsbidrag,Tillfälligt övrigt arrangemangsbidrag,2,,,https://www.ovanaker.se/kulturochfritid/foreningarforeningsbidrag/bidragtillforeningarochstudieforbund/tillfalligtovrigtarrangemangsbidrag.7277.html
partille,partille,partille-bidrag-seniorforeningar-kultur,Bidrag till seniorföreningar,2,,,https://www.partille.se/siteassets/uppleva--gora/foreningsliv/bidragsregler-kultur_2024.pdf
partille,partille,partille-breddpriset,Breddpriset,2,,,https://www.partille.se/kommun--politik/priser-stipendier-stiftelser/
partille,partille,partille-investeringsbidrag-egen-anlaggning,Investeringsbidrag egen anläggning,2,,,https://www.partille.se/siteassets/uppleva--gora/foreningsliv/bidragsregler-for-idrottsforeningar-2026.pdf
partille,partille,partille-ledarutbildningsbidrag,Ledarutbildningsbidrag,2,,,https://www.partille.se/siteassets/uppleva--gora/foreningsliv/bidragsregler-for-idrottsforeningar-2026.pdf
partille,partille,partille-lokalbidrag-egna-anlaggningar,Lokalbidrag till föreningarnas egna anläggningar,2,,,https://www.partille.se/siteassets/uppleva--gora/foreningsliv/bidragsregler-for-idrottsforeningar-2026.pdf
partille,partille,partille-sarskilda-foreningsinsatser,Särskilda föreningsinsatser,2,,,https://www.partille.se/siteassets/uppleva--gora/foreningsliv/bidragsregler-for-idrottsforeningar-2026.pdf
partille,partille,partille-verksamhetsbidrag-kultur,Verksamhetsbidrag (kulturföreningar),2,,,https://www.partille.se/siteassets/uppleva--gora/foreningsliv/bidragsregler-kultur_2024.pdf
perstorp,perstorp,perstorp-driftsbidrag,Driftsbidrag,2,,,https://eservice.perstorp.se/PP-ANSDRIFOR
pitea,pitea,pitea-driftstod-foreningsanlaggningar,Driftstöd föreningsanläggningar,2,,,https://www.pitea.se/invanare/fritid-kultur/foreningar/foreningsstod/anlaggningsstod/
pitea,pitea,pitea-foreningstaxa,Föreningstaxa (subventionerad lokalhyra),2,,,https://www.pitea.se/invanare/fritid-kultur/foreningar/foreningsstod/anlaggningsstod/
pitea,pitea,pitea-forlustgaranti,Förlustgaranti,2,,,https://www.pitea.se/invanare/fritid-kultur/foreningar/foreningsstod/utveckling-och-arrangemang/
pitea,pitea,pitea-kommunalt-lonestod,Kommunalt lönestöd,2,,,https://www.pitea.se/invanare/fritid-kultur/foreningar/foreningsstod/Stod-till-kulturverksamhet/lonestod/
pitea,pitea,pitea-bebyggd-kulturmiljo,Stöd till den bebyggda kulturmiljön,2,,,https://www.pitea.se/contentassets/2fd5d4d6f02c4c88b22c09e6345fe9b4/bestammelser-for-stod-till-gles--och-landsbygd.pdf
pitea,pitea,pitea-utvecklingsstod,Utvecklingsstöd,2,,,https://www.pitea.se/invanare/fritid-kultur/foreningar/foreningsstod/utveckling-och-arrangemang/
rattvik,rattvik,rattvik-bygdepeng-dalfors-orebygden,Bygdepeng för Dalfors och Orebygden,2,,,https://www.rattvik.se/kommun-och-politik/kommunens-organisation/stiftelser-fonder-och-bygdepeng/bygdepeng-for-dalfors-och-orebygden.html
rattvik,rattvik,rattvik-extra-foreningsstod,Extra föreningsstöd,2,,,https://etjanster.rattvik.se/oversikt/overview/211
rattvik,rattvik,rattvik-social-verksamhetsstod,Föreningsstöd till social verksamhet,2,,,https://www.rattvik.se/download/18.6a48d872159d3ad55ba177c1/1618998911236/Normer%20f%C3%B6reningsbidrag%20fr%20o%20m%2020170101.pdf
rattvik,rattvik,rattvik-kulturstod,Kulturstöd för föreningar,2,,,https://etjanster.rattvik.se/oversikt/overview/141
ronneby,ronneby,ronneby-ledarbidrag,Ledarutbildningsbidrag,2,,,https://www.ronneby.se/uppleva--gora/foreningar/foreningsbidrag-och-bidrag-till-studieorganisationer.html
ronneby,ronneby,ronneby-pensionarstod,Pensionärföreningsstöd,2,,,https://www.ronneby.se/uppleva--gora/foreningar/foreningsbidrag-och-bidrag-till-studieorganisationer.html
sandviken,sandviken,sandviken-evenemangsstod,Evenemangsstöd,2,,,https://minasidor.sandviken.se/oversikt/overview/650
sandviken,sandviken,sandviken-investeringsstod,Investeringsstöd,2,,,https://minasidor.sandviken.se/oversikt/overview/651
sandviken,sandviken,sandviken-studieforbund-stimulansmedel,Stimulansmedel till studieförbund,2,,,https://minasidor.sandviken.se/oversikt/overview/655
sandviken,sandviken,sandviken-utvecklingsbidrag-halsoframjande,Utvecklingsbidrag för att främja hälsa,2,,,https://minasidor.sandviken.se/oversikt/overview/653
savsjo,savsjo,savsjo-aktivitetsstod,Aktivitetsstöd,2,,,https://www.savsjo.se/kultur-och-fritid/foreningar-och-bidrag/foreningsbidrag.html
sigtuna,sigtuna,sigtuna-projekt-ovrig-fritid,Bidrag till projekt och/eller övrig verksamhet – fritid,2,,,https://www.sigtuna.se/kultur-och-fritid/foreningar-foreningsliv/foreningsbidrag/foreningsbidrag-inom-kultur-och-fritid.html
sigtuna,sigtuna,sigtuna-ledarutbildningsbidrag-fritid,Ledarutbildningsbidrag – fritid,2,,,https://www.sigtuna.se/kultur-och-fritid/foreningar-foreningsliv/foreningsbidrag/foreningsbidrag-inom-kultur-och-fritid.html
sigtuna,sigtuna,sigtuna-projektbidrag-social,Projektbidrag — socialnämndens föreningsbidrag,2,,,https://www.sigtuna.se/download/18.1a6c760f1900c6ea6a6d318/1718288054473/SN_2024_19-Riktlinje%20för%20socialnämndens%20föreningsbidrag.pdf
sigtuna,sigtuna,sigtuna-startbidrag,Startbidrag,2,,,https://www.sigtuna.se/kultur-och-fritid/foreningar-foreningsliv/foreningsbidrag/foreningsbidrag-inom-kultur-och-fritid.html
skelleftea,skelleftea,skelleftea-lekplats-drift,Bidrag för drift av lekplats,2,,,https://skelleftea.se/foreningsportalen/foreningsportalen/ekonomi-och-bidrag/bidragsnormer/samhallsbyggnadsnamndens-bidragsnormer
skelleftea,skelleftea,skelleftea-arrangemangsstod-rikskaraktar,Bidrag till arrangemang av rikskaraktär eller turismnytta,2,,,https://skelleftea.se/foreningsportalen/foreningsportalen/ekonomi-och-bidrag/bidragsnormer/fritidsnamndens-bidragsnormer
skelleftea,skelleftea,skelleftea-batliv,Bidrag till båtliv,2,,,https://skelleftea.se/foreningsportalen/foreningsportalen/ekonomi-och-bidrag/bidragsnormer/fritidsnamndens-bidragsnormer
skelleftea,skelleftea,skelleftea-fiske-investeringsbidrag,Fiske – investeringsbidrag,2,,,https://skelleftea.se/foreningsportalen/foreningsportalen/ekonomi-och-bidrag/bidragsnormer/fritidsnamndens-bidragsnormer
skelleftea,skelleftea,skelleftea-fiske-utbildningsbidrag,Fiske – utbildningsbidrag,2,,,https://skelleftea.se/foreningsportalen/foreningsportalen/ekonomi-och-bidrag/bidragsnormer/fritidsnamndens-bidragsnormer
skelleftea,skelleftea,skelleftea-friluftsliv-investeringsbidrag,Friluftsliv – investeringsbidrag,2,,,https://skelleftea.se/foreningsportalen/foreningsportalen/ekonomi-och-bidrag/bidragsnormer/fritidsnamndens-bidragsnormer
skelleftea,skelleftea,skelleftea-friluftsliv-utbildningsbidrag,Friluftsliv – utbildningsbidrag,2,,,https://skelleftea.se/foreningsportalen/foreningsportalen/ekonomi-och-bidrag/bidragsnormer/fritidsnamndens-bidragsnormer
skelleftea,skelleftea,skelleftea-inkluderingsbidrag-asyl-nyanlanda,Inkluderingsbidrag för asylsökande och nyanlända,2,,,https://skelleftea.se/foreningsportalen/foreningsportalen/ekonomi-och-bidrag/bidragsnormer/fritidsnamndens-bidragsnormer
skelleftea,skelleftea,skelleftea-ledsagarservice,Ledsagarservice,2,,,https://skelleftea.se/foreningsportalen/foreningsportalen/ekonomi-och-bidrag/bidragsnormer/fritidsnamndens-bidragsnormer
skelleftea,skelleftea,skelleftea-maskinbidrag-motionsspar,Maskinbidrag – elbelysta motionsspår,2,,,https://skelleftea.se/foreningsportalen/foreningsportalen/ekonomi-och-bidrag/bidragsnormer/fritidsnamndens-bidragsnormer
skelleftea,skelleftea,skelleftea-nya-verksamhetsformer,Nya verksamhetsformer,2,,,https://skelleftea.se/foreningsportalen/foreningsportalen/ekonomi-och-bidrag/bidragsnormer/fritidsnamndens-bidragsnormer
skelleftea,skelleftea,skelleftea-studieforbund-riktat-arrangemangsstod,Riktat arrangemangsstöd till studieförbund,2,,,https://skelleftea.se/foreningsportalen/foreningsportalen/ekonomi-och-bidrag/bidragsnormer/kulturnamndens-bidragsnormer
skelleftea,skelleftea,skelleftea-startbidrag-kultur,Startbidrag för nybildad kulturförening,2,,,https://skelleftea.se/foreningsportalen/foreningsportalen/ekonomi-och-bidrag/bidragsnormer/kulturnamndens-bidragsnormer
skelleftea,skelleftea,skelleftea-ungdomskulturstipendium,Ungdomskulturstipendium,2,,,https://skelleftea.se/foreningsportalen/foreningsportalen/ekonomi-och-bidrag/bidragsnormer/kulturnamndens-bidragsnormer
skelleftea,skelleftea,skelleftea-samlingslokal-upprustningsbidrag,Upprustningsbidrag till allmänna samlingslokaler,2,,,https://skelleftea.se/foreningsportalen/foreningsportalen/ekonomi-och-bidrag/bidragsnormer/fritidsnamndens-bidragsnormer
skelleftea,skelleftea,skelleftea-utbildningsbidrag-funktionsnedsattning,Utbildningsbidrag – funktionsnedsättningsföreningar,2,,,https://skelleftea.se/foreningsportalen/foreningsportalen/ekonomi-och-bidrag/bidragsnormer/fritidsnamndens-bidragsnormer
skelleftea,skelleftea,skelleftea-utbildningsbidrag-idrott,Utbildningsbidrag – idrottsföreningar,2,,,https://skelleftea.se/foreningsportalen/foreningsportalen/ekonomi-och-bidrag/bidragsnormer/fritidsnamndens-bidragsnormer
skelleftea,skelleftea,skelleftea-utbildningsbidrag-ungdom,Utbildningsbidrag – ungdomsföreningar,2,,,https://skelleftea.se/foreningsportalen/foreningsportalen/ekonomi-och-bidrag/bidragsnormer/fritidsnamndens-bidragsnormer
skelleftea,skelleftea,skelleftea-verksamhetsbidrag-funktionsnedsattning,Verksamhetsbidrag – funktionsnedsättningsföreningar,2,,,https://skelleftea.se/foreningsportalen/foreningsportalen/ekonomi-och-bidrag/bidragsnormer/fritidsnamndens-bidragsnormer
skelleftea,skelleftea,skelleftea-samlingslokal-arligt-bidrag,Årligt bidrag till allmänna samlingslokaler,2,,,https://skelleftea.se/foreningsportalen/foreningsportalen/ekonomi-och-bidrag/bidragsnormer/fritidsnamndens-bidragsnormer
skelleftea,skelleftea,skelleftea-arligt-verksamhetsbidrag,Årligt verksamhetsbidrag (kultur),2,,,https://skelleftea.se/foreningsportalen/foreningsportalen/ekonomi-och-bidrag/bidragsnormer/kulturnamndens-bidragsnormer
skovde,skovde,skovde-ungdom-sarskilda-insatser,Bidrag till särskilda insatser eller projekt (ungdomsföreningar),2,,,https://www.skovde.se/naringsliv-foretag-forening/forening/foreningsbidrag/bidrag-till-foreningar-med-ungdomsverksamhet/
skovde,skovde,skovde-vagforeningar-driftbidrag,Driftbidrag till vägföreningar,2,,,https://www.skovde.se/gator-gronomraden/ansvar-for-vagar-och-gator/enskilda-vagar-och-driftbidrag/
skovde,skovde,skovde-ungdom-rantefria-lan,Ränte- och amorteringsfria lån till ungdomsföreningar,2,,,https://www.skovde.se/naringsliv-foretag-forening/forening/foreningsbidrag/bidrag-till-foreningar-med-ungdomsverksamhet/
soderhamn,soderhamn,soderhamn-arrangemangsbidrag,Arrangemangsbidrag,2,,,https://www.soderhamn.se/download/18.77d000c1180b44e21a8177f/1654782747740/Best%C3%A4mmelser%20f%C3%B6r%20kommunala%20bidrag%20till%20f%C3%B6reningar%20och%20organisationer%20i%20S%C3%B6derhamns%20kommun%20SKFS%2008:2021:04.pdf
soderhamn,soderhamn,soderhamn-foreningsmiljonen-ledare,Föreningsmiljonen: ledarrekrytering,2,,,https://www.soderhamn.se/download/18.4af5bc35187dc6eea892d7/1683203713379/Riktlinjer%20f%C3%B6r%20f%C3%B6reningsmilj%C3%B6nen%20SKFS%2008:2023:03.pdf
soderhamn,soderhamn,soderhamn-hyresbidrag,Hyresbidrag,2,,,https://www.soderhamn.se/download/18.77d000c1180b44e21a8177f/1654782747740/Best%C3%A4mmelser%20f%C3%B6r%20kommunala%20bidrag%20till%20f%C3%B6reningar%20och%20organisationer%20i%20S%C3%B6derhamns%20kommun%20SKFS%2008:2021:04.pdf
soderhamn,soderhamn,soderhamn-stiftelser-fonder,Stiftelser och fonder,2,,,https://www.soderhamn.se/sidor/omsorg-och-stod/ekonomi-och-forsorjning/stipendier-och-fonder.html
sodertalje,sodertalje,sodertalje-motesplats-aldre,Bidrag för mötesplats för äldre,2,,,https://www.sodertalje.se/contentassets/5d396db643f94a60af023841f682d951/sk-regler-och-riktlinjer-foreningsbidrag-003.pdf
sodertalje,sodertalje,sodertalje-kulturforeningar,Bidrag till kulturföreningar och kulturverksamheter,2,,,https://www.sodertalje.se/contentassets/5d396db643f94a60af023841f682d951/sk-regler-och-riktlinjer-foreningsbidrag-003.pdf
sodertalje,sodertalje,sodertalje-studieforbund-funktionsnedsattning,Bidrag till studieförbund — bidrag för personer med funktionsnedsättning,2,,,https://www.sodertalje.se/contentassets/5d396db643f94a60af023841f682d951/sk-regler-och-riktlinjer-foreningsbidrag-003.pdf
sodertalje,sodertalje,sodertalje-funktionsnedsattning-uppstart,Bidrag till uppstart eller utveckling av aktiviteter för personer med funktionsnedsättning,2,,,https://www.sodertalje.se/contentassets/5d396db643f94a60af023841f682d951/sk-regler-och-riktlinjer-foreningsbidrag-003.pdf
sollentuna,sollentuna,sollentuna-idrott-lokalstod,Lokalstöd,2,,,https://www.sollentuna.se/globalassets/kommun-och-politik/sa-styrs-sollentuna/sollentuna-forfattningssamling-sfs/bidrag-stiftelser-och-stipendier/bidrag-till-ungdomsorganisationer.pdf
sollentuna,sollentuna,sollentuna-kultur-startbidrag,Startbidrag till nystartade kulturföreningar,2,,,https://www.sollentuna.se/globalassets/kommun-och-politik/sa-styrs-sollentuna/sollentuna-forfattningssamling-sfs/bidrag-stiftelser-och-stipendier/bidrag-till-ideella-kulturforeningar.pdf
sollentuna,sollentuna,sollentuna-idrott-far,Stöd till fysisk aktivitet på recept (FaR),2,,,https://www.sollentuna.se/globalassets/kommun-och-politik/sa-styrs-sollentuna/sollentuna-forfattningssamling-sfs/bidrag-stiftelser-och-stipendier/bidrag-till-ungdomsorganisationer.pdf
sollentuna,sollentuna,sollentuna-idrott-utbildningsstod,Utbildningsstöd,2,,,https://www.sollentuna.se/uppleva--gora/foreningar-och-foreningsliv/Foreningsbidrag/idrotts--och-ungdomsforeningar/
solna,solna,solna-ovriga-foreningsbidrag,Övriga föreningsbidrag,2,,,https://www.solna.se/uppleva--gora/kultur--och-foreningsstod/forenings--och-bidragsregler
stockholm,stockholm,stockholm-socialt-foreningsstod,Föreningsstöd från socialförvaltningen,2,,,https://foreningsservice.stockholm/stod-till-foreningar-och-organisationer/socialstod/foreningsstod-fran-socialforvaltningen/
stockholm,stockholm,stockholm-lokalhyressubvention,Lokalhyressubvention / subventionerad taxa (idrottsförvaltningen),2,,,https://foreningsservice.stockholm/stod-till-foreningar-och-organisationer/generell-information/idrottsforvaltningens-foreningsstod/
stockholm,stockholm,stockholm-nybildningsstod,Nybildningsstöd (idrottsförvaltningen),2,,,https://foreningsservice.stockholm/stod-till-foreningar-och-kulturaktorer/stod-vid-foreningsbildning/nybildningsstod/
strangnas,strangnas,strangnas-fritidsbidrag-medlemsbidrag,Fritidsbidrag — Medlemsbidrag,2,,,https://www.strangnas.se/uppleva-och-gora/foreningar-foreningsliv/fritidsbidrag
sundbyberg,sundbyberg,sundbyberg-bidrag-studieforbund,Bidrag till studieförbund,2,,,https://www.sundbyberg.se/kommun-och-politik/bidrag-stod-och-stipendier/bidrag-till-foreningar---idrott-friluftsliv-fritid-och-kultur
sundbyberg,sundbyberg,sundbyberg-projektbidrag-investeringar-lokaler-inventarier,Projektbidrag för investeringar i lokaler eller inventarier,2,,,https://www.sundbyberg.se/uppleva-och-gora/konst-och-kultur-i-sundbybergs-stad/bidrag-stod-och-stipendier/bidrag-till-foreningar---idrott-friluftsliv-fritid-och-kultur
sundbyberg,sundbyberg,sundbyberg-projektbidrag-under-30000,Projektbidrag under 30 000 kronor (kultur- och fritidsnämnden),2,,,https://www.sundbyberg.se/uppleva-och-gora/konst-och-kultur-i-sundbybergs-stad/bidrag-stod-och-stipendier/bidrag-till-foreningar---idrott-friluftsliv-fritid-och-kultur
sundsvall,sundsvall,sundsvall-nationella-minoriteter,Bidrag för nationella minoriteter,2,,,https://sundsvall.se/kommun/uppleva-och-gora/foreningar-foreningsliv/bidrag-stod-och-stipendier/bidragstyper
sundsvall,sundsvall,sundsvall-vagbidrag,Bidrag till enskilda vägar,2,,,https://sundsvall.se/samhallsplanering-och-trafik/gator-och-trafik/tillstand-och-regler/ansok-om-bidrag-till-enskilda-vagar
sundsvall,sundsvall,sundsvall-hyresbidrag,Hyresbidrag,2,,,https://sundsvall.se/kommun/uppleva-och-gora/foreningar-foreningsliv/bidrag-stod-och-stipendier/bidragstyper
sundsvall,sundsvall,sundsvall-investeringsbidrag,Investeringsbidrag,2,,,https://sundsvall.se/kommun/uppleva-och-gora/foreningar-foreningsliv/bidrag-stod-och-stipendier/bidragstyper
taby,taby,taby-stadbidrag-allmant,Städbidrag,2,,,https://www.taby.se/uppleva-och-gora/foreningsliv/stod-och-bidrag-till-foreningar
taby,taby,taby-sarskilt-bidrag,Särskilt bidrag,2,,,https://www.taby.se/uppleva-och-gora/foreningsliv/stod-och-bidrag-till-foreningar
tranas,tranas,tranas-anlaggningsbidrag,Anläggningsbidrag,2,,,https://www.tranas.se/uppleva-och-gora/foreningar-och-studieforbund/foreningsbidrag
tranas,tranas,tranas-lokalbidrag,Lokalbidrag,2,,,https://www.tranas.se/uppleva-och-gora/foreningar-och-studieforbund/foreningsbidrag
tranas,tranas,tranas-projektbidrag-prosocialt,Projektbidrag (prosociala insatser/social hållbarhet),2,,,https://www.tranas.se/uppleva-och-gora/foreningar-och-studieforbund/foreningsbidrag
trelleborg,trelleborg,trelleborg-vagbidrag-enskilda-vagar,Bidrag till enskilda vägar med statsbidrag,2,,,https://www.trelleborg.se/trafik-infrastruktur/trafik-och-gator-2/gator-och-vagar-2/bidrag-till-enskilda-vagar-med-statsbidrag/
trelleborg,trelleborg,trelleborg-stadbidrag,Städbidrag,2,,,https://www.trelleborg.se/app/uploads/2023/08/riktlinje-for-bidrag-till-foreningar-inom-trelleborgs-kommun-2025-version.pdf
trollhattan,trollhattan,trollhattan-brukardriven-fritidsgard,Bidrag för brukardriven fritidsgårdsverksamhet,2,,,https://www.trollhattan.se/globalassets/dokument/uppleva-och-gora/ovrigt/riktlinjer---berakningsgrunder-for-foreningsbidrag-2017-02-06.pdf/
trollhattan,trollhattan,trollhattan-offentlig-kulturverksamhet,Bidrag till offentlig kulturverksamhet eller arrangemang,2,,,https://www.trollhattan.se/startsida/uppleva-och-gora/foreningar-foreningsliv/bidrag-stod-och-elitsponsring/
trollhattan,trollhattan,trollhattan-driftbidrag-bygdegard,Driftbidrag till bygdegårds- och Folkets husföreningar,2,,,https://www.trollhattan.se/startsida/uppleva-och-gora/foreningar-foreningsliv/bidrag-stod-och-elitsponsring/
trollhattan,trollhattan,trollhattan-driftbidrag-organisationer,Driftbidrag till organisationer,2,,,https://www.trollhattan.se/startsida/uppleva-och-gora/foreningar-foreningsliv/bidrag-stod-och-elitsponsring/
trollhattan,trollhattan,trollhattan-stiftelser-fonder,Stiftelser och fonder,2,,,https://www.trollhattan.se/startsida/omsorg-och-hjalp/ekonomi-socialbidrag/stiftelser-och-fonder/
tyreso,tyreso,tyreso-ekonomiskt-stod-socialt,Ekonomiskt stöd till föreningar inom det sociala området,2,,,https://www.tyreso.se/uppleva--gora/forening/foreningsbidrag-och-stipendier/ekonomiskt-stod-till-foreningar-inom-det-sociala-omradet.html
tyreso,tyreso,tyreso-mangfaldsbidrag,Mångfaldsbidrag,2,,,https://www.tyreso.se/uppleva--gora/forening/foreningsbidrag-och-stipendier/mangfaldsbidrag.html
tyreso,tyreso,tyreso-tillgang-kommunala-anlaggningar,Tillgång till kommunala anläggningar och lokaler (inkl. subventionerade lokaler),2,,,https://www.tyreso.se/uppleva--gora/forening/foreningsbidrag-och-stipendier/tillgang-till-kommunala-anlaggningar-och-lokaler.html
uddevalla,uddevalla,uddevalla-stiftelsen-barnens-dag,Stiftelsen Barnens Dag i Uddevalla,2,,,https://www.uddevalla.se/omsorg-och-hjalp/ekonomi-och-pengar/stipendier-och-fonder-/stiftelsen-barnens-dag-i-uddevalla.html
umea,umea,umea-kulturverksamhet-verksamhetsstod,Kulturverksamhet (verksamhetsstöd),2,,,https://www.umea.se/upplevaochgora/foreningarforeningsliv/bidragochstod/kulturverksamhetocharrangemang/kulturverksamhetverksamhetsstod.4.1b4d24fb1752122eb8412d6.html
umea,umea,umea-kulturverksamhet-utvecklingsstod,Kulturverksamhet och arrangemang (utvecklingsstöd),2,,,https://www.umea.se/upplevaochgora/foreningarforeningsliv/bidragochstod/kulturverksamhetocharrangemang/kulturverksamhetocharrangemangutvecklingsstod.4.1b4d24fb1752122eb841342.html
upplands-bro,upplands-bro,upplands-bro-lokal-drift,Lokal- och driftsbidrag,2,,,https://www.upplands-bro.se/uppleva-och-gora/foreningar-och-foreningsliv/bidrag-och-stod-till-foreningar.html
upplands-bro,upplands-bro,upplands-bro-startbidrag,Startbidrag,2,,,https://www.upplands-bro.se/uppleva-och-gora/foreningar-och-foreningsliv/bidrag-och-stod-till-foreningar.html
upplands-vasby,upplands-vasby,upplandsvasby-frivilligorganisationer,Föreningsbidrag till frivilligorganisationer,2,,,https://www.upplandsvasby.se/download/18.13568ed118a91dd06791214/1695895050521/riktlinjer-for-foreningsbidrag-for-organisationer-for-personer-med-funktionsnedsattning-samt-frivillig-och-intresseorganisationer.pdf
upplands-vasby,upplands-vasby,upplandsvasby-intresseorganisationer,Föreningsbidrag till intresseorganisationer,2,,,https://www.upplandsvasby.se/download/18.13568ed118a91dd06791214/1695895050521/riktlinjer-for-foreningsbidrag-for-organisationer-for-personer-med-funktionsnedsattning-samt-frivillig-och-intresseorganisationer.pdf
upplands-vasby,upplands-vasby,upplandsvasby-grundbidrag,Grundbidrag,2,,,https://www.upplandsvasby.se/download/18.5b8b3897193799f8ea0d82/1736250664884/Kultur-%20och%20fritidsn%C3%A4mndens%20bidragsregler.pdf
upplands-vasby,upplands-vasby,upplandsvasby-kulturbidrag,Kulturbidrag,2,,,https://www.upplandsvasby.se/download/18.5b8b3897193799f8ea0d82/1736250664884/Kultur-%20och%20fritidsn%C3%A4mndens%20bidragsregler.pdf
upplands-vasby,upplands-vasby,upplandsvasby-kvallsvandra,Kvällsvandra,2,,,https://www.upplandsvasby.se/uppleva-och-gora/foreningar-och-foreningsliv/bidrag-stod-och-stipendier.html
upplands-vasby,upplands-vasby,upplandsvasby-startbidrag,Startbidrag,2,,,https://www.upplandsvasby.se/download/18.5b8b3897193799f8ea0d82/1736250664884/Kultur-%20och%20fritidsn%C3%A4mndens%20bidragsregler.pdf
upplands-vasby,upplands-vasby,upplandsvasby-statsbidrag-finskt-forvaltningsomrade,Statsbidrag för finskt förvaltningsområde,2,,,https://www.upplandsvasby.se/omsorg-och-hjalp/ekonomi-ekonomiskt-bistand/stipendier-och-fonder.html
uppsala,uppsala,uppsala-projektbidrag-kultur,Projektbidrag till lokal kultur och amatörkultur,2,,,https://www.uppsala.se/kultur-idrott-fritid/foreningar/bidrag/bidrag-till-kulturverksamhet/projektbidrag-till-lokal-kultur-och-amatorkultur/
valdemarsvik,valdemarsvik,valdemarsvik-grundstod,Grundstöd,2,,,https://www.valdemarsvik.se/kommun/kultur-fritid/foreningsbidrag/
vallentuna,vallentuna,vallentuna-studieforbund,Bidrag till studieförbund,2,,,https://www.vallentuna.se/fritid-och-kultur/foreningar-och-foreningsliv/studieforbund/
vallentuna,vallentuna,vallentuna-hyresbidrag,Hyresbidrag,2,,,https://www.vallentuna.se/fritid-och-kultur/foreningar-och-foreningsliv/bidrag-och-stod/hyresbidrag/
vallentuna,vallentuna,vallentuna-lokalsubvention-gymnastiksalar,"Lokalsubvention – gymnastiksalar, sporthallar och anläggningar",2,,,https://dok.vallentuna.se/file/f%C3%B6rfattningssamling/4.%20kultur%20och%20fritid/4.4%20taxor%20och%20ers%C3%A4ttningar/4.4.1%20Bidragsnormer%20f%C3%B6r%20f%C3%B6reningsverksamhet.pdf
vallentuna,vallentuna,vallentuna-miljostipendium,Vallentuna kommuns miljöstipendium,2,,,https://www.vallentuna.se/omsorg-och-hjalp/ekonomi-forsorjningsstod/stipendier-och-fonder/vallentuna-kommuns-miljostipendium/
vanersborg,vanersborg,vanersborg-motionsspar,Bidrag till motionsspår,2,,,https://vanersborg.se/download/18.63cb04eb197a2053a89b3daa/1751518201295/Riktlinje%20f%C3%B6r%20f%C3%B6reningsbidrag%20inom%20kultur-%20och%20fritidsn%C3%A4mndens%20verksamhetsomr%C3%A5de%20antagten%202025-05-20.pdf
vanersborg,vanersborg,vanersborg-studieforbundsbidrag,Bidrag till studieförbund,2,,,https://vanersborg.se/uppleva-och-gora/foreningar-och-foreningsliv/stod-och-bidrag/studieforbund
vanersborg,vanersborg,vanersborg-evenemangsbidrag,Evenemangs- och marknadsföringsbidrag,2,,,https://vanersborg.se/naringsliv-och-arbete/evenemang
vanersborg,vanersborg,vanersborg-grundbidrag,Grundbidrag,2,,,https://vanersborg.se/download/18.63cb04eb197a2053a89b3daa/1751518201295/Riktlinje%20f%C3%B6r%20f%C3%B6reningsbidrag%20inom%20kultur-%20och%20fritidsn%C3%A4mndens%20verksamhetsomr%C3%A5de%20antagten%202025-05-20.pdf
varberg,varberg,varberg-samlingslokaler-bygdegardar,Bidrag för samlingslokaler och bygdegårdar,2,,,https://varberg.se/uppleva-och-gora/foreningar-foreningsliv/bidrag-stod-och-stipendier/foreningsbidrag-inom-idrotts--och-fritidsomradet/foreningsbidrag-for-lokaler-och-anlaggningar-inom-idrotts--och-fritidsomradet
varberg,varberg,varberg-byapengen,Byapengen,2,,,https://sjalvservice.varberg.se/oversikt/overview/65
varberg,varberg,varberg-investeringsbidrag-boverket,Investeringsbidrag för samlingslokaler (Boverket),2,,,https://varberg.se/uppleva-och-gora/foreningar-foreningsliv/bidrag-stod-och-stipendier/foreningsbidrag-inom-idrotts--och-fritidsomradet/foreningsbidrag-for-lokaler-och-anlaggningar-inom-idrotts--och-fritidsomradet
varberg,varberg,varberg-motesplatser-landsbygd,Investeringsstöd till mötesplatser på landsbygden,2,,,https://varberg.se/bygga-bo-och-miljo/samhallsutveckling/landsbygd/stod-till-landsbygdsutveckling
varberg,varberg,varberg-socialforvaltningens-foreningsbidrag,Socialförvaltningens föreningsbidrag,2,,,https://varberg.se/omsorg-och-stod/ekonomi-och-pengar/socialforvaltningens-foreningsbidrag
varberg,varberg,varberg-stimulansbidrag-hallbar-utveckling,Stimulansbidrag för insatser kring hållbar utveckling,2,,,https://varberg.se/uppleva-och-gora/foreningar-foreningsliv/bidrag-stod-och-stipendier/utvecklings--och-hallbarhetsbidrag
varberg,varberg,varberg-vanortsutbyte,Vänortsutbyte,2,,,https://varberg.se/uppleva-och-gora/foreningar-foreningsliv/bidrag-stod-och-stipendier/utvecklings--och-hallbarhetsbidrag
varmdo,varmdo,varmdo-grundbidrag-funktionsratt,Grundbidrag till intresseföreningar för personer med funktionsnedsättning,2,,,https://www.varmdo.se/download/18.787c0ce019b2c05262e1294/1768378508335/Kultur%20och%20fritidsna%CC%88mndens%20riktlinjer%20fo%CC%88reningsbidrag.PDF
varmdo,varmdo,varmdo-grundbidrag-pensionar,Grundbidrag till pensionärsföreningar,2,,,https://www.varmdo.se/download/18.787c0ce019b2c05262e1294/1768378508335/Kultur%20och%20fritidsna%CC%88mndens%20riktlinjer%20fo%CC%88reningsbidrag.PDF
varmdo,varmdo,varmdo-studieforbundsstod,Stöd till studieförbund,2,,,https://www.varmdo.se/kommunochpolitik/stipendierfonderochutmarkelser/studieforbundstod.4.932edeb16ed593bd7cc5bc4.html
vasteras,vasteras,vasteras-verksamhetsstod-kultur-fritid,Verksamhetsstöd till kultur- och fritidsföreningar,2,,,https://www.vasteras.se/uppleva-och-gora/foreningar-foreningsliv/bidrag-ekonomiskt-stod-till-foreningar/riktlinjer-for-foreningsstodet-till-ideella-kultur--och-fritidsforeningar.html
vastervik,vastervik,vastervik-extraordinart-bidrag,Extraordinärt bidrag,2,,,https://www.vastervik.se/Uppleva-och-gora/Foreningar-foreningsliv/stod-bidrag-och-stipendier/
vastervik,vastervik,vastervik-lokalt-aktivitetsstod,Lokalt aktivitetsstöd,2,,,https://www.vastervik.se/Uppleva-och-gora/Foreningar-foreningsliv/stod-bidrag-och-stipendier/
vastervik,vastervik,vastervik-medlemsbidrag,Medlemsbidrag,2,,,https://www.vastervik.se/Uppleva-och-gora/Foreningar-foreningsliv/stod-bidrag-och-stipendier/
vastervik,vastervik,vastervik-studieorganisationer,Stöd till studieorganisationer,2,,,https://www.vastervik.se/Uppleva-och-gora/Foreningar-foreningsliv/stod-bidrag-och-stipendier/
vastervik,vastervik,vastervik-sarskilt-lokalstod,Särskilt lokalstöd,2,,,https://www.vastervik.se/Uppleva-och-gora/Foreningar-foreningsliv/stod-bidrag-och-stipendier/
vastervik,vastervik,vastervik-arligt-bidrag-kultur,Årligt bidrag för kulturföreningar,2,,,https://www.vastervik.se/Uppleva-och-gora/Foreningar-foreningsliv/stod-bidrag-och-stipendier/
vaxholm,vaxholm,vaxholm-kulturbidrag,Kulturbidrag,2,,,https://www.vaxholm.se/uppleva--gora/foreningsliv-och-bidrag/bidrag-och-stod-till-foreningar
vaxjo,vaxjo,vaxjo-aktivitetsstod-pensionar-funktionsratt,Aktivitetsstöd (pensionärs- och funktionsrättsföreningar),2,,,https://www.vaxjo.se/sidor/politik-och-demokrati/ekonomi/sok-stod-till-foreningar/stod-till-pensionarsforeningar-och-funktionsrattsforeningar.html
vaxjo,vaxjo,vaxjo-investeringsstod-fritid-litet,"Investeringsstöd, litet (fritidsföreningar)",2,,,https://www.vaxjo.se/sidor/politik-och-demokrati/ekonomi/sok-stod-till-foreningar/stod-till-foreningar-med-barn-och-ungdomsverksamhet.html
vaxjo,vaxjo,vaxjo-langsiktigt-kulturstod,Långsiktigt kulturstöd,2,,,https://www.vaxjo.se/sidor/politik-och-demokrati/ekonomi/sok-stod-till-foreningar/stod-till-kulturforeningar-och-kulturaktorer.html
vaxjo,vaxjo,vaxjo-projektstod-stort-kultur,"Projektstöd, stort (kulturföreningar)",2,,,https://www.vaxjo.se/sidor/politik-och-demokrati/ekonomi/sok-stod-till-foreningar/stod-till-kulturforeningar-och-kulturaktorer.html
vaxjo,vaxjo,vaxjo-stod-nybildad-forening,Stöd till nybildad förening,2,,,https://www.vaxjo.se/sidor/politik-och-demokrati/ekonomi/sok-stod-till-foreningar/stod-till-foreningar-med-barn-och-ungdomsverksamhet.html
vellinge,vellinge,vellinge-evenemangsbidrag,Evenemangsbidrag,2,,,https://vellinge.se/naringsliv-och-jobb/foretagarservice/att-arrangera-evenemang
vellinge,vellinge,vellinge-vag-och-samfallighetsforeningar,Väg- och samfällighetsföreningsbidrag,2,,,https://vellinge.se/boende-miljo-och-trafik/fordon-och-trafik/vag-och-samfallighetsforeningar/
vetlanda,vetlanda,vetlanda-nybyggnadsbidrag-vag,Bidrag för nybyggnation av enskild väg,2,,,https://vetlanda.se/bygga-bo-och-miljo/gator-och-trafik/underhall-av-gator-och-vagar/bidrag-for-att-skota-enskild-vag
vetlanda,vetlanda,vetlanda-social-utsatthet,Föreningsbidrag – inriktning social utsatthet,2,,,https://vetlanda.se/kultur-och-fritid/foreningar/foreningsbidrag
vetlanda,vetlanda,vetlanda-integrationspriset,Integrationspriset,2,,,https://vetlanda.se/kultur-och-fritid/stod-och-stipendier/integrationspris
vetlanda,vetlanda,vetlanda-investeringsbidrag,Investeringsbidrag,2,,,"https://www.vetlanda.se/download/18.7150ddee18e85ff00c5356b/1768904071819/Bidragsbestämmelser,%20policy.pdf"
vetlanda,vetlanda,vetlanda-lovbidrag,Lovbidrag,2,,,"https://www.vetlanda.se/download/18.7150ddee18e85ff00c5356b/1768904071819/Bidragsbestämmelser,%20policy.pdf"
vetlanda,vetlanda,vetlanda-sarskilt-bidrag,Särskilt bidrag,2,,,"https://www.vetlanda.se/download/18.7150ddee18e85ff00c5356b/1768904071819/Bidragsbestämmelser,%20policy.pdf"
vetlanda,vetlanda,vetlanda-trivselaktiviteter,Trivselaktivitetsbidrag,2,,,"https://www.vetlanda.se/download/18.7150ddee18e85ff00c5356b/1768904071819/Bidragsbestämmelser,%20policy.pdf"
ydre,ydre,ydre-aktivitetsstod,Aktivitetsstöd,2,,,https://www.ydre.se/ydre-kommun/kultur-och-fritid/foreningar-och-foreningsbidrag/bidragsregler
ydre,ydre,ydre-anlaggningsbidrag-drift,Anläggningsbidrag – drift,2,,,https://www.ydre.se/ydre-kommun/kultur-och-fritid/foreningar-och-foreningsbidrag/bidragsregler
ydre,ydre,ydre-anlaggningsbidrag-investering,Anläggningsbidrag – investering,2,,,https://www.ydre.se/ydre-kommun/kultur-och-fritid/foreningar-och-foreningsbidrag/bidragsregler
ydre,ydre,ydre-grundbidrag,Grundbidrag,2,,,https://www.ydre.se/ydre-kommun/kultur-och-fritid/foreningar-och-foreningsbidrag/bidragsregler
ystad,ystad,ystad-horney-smithska-stiftelsen,Horney-Smithska stiftelsen,2,,,https://ystad.se/kommun-och-politik/ovrig-service/bidrag-priser-stipendier-stiftelser-och-fonder/ovriga-stiftelser
ystad,ystad,ystad-idrottsstipendium,Idrottsstipendium,2,,,https://ystad.se/kommun-och-politik/ovrig-service/bidrag-priser-stipendier-stiftelser-och-fonder/idrottsstipendiet
ystad,ystad,ystad-kulturstipendium,Kulturstipendium,2,,,https://ystad.se/kommun-och-politik/ovrig-service/bidrag-priser-stipendier-stiftelser-och-fonder/kulturstipendiet
alingsas,alingsas,alingsas-sponsring,Sponsring,3,,,https://www.alingsas.se/wp-content/uploads/networks/1/sites/2/2020/10/Riktlinje-f%C3%B6r-sponsring-Alings%C3%A5s-kommun.pdf
alvesta,alvesta,alvesta-projekt-kultur,Projektbidrag: Kulturarrangemang,3,,,https://www.alvesta.se/uppleva-och-gora/foreningar-och-foreningsliv/foreningsstod-och-externa-bidrag/
alvesta,alvesta,alvesta-verksamhetsstod,Årligt verksamhetsstöd,3,,,https://www.alvesta.se/uppleva-och-gora/foreningar-och-foreningsliv/foreningsstod-och-externa-bidrag/
aneby,aneby,aneby-kultur-foreningsstod,Kultur- och föreningsstöd,3,,,https://aneby.se/sidor/kultur-fritid-och-turism/foreningar-foreningsliv/kultur--och-foreningsstod.html
angelholm,angelholm,angelholm-lokalbidrag,Lokalbidrag,3,,,https://www.engelholm.se/uppleva-och-gora/bidrag-sponsring-och-priser/foreningsbidrag/lokalbidrag---villkor-vid-ansokan.html
angelholm,angelholm,angelholm-miljopriset,Miljöpriset,3,,,https://www.engelholm.se/uppleva-och-gora/bidrag-sponsring-och-priser/priser-och-nomineringar.html
angelholm,angelholm,angelholm-social-aldre-funktionsnedsatta,Stöd till social verksamhet — äldre och funktionsnedsatta,3,,,https://www.engelholm.se/uppleva-och-gora/bidrag-sponsring-och-priser/foreningsbidrag/stod-till-social-verksamhet---villkor-vid-ansokan.html
arvika,arvika,arvika-ungdom-kultur,Kultur- och fritidsverksamhet för unga,3,,,https://www.arvika.se/upplevaochgora/foreningarforeningsliv/bidragstodstipendier/stodinomkultursektorn.2744.html
arvika,arvika,arvika-specialbidrag,Specialbidrag — Större underhålls- eller förbättringsprojekt,3,,,https://www.arvika.se/upplevaochgora/foreningarforeningsliv/bidragstodstipendier/stodinomfritidssektorn.2742.html
arvika,arvika,arvika-oppna-ungdomsaktiviteter,Stöd för öppen ungdomsverksamhet,3,,,https://www.arvika.se/upplevaochgora/foreningarforeningsliv/bidragstodstipendier/stodinomfritidssektorn.2742.html
arvika,arvika,arvika-spontana-aktiviteter-kultur,Stöd till spontana aktiviteter — Kultur,3,,,https://www.arvika.se/upplevaochgora/foreningarforeningsliv/bidragstodstipendier/stodinomkultursektorn.2744.html
arvika,arvika,arvika-verksamhetsbidrag-idrott,Verksamhetsbidrag — Idrott (ungdomsverksamhet),3,,,https://www.arvika.se/upplevaochgora/foreningarforeningsliv/bidragstodstipendier/stodinomfritidssektorn.2742.html
arvika,arvika,arvika-verksamhetsbidrag-kultur,Verksamhetsbidrag — Kultur,3,,,https://www.arvika.se/upplevaochgora/foreningarforeningsliv/bidragstodstipendier/stodinomkultursektorn.2744.html
bjurholm,bjurholm,bjurholm-arrangemangsbidrag-kultur,Arrangemangsbidrag — Kultur,3,,,https://www.bjurholm.se/uppleva-och-gora/bibliotek-och-kultur/kultur
bjurholm,bjurholm,bjurholm-lovaktivitetsbidrag,Bidrag till lovaktivitet,3,,,https://e-tjanster.bjurholm.se/oversikt/overview/268
bjurholm,bjurholm,bjurholm-lokalbidrag,Lokalbidrag,3,,,https://www.bjurholm.se/uppleva-och-gora/foreningar/lokalbidrag
bjuv,bjuv,bjuv-lok-aktivitetsstod,LOK - Aktivitetsstöd,3,,,https://www.bjuv.se/kultur-och-fritid/foreningar/stod-till-foreningar/ungdomsforening.html
boden,boden,boden-driftstod-bygdegardar-glesbygd,Driftstöd till bygdegårdar och allmänna samlingslokaler i glesbygd,3,,,https://boden.se/steg-for-steg-guider/ansok-om-foreningsstod
boden,boden,boden-enskilda-utfartsvagar,Kommunalt bidrag till enskilda utfartsvägar,3,,,https://boden.se/gator-och-trafik/gator-och-parkering/enskilda-vagar
boden,boden,boden-arligt-kulturverksamhetsstod,Årligt kulturverksamhetsstöd,3,,,https://boden.se/steg-for-steg-guider/ansok-om-kulturstod-och-arrangemangsstod
bollebygd,bollebygd,bollebygd-aktivitetsstod,Aktivitetstöd,3,,,https://meeting.bollebygd.se/committees/utbildningsnamnden/mote-2024-09-25
bollebygd,bollebygd,bollebygd-anlaggningsbidrag,Anläggningsbidrag,3,,,https://meeting.bollebygd.se/committees/utbildningsnamnden/mote-2024-09-25
bollebygd,bollebygd,bollebygd-driftbidrag,Driftbidrag,3,,,https://meeting.bollebygd.se/committees/utbildningsnamnden/mote-2024-09-25
bollebygd,bollebygd,bollebygd-ledarutbildning,Ledarutbildning,3,,,https://meeting.bollebygd.se/committees/utbildningsnamnden/mote-2024-09-25
bollebygd,bollebygd,bollebygd-lokalbidrag,Lokalbidrag,3,,,https://meeting.bollebygd.se/committees/utbildningsnamnden/mote-2024-09-25
bollebygd,bollebygd,bollebygd-verksamhetsbidrag,Verksamhetsbidrag,3,,,https://meeting.bollebygd.se/committees/utbildningsnamnden/mote-2024-09-25
bollnas,bollnas,bollnas-arbrafonderna-aldre-sjuka-funktionshindrade,"Arbråfonderna — Bidrag och stöd till äldre, sjuka och funktionshindrade",3,,,https://bollnas.se/kommun-och-politik/stipendier-fonder-och-priser/fonder-och-stiftelser/arbrafonderna/bidrag-och-stod-till-aldre-sjuka-och-funktionshindrade
bollnas,bollnas,bollnas-avtalsforeningar-kultur,Avtalsföreningar - kultur,3,,,https://bollnas.se/uppleva-och-gora/foreningar-foreningsliv/avtalsforeningar---kultur
bollnas,bollnas,bollnas-arets-forening,Årets förening,3,,,https://bollnas.se/uppleva-och-gora/foreningar-foreningsliv/stod-bidrag-och-stipendier/priser-och-stipendier
borgholm,borgholm,borgholm-anlaggningsbidrag,"Anläggningsbidrag (Nybygge, utbyggnad, renovering)",3,,,https://www.borgholm.se/foreningsbidrag/
borgholm,borgholm,borgholm-lokalhyra,Lokalhyresbidrag,3,,,https://www.borgholm.se/foreningsbidrag/
borlange,borlange,borlange-riktat-stod,Riktat stöd och anläggningsavtal,3,,,https://www.borlange.se/uppleva-och-gora/foreningar/foreningsbidrag
boxholm,boxholm,boxholm-arrangemangsbidrag,Arrangemangsbidrag,3,,,https://www.boxholm.se/uppleva-och-gora/foreningar-och-foreningsliv/bidrag-stod-och-stipendier
boxholm,boxholm,boxholm-pensionarsforeningar,Bidrag till pensionärsföreningar,3,,,https://www.boxholm.se/uppleva-och-gora/foreningar-och-foreningsliv/bidrag-stod-och-stipendier
boxholm,boxholm,boxholm-grundbidrag,Grundbidrag,3,,,https://www.boxholm.se/uppleva-och-gora/foreningar-och-foreningsliv/bidrag-stod-och-stipendier
boxholm,boxholm,boxholm-lokalbidrag,Lokalbidrag,3,,,https://www.boxholm.se/uppleva-och-gora/foreningar-och-foreningsliv/bidrag-stod-och-stipendier
boxholm,boxholm,boxholm-utvecklingsbidrag,Utvecklingsbidrag,3,,,https://www.boxholm.se/uppleva-och-gora/foreningar-och-foreningsliv/bidrag-stod-och-stipendier
bracke,bracke,bracke-aktivitetsstod,Aktivitetstöd,3,,,https://www.bracke.se/kulturochfritid/foreningslivochbidrag.4.73773db514ee2ab085a9efe.html
bracke,bracke,bracke-ledarskapsutbildning,Ledarskapsutbildning,3,,,https://www.bracke.se/kulturochfritid/foreningslivochbidrag.4.73773db514ee2ab085a9efe.html
bracke,bracke,bracke-samlingsplatsstod,Samlingsplatsstöd,3,,,https://www.bracke.se/kulturochfritid/foreningslivochbidrag.4.73773db514ee2ab085a9efe.html
bracke,bracke,bracke-studiecirklar,Studiecirkelstöd,3,,,https://www.bracke.se/kulturochfritid/foreningslivochbidrag.4.73773db514ee2ab085a9efe.html
bromolla,bromolla,bromolla-integrationsbidrag,Integrationsbidrag,3,,,https://www.bromolla.se/kommun-och-politik/press--och-informationsmaterial/nyhetsarkiv/kan-din-forening-fa-integrationsbidrag/
burlov,burlov,burlov-idrottsforeningar,Föreningsbidrag — Idrottsföreningar,3,,,https://burlov.se/kulturfritid/foreningariburlov.4.609e1877159f0e59b9f29437.html
burlov,burlov,burlov-kulturforeningar,Föreningsbidrag — Kulturföreningar,3,,,https://burlov.se/kulturfritid/foreningariburlov.4.609e1877159f0e59b9f29437.html
burlov,burlov,burlov-pensionarsforeningar,Föreningsbidrag — Pensionärsföreningar,3,,,https://burlov.se/kulturfritid/foreningariburlov.4.609e1877159f0e59b9f29437.html
burlov,burlov,burlov-studieforbund,Föreningsbidrag — Studieförbund,3,,,https://burlov.se/kulturfritid/foreningariburlov.4.609e1877159f0e59b9f29437.html
burlov,burlov,burlov-medborgareinitiativ,Stöd till medborgarinitiativ,3,,,https://burlov.se/kulturfritid/foreningariburlov.4.609e1877159f0e59b9f29437.html
dals-ed,dals-ed,dalsed-aktivitetsstod,Aktivitetsstöd,3,,,https://www.dalsed.se/blanketter-och-e-tjanster/fritid-och-kultur/
dals-ed,dals-ed,dalsed-anlaggningslokalbidrag,Anläggnings- och lokalbidrag,3,,,https://www.dalsed.se/blanketter-och-e-tjanster/fritid-och-kultur/
dals-ed,dals-ed,dalsed-evenemang,Evenemangsbidrag,3,,,https://www.dalsed.se/nyheter/nyhetsarkiv-2026/forandringar-i-evenemangsbidrag/
dals-ed,dals-ed,dalsed-social-stod,Föreningsbidrag — Socialnämnden,3,,,https://www.dalsed.se/nyheter/nyhetsarkiv-2025/dags-att-soka-foreningsbidrag-av-socialnamnden-i-dals-ed-2025/
dals-ed,dals-ed,dalsed-kulturverksamhet,Föreningsbidrag — Årsbidrag kulturverksamhet,3,,,https://www.dalsed.se/blanketter-och-e-tjanster/fritid-och-kultur/
dals-ed,dals-ed,dalsed-studieforbund,Kommunalt bidrag till studieförbund,3,,,https://www.dalsed.se/blanketter-och-e-tjanster/fritid-och-kultur/
dals-ed,dals-ed,dalsed-ledarutbildning,Ledarutbildningsbidrag,3,,,https://www.dalsed.se/blanketter-och-e-tjanster/fritid-och-kultur/
danderyd,danderyd,danderyd-arrangemangsbidrag,Arrangemangsbidrag,3,,,https://www.danderyd.se/globalassets/globala-filer/kommun-och-politik/ovriga-styrdokument-ny/styrande-dokument---kultur-och-fritid/regler-for-foreningsbidrag---galler-fr.o.m.-2025-01-01.pdf
danderyd,danderyd,danderyd-hyresbidrag,Lokalbidrag för idrotts- och fritidsföreningar (hyresbidrag),3,,,https://www.danderyd.se/globalassets/globala-filer/kommun-och-politik/ovriga-styrdokument-ny/styrande-dokument---kultur-och-fritid/regler-for-foreningsbidrag---galler-fr.o.m.-2025-01-01.pdf
danderyd,danderyd,danderyd-startbidrag,Startbidrag,3,,,https://www.danderyd.se/globalassets/globala-filer/kommun-och-politik/ovriga-styrdokument-ny/styrande-dokument---kultur-och-fritid/regler-for-foreningsbidrag---galler-fr.o.m.-2025-01-01.pdf
degerfors,degerfors,degerfors-forlustback,Förlusttäckning / Arrangemangsbidrag,3,,,https://www.degerfors.se/uppleva-och-gora/foreningar-och-foreningsstod
degerfors,degerfors,degerfors-kulturbidrag,Kulturbidrag,3,,,https://degerfors.se/uppleva-och-gora/kultur.html
degerfors,degerfors,degerfors-startbidrag,Startbidrag,3,,,https://www.degerfors.se/uppleva-och-gora/foreningar-och-foreningsstod
degerfors,degerfors,degerfors-verksamhetsbidrag,Årligt verksamhetsbidrag,3,,,https://www.degerfors.se/uppleva-och-gora/foreningar-och-foreningsstod
dorotea,dorotea,dorotea-kommunalt-aktivitetsstod,Kommunalt aktivitetsstöd,3,,,https://www.dorotea.se/uppleva-och-gora/foreningar-och-foreningsliv/foreningsstod/kommunalt-aktivitetsstod/
eda,eda,eda-bidrag-arrangemang,Bidrag till arrangemang,3,,,https://eda.se/kultur/bidrag__827
eda,eda,eda-driftsbidrag-museum,Driftbidrag till museiföreningar och museer,3,,,https://eda.se/kultur/bidrag__827
eda,eda,eda-driftsbidrag-hembygd,Driftsbidrag till hembygdsföreningar,3,,,https://eda.se/kultur/bidrag__827
eda,eda,eda-verksamhetsbidrag-kultur,Verksamhetsbidrag till kulturföreningar,3,,,https://eda.se/kultur/bidrag__827
ekero,ekero,ekero-kompetens-utveckling,Bidrag för kompetens och utveckling,3,,,https://www.ekero.se/uppleva-gora/idrott--foreningar/foreningsstod-och-bidrag
ekero,ekero,ekero-publika-arrangemang,Bidrag till publika arrangemang och öppna aktiviteter,3,,,https://www.ekero.se/uppleva-gora/idrott--foreningar/foreningsstod-och-bidrag
eksjo,eksjo,eksjo-aktivitetsbidrag,Aktivitetsbidrag,3,,,https://eksjo.se/kultur-och-fritid/foreningsliv/foreningsbidrag
eksjo,eksjo,eksjo-arrangemangsbidrag,Arrangemangsbidrag,3,,,https://eksjo.se/kultur-och-fritid/foreningsliv/foreningsbidrag
enkoping,enkoping,enkoping-studieforbund,Bidrag till studieförbund,3,,,https://enkoping.se/download/18.3074f6241931f5d6fa2b1ac/1776691502470/regler-stod-civilsamhallet.pdf
enkoping,enkoping,enkoping-civilsamhallesstipendium,Civilsamhällesstipendium,3,,,https://enkoping.se/omsorg-och-stod/stiftelser-fonder-och-stipendier/civilsamhallesstipendium.html
enkoping,enkoping,enkoping-grundstod,Årligt grundstöd,3,,,https://enkoping.se/fritid-och-kultur/forening-i-enkoping/sok-foreningsbidrag/bidrag-att-soka.html
enkoping,enkoping,enkoping-oppen-aktivitet,Öppen aktivitet,3,,,https://enkoping.se/fritid-och-kultur/forening-i-enkoping/sok-foreningsbidrag/bidrag-att-soka.html
essunga,essunga,essunga-kostnadskravande-projekt,Bidrag till kostnadskrävande projekt,3,,,https://sjalvservice.essunga.se/oversikt/overview/90
falkoping,falkoping,falkoping-anlaggningsbidrag,Anläggningsbidrag,3,,,https://www.falkoping.se/uppleva--gora/foreningar/foreningsbidrag
falkoping,falkoping,falkoping-boverket-medfinansiering,Boverket-medfinansiering,3,,,https://www.falkoping.se/uppleva--gora/foreningar/foreningsbidrag
falkoping,falkoping,falkoping-investeringsbidrag,Investeringsbidrag,3,,,https://www.falkoping.se/uppleva--gora/foreningar/foreningsbidrag
falkoping,falkoping,falkoping-lokalbidrag,Lokalbidrag,3,,,https://www.falkoping.se/uppleva--gora/foreningar/foreningsbidrag
falkoping,falkoping,falkoping-utvecklingsprojekt,Stöd till utvecklingsprojekt,3,,,https://www.falkoping.se/uppleva--gora/foreningar/foreningsbidrag
falun,falun,falun-feriearbete-stod,Ekonomiskt stöd till föreningar vid feriearbete,3,,,https://www.falun.se/jobb--foretagande/jobb-och-praktik/jobb-och-praktik-for-ungdomar/for-foreningar---ekonomiskt-stod-vid-feriearbete.html
falun,falun,falun-investeringsbidrag-lokaler,Investerings- och renoveringsbidrag till föreningsägda lokaler och anläggningar,3,,,https://www.falun.se/gora--uppleva/foreningar-och-bidrag/bidrag-stod-och-stipendier/bidrag-till-kultur--idrotts--och-fritidsforeningar/bidragsregler-for-kultur--och-fritidsforvaltningen.html
falun,falun,falun-lonebidrag,Kommunalt lönebidrag för föreningar,3,,,https://www.falun.se/jobb--foretagande/jobb-och-praktik/arbetsmarknadsinsatser/for-foreningar---kommunalt-lonebidrag.html
falun,falun,falun-kommundelsutveckling,Kommundelsutveckling,3,,,https://www.falun.se/bygga-bo--miljo/landsbygd/stod-och-finansieringsmojligheter/kommundelsutveckling.html
falun,falun,falun-ks-stiftelser,Kommunstyrelsens stiftelser och fonder,3,,,https://www.falun.se/kommun--demokrati/kommunens-organisation/kommunstyrelsen/kommunstyrelsens-stiftelser-och-fonder.html
falun,falun,falun-lok-stod,Lokalt aktivitetsstöd (LOK-stöd),3,,,https://www.falun.se/gora--uppleva/foreningar-och-bidrag/bidrag-stod-och-stipendier/bidrag-till-kultur--idrotts--och-fritidsforeningar/bidragsregler-for-kultur--och-fritidsforvaltningen.html
falun,falun,falun-stiftelsen-fritidens-framjande,Stiftelsen för fritidens främjande i Falu kommun,3,,,https://www.falun.se/gora--uppleva/foreningar-och-bidrag/bidrag-stod-och-stipendier/stiftelsen-for-fritidens-framjande.html
falun,falun,falun-ung-leder-ung,Ung leder ung,3,,,https://www.falun.se/gora--uppleva/foreningar-och-bidrag/bidrag-stod-och-stipendier/bidrag-till-kultur--idrotts--och-fritidsforeningar/bidragsregler-for-kultur--och-fritidsforvaltningen.html
gislaved,gislaved,gislaved-socialt,Föreningsbidrag social verksamhet,3,False,angivet,https://www.gislaved.se/omsorg-och-stod/anhorigstod/foreningsbidrag-social-verksamhet
gislaved,gislaved,gislaved-investeringsbidrag-litet,Litet investeringsbidrag,3,True,angivet,https://www.gislaved.se/uppleva-och-gora/foreningsliv/foreningsbidrag-fritid--och-kulturforeningar
gislaved,gislaved,gislaved-startbidrag,Startbidrag,3,True,angivet,https://www.gislaved.se/uppleva-och-gora/foreningsliv/foreningsbidrag-fritid--och-kulturforeningar
gislaved,gislaved,gislaved-investeringsbidrag-stort,Stort investeringsbidrag,3,True,angivet,https://www.gislaved.se/uppleva-och-gora/foreningsliv/foreningsbidrag-fritid--och-kulturforeningar
gnesta,gnesta,gnesta-aktivitetsbidrag,Aktivitetsbidrag,3,,,https://www.gnesta.se/kulturfritid/foreningar/foreningsbidrag.4.233511f518beb6dc90023ca9.html
goteborg,goteborg,goteborg-aktivitetsbidrag,Aktivitetsbidrag,3,,,https://goteborg.se/wps/portal?uri=gbglnk%3AAktivitetsbidrag
gotene,gotene,gotene-aktivitetsbidrag,Lokalt aktivitetsbidrag,3,,,https://www.gotene.se/kommunochpolitik/kommunalabestammelserochtillstand/kommunensforfattningar/dokument/f/foreningsbidrag.263933.html
grums,grums,grums-kulturarrangemang,Kulturarrangemangsbidrag,3,,,https://www.grums.se/upplevagora/foreningsliv/foreningsbidrag.8246.html
gullspang,gullspang,gullspang-arrangorsstod,Arrangörsstöd,3,,,https://gullspang.se/uppleva-och-gora/foreningsliv-och-foreningar/arrangorsstod
habo-jonkoping,habo-jonkoping,habo-jonkoping-foreningsbidrag-fran-socialnamnden,Föreningsbidrag från socialnämnden,3,,,https://habokommun.se/uppleva-och-gora/foreningsliv
habo-uppsala,habo-uppsala,habo-uppsala-aktivitetsbidrag,Aktivitetsbidrag,3,,,https://www.habo.se/uppleva-och-gora/foreningar/bidrag-och-stod/aktivitetsbidrag.html
halmstad,halmstad,halmstad-anlaggningsbidrag,Anläggningsbidrag,3,,,https://www.halmstad.se/upplevaochgora/foreningarochforeningsliv/bidragochstodtillforeningar/anlaggningsbidrag.n1902.html
halmstad,halmstad,halmstad-arrangemangs-projektstod-kultur,Arrangemangs- och projektstöd inom kultur,3,,,https://www.halmstad.se/upplevaochgora/kultur/bidragochstodinomkulturochfolkbildning/arrangemangsochprojektstod.n2406.html
halmstad,halmstad,halmstad-lokalbidrag,Lokalbidrag,3,,,https://www.halmstad.se/upplevaochgora/foreningarochforeningsliv/bidragochstodtillforeningar/lokalbidrag.n1908.html
halmstad,halmstad,halmstad-nolltaxa,Nolltaxa – fri hyra för föreningar,3,,,https://www.halmstad.se/upplevaochgora/foreningarochforeningsliv/bidragochstodtillforeningar/nolltaxafrihyraforforeningar.n2328.html
halmstad,halmstad,halmstad-spontanaktivitetsbidrag,Spontanaktivitetsbidrag,3,,,https://www.halmstad.se/upplevaochgora/foreningarochforeningsliv/bidragochstodtillforeningar/spontanaktivitetsbidrag.n1910.html
halmstad,halmstad,halmstad-motesplatser-barn-unga,Stöd till föreningsdrivna mötesplatser för barn och unga,3,,,https://www.halmstad.se/upplevaochgora/foreningarochforeningsliv/bidragochstodtillforeningar/stodtillforeningsdrivnamotesplatserforbarnochunga.n2476.html
halmstad,halmstad,halmstad-samhallsforeningar,Stöd till samhällsföreningar,3,,,https://www.halmstad.se/upplevaochgora/foreningarochforeningsliv/bidragochstodtillforeningar/stodtillsamhallsforeningar.6521.html
halmstad,halmstad,halmstad-seniorforeningar,Stöd till seniorföreningar,3,,,https://www.halmstad.se/upplevaochgora/foreningarochforeningsliv/bidragochstodtillforeningar/stodtillseniorforeningar.n2484.html
halmstad,halmstad,halmstad-stod-studieforbund,Stöd till studieförbund,3,,,https://www.halmstad.se/upplevaochgora/kultur/bidragochstodinomkulturochfolkbildning/stodtillstudieforbund.n2452.html
halmstad,halmstad,halmstad-sarskilt-bidrag-vagsamfalligheter,Särskilt bidrag till vägsamfälligheter,3,,,https://www.halmstad.se/trafikochinfrastruktur/vagarochgator/vagforeningarochvagsamfalligheter.n640.html
halmstad,halmstad,halmstad-verksamhetsstod-kultur,Verksamhetsstöd inom kultur,3,,,https://www.halmstad.se/upplevaochgora/kultur/bidragochstodinomkulturochfolkbildning/verksamhetsstodinomkultur.n2442.html
haninge,haninge,haninge-trivselvandring,Föreningsdriven trivselvandring,3,,,https://www.haninge.se/4aecaf/contentassets/172843824c51415f8daf4569716b55b3/riktlinje-for-ekonomiskt-stod-ikfn-2025.pdf
haninge,haninge,haninge-forstarkt-ridbidrag,Förstärkt ridbidrag,3,,,https://www.haninge.se/uppleva-och-gora/foreningar/foreningsbidrag/idrott-och-ovrigabidrag-kultur-fritid/
haninge,haninge,haninge-forstarkt-scoutbidrag,Förstärkt scoutbidrag,3,,,https://www.haninge.se/uppleva-och-gora/foreningar/foreningsbidrag/idrott-och-ovrigabidrag-kultur-fritid/
haninge,haninge,haninge-kultur-grundbidrag,Grundbidrag (kultur),3,,,https://www.haninge.se/uppleva-och-gora/foreningar/foreningsbidrag/kulturbidrag/
haninge,haninge,haninge-projekt-arrangemangsstod,Projekt- och arrangemangsstöd,3,,,https://www.haninge.se/uppleva-och-gora/foreningar/foreningsbidrag/idrott-och-ovrigabidrag-kultur-fritid/
haninge,haninge,haninge-social-verksamhetsbidrag,Socialnämndens verksamhetsbidrag,3,,,https://www.haninge.se/uppleva-och-gora/foreningar/foreningsbidrag/ovriga-bidrag-socialnamnden/
haninge,haninge,haninge-studieforbundsbidrag,Studieförbundsbidrag,3,,,https://www.haninge.se/uppleva-och-gora/foreningar/foreningsbidrag/kulturbidrag/
haninge,haninge,haninge-kultur-arrangemang-projekt,Stöd för kulturarrangemang och -projekt,3,,,https://www.haninge.se/uppleva-och-gora/foreningar/foreningsbidrag/kulturbidrag/
haninge,haninge,haninge-skollovsaktiviteter,Stöd till fritidsaktiviteter under skollov (Lovmedel),3,,,https://www.haninge.se/uppleva-och-gora/foreningar/foreningsbidrag/lovmedel/
haninge,haninge,haninge-aldre-verksamhetsbidrag,Äldrenämndens verksamhetsbidrag,3,,,https://www.haninge.se/uppleva-och-gora/foreningar/foreningsbidrag/Bidrag-for-pensionarsverksamhet/
harjedalen,harjedalen,harjedalen-samlingslokaler,Bidrag till samlingslokaler,3,,,https://www.herjedalen.se/kommun-och-politik/styrdokument-och-regler/bidrag-och-stod-for-evenemang-foreningar-lokaler-och-studieforbund/bidrag-till-samlingslokaler.html
harjedalen,harjedalen,harjedalen-studieforbund,Stöd till studieförbund,3,,,https://www.herjedalen.se/kommun-och-politik/styrdokument-och-regler/bidrag-och-stod-for-evenemang-foreningar-lokaler-och-studieforbund/studieforbund.html
harryda,harryda,harryda-fobjudring-lokal-anlaggning,Stöd till förbättring av lokal eller anläggning,3,,,https://www.harryda.se/upplevaochgora/foreningar/stodtillideellaforeningar/reglerforstodtillideellaforeningar/stodtillforbattringavlokalelleranlaggning.4.446cba66182e9265b814fa2.html
helsingborg,helsingborg,helsingborg-von-hyresbidrag,Hyresbidrag till pensionärsföreningar,3,,,https://helsingborg.se/omsorg-och-stod/foreningar-med-social-verksamhet/bidrag-fran-vard-och-omsorgsnamnden/
helsingborg,helsingborg,helsingborg-von-verksamhetsbidrag,Verksamhetsbidrag från vård- och omsorgsnämnden,3,,,https://helsingborg.se/omsorg-och-stod/foreningar-med-social-verksamhet/bidrag-fran-vard-och-omsorgsnamnden/
horby,horby,horby-evenemangsbidrag,Evenemangsbidrag,3,,,https://fri.horby.se/bidrag/ansokaninfo.aspx?type=39&year=2025
huddinge,huddinge,huddinge-sarskilda-atgarder,Bidrag för särskilda åtgärder,3,,,https://sammantraden.huddinge.se/welcome-sv/namnder-styrelser/kommunfullmaktige/kommunfullmaktige/agenda/rev-bilaga-hkf-8020-foreningsbidragpdf?downloadMode=open
huddinge,huddinge,huddinge-arrangemangsbidrag,Bidrag till arrangemang,3,,,https://www.huddinge.se/fritid-natur-och-kultur/foreningar-och-bidrag/bidrag-stod-och-stipendier/bidrag-till-foreningar-och-studieforbund/
huddinge,huddinge,huddinge-miljobidrag,Föreningsbidrag för miljöförbättrande insatser,3,,,https://www.huddinge.se/fritid-natur-och-kultur/foreningar-och-bidrag/bidrag-stod-och-stipendier/foreningsbidrag-for-miljoforbattrande-insatser/
huddinge,huddinge,huddinge-grundbidrag-funktionsnedsattning,Grundbidrag till föreningar för personer med funktionsnedsättning,3,,,https://www.huddinge.se/fritid-natur-och-kultur/foreningar-och-bidrag/bidrag-stod-och-stipendier/foreningsbidrag-for-foreningar-for-personer-med-funktionsnedsattning-och-sociala-stod--och-hjalporganisationer/
huddinge,huddinge,huddinge-hyresbidrag-funktionsnedsattning,Hyresbidrag till föreningar för personer med funktionsnedsättning,3,,,https://www.huddinge.se/fritid-natur-och-kultur/foreningar-och-bidrag/bidrag-stod-och-stipendier/foreningsbidrag-for-foreningar-for-personer-med-funktionsnedsattning-och-sociala-stod--och-hjalporganisationer/
huddinge,huddinge,huddinge-hyresersattningsbidrag,Hyresersättningsbidrag,3,,,https://www.huddinge.se/fritid-natur-och-kultur/foreningar-och-bidrag/bidrag-stod-och-stipendier/bidrag-till-foreningar-och-studieforbund/
huddinge,huddinge,huddinge-vanortsutbyte,Vänortsutbyte,3,,,https://sammantraden.huddinge.se/welcome-sv/namnder-styrelser/kommunfullmaktige/kommunfullmaktige/agenda/rev-bilaga-hkf-8020-foreningsbidragpdf?downloadMode=open
jarfalla,jarfalla,jarfalla-lokalstod-bygdegardar,Lokalstöd till bygdegårdar,3,,,https://www.jarfalla.se/download/18.b36ca0d198976683f521992/1755082571008/Beslutade%20Riktlinjer%20f%C3%B6r%20kultur-%20och%20fritidsst%C3%B6d%20i%20J%C3%A4rf%C3%A4lla%20kommun%20250610.pdf
jarfalla,jarfalla,jarfalla-kulturmanadsstod,Programstöd under kulturmånaden,3,,,https://www.jarfalla.se/fritidochkultur/foreningochlokaler/foreningsstod.4.640dac6b1300db73e7c800010756.html
jarfalla,jarfalla,jarfalla-projektstod-kultur,Projektstöd kultur,3,,,https://www.jarfalla.se/fritidochkultur/foreningochlokaler/foreningsstod.4.640dac6b1300db73e7c800010756.html
jarfalla,jarfalla,jarfalla-utvecklingsstod,Utvecklingsstöd,3,,,https://www.jarfalla.se/download/18.b36ca0d198976683f521992/1755082571008/Beslutade%20Riktlinjer%20f%C3%B6r%20kultur-%20och%20fritidsst%C3%B6d%20i%20J%C3%A4rf%C3%A4lla%20kommun%20250610.pdf
jarfalla,jarfalla,jarfalla-verksamhetsstod-kultur,Verksamhetsstöd kultur,3,,,https://www.jarfalla.se/fritidochkultur/foreningochlokaler/foreningsstod.4.640dac6b1300db73e7c800010756.html
kalix,kalix,kalix-stod-samlingslokaler,"Stöd till samlingslokaler (bygdegårdar, museer, Folkets Hus)",3,,,https://www.kalix.se/contentassets/c36364d7a9e44ab698f3dee0c34cec6e/bidragsregler--2026.pdf
kalmar,kalmar,kalmar-arrangemangsstod,Arrangemangsstöd till ideella föreningar,3,,,https://kalmar.se/uppleva-och-gora/foreningar-och-foreningsliv/foreningsstod/kulturforeningar/arrangemangsstod.html
kalmar,kalmar,kalmar-lokalstod-barn-ungdom,Lokalstöd (barn- och ungdomsföreningar),3,,,https://kalmar.se/uppleva-och-gora/foreningar-och-foreningsliv/foreningsstod/barn--och-ungdomsforeningar/lokalstod.html
kalmar,kalmar,kalmar-projektstod-flick-damidrott,Projektstöd flick- och damidrott,3,,,https://kalmar.se/uppleva-och-gora/foreningar-och-foreningsliv/foreningsstod/projekstod-flick--och-damidrott.html
kalmar,kalmar,kalmar-projektstod,Projektstöd till ideella föreningar,3,,,https://kalmar.se/uppleva-och-gora/foreningar-och-foreningsliv/foreningsstod/kulturforeningar/projektstod.html
kalmar,kalmar,kalmar-funktionsnedsattning,Stöd till föreningar för funktionsnedsatta,3,,,https://kalmar.se/uppleva-och-gora/foreningar-och-foreningsliv/foreningsstod/foreningar-for-funktionsnedsatta/stod-till-foreningar-for-funktionsnedsatta.html
karlshamn,karlshamn,karlshamn-kommunalt-aktivitetsstod,Kommunalt aktivitetsstöd,3,,,https://www.karlshamn.se/uppleva-och-gora/foreningar-foreningsliv/bidrag-och-stod/
karlshamn,karlshamn,karlshamn-kultur-verksamhetsbidrag,Verksamhetsbidrag för kulturföreningar,3,,,https://www.karlshamn.se/uppleva-och-gora/foreningar-foreningsliv/bidrag-och-stod/
karlskoga,karlskoga,karlskoga-idrottsbidrag,Idrottsbidrag,3,,,https://karlskoga.se/uppleva--gora/foreningar-och-foreningsliv/foreningsbidrag-och-stod.html
karlskoga,karlskoga,karlskoga-kulturbidrag,Kulturbidrag,3,,,https://karlskoga.se/uppleva--gora/foreningar-och-foreningsliv/foreningsbidrag-och-stod.html
karlskoga,karlskoga,karlskoga-socialbidrag,Socialbidrag,3,,,https://karlskoga.se/uppleva--gora/foreningar-och-foreningsliv/foreningsbidrag-och-stod.html
karlskoga,karlskoga,karlskoga-studieverbundsbidrag,Studieförbundsbidrag,3,,,https://karlskoga.se/uppleva--gora/foreningar-och-foreningsliv/foreningsbidrag-och-stod.html
karlskrona,karlskrona,karlskrona-aldre-aktivitetsbidrag,Aktivitetsbidrag (äldreverksamhet),3,,,https://www.karlskrona.se/globalassets/kultur-och-fritid/foreningar/dokument/an_foreningsbidrag.pdf
karlskrona,karlskrona,karlskrona-social-verksamhetsbidrag,Bidrag för föreningar inom social verksamhet,3,,,https://www.karlskrona.se/globalassets/kultur-och-fritid/foreningar/dokument/riktlinjer-for-bidrag-till-foreningar-inom-socialtjanstens-omrade.pdf
karlskrona,karlskrona,karlskrona-forluststod,Förluststöd,3,,,https://www.karlskrona.se/globalassets/kultur-och-fritid/foreningar/dokument/belopp-och-ansokningstider-for-stod-inom-kultur-och-fritidsomradet-2026.pdf
karlskrona,karlskrona,karlskrona-investeringsstod-idrott,Investeringsstöd (idrott och fritid),3,,,https://www.karlskrona.se/globalassets/kommun-och-politik/forfattningssamling/ersattningar-och-bidrag/riktlinjer-for-stod-priser-och-stipendier-inom-kultur--och-fritidsomradet.pdf
karlskrona,karlskrona,karlskrona-vagbidrag,Kommunalt bidrag för underhåll av enskild utfartsväg,3,,,https://www.karlskrona.se/samhallsplanering-och-trafik/parkering-och-trafik/skotsel-av-vagar/
karlskrona,karlskrona,karlskrona-lokal-driftstod,Lokal- och driftstöd,3,,,https://www.karlskrona.se/globalassets/kultur-och-fritid/foreningar/dokument/belopp-och-ansokningstider-for-stod-inom-kultur-och-fritidsomradet-2026.pdf
karlskrona,karlskrona,karlskrona-aldre-lokalbidrag,Lokalbidrag (äldreverksamhet),3,,,https://www.karlskrona.se/globalassets/kultur-och-fritid/foreningar/dokument/an_foreningsbidrag.pdf
karlskrona,karlskrona,karlskrona-projektstod-sarskilda-insatser,Projektstöd — särskilda insatser,3,,,https://www.karlskrona.se/globalassets/kommun-och-politik/forfattningssamling/ersattningar-och-bidrag/riktlinjer-for-stod-priser-och-stipendier-inom-kultur--och-fritidsomradet.pdf
karlskrona,karlskrona,karlskrona-simskolestod,Simskolestöd,3,,,https://www.karlskrona.se/globalassets/kultur-och-fritid/foreningar/dokument/belopp-och-ansokningstider-for-stod-inom-kultur-och-fritidsomradet-2026.pdf
karlskrona,karlskrona,karlskrona-snabbt-och-latt,Snabbt och lätt,3,,,https://www.karlskrona.se/globalassets/kommun-och-politik/forfattningssamling/ersattningar-och-bidrag/riktlinjer-for-stod-priser-och-stipendier-inom-kultur--och-fritidsomradet.pdf
karlskrona,karlskrona,karlskrona-foreningsgardar,Stöd till föreningsgårdar,3,,,https://www.karlskrona.se/globalassets/kultur-och-fritid/foreningar/dokument/belopp-och-ansokningstider-for-stod-inom-kultur-och-fritidsomradet-2026.pdf
karlskrona,karlskrona,karlskrona-idrotts-fritidsarrangemang,Stöd till idrotts- och fritidsarrangemang,3,,,https://www.karlskrona.se/globalassets/kommun-och-politik/forfattningssamling/ersattningar-och-bidrag/riktlinjer-for-stod-priser-och-stipendier-inom-kultur--och-fritidsomradet.pdf
karlskrona,karlskrona,karlskrona-trygghetsvandrande,Trygghetsvandrande föreningar,3,,,https://www.karlskrona.se/kultur-fritid-och-turism/foreningar/trygghetsvandrande-f%C3%B6reningar/
karlstad,karlstad,karlstad-arrangemangsstod-idrott-fritid,Arrangemangsstöd idrott och fritid,3,,,https://karlstad.se/uppleva-och-gora/foreningsliv-stod-och-stipendier/bidrag-och-stod-till-foreningar/stod-till-barn--och-ungdomsverksamhet
karlstad,karlstad,karlstad-pensionar-foreningsbidrag,Föreningsbidrag till pensionärsverksamhet,3,,,https://karlstad.se/uppleva-och-gora/foreningsliv-stod-och-stipendier/bidrag-och-stod-till-foreningar/stod-till-pensionarsverksamhet
karlstad,karlstad,karlstad-lokalstod,Lokalstöd,3,,,https://karlstad.se/uppleva-och-gora/foreningsliv-stod-och-stipendier/bidrag-och-stod-till-foreningar/stod-till-barn--och-ungdomsverksamhet
karlstad,karlstad,karlstad-hembygd-bygdegard,Stöd till hembygds- och bygdegårdsföreningar,3,,,https://karlstad.se/uppleva-och-gora/foreningsliv-stod-och-stipendier/bidrag-och-stod-till-foreningar/stod-till-kulturverksamhet
karlstad,karlstad,karlstad-hallbar-utveckling,Stöd till hållbar utveckling,3,,,https://karlstad.se/uppleva-och-gora/foreningsliv-stod-och-stipendier/bidrag-och-stod-till-foreningar/stod-till-barn--och-ungdomsverksamhet
karlstad,karlstad,karlstad-sarskilt-stod-barn-ungdom,Särskilt stöd (barn- och ungdomsverksamhet),3,,,https://karlstad.se/uppleva-och-gora/foreningsliv-stod-och-stipendier/bidrag-och-stod-till-foreningar/stod-till-barn--och-ungdomsverksamhet
karlstad,karlstad,karlstad-social-verksamhetsstod,Verksamhetsstöd till föreningar med särskild social inriktning,3,,,https://karlstad.se/uppleva-och-gora/foreningsliv-stod-och-stipendier/bidrag-och-stod-till-foreningar/stod-till-foreningar-med-sarskild-social-inriktning
karlstad,karlstad,karlstad-kulturforeningsstod,Årligt stöd till kulturförening,3,,,https://karlstad.se/uppleva-och-gora/foreningsliv-stod-och-stipendier/bidrag-och-stod-till-foreningar/stod-till-kulturverksamhet
katrineholm,katrineholm,katrineholm-bidrag-kommunstyrelsen,Bidrag från kommunstyrelsen,3,,,https://www.katrineholm.se/uppleva-och-gora/foreningar/foreningsbidrag/sponsring-och-andra-bidrag.html
kavlinge,kavlinge,kavlinge-lokalbidrag-hyrd,Lokalbidrag – Hyrd lokal,3,,,https://www.kavlinge.se/uppleva-och-gora/foreningar/soka-foreningsbidrag/bidragsbestammelser
kavlinge,kavlinge,kavlinge-verksamhetsbidrag-kultur,Verksamhetsbidrag för kulturföreningar,3,,,https://www.kavlinge.se/uppleva-och-gora/foreningar/soka-foreningsbidrag/bidragsbestammelser
kavlinge,kavlinge,kavlinge-verksamhetsbidrag-ovrig,Verksamhetsbidrag övrig förening,3,,,https://www.kavlinge.se/uppleva-och-gora/foreningar/soka-foreningsbidrag/bidragsbestammelser
kristianstad,kristianstad,kristianstad-studieforbund,Bidrag till studieförbund,3,,,https://www.kristianstad.se/upplevaochgora/bidrag/bidragtillstudieforbund.5409.html
kristianstad,kristianstad,kristianstad-landsbygdsfonden,Landsbygdsfonden,3,,,https://www.kristianstad.se/omsorgochhjalp/ekonomiochpengar/stiftelserochfonder/landsbygdsfonden.1392.html
kristianstad,kristianstad,kristianstad-stiftelser-fonder,Stiftelser och fonder,3,,,https://www.kristianstad.se/omsorgochhjalp/ekonomiochpengar/stiftelserochfonder.1387.html
kungalv,kungalv,kungalv-aktivitetsgruppen,Stöd till föreningar i Aktivitetsgruppen,3,,,https://sjalvservice.kungalv.se/oversikt/overview/954
kungsbacka,kungsbacka,kungsbacka-driftbidrag-samlingslokaler,Driftbidrag till samlingslokaler,3,,,"https://kungsbacka.se/download/18.4028632d1864b8f9bc313428/1676898790110/Anl%C3%A4ggningsst%C3%B6d%20till%20samlingslokaler,%20hembygdsg%C3%A5rdar%20och%20liknande.pdf"
kungsbacka,kungsbacka,kungsbacka-foreningsuppdrag,Föreningsuppdrag,3,,,https://kungsbacka.se/uppleva-och-gora/foreningar/stod-for-foreningar/foreningsuppdrag
kungsbacka,kungsbacka,kungsbacka-stod-badforeningar,Stöd till badföreningar,3,,,https://kungsbacka.se/uppleva-och-gora/foreningar/stod-for-foreningar/stod-till-badforeningar
kungsbacka,kungsbacka,kungsbacka-stod-studieforbund,Stöd till studieförbund,3,,,https://kungsbacka.se/uppleva-och-gora/foreningar/stod-for-foreningar/stod-till-studieforbund
kungsbacka,kungsbacka,kungsbacka-vagbidrag,Vägbidrag,3,,,https://kungsbacka.se/trafik-resor-och-utemiljo/trafik-och-gator/gator/vem-ansvarar-for-vagen/enskild-vaghallare/vagbidrag
landskrona,landskrona,landskrona-aktivitetsstod-70plus,Kommunalt aktivitetsstöd för äldre (70+),3,,,https://cms.landskrona.se/wp-content/uploads/2024/12/sarskilda-regler-for-foreningsbidrag-som-delas-ut-av-teknik-och-fritidsnamnden.pdf
landskrona,landskrona,landskrona-kulturstipendium,Kulturstipendium,3,,,https://www.landskrona.se/uppleva-och-gora/kultur/bidrag-stod-och-stipendier/kulturstipendium/
landskrona,landskrona,landskrona-nell-walden-stipendiet,Nell Walden-stipendiet,3,,,https://www.landskrona.se/uppleva-och-gora/kultur/bidrag-stod-och-stipendier/nell-walden-stipendiet/
landskrona,landskrona,landskrona-nolltaxa,Nolltaxa,3,,,https://www.landskrona.se/uppleva-och-gora/foreningar-foreningsliv/bidrag-och-stod/
landskrona,landskrona,landskrona-projektstod-start-ny-forening,Projektstöd — Start av ny förening,3,,,https://www.landskrona.se/uppleva-och-gora/foreningar-foreningsliv/bidrag-och-stod/
landskrona,landskrona,landskrona-stod-till-arrangemang,Stöd till arrangemang (Arrangemangsstöd),3,,,https://etjanster.landskrona.se/oversikt/overview/555
landskrona,landskrona,landskrona-unga-ideer,Unga idéer,3,,,https://www.landskrona.se/uppleva-och-gora/kultur/bidrag-stod-och-stipendier/unga-ideer/
landskrona,landskrona,landskrona-studieforbund-verksamhetsbidrag,Verksamhetsbidrag för studieförbund,3,,,https://www.landskrona.se/uppleva-och-gora/kultur/bidrag-stod-och-stipendier/verksamhetsbidrag-for-studieforbund/
lerum,lerum,lerum-centrumforeningar,Ekonomiskt bidrag till centrumföreningar,3,,,https://lerum.se/download/18.2b036d193299d95352c18c/1732002419816/Antagen%20riktlinje%20om%20ekonomiskt%20bidrag%20till%20centrumf%C3%B6reningar.pdf
lerum,lerum,lerum-nattvandring,Föreningsbidrag för nattvandring,3,,,https://lerum.se/download/18.7a448f06196d70b2a691c22a/1747402421368/Riktlinje%20f%C3%B6r%20f%C3%B6reningsbidrag%20avseende%20nattvandring%20pdf
lerum,lerum,lerum-foreningsstod-samverkan-funktionsratt,Föreningsstöd till samverkansföreningar och lokala funktionsrättsföreningar,3,,,https://lerum.se/kultur-och-fritid/foreningar-och-foreningsliv/foreningsstod-och-stipendier/foreningsstod-fran-sektor-stod-och-omsorg
lerum,lerum,lerum-investeringsstod-fritid,Investeringsstöd (fritid),3,,,https://lerum.se/kultur-och-fritid/foreningar-och-foreningsliv/foreningsstod-och-stipendier/stod-till-foreningar-inom-idrott-och-fritid
lerum,lerum,lerum-investeringsstod-kultur,Investeringsstöd (kultur),3,,,https://lerum.se/kultur-och-fritid/kultur/stod-till-kulturverksamhet
lerum,lerum,lerum-studieforbund,Kommunalt stöd till studieförbund,3,,,https://lerum.se/kultur-och-fritid/kultur/stod-till-kulturverksamhet/kommunalt-stod-till-studieforbund
lerum,lerum,lerum-kulturfonden,"Kulturfonden (kulturstipendium, tidigare Stiftelsen Skallsjö)",3,,,https://lerum.se/nyheter/nyhetsarkiv---lerum.se/2026-06-24-nominera-till-kulturpriset-och-ansok-om-kulturstipendiet
lerum,lerum,lerum-kulturpriset,Kulturpriset,3,,,https://lerum.se/nyheter/nyhetsarkiv---lerum.se/2026-06-24-nominera-till-kulturpriset-och-ansok-om-kulturstipendiet
lerum,lerum,lerum-lokalkostnadsstod-so,Lokalkostnadsstöd (stöd och omsorg),3,,,https://lerum.se/kultur-och-fritid/foreningar-och-foreningsliv/foreningsstod-och-stipendier/foreningsstod-fran-sektor-stod-och-omsorg
lerum,lerum,lerum-startstod-fritid,Startstöd (fritid),3,,,https://lerum.se/kultur-och-fritid/foreningar-och-foreningsliv/foreningsstod-och-stipendier/stod-till-foreningar-inom-idrott-och-fritid
lerum,lerum,lerum-startstod-kultur,Startstöd (kultur),3,,,https://lerum.se/kultur-och-fritid/kultur/stod-till-kulturverksamhet
lerum,lerum,lerum-verksamhetslokal,Stöd verksamhetslokal,3,,,https://lerum.se/kultur-och-fritid/foreningar-och-foreningsliv/foreningsstod-och-stipendier/stod-till-foreningar-inom-idrott-och-fritid
lerum,lerum,lerum-upprustning-vag,Upprustningsbidrag enskilda vägar,3,,,https://lerum.se/bygga-bo-och-trafik/trafik-och-gator/gator-och-vagar/upprustningsbidrag-enskilda-vagar
lerum,lerum,lerum-utvecklingsstod-fritid,Utvecklingsstöd (fritid),3,,,https://lerum.se/kultur-och-fritid/foreningar-och-foreningsliv/foreningsstod-och-stipendier/stod-till-foreningar-inom-idrott-och-fritid
lerum,lerum,lerum-verksamhetsstod-kultur,Verksamhetsstöd (kultur),3,,,https://lerum.se/kultur-och-fritid/kultur/stod-till-kulturverksamhet
lerum,lerum,lerum-verksamhetsstod-social,Verksamhetsstöd för social verksamhet,3,,,https://lerum.se/kultur-och-fritid/foreningar-och-foreningsliv/foreningsstod-och-stipendier/foreningsstod-fran-sektor-stod-och-omsorg
lidingo,lidingo,lidingo-aktivitetsbidrag,Aktivitetsbidrag,3,,,https://lidingo.se/kultur-fritid/foreningsliv/foreningsbidrag/
lidingo,lidingo,lidingo-aktivitetsbidrag-socialt-arbete,Aktivitetsbidrag för frivilligt socialt arbete,3,,,https://lidingo.se/kultur-fritid/foreningsliv/bidrag-for-frivilligt-socialt-arbete/
lidingo,lidingo,lidingo-skollovsbidrag,Bidrag för verksamhet under skollov,3,,,https://lidingo.se/kultur-fritid/foreningsliv/foreningsbidrag/
lidingo,lidingo,lidingo-driftbidrag,Driftbidrag,3,,,https://lidingo.se/kultur-fritid/foreningsliv/foreningsbidrag/
lidingo,lidingo,lidingo-lokalbidrag,Lokalbidrag,3,,,https://lidingo.se/kultur-fritid/foreningsliv/foreningsbidrag/
lidingo,lidingo,lidingo-startbidrag,Startbidrag för nybildad förening eller sektion,3,,,https://lidingo.se/kultur-fritid/foreningsliv/foreningsbidrag/
lidingo,lidingo,lidingo-verksamhetsbidrag-socialt-arbete,Verksamhetsbidrag för frivilligt socialt arbete,3,,,https://lidingo.se/kultur-fritid/foreningsliv/bidrag-for-frivilligt-socialt-arbete/
lidkoping,lidkoping,lidkoping-aktiva-medlemmar,Bidrag för aktiva medlemmar,3,,,https://sjalvservice.lidkoping.se/oversikt/overview/250
lidkoping,lidkoping,lidkoping-samlingslokaler,Bidrag för samlingslokaler,3,,,https://sjalvservice.lidkoping.se/oversikt/overview/252
lidkoping,lidkoping,lidkoping-utvecklingsmedel-social-hallbarhet,"Utvecklingsmedel, social hållbarhet",3,,,https://sjalvservice.lidkoping.se/oversikt/overview/357
ljungby,ljungby,ljungby-anlaggningsstod,Anläggningsstöd,3,,,https://www.ljungby.se/uppleva-och-gora/foreningar-foreningsliv/bidrag-och-stod
ljungby,ljungby,ljungby-hyresstod,Hyresstöd,3,,,https://www.ljungby.se/uppleva-och-gora/foreningar-foreningsliv/bidrag-och-stod
ljungby,ljungby,ljungby-investeringsstod,Investeringsbidrag,3,,,https://www.ljungby.se/uppleva-och-gora/foreningar-foreningsliv/bidrag-och-stod
ljungby,ljungby,ljungby-ledarbidrag,Ledarutbildningsstöd,3,,,https://www.ljungby.se/uppleva-och-gora/foreningar-foreningsliv/bidrag-och-stod
ljungby,ljungby,ljungby-aktivitetsstod,Lokalt aktivitetsstöd,3,,,https://www.ljungby.se/uppleva-och-gora/foreningar-foreningsliv/bidrag-och-stod
ljungby,ljungby,ljungby-pensionar,Pensionärsföreningsstöd,3,,,https://www.ljungby.se/uppleva-och-gora/foreningar-foreningsliv/bidrag-och-stod
ljungby,ljungby,ljungby-snabbstod,Snabbstöd arrangemang,3,,,https://www.ljungby.se/uppleva-och-gora/foreningar-foreningsliv/bidrag-och-stod
lulea,lulea,lulea-offentliga-julgranar,Bidrag till offentliga julgranar,3,,,https://www.lulea.se/uppleva--gora/foreningar-och-organisationer/stod-och-bidrag-i-lulea-kommun/bidrag-till-offentliga-julgranar.html
lulea,lulea,lulea-byapeng,Byapeng,3,,,https://www.lulea.se/uppleva--gora/foreningar-och-organisationer/stod-och-bidrag-i-lulea-kommun/bidrag-till-landsbygden.html
lulea,lulea,lulea-driftsbidrag-anlaggningar,Driftsbidrag anläggningar,3,,,https://www.lulea.se/uppleva--gora/foreningar-och-organisationer/stod-och-bidrag-i-lulea-kommun/fritidsbidrag.html
lulea,lulea,lulea-kultur-pa-landsbygden,Kultur på landsbygden,3,,,https://www.lulea.se/uppleva--gora/foreningar-och-organisationer/stod-och-bidrag-i-lulea-kommun/bidrag-till-landsbygden.html
lulea,lulea,lulea-landsbygdsstod,Landsbygdsstöd,3,,,https://www.lulea.se/uppleva--gora/foreningar-och-organisationer/stod-och-bidrag-i-lulea-kommun/bidrag-till-landsbygden.html
lulea,lulea,lulea-lilla-evenemangsstodet,Lilla evenemangsstödet,3,,,https://www.lulea.se/uppleva--gora/foreningar-och-organisationer/stod-och-bidrag-i-lulea-kommun/evenemangsstod.html
lulea,lulea,lulea-organisationsstadning,Organisationsstädning,3,,,https://www.lulea.se/uppleva--gora/foreningar-och-organisationer/stod-och-bidrag-i-lulea-kommun/organisationsstadning.html
lulea,lulea,lulea-stora-evenemangsstodet,Stora evenemangsstödet,3,,,https://www.lulea.se/uppleva--gora/foreningar-och-organisationer/stod-och-bidrag-i-lulea-kommun/evenemangsstod.html
lulea,lulea,lulea-verksamhetsbidrag-fritid,Verksamhetsbidrag fritid,3,,,https://www.lulea.se/uppleva--gora/foreningar-och-organisationer/stod-och-bidrag-i-lulea-kommun/verksamhetsbidrag-kultur-och-fritid.html
lulea,lulea,lulea-verksamhetsbidrag-kultur,Verksamhetsbidrag kultur,3,,,https://www.lulea.se/uppleva--gora/foreningar-och-organisationer/stod-och-bidrag-i-lulea-kommun/verksamhetsbidrag-kultur-och-fritid.html
mjolby,mjolby,mjolby-hyresbidrag,Hyresbidrag,3,,,https://www.mjolby.se/uppleva-och-gora/foreningar-foreningsliv/bidrag-till-foreningar
mjolby,mjolby,mjolby-lokalbidrag,Lokalbidrag/Anläggningsstöd,3,,,https://www.mjolby.se/uppleva-och-gora/foreningar-foreningsliv/bidrag-till-foreningar
mjolby,mjolby,mjolby-utvecklingsbidrag,Utvecklingsbidrag/Projektstöd,3,,,https://www.mjolby.se/uppleva-och-gora/foreningar-foreningsliv/bidrag-till-foreningar
mjolby,mjolby,mjolby-verksamhetsbidrag,Verksamhetsbidrag,3,,,https://www.mjolby.se/uppleva-och-gora/foreningar-foreningsliv/bidrag-till-foreningar
molndal,molndal,molndal-aktivitetsbidrag-barn-ungdom,Aktivitetsbidrag för barn- och ungdomsverksamhet,3,,,https://www.molndal.se/uppleva-och-gora/foreningar-och-foreningsliv/foreningsbidrag-och-stipendier/stod-till-barn--och-ungdomsverksamhet
molndal,molndal,molndal-arrangemangs-projektstod-fritid,Arrangemangs- och projektstöd fritid,3,,,https://www.molndal.se/uppleva-och-gora/foreningar-och-foreningsliv/foreningsbidrag-och-stipendier/stod-till-barn--och-ungdomsverksamhet
molndal,molndal,molndal-driftsbidrag-enskilda-vagar,Driftsbidrag till enskilda vägar,3,,,https://www.molndal.se/trafik-och-resor/trafik-och-gator/enskilda-vagar
molndal,molndal,molndal-foreningsbidrag-sociala-fragor,Föreningsbidrag sociala frågor,3,,,https://www.molndal.se/uppleva-och-gora/foreningar-och-foreningsliv/foreningsbidrag-och-stipendier/foreningsbidrag-sociala-fragor
molndal,molndal,molndal-investeringsbidrag,Investeringsbidrag,3,,,https://www.molndal.se/uppleva-och-gora/foreningar-och-foreningsliv/foreningsbidrag-och-stipendier/stod-till-barn--och-ungdomsverksamhet
molndal,molndal,molndal-kulturstrategiskt-uppdrag,Kulturstrategiskt uppdrag,3,,,https://www.molndal.se/uppleva-och-gora/kultur/kulturstod
molndal,molndal,molndal-lokalbidrag-barn-ungdom,Lokalbidrag för barn- och ungdomsverksamhet,3,,,https://www.molndal.se/uppleva-och-gora/foreningar-och-foreningsliv/foreningsbidrag-och-stipendier/stod-till-barn--och-ungdomsverksamhet
molndal,molndal,molndal-medlemsbidrag-barn-ungdom,Medlemsbidrag för barn- och ungdomsverksamhet,3,,,https://www.molndal.se/uppleva-och-gora/foreningar-och-foreningsliv/foreningsbidrag-och-stipendier/stod-till-barn--och-ungdomsverksamhet
molndal,molndal,molndal-nystartsbidrag,Nystartsbidrag,3,,,https://www.molndal.se/uppleva-och-gora/foreningar-och-foreningsliv/foreningsbidrag-och-stipendier/stod-till-barn--och-ungdomsverksamhet
molndal,molndal,molndal-roa-lan,Ränte- och amorteringsfritt lån (RoA-lån),3,,,https://www.molndal.se/uppleva-och-gora/foreningar-och-foreningsliv/foreningsbidrag-och-stipendier/rante--och-amorteringsfritt-lan
molndal,molndal,molndal-snabba-kulturstodet,Snabba kulturstödet,3,,,https://www.molndal.se/uppleva-och-gora/kultur/kulturstod
molndal,molndal,molndal-stod-studieforbund,Stöd till studieförbund,3,,,https://www.molndal.se/uppleva-och-gora/foreningar-och-foreningsliv/foreningsbidrag-och-stipendier/stod-till-studieforbund
molndal,molndal,molndal-utvecklingsstod,Utvecklingsstöd,3,,,https://www.molndal.se/uppleva-och-gora/foreningar-och-foreningsliv/foreningsbidrag-och-stipendier/stod-till-barn--och-ungdomsverksamhet
molndal,molndal,molndal-verksamhetsstod-kultur,Verksamhetsstöd kultur,3,,,https://www.molndal.se/uppleva-och-gora/kultur/kulturstod
motala,motala,motala-aktivitetsbidrag,Aktivitetsbidrag,3,,,https://www.motala.se/uppleva-och-gora/foreningar-och-foreningsbidrag/foreningsbidrag-till-barn-och-ungdomsforeningar/
motala,motala,motala-social-lokaler-traffpunkter,Bidrag för lokaler och driftskostnader (träffpunkter för äldre),3,,,https://www.motala.se/uppleva-och-gora/foreningar-och-foreningsbidrag/foreningsbidrag-inom-det-sociala-omradet/
motala,motala,motala-driftsbidrag-anlaggning,Driftsbidrag / Anläggningsbidrag,3,,,https://www.motala.se/uppleva-och-gora/foreningar-och-foreningsbidrag/foreningsbidrag-till-barn-och-ungdomsforeningar/
motala,motala,motala-driftsbidrag-skidspar,Driftsbidrag för maskinpreparerade skidspår,3,,,https://www.motala.se/uppleva-och-gora/foreningar-och-foreningsbidrag/foreningsbidrag-till-barn-och-ungdomsforeningar/
motala,motala,motala-social-frivilligt-arbete,Föreningsbidrag för föreningar/organisationer som bedriver frivilligt arbete inom det sociala området,3,,,https://www.motala.se/uppleva-och-gora/foreningar-och-foreningsbidrag/foreningsbidrag-inom-det-sociala-omradet/
motala,motala,motala-social-pensionar-funktionsratt,Föreningsbidrag för pensionärsföreningar och föreningar för personer med funktionsnedsättning,3,,,https://www.motala.se/media/uploads/Riktlinjer-for-foreningsbidrag-pensionarsforeningar-och-foreningar-for-personer-med-funktionsnedsattning.pdf
motala,motala,motala-investeringsbidrag,Investerings- och underhållsbidrag,3,,,https://www.motala.se/uppleva-och-gora/foreningar-och-foreningsbidrag/foreningsbidrag-till-barn-och-ungdomsforeningar/
motala,motala,motala-kulturbidrag-arligt,Kulturbidrag — årligt bidrag,3,,,https://www.motala.se/uppleva-och-gora/foreningar-och-foreningsbidrag/foreningsbidrag-till-kulturforeningar/
motala,motala,motala-kvalitativt-verksamhetsbidrag,Kvalitativt verksamhetsbidrag (utvecklande verksamhetsbidrag),3,,,https://www.motala.se/uppleva-och-gora/foreningar-och-foreningsbidrag/foreningsbidrag-till-barn-och-ungdomsforeningar/
motala,motala,motala-lokalbidrag,Lokalbidrag,3,,,https://www.motala.se/uppleva-och-gora/foreningar-och-foreningsbidrag/foreningsbidrag-till-barn-och-ungdomsforeningar/
nacka,nacka,nacka-investeringsbidrag,Investeringsbidrag,3,,,https://www.nacka.se/48e389/globalassets/kommun-politik/dokument/styrdokument/riktlinjer/riktlinjer-for-foreningsbidrag.pdf
nacka,nacka,nacka-verksamhetsbidrag-frivilligt-socialt-arbete,Verksamhetsbidrag för frivilligt socialt arbete,3,,,https://www.nacka.se/uppleva--gora/foreningar/foreningsbidrag/bidrag-for-frivilligt-socialt-arbete/
nacka,nacka,nacka-vagbidrag,Vägbidrag,3,,,https://www.nacka.se/stadsutveckling-trafik/skotsel-av-gator-och-vagar/vem-ansvarar-for-vagen/vag-och-gatubelysningsbidrag/
nacka,nacka,nacka-ovrigt-finansiellt-stod,Övrigt finansiellt stöd till ideella föreningar (avtal/IOP),3,,,https://www.nacka.se/uppleva--gora/foreningar/foreningsbidrag/ovrigt-finansiellt-stod-till-ideella-foreningar/
nassjo,nassjo,nassjo-sociala-initiativ,Ansökan om sociala initiativ,3,,,https://sjalvservice.nassjo.se/oversikt/overview/636
nassjo,nassjo,nassjo-driftbidrag,Driftbidrag,3,,,https://nassjo.se/kultur-och-fritid/forening/foreningsbidrag.html
nassjo,nassjo,nassjo-grundstod-pensionarer,Grundstöd till pensionärsföreningar,3,,,https://nassjo.se/kultur-och-fritid/forening/foreningsbidrag.html
norrtalje,norrtalje,norrtalje-verksamhetsbidrag-funktionsratt,Verksamhetsbidrag för funktionsrättsföreningar,3,,,https://norrtalje.se/info/kultur-och-fritid/bidrag-och-stipendier/handikappforeningar
norrtalje,norrtalje,norrtalje-verksamhetsbidrag-kultur,Verksamhetsbidrag för kulturföreningar,3,,,https://www.norrtalje.se/info/kultur-och-fritid/bidrag-och-stipendier/kulturforeningar/
nykoping,nykoping,nykoping-aktivitetsbidrag,Aktivitetsbidrag,3,,,https://www.nykoping.se/foreningsbidrag
nykoping,nykoping,nykoping-arrangemangsbidrag,Arrangemangsbidrag,3,,,https://www.nykoping.se/foreningsbidrag
nykoping,nykoping,nykoping-investeringsbidrag,Investeringsbidrag,3,,,https://www.nykoping.se/foreningsbidrag
nykoping,nykoping,nykoping-lovbidrag,Lovbidrag,3,,,https://www.nykoping.se/foreningsbidrag
nykoping,nykoping,nykoping-startbidrag,Startbidrag,3,,,https://www.nykoping.se/foreningsbidrag
nykoping,nykoping,nykoping-utbildningsbidrag,Utbildningsbidrag,3,,,https://www.nykoping.se/foreningsbidrag
nykvarn,nykvarn,nykvarn-aktivitetsbidrag,Aktivitetsbidrag,3,,,https://nykvarn.se/download/18.1cce16d319bb5486edc98bbc/1769681970250/Riktlinjer%20f%C3%B6r%20bidrag%20f%C3%B6r%20ideella%20f%C3%B6reningar%2C%20reviderad%202025-12-09.pdf
nynashamn,nynashamn,nynashamn-lokal-och-driftsbidrag,Lokal- och driftsbidrag,3,,,https://nynashamn.se/service/kultur--fritid/foreningsliv/foreningsbidrag-inom-kultur-och-fritid
nynashamn,nynashamn,nynashamn-semesteraktiviteter,Stöd för semesteraktiviteter,3,,,https://nynashamn.se/service/kultur--fritid/foreningsliv/foreningsbidrag-inom-kultur-och-fritid
nynashamn,nynashamn,nynashamn-stod-publika-evenemang,Stöd till publika evenemang,3,,,https://nynashamn.se/service/kultur--fritid/foreningsliv/foreningsbidrag-inom-kultur-och-fritid
nynashamn,nynashamn,nynashamn-sarskilt-bidrag,Särskilt bidrag,3,,,https://nynashamn.se/service/kultur--fritid/foreningsliv/foreningsbidrag-inom-kultur-och-fritid
ornskoldsvik,ornskoldsvik,ornskoldsvik-arnes-soderstroms-hembygdsstipendium,Arnes Söderströms Hembygdsstipendium,3,True,angivet,https://www.ornskoldsvik.se/fritid-och-kultur/foreningsliv/stipendier/arnes-soderstroms-hembygdsstipendium-statuter
ornskoldsvik,ornskoldsvik,ornskoldsvik-hedersstipendiet,Hedersstipendiet,3,True,angivet,https://www.ornskoldsvik.se/fritid-och-kultur/foreningsliv/stipendier/information-om-stipendium
ornskoldsvik,ornskoldsvik,ornskoldsvik-mastarskapsstipendiet,Mästerskapsstipendiet,3,True,angivet,https://www.ornskoldsvik.se/fritid-och-kultur/foreningsliv/stipendier/masterskapsstipendiets-statuter
osteraker,osteraker,osteraker-aktivitetsbidrag,Aktivitetsbidrag,3,,,https://www.osteraker.se/upplevagora/foreningarochforeningsliv/bidragochstod.4.367d658917909e8fc2bdbc.html
osteraker,osteraker,osteraker-hallbarhetsbidrag,Hållbarhetsbidrag,3,,,https://www.osteraker.se/specialsidor/kommunalaverksamheter/hallbarhetochmiljo/ansokomhallbarhetsbidrag2026.4.4d8ccb9818167a0763326f2.html
osteraker,osteraker,osteraker-kulturevenemangsbidrag,Kulturevenemangsbidrag,3,,,https://www.osteraker.se/upplevagora/foreningarochforeningsliv/bidragochstod.4.367d658917909e8fc2bdbc.html
ostersund,ostersund,ostersund-hembygdsforening,Bidrag till hembygdsförening,3,,,https://eservice.ostersund.se/oversikt/overview/323
ostersund,ostersund,ostersund-drift-underhall-foreningsanlaggning,Drift- och underhållsbidrag till föreningsanläggning,3,,,https://www.ostersund.se/download/18.2241433b19b0499f77c1dbb9/1769676270585/Bilaga%201%20Normbidrag.pub%20(5).pdf
ostersund,ostersund,ostersund-vardomsorg-grundbidrag,Grundbidrag (Vård- och omsorgsnämnden),3,,,https://www.ostersund.se/download/18.2442e1d18fcaa703a58961/1766419917652/Riktlinje%20f%C3%B6r%20bidrag%20till%20f%C3%B6reningar%20inom%20V%C3%A5rd-%20och%20omsorgsn%C3%A4mndens%20verksamhetsomr%C3%A5de.pdf
ostersund,ostersund,ostersund-investeringsbidrag-vagbelysning,Investerings- och nyanläggningsbidrag för vägbelysning på landsbygden,3,,,https://www.ostersund.se/trafik-och-infrastruktur/pa-din-gata/vagbelysning-pa-landsbygden.html
ostersund,ostersund,ostersund-arsbidrag-kulturforeningar,Årsbidrag till kulturföreningar,3,,,https://www.ostersund.se/download/18.2acaf8221584532b6601178c/1597991222315/kulturbidrag.pdf
ovanaker,ovanaker,ovanaker-aktivitetsbidrag,Aktivitetsbidrag,3,,,https://www.ovanaker.se/kulturochfritid/foreningarforeningsbidrag/bidragtillforeningarochstudieforbund/aktivitetsbidrag.412.html
ovanaker,ovanaker,ovanaker-studieforbundsbidrag,Studieförbundsbidrag,3,,,https://www.ovanaker.se/kulturochfritid/foreningarforeningsbidrag/bidragtillforeningarochstudieforbund/studieforbundsbidrag.342.html
ovanaker,ovanaker,ovanaker-utbildningsbidrag,Utbildningsbidrag,3,,,https://www.ovanaker.se/kulturochfritid/foreningarforeningsbidrag/bidragtillforeningarochstudieforbund/utbildningsbidrag.7279.html
overtornea,overtornea,overtornea-enskilt-avlopp,Bidrag till enskilt avlopp,3,,,https://overtornea.se/tekniska/vatten-och-avlopp/
partille,partille,partille-startbidrag-idrott,Startbidrag (idrottsföreningar),3,,,https://www.partille.se/siteassets/uppleva--gora/foreningsliv/bidragsregler-for-idrottsforeningar-2026.pdf
partille,partille,partille-startbidrag-kultur,Startbidrag (kulturföreningar),3,,,https://www.partille.se/siteassets/uppleva--gora/foreningsliv/bidragsregler-kultur_2024.pdf
partille,partille,partille-stimulansbidrag,Stimulansbidrag,3,,,https://www.partille.se/siteassets/uppleva--gora/foreningsliv/bidragsregler-for-idrottsforeningar-2026.pdf
pitea,pitea,pitea-arrangemangsstod,Arrangemangsstöd,3,,,https://www.pitea.se/invanare/fritid-kultur/foreningar/foreningsstod/utveckling-och-arrangemang/
pitea,pitea,pitea-byapeng,Byapeng,3,,,https://www.pitea.se/contentassets/2fd5d4d6f02c4c88b22c09e6345fe9b4/bestammelser-for-stod-till-gles--och-landsbygd.pdf
pitea,pitea,pitea-hyresstod,Hyresstöd,3,,,https://www.pitea.se/invanare/fritid-kultur/foreningar/foreningsstod/anlaggningsstod/Hyresstod---Barn--och-ungdomsverksamhet/
pitea,pitea,pitea-startstod,Startstöd,3,,,https://www.pitea.se/invanare/fritid-kultur/foreningar/foreningsstod/Stod-till-kulturverksamhet/
pitea,pitea,pitea-fritidsfiske,Stöd till fritidsfiske,3,,,https://www.pitea.se/invanare/fritid-kultur/foreningar/foreningsstod/Fiske/
rattvik,rattvik,rattvik-vagbidrag,Bidrag för enskilda vägar,3,,,https://www.rattvik.se/trafik-och-gator/gator/bidrag-vagar-belysning.html
rattvik,rattvik,rattvik-lonebidrag,Kommunalt lönebidrag till föreningar,3,,,https://www.rattvik.se/download/18.6a48d872159d3ad55ba177c1/1618998911236/Normer%20f%C3%B6reningsbidrag%20fr%20o%20m%2020170101.pdf
ronneby,ronneby,ronneby-arrangemangsstod,Arrangemangsbidrag,3,,,https://www.ronneby.se/uppleva--gora/foreningar/foreningsbidrag-och-bidrag-till-studieorganisationer.html
ronneby,ronneby,ronneby-investeringsstod,Investeringsbidrag,3,,,https://www.ronneby.se/uppleva--gora/foreningar/foreningsbidrag-och-bidrag-till-studieorganisationer.html
ronneby,ronneby,ronneby-lokalbidrag,Lokalbidrag,3,,,https://www.ronneby.se/uppleva--gora/foreningar/foreningsbidrag-och-bidrag-till-studieorganisationer.html
ronneby,ronneby,ronneby-ungdomsstod,Ungdomsstöd,3,,,https://www.ronneby.se/uppleva--gora/foreningar/foreningsbidrag-och-bidrag-till-studieorganisationer.html
ronneby,ronneby,ronneby-verksamhetsbidrag,Verksamhetsbidrag,3,,,https://www.ronneby.se/uppleva--gora/foreningar/foreningsbidrag-och-bidrag-till-studieorganisationer.html
sandviken,sandviken,sandviken-kultursponsring,Kultursponsring,3,,,https://sandviken.se/kulturfritid/foreningsliv/kultursponsring.26829.html
sandviken,sandviken,sandviken-stiftelser-fonder,Stiftelser och fonder öppna för föreningar,3,,,https://sandviken.se/kommunochpolitik/stipendierfonderochutmarkelser.10051.html
sandviken,sandviken,sandviken-studieforbund-verksamhetsstod,Verksamhetsstöd till studieförbund,3,,,https://sandviken.se/kulturfritid/foreningsliv/foreningsstodochstodtillstudieforbund.2990.html
sigtuna,sigtuna,sigtuna-kulturprogram-bidrag,Bidrag till offentliga kulturprogram – kultur,3,,,https://www.sigtuna.se/kultur-och-fritid/foreningar-foreningsliv/foreningsbidrag/foreningsbidrag-inom-kultur-och-fritid.html
sigtuna,sigtuna,sigtuna-grundbidrag-kultur,Grundbidrag – kultur,3,,,https://www.sigtuna.se/kultur-och-fritid/foreningar-foreningsliv/foreningsbidrag/foreningsbidrag-inom-kultur-och-fritid.html
sigtuna,sigtuna,sigtuna-verksamhetsbidrag-social,Verksamhetsbidrag — socialnämndens föreningsbidrag,3,,,https://www.sigtuna.se/download/18.1a6c760f1900c6ea6a6d318/1718288054473/SN_2024_19-Riktlinje%20för%20socialnämndens%20föreningsbidrag.pdf
sigtuna,sigtuna,sigtuna-arligt-verksamhetsbidrag-fritid,Årligt verksamhetsbidrag – fritid,3,,,https://www.sigtuna.se/kultur-och-fritid/foreningar-foreningsliv/foreningsbidrag/foreningsbidrag-inom-kultur-och-fritid.html
simrishamn,simrishamn,simrishamn-integrationsbidrag,Integrationsbidrag,3,,,https://www.simrishamn.se/kultur/fritid-och-forening/forening-och-foreningsliv/driva-forening/foreningsbidrag
simrishamn,simrishamn,simrishamn-miljobidrag,Miljöbidrag för hållbara aktiviteter,3,,,https://www.simrishamn.se/kultur/fritid-och-forening/forening-och-foreningsliv/driva-forening/foreningsbidrag
simrishamn,simrishamn,simrishamn-utvecklingsbidrag,Utvecklingsbidrag för nya initiativ,3,,,https://www.simrishamn.se/kultur/fritid-och-forening/forening-och-foreningsliv/driva-forening/foreningsbidrag
skelleftea,skelleftea,skelleftea-enstaka-arrangemang,Bidrag till enstaka arrangemang,3,,,https://skelleftea.se/foreningsportalen/foreningsportalen/ekonomi-och-bidrag/bidragsnormer/kulturnamndens-bidragsnormer
skelleftea,skelleftea,skelleftea-enstaka-produktion,Bidrag till enstaka produktion,3,,,https://skelleftea.se/foreningsportalen/foreningsportalen/ekonomi-och-bidrag/bidragsnormer/kulturnamndens-bidragsnormer
skelleftea,skelleftea,skelleftea-nationella-minoriteter,Bidrag till föreningar som representerar nationella minoriteter,3,,,https://skelleftea.se/download/18.7322e3e518df2895e1a6a6c/1760095942063/Riktlinjer%20f%C3%B6r%20bidrag%20till%20f%C3%B6reningar%20som%20representerar%20nationella%20minoriteter.pdf
skelleftea,skelleftea,skelleftea-aktivitetsstod-idrott,Kommunalt aktivitetsstöd – idrottsföreningar,3,,,https://skelleftea.se/foreningsportalen/foreningsportalen/ekonomi-och-bidrag/bidragsnormer/fritidsnamndens-bidragsnormer
skelleftea,skelleftea,skelleftea-aktivitetsstod-kultur-ungdom-funktionsratt,"Kommunalt aktivitetsstöd – kultur-, ungdoms- och funktionsnedsättningsföreningar",3,,,https://skelleftea.se/foreningsportalen/foreningsportalen/ekonomi-och-bidrag/bidragsnormer/fritidsnamndens-bidragsnormer
skelleftea,skelleftea,skelleftea-kulturstipendium,Kulturstipendium,3,,,https://skelleftea.se/foreningsportalen/foreningsportalen/ekonomi-och-bidrag/bidragsnormer/kulturnamndens-bidragsnormer
skelleftea,skelleftea,skelleftea-lokala-utvecklingsinsatser-landsbygd,Lokala utvecklingsinsatser för landsbygd,3,,,https://skelleftea.se/invanare/startsida/uppleva-och-gora/forenings--och-kulturstod/sok-bidrag-stod-och-stipendier/lokala-utvecklingsinsatser
skelleftea,skelleftea,skelleftea-underhallsbidrag-enskild-vag,Underhållsbidrag till enskild väg,3,,,https://skelleftea.se/invanare/startsida/trafik-och-samhallsutveckling/gator/enskilda-vagar/ansvar-statsbidrag-och-ansokningar-for-enskilda-vagar
skovde,skovde,skovde-arrangorsstod,Arrangörsstöd (stöd till evenemang och möten),3,,,https://www.skovde.se/naringsliv-foretag-forening/forening/foreningsbidrag/arrangorsstod/
skovde,skovde,skovde-socialt-arbete,Bidrag till föreningar med socialt arbete,3,,,https://sjalvservice.skovde.se/oversikt/overview/115
skovde,skovde,skovde-enskilda-vagar,Driftbidrag till enskilda vägar,3,,,https://www.skovde.se/gator-gronomraden/ansvar-for-vagar-och-gator/enskilda-vagar-och-driftbidrag/
skovde,skovde,skovde-ungdom-investeringsbidrag,Investeringsbidrag till ungdomsföreningar,3,,,https://www.skovde.se/naringsliv-foretag-forening/forening/foreningsbidrag/bidrag-till-foreningar-med-ungdomsverksamhet/
skovde,skovde,skovde-funktionsnedsattning-utvecklingsbidrag,Utvecklingsbidrag för funktionshinderföreningar,3,,,https://www.skovde.se/globalassets/kommun-och-politik/taxor-avgifter-och-styrande-dokument/forfattningssamling/regler-for-bidrag-till-foreningar-for-personer-med-funktionsnedsattning.pdf
soderhamn,soderhamn,soderhamn-aktivitetsstod,Aktivitetsstöd,3,,,https://www.soderhamn.se/download/18.77d000c1180b44e21a8177f/1654782747740/Best%C3%A4mmelser%20f%C3%B6r%20kommunala%20bidrag%20till%20f%C3%B6reningar%20och%20organisationer%20i%20S%C3%B6derhamns%20kommun%20SKFS%2008:2021:04.pdf
soderhamn,soderhamn,soderhamn-enskild-vag,Bidrag till enskild väg,3,,,https://www.soderhamn.se/sidor/trafik-och-gator/gator/enskild-vag.html
soderhamn,soderhamn,soderhamn-valfardsnamndens-foreningsbidrag,Bidrag till föreningar för äldre personer och/eller personer med funktionsnedsättning,3,,,https://www.soderhamn.se/sidor/uppleva-och-gora/foreningar-foreningsliv/stod-och-bidrag-till-foreningar/foreningsbidrag/valfardsnamndens-foreningsbidrag.html
soderhamn,soderhamn,soderhamn-studieforbund,Bidrag till studieförbundens lokala organisationer,3,,,https://www.soderhamn.se/download/18.77d000c1180b44e21a8177f/1654782747740/Best%C3%A4mmelser%20f%C3%B6r%20kommunala%20bidrag%20till%20f%C3%B6reningar%20och%20organisationer%20i%20S%C3%B6derhamns%20kommun%20SKFS%2008:2021:04.pdf
soderhamn,soderhamn,soderhamn-verksamhetsbidrag-kultur,Verksamhetsbidrag till kulturföreningar,3,,,https://www.soderhamn.se/download/18.77d000c1180b44e21a8177f/1654782747740/Best%C3%A4mmelser%20f%C3%B6r%20kommunala%20bidrag%20till%20f%C3%B6reningar%20och%20organisationer%20i%20S%C3%B6derhamns%20kommun%20SKFS%2008:2021:04.pdf
sodertalje,sodertalje,sodertalje-aktivitetsbidrag-idrott,Aktivitetsbidrag till idrottsföreningar,3,,,https://www.sodertalje.se/contentassets/5d396db643f94a60af023841f682d951/sk-regler-och-riktlinjer-foreningsbidrag-003.pdf
sodertalje,sodertalje,sodertalje-anlaggningsbidrag-samlingslokaler,Anläggningsbidrag till allmänna samlingslokaler,3,,,https://www.sodertalje.se/contentassets/5d396db643f94a60af023841f682d951/sk-regler-och-riktlinjer-foreningsbidrag-003.pdf
sodertalje,sodertalje,sodertalje-anlaggningsbidrag-ridsport,Anläggningsbidrag till ridsport,3,,,https://www.sodertalje.se/contentassets/5d396db643f94a60af023841f682d951/sk-regler-och-riktlinjer-foreningsbidrag-003.pdf
sodertalje,sodertalje,sodertalje-arrangemangsbidrag,Arrangemangsbidrag,3,,,https://www.sodertalje.se/contentassets/5d396db643f94a60af023841f682d951/sk-regler-och-riktlinjer-foreningsbidrag-003.pdf
sodertalje,sodertalje,sodertalje-studieforbund-allmant,Bidrag till studieförbund — allmänt bidrag,3,,,https://www.sodertalje.se/contentassets/5d396db643f94a60af023841f682d951/sk-regler-och-riktlinjer-foreningsbidrag-003.pdf
sodertalje,sodertalje,sodertalje-driftbidrag,Driftbidrag,3,,,https://www.sodertalje.se/contentassets/5d396db643f94a60af023841f682d951/sk-regler-och-riktlinjer-foreningsbidrag-003.pdf
sodertalje,sodertalje,sodertalje-elitidrottsstod,Elitidrottsstöd,3,,,https://www.sodertalje.se/kultur-och-fritid/aktuellt_kof/elitidrottsstod--ett-nytt-foreningsbidrag-infors/
sodertalje,sodertalje,sodertalje-valframjande-insatser-2026,Föreningsbidrag kopplat till valfrämjande insatser 2026,3,,,https://www.sodertalje.se/globalassets/kof/dokument/kriterier-for-foreningsbidrag-valframjande-insatser-daterad-2026-02-20.pdf
sodertalje,sodertalje,sodertalje-kulturaret-2026,Föreningsbidrag Kulturåret 2026,3,,,https://www.sodertalje.se/contentassets/e8873477707d449f8a7b44cb5ab93ceb/regler-foreningsbidrag-kulturaret-2026.pdf
sodertalje,sodertalje,sodertalje-vagbidrag-enskild-vaghallning,Kommunalt driftbidrag till enskilda vägar,3,,,https://www.sodertalje.se/stad-och-trafik/skotsel-och-underhall/stod-till-enskild-vaghallare/
sodertalje,sodertalje,sodertalje-lovbidrag,Lovbidrag,3,,,https://www.sodertalje.se/contentassets/5d396db643f94a60af023841f682d951/sk-regler-och-riktlinjer-foreningsbidrag-003.pdf
sodertalje,sodertalje,sodertalje-projektbidrag,Projektbidrag,3,,,https://www.sodertalje.se/contentassets/5d396db643f94a60af023841f682d951/sk-regler-och-riktlinjer-foreningsbidrag-003.pdf
sodertalje,sodertalje,sodertalje-representationsanslaget,Representationsanslaget,3,,,https://www.sodertalje.se/kultur-och-fritid/foreningsstod/Representationsbidrag/
sodertalje,sodertalje,sodertalje-social-verksamhetsbidrag,Socialnämndens verksamhetsbidrag,3,,,https://www.sodertalje.se/globalassets/socialkontoret/riktlinjer-for-verksamhetsbidrag.pdf
sodertalje,sodertalje,sodertalje-startbidrag,Startbidrag,3,,,https://www.sodertalje.se/contentassets/5d396db643f94a60af023841f682d951/sk-regler-och-riktlinjer-foreningsbidrag-003.pdf
sollentuna,sollentuna,sollentuna-funktionsratt-aktivitetsbidrag,Aktivitetsbidrag,3,,,https://www.sollentuna.se/globalassets/uppleva-och-gora/foreningsliv/bidragsblanketter/blanketter-fritid/bidrag-till-foreningar-som-bedriver-verksamhet-for-personer-med-funktionsnedsattning.pdf
solna,solna,solna-projektbidrag-storre,Bidrag till större projekt/uppdrag,3,,,https://www.solna.se/uppleva--gora/kultur--och-foreningsstod/forenings--och-bidragsregler
solna,solna,solna-kulturprojektbidrag,Kulturprojektbidrag,3,,,https://www.solna.se/uppleva--gora/kultur--och-foreningsstod/soka-bidrag
solna,solna,solna-resebidrag-internationella-studieresor,Resebidrag för internationella studieresor,3,,,https://www.solna.se/om-solna-stad/hallbarhet-och-utveckling/internationellt-arbete/resebidrag
stockholm,stockholm,stockholm-medlemsaktivitetsstod,Medlemsaktivitetsstöd (idrottsförvaltningen),3,,,https://foreningsservice.stockholm/stod-till-foreningar-och-organisationer/stod-till-deltagaraktiviteter/medlemsaktivitetsstod/
strangnas,strangnas,strangnas-fritidsbidrag-stimulansbidrag,Fritidsbidrag — Stimulansbidrag,3,,,https://www.strangnas.se/uppleva-och-gora/foreningar-foreningsliv/fritidsbidrag
strangnas,strangnas,strangnas-fritidsbidrag-utbildningsbidrag,Fritidsbidrag — Utbildningsbidrag,3,,,https://www.strangnas.se/uppleva-och-gora/foreningar-foreningsliv/fritidsbidrag
strangnas,strangnas,strangnas-kulturbidrag-bygdegardar,Kulturbidrag — Bidrag till bygdegårdar,3,,,https://www.strangnas.se/uppleva-och-gora/foreningar-foreningsliv/kulturbidrag
sundbyberg,sundbyberg,sundbyberg-stod-finska-kultur-sprak,Ekonomiskt stöd till finska kultur- och språkaktiviteter,3,,,https://www.sundbyberg.se/uppleva-och-gora/konst-och-kultur-i-sundbybergs-stad/bidrag-stod-och-stipendier/stod-till-finska-kultur--och-sprakaktiviteter
sundbyberg,sundbyberg,sundbyberg-idrottsstipendium,Idrotts- och ungdomsledarstipendium,3,,,https://www.sundbyberg.se/uppleva-och-gora/konst-och-kultur-i-sundbybergs-stad/bidrag-stod-och-stipendier/stipendier
sundbyberg,sundbyberg,sundbyberg-jamlikhetsstipendium,Jämlikhetsstipendium,3,,,https://www.sundbyberg.se/uppleva-och-gora/konst-och-kultur-i-sundbybergs-stad/bidrag-stod-och-stipendier/stipendier
sundbyberg,sundbyberg,sundbyberg-kulturstipendium,Kulturstipendium,3,,,https://www.sundbyberg.se/uppleva-och-gora/konst-och-kultur-i-sundbybergs-stad/bidrag-stod-och-stipendier/stipendier
sundbyberg,sundbyberg,sundbyberg-miljostipendium,Miljöstipendium,3,,,https://www.sundbyberg.se/uppleva-och-gora/konst-och-kultur-i-sundbybergs-stad/bidrag-stod-och-stipendier/stipendier
sundbyberg,sundbyberg,sundbyberg-projektbidrag-toppstugan,Projektbidrag Toppstugan,3,,,https://www.sundbyberg.se/uppleva-och-gora/konst-och-kultur-i-sundbybergs-stad/bidrag-stod-och-stipendier/bidrag-till-foreningar---idrott-friluftsliv-fritid-och-kultur
sundbyberg,sundbyberg,sundbyberg-verksamhetsbidrag-kultur-fritid,Verksamhetsbidrag (kultur- och fritidsnämnden),3,,,https://www.sundbyberg.se/kommun-och-politik/bidrag-stod-och-stipendier/bidrag-till-foreningar---idrott-friluftsliv-fritid-och-kultur
sundbyberg,sundbyberg,sundbyberg-verksamhetsbidrag-social-arbetsmarknad,Verksamhetsbidrag (social- och arbetsmarknadsnämnden),3,,,https://www.sundbyberg.se/download/18.2e6195c8190a64a78d49e1b3/1724248394955/
sundsvall,sundsvall,sundsvall-aktivitetsbidrag,Aktivitetsbidrag,3,,,https://sundsvall.se/kommun/uppleva-och-gora/foreningar-foreningsliv/bidrag-stod-och-stipendier/bidragstyper
sundsvall,sundsvall,sundsvall-arrangemangsbidrag,Arrangemangsbidrag,3,,,https://sundsvall.se/kommun/uppleva-och-gora/foreningar-foreningsliv/bidrag-stod-och-stipendier/bidragstyper
sundsvall,sundsvall,sundsvall-lovaktivitetsbidrag,Lovaktivitetsbidrag,3,,,https://sundsvall.se/kommun/uppleva-och-gora/foreningar-foreningsliv/bidrag-stod-och-stipendier/bidragstyper
sundsvall,sundsvall,sundsvall-vindkraftsstod-generellt,Vindkraftstöd (generellt),3,,,https://sundsvall.se/kommun/uppleva-och-gora/foreningar-foreningsliv/bidrag-stod-och-stipendier/bidragstyper
sundsvall,sundsvall,sundsvall-oppet-foreningsstod,Öppet föreningsstöd,3,,,https://sundsvall.se/kommun/uppleva-och-gora/foreningar-foreningsliv/bidrag-stod-och-stipendier/bidragstyper
taby,taby,taby-kulturella-insatser,Stöd till kulturella insatser,3,,,https://www.taby.se/uppleva-och-gora/foreningsliv/stod-och-bidrag-till-foreningar
taby,taby,taby-verksamhetsbidrag-sociala-insatser,Verksamhetsbidrag sociala insatser,3,,,https://www.taby.se/uppleva-och-gora/foreningsliv/stod-och-bidrag-till-foreningar
trelleborg,trelleborg,trelleborg-pensionarsorganisationer,Bidrag pensionärsorganisationer,3,,,https://www.trelleborg.se/app/uploads/2023/08/riktlinje-for-bidrag-till-foreningar-inom-trelleborgs-kommun-2025-version.pdf
trelleborg,trelleborg,trelleborg-iop,Idéburet offentligt partnerskap (IOP),3,,,https://www.trelleborg.se/uppleva-gora/foreningar/ideburet-offentligt-partnerskap-iop/
trollhattan,trollhattan,trollhattan-barn-ungdomsbidrag,Bidrag för barn- och ungdomsverksamhet,3,,,https://minasidor.trollhattan.se/oversikt/overview/139
trollhattan,trollhattan,trollhattan-pensionarsbidrag,Bidrag för pensionärsorganisation,3,,,https://minasidor.trollhattan.se/oversikt/overview/141
trollhattan,trollhattan,trollhattan-sarskilda-insatser,Bidrag för särskilda insatser,3,,,https://www.trollhattan.se/startsida/uppleva-och-gora/foreningar-foreningsliv/bidrag-stod-och-elitsponsring/
trollhattan,trollhattan,trollhattan-funktionsnedsattning-bidrag,Bidrag till föreningar för personer med funktionsnedsättning,3,,,https://minasidor.trollhattan.se/oversikt/overview/140
trollhattan,trollhattan,trollhattan-hallbar-utveckling,Föreningsbidrag hållbar utveckling,3,,,https://minasidor.trollhattan.se/oversikt/overview/756
trollhattan,trollhattan,trollhattan-investeringsbidrag,Investeringsbidrag,3,,,https://www.trollhattan.se/startsida/uppleva-och-gora/foreningar-foreningsliv/bidrag-stod-och-elitsponsring/
trollhattan,trollhattan,trollhattan-lovbidrag,Lovbidrag,3,,,https://minasidor.trollhattan.se/oversikt/overview/142
trollhattan,trollhattan,trollhattan-startbidrag,Startbidrag för föreningar,3,,,https://www.trollhattan.se/startsida/uppleva-och-gora/foreningar-foreningsliv/bidrag-stod-och-elitsponsring/
trollhattan,trollhattan,trollhattan-vagforeningsbidrag,Vägföreningsbidrag,3,,,https://minasidor.trollhattan.se/oversikt/overview/330
tyreso,tyreso,tyreso-bidrag-oppen-verksamhet,Bidrag för öppen verksamhet,3,,,https://www.tyreso.se/uppleva--gora/forening/foreningsbidrag-och-stipendier/bidrag-for-oppen-verksamhet.html
tyreso,tyreso,tyreso-lokalbidrag,Lokalbidrag (förhöjt aktivitetsstöd),3,,,https://www.tyreso.se/uppleva--gora/forening/foreningsbidrag-och-stipendier/lokalbidrag.html
tyreso,tyreso,tyreso-projektbidrag,Projektbidrag,3,,,https://www.tyreso.se/uppleva--gora/forening/foreningsbidrag-och-stipendier/projektbidrag.html
tyreso,tyreso,tyreso-studieforbundsbidrag,Studieförbundsbidrag,3,,,https://www.tyreso.se/uppleva--gora/forening/foreningsbidrag-och-stipendier/studieforbundsbidrag.html
uddevalla,uddevalla,uddevalla-giraffstod,Giraff — stöd till unga,3,,,https://www.uddevalla.se/uppleva-och-gora/ung-i-kommunen/giraff---stod-till-unga.html
uddevalla,uddevalla,uddevalla-medlemsbidrag,Medlemsbidrag för prioriterade grupper,3,,,https://www.uddevalla.se/uppleva-och-gora/foreningar-foreningsliv/bidrag-stod-och-stipendier.html
uddevalla,uddevalla,uddevalla-nystartsbidrag,Nystartsbidrag,3,,,https://www.uddevalla.se/uppleva-och-gora/foreningar-foreningsliv/bidrag-stod-och-stipendier.html
uddevalla,uddevalla,uddevalla-thordenstiftelsen,Thordenstiftelsen,3,,,https://www.uddevalla.se/omsorg-och-hjalp/ekonomi-och-pengar/stipendier-och-fonder-/thordenstiftelsen.html
umea,umea,umea-aktivitetsstod-ungdom,Aktivitetsstöd ungdom (verksamhetsstöd),3,,,https://www.umea.se/upplevaochgora/foreningarforeningsliv/bidragochstod/idrottfritidochfolkhalsa/aktivitetsstodungdomverksamhetsstod.4.4ff54ec174f999469c1b8b.html
upplands-vasby,upplands-vasby,upplandsvasby-adolf-stafs-fond,Adolf Stafs Fond,3,,,https://www.upplandsvasby.se/omsorg-och-hjalp/ekonomi-ekonomiskt-bistand/stipendier-och-fonder.html
upplands-vasby,upplands-vasby,upplandsvasby-aktivitetsbidrag,Aktivitetsbidrag,3,,,https://www.upplandsvasby.se/download/18.5b8b3897193799f8ea0d82/1736250664884/Kultur-%20och%20fritidsn%C3%A4mndens%20bidragsregler.pdf
upplands-vasby,upplands-vasby,upplandsvasby-studieforbund,Bidrag till studieförbund (grundbidrag och rörligt bidrag),3,,,https://www.upplandsvasby.se/download/18.3635a2a918e3786380d1a7/1710763019266/Regler%20f%C3%B6r%20bidrag%20till%20studief%C3%B6rbund.pdf
upplands-vasby,upplands-vasby,upplandsvasby-folkhalsobidrag-senior,Folkhälsobidrag till seniorföreningar,3,,,https://www.upplandsvasby.se/download/18.11ea930419a75a29e90ac5/1763710673455/Riktlinjer%20f%C3%B6r%20folkh%C3%A4lsobidrag%20till%20seniorf%C3%B6reningar%20i%20Upplands%20V%C3%A4sby%20kommun.pdf
upplands-vasby,upplands-vasby,upplandsvasby-fritidsbidrag,Fritidsbidrag,3,,,https://www.upplandsvasby.se/download/18.5b8b3897193799f8ea0d82/1736250664884/Kultur-%20och%20fritidsn%C3%A4mndens%20bidragsregler.pdf
upplands-vasby,upplands-vasby,upplandsvasby-organisationer-funktionsnedsattning,Föreningsbidrag till organisationer för personer med funktionsnedsättning,3,,,https://www.upplandsvasby.se/download/18.13568ed118a91dd06791214/1695895050521/riktlinjer-for-foreningsbidrag-for-organisationer-for-personer-med-funktionsnedsattning-samt-frivillig-och-intresseorganisationer.pdf
upplands-vasby,upplands-vasby,upplandsvasby-lokalbidrag,Lokalbidrag,3,,,https://www.upplandsvasby.se/download/18.5b8b3897193799f8ea0d82/1736250664884/Kultur-%20och%20fritidsn%C3%A4mndens%20bidragsregler.pdf
vallentuna,vallentuna,vallentuna-nattvandringsbidrag,Nattvandringsbidrag,3,,,https://www.vallentuna.se/fritid-och-kultur/foreningar-och-foreningsliv/bidrag-och-stod/nattvandringsbidrag/
vallentuna,vallentuna,vallentuna-verksamhetsbidrag-funktionshinder,Verksamhetsbidrag till funktionshindersföreningar,3,,,https://www.vallentuna.se/fritid-och-kultur/foreningar-och-foreningsliv/bidrag-och-stod/bidrag-handikappforeningar/
vanersborg,vanersborg,vanersborg-arrangemangsbidrag,Arrangemangsbidrag,3,,,https://vanersborg.se/download/18.63cb04eb197a2053a89b3daa/1751518201295/Riktlinje%20f%C3%B6r%20f%C3%B6reningsbidrag%20inom%20kultur-%20och%20fritidsn%C3%A4mndens%20verksamhetsomr%C3%A5de%20antagten%202025-05-20.pdf
vanersborg,vanersborg,vanersborg-lokal-anlaggningsbidrag,Lokal- och anläggningsbidrag,3,,,https://vanersborg.se/download/18.63cb04eb197a2053a89b3daa/1751518201295/Riktlinje%20f%C3%B6r%20f%C3%B6reningsbidrag%20inom%20kultur-%20och%20fritidsn%C3%A4mndens%20verksamhetsomr%C3%A5de%20antagten%202025-05-20.pdf
vanersborg,vanersborg,vanersborg-startbidrag,Startbidrag,3,,,https://vanersborg.se/download/18.63cb04eb197a2053a89b3daa/1751518201295/Riktlinje%20f%C3%B6r%20f%C3%B6reningsbidrag%20inom%20kultur-%20och%20fritidsn%C3%A4mndens%20verksamhetsomr%C3%A5de%20antagten%202025-05-20.pdf
vanersborg,vanersborg,vanersborg-stiftelser-fonder,Stiftelser och fonder öppna för föreningar,3,,,https://vanersborg.se/omsorg-och-hjalp/ekonomi-ekonomiskt-bistand/stipendier-och-fonder
varberg,varberg,varberg-kartbidrag-orientering,Kartbidrag för orienteringsklubbar,3,,,https://varberg.se/uppleva-och-gora/foreningar-foreningsliv/bidrag-stod-och-stipendier/foreningsbidrag-inom-idrotts--och-fritidsomradet/foreningsbidrag-for-lokaler-och-anlaggningar-inom-idrotts--och-fritidsomradet
varberg,varberg,varberg-projektbidrag-idrott-fritid,Projektbidrag inom idrotts- och fritidsområdet,3,,,https://varberg.se/uppleva-och-gora/foreningar-foreningsliv/bidrag-stod-och-stipendier/foreningsbidrag-inom-idrotts--och-fritidsomradet/foreningsbidrag-for-verksamhet-inom-idrotts--och-fritidsomradet
varberg,varberg,varberg-kultur-fria-kulturlivet,Verksamhetsstöd till det fria kulturlivet,3,,,https://varberg.se/uppleva-och-gora/kultur/bidrag-stod-och-stipendier-inom-kulturomradet/bidrag-for-kulturaktorer-ideella-foreningar
varmdo,varmdo,varmdo-aktivitetsbidrag-idrott,Aktivitetsbidrag till idrottsföreningars barn- och ungdomsverksamhet,3,,,https://www.varmdo.se/download/18.787c0ce019b2c05262e1294/1768378508335/Kultur%20och%20fritidsna%CC%88mndens%20riktlinjer%20fo%CC%88reningsbidrag.PDF
varmdo,varmdo,varmdo-skollovsbidrag,Bidrag till skollovsverksamhet,3,,,https://www.varmdo.se/download/18.787c0ce019b2c05262e1294/1768378508335/Kultur%20och%20fritidsna%CC%88mndens%20riktlinjer%20fo%CC%88reningsbidrag.PDF
varmdo,varmdo,varmdo-grundbidrag-barn-ungdom,Grundbidrag till barn- och ungdomsföreningar,3,,,https://www.varmdo.se/download/18.787c0ce019b2c05262e1294/1768378508335/Kultur%20och%20fritidsna%CC%88mndens%20riktlinjer%20fo%CC%88reningsbidrag.PDF
varmdo,varmdo,varmdo-grundbidrag-idrott,Grundbidrag till idrottsföreningars barn- och ungdomsverksamhet,3,,,https://www.varmdo.se/download/18.787c0ce019b2c05262e1294/1768378508335/Kultur%20och%20fritidsna%CC%88mndens%20riktlinjer%20fo%CC%88reningsbidrag.PDF
varmdo,varmdo,varmdo-projektbidrag-samhallsnytta,Projektbidrag för särskild samhällsnytta,3,,,https://www.varmdo.se/download/18.787c0ce019b2c05262e1294/1768378508335/Kultur%20och%20fritidsna%CC%88mndens%20riktlinjer%20fo%CC%88reningsbidrag.PDF
varmdo,varmdo,varmdo-verksamhetsbidrag-funktionsnedsatta,Verksamhetsbidrag till föreningar med verksamhet för funktionsnedsatta,3,,,https://www.varmdo.se/download/18.787c0ce019b2c05262e1294/1768378508335/Kultur%20och%20fritidsna%CC%88mndens%20riktlinjer%20fo%CC%88reningsbidrag.PDF
vasteras,vasteras,vasteras-funktionsratt-projekt-arrangemang,Projekt- och arrangemangsstöd till föreningar för personer med funktionsnedsättning,3,,,https://www.vasteras.se/uppleva-och-gora/foreningar-foreningsliv/bidrag-ekonomiskt-stod-till-foreningar/riktlinjer-foreningar-for-personer-med-funktionsnedsattning.html
vasteras,vasteras,vasteras-sociala-projekt-arrangemang,Projekt- och arrangemangsstöd till sociala föreningar,3,,,https://www.vasteras.se/uppleva-och-gora/foreningar-foreningsliv/bidrag-ekonomiskt-stod-till-foreningar/riktlinje-for-stod-till-sociala-foreningar.html
vasteras,vasteras,vasteras-funktionsratt-verksamhetsstod,Verksamhetsstöd till föreningar för personer med funktionsnedsättning,3,,,https://www.vasteras.se/uppleva-och-gora/foreningar-foreningsliv/bidrag-ekonomiskt-stod-till-foreningar/riktlinjer-foreningar-for-personer-med-funktionsnedsattning.html
vasteras,vasteras,vasteras-sociala-verksamhetsstod,Verksamhetsstöd till sociala föreningar med särskild inriktning,3,,,https://www.vasteras.se/uppleva-och-gora/foreningar-foreningsliv/bidrag-ekonomiskt-stod-till-foreningar/riktlinje-for-stod-till-sociala-foreningar.html
vastervik,vastervik,vastervik-kubik,KUBIK (utvecklingsstöd idrott och kultur),3,,,https://www.vastervik.se/Uppleva-och-gora/Foreningar-foreningsliv/stod-bidrag-och-stipendier/
vastervik,vastervik,vastervik-pop,Pop (program och produktionsstöd),3,,,https://www.vastervik.se/Uppleva-och-gora/Foreningar-foreningsliv/stod-bidrag-och-stipendier/
vaxholm,vaxholm,vaxholm-aktivitetsbidrag,Aktivitetsbidrag,3,,,https://www.vaxholm.se/uppleva--gora/foreningsliv-och-bidrag/bidrag-och-stod-till-foreningar
vaxjo,vaxjo,vaxjo-aktivitetsstod-oppen-verksamhet,Aktivitetsstöd för öppen verksamhet,3,,,https://www.vaxjo.se/sidor/politik-och-demokrati/ekonomi/sok-stod-till-foreningar/stod-till-foreningar-med-barn-och-ungdomsverksamhet.html
vaxjo,vaxjo,vaxjo-driftsstod-egen-anlaggning-fritid,"Driftsstöd, egen anläggning (fritidsföreningar)",3,,,https://www.vaxjo.se/sidor/politik-och-demokrati/ekonomi/sok-stod-till-foreningar/stod-till-foreningar-med-barn-och-ungdomsverksamhet.html
vaxjo,vaxjo,vaxjo-hyresstod-barn-ungdom,Hyresstöd (barn- och ungdomsverksamhet),3,,,https://www.vaxjo.se/sidor/politik-och-demokrati/ekonomi/sok-stod-till-foreningar/stod-till-foreningar-med-barn-och-ungdomsverksamhet.html
vaxjo,vaxjo,vaxjo-investeringsstod-kultur,Investeringsstöd (kulturföreningar),3,,,https://www.vaxjo.se/sidor/politik-och-demokrati/ekonomi/sok-stod-till-foreningar/stod-till-kulturforeningar-och-kulturaktorer.html
vaxjo,vaxjo,vaxjo-investeringsstod-fritid-stort,"Investeringsstöd, stort (fritidsföreningar)",3,,,https://www.vaxjo.se/sidor/politik-och-demokrati/ekonomi/sok-stod-till-foreningar/stod-till-foreningar-med-barn-och-ungdomsverksamhet.html
vaxjo,vaxjo,vaxjo-litet-evenemangsstod,Litet evenemangsstöd,3,,,https://www.vaxjo.se/sidor/politik-och-demokrati/ekonomi/sok-stod-till-foreningar/stod-till-evenemang.html
vaxjo,vaxjo,vaxjo-medfinansieringsstod-samlingslokaler,Medfinansieringsstöd till allmän samlingslokal,3,,,https://www.vaxjo.se/sidor/politik-och-demokrati/ekonomi/sok-stod-till-foreningar/stod-till-foreningar-som-ansvarar-for-allmanna-samlingslokaler.html
vaxjo,vaxjo,vaxjo-medlemsstod-pensionar-funktionsratt,Medlemsstöd (pensionärs- och funktionsrättsföreningar),3,,,https://www.vaxjo.se/sidor/politik-och-demokrati/ekonomi/sok-stod-till-foreningar/stod-till-pensionarsforeningar-och-funktionsrattsforeningar.html
vaxjo,vaxjo,vaxjo-projektstod-pensionar-funktionsratt,Projektstöd (pensionärs- och funktionsrättsföreningar),3,,,https://www.vaxjo.se/sidor/politik-och-demokrati/ekonomi/sok-stod-till-foreningar/stod-till-pensionarsforeningar-och-funktionsrattsforeningar.html
vaxjo,vaxjo,vaxjo-projektstod-litet,"Projektstöd, litet",3,,,https://www.vaxjo.se/sidor/politik-och-demokrati/ekonomi/sok-stod-till-foreningar/stod-till-foreningar-med-barn-och-ungdomsverksamhet.html
vaxjo,vaxjo,vaxjo-projektstod-stort-fritid,"Projektstöd, stort (fritidsföreningar)",3,,,https://www.vaxjo.se/sidor/politik-och-demokrati/ekonomi/sok-stod-till-foreningar/stod-till-foreningar-med-barn-och-ungdomsverksamhet.html
vaxjo,vaxjo,vaxjo-stiftelsen-anna-bondes-fond,Stiftelsen Anna Bondes Fond,3,,,https://www.vaxjo.se/sidor/politik-och-demokrati/ekonomi/sok-pengar-fran-fonder-och-stiftelser.html
vaxjo,vaxjo,vaxjo-stod-inkludering-funktionsvariationer,Stöd till inkludering av personer med funktionsvariationer,3,,,https://www.vaxjo.se/sidor/politik-och-demokrati/ekonomi/sok-stod-till-foreningar/stod-till-foreningar-med-barn-och-ungdomsverksamhet.html
vaxjo,vaxjo,vaxjo-stod-samhallsuppdrag,Stöd till samhällsuppdrag (samverkansavtal/idéburet offentligt partnerskap),3,,,https://www.vaxjo.se/sidor/politik-och-demokrati/ekonomi/sok-stod-till-foreningar/stod-till-foreningar-med-barn-och-ungdomsverksamhet.html
vaxjo,vaxjo,vaxjo-stod-studieforbund,Stöd till studieförbund,3,,,https://www.vaxjo.se/sidor/politik-och-demokrati/ekonomi/sok-stod-till-foreningar/stod-till-studieforbund.html
vaxjo,vaxjo,vaxjo-utbildningsstod-ledare,Utbildningsstöd (ledarutbildning),3,,,https://www.vaxjo.se/sidor/politik-och-demokrati/ekonomi/sok-stod-till-foreningar/stod-till-foreningar-med-barn-och-ungdomsverksamhet.html
vaxjo,vaxjo,vaxjo-verksamhetsstod-kultur,Verksamhetsstöd (kulturföreningar),3,,,https://www.vaxjo.se/sidor/politik-och-demokrati/ekonomi/sok-stod-till-foreningar/stod-till-kulturforeningar-och-kulturaktorer.html
vetlanda,vetlanda,vetlanda-arrangemangsbidrag-kultur,Arrangemangsbidrag inom kulturområdet,3,,,"https://www.vetlanda.se/download/18.7150ddee18e85ff00c5356b/1768904071819/Bidragsbestämmelser,%20policy.pdf"
vetlanda,vetlanda,vetlanda-framtradanden-offentlig-plats,Framträdanden på offentlig plats,3,,,"https://www.vetlanda.se/download/18.7150ddee18e85ff00c5356b/1768904071819/Bidragsbestämmelser,%20policy.pdf"
vetlanda,vetlanda,vetlanda-vard-och-omsorg,Föreningsbidrag – inriktning vård och omsorg,3,,,"https://www.vetlanda.se/download/18.7150ddee18e85ff00c5358d/1712152219395/Föreningsbidrag%20vård%20och%20omsorg,%20riktlinje.pdf"
vetlanda,vetlanda,vetlanda-landsbygdssatsningar,Landsbygdssatsningar,3,,,https://vetlanda.se/bygga-bo-och-miljo/planer-och-utveckling/landbygdsutveckling/landsbygdssatsningar
vetlanda,vetlanda,vetlanda-ledarutvecklingsbidrag,Ledarutvecklingsbidrag,3,,,"https://www.vetlanda.se/download/18.7150ddee18e85ff00c5356b/1768904071819/Bidragsbestämmelser,%20policy.pdf"
ystad,ystad,ystad-dialogbidrag-studieforbund,Dialogbidrag för studieförbund,3,,,https://ystad.fri-go.se/bidrag/ansokaninfo.aspx?type=36&year=2026
ystad,ystad,ystad-driftsbidrag,Driftsbidrag,3,,,https://ystad.fri-go.se/bidrag/ansokaninfo.aspx?type=27&year=2026
ystad,ystad,ystad-hyresbidrag,Hyresbidrag,3,,,https://ystad.fri-go.se/bidrag/ansokaninfo.aspx?type=25&year=2026
ystad,ystad,ystad-hallbarhetspriset,Hållbarhetspriset,3,,,https://ystad.se/kommun-och-politik/sa-arbetar-ystads-kommun/hallbarhet/hallbarhetspriset
ystad,ystad,ystad-idrottspris,Idrottspris,3,,,https://ystad.se/kommun-och-politik/ovrig-service/bidrag-priser-stipendier-stiftelser-och-fonder/idrottspriset
ystad,ystad,ystad-kulturpris,Kulturpris,3,,,https://ystad.se/kommun-och-politik/ovrig-service/bidrag-priser-stipendier-stiftelser-och-fonder/kulturpriset
ystad,ystad,ystad-landsbygdsbidrag,Landsbygdsbidrag,3,,,https://ystad.fri-go.se/bidrag/ansokaninfo.aspx?type=35&year=2026
ystad,ystad,ystad-landsbygdspriset,Landsbygdspriset,3,,,https://ystad.se/samhallsutveckling-och-trafik/landsbygdsutveckling/landsbygdspriset
ystad,ystad,ystad-ledarersattningsbidrag,Ledarersättningsbidrag,3,,,https://ystad.fri-go.se/bidrag/ansokaninfo.aspx?type=22&year=2026
ystad,ystad,ystad-ledarutbildningsbidrag,Ledarutbildningsbidrag,3,,,https://ystad.fri-go.se/bidrag/ansokaninfo.aspx?type=20&year=2026
ystad,ystad,ystad-lovbidrag,Lovbidrag,3,,,https://ystad.fri-go.se/bidrag/ansokaninfo.aspx?type=26&year=2026
ystad,ystad,ystad-projektbidrag-studieforbund,Projektbidrag för studieförbund,3,,,https://ystad.fri-go.se/bidrag/ansokaninfo.aspx?type=24&year=2026
ystad,ystad,ystad-projektstod-mangfald,Projektstöd – mångfald,3,,,https://ystad.fri-go.se/bidrag/ansokaninfo.aspx?type=23&year=2026
alingsas,alingsas,alingsas-folkbildningsbidrag,Bidrag till folkbildning,4,,,https://municipio.alingsas.se/wp-content/uploads/networks/1/sites/2/2025/11/regler-och-riktlinjer-for-foreningsbidrag-antagen.pdf
alingsas,alingsas,alingsas-ungdomsforeningar-anlaggningar,Bidrag till ungdomsföreningar med anläggningar,4,,,https://municipio.alingsas.se/wp-content/uploads/networks/1/sites/2/2025/11/regler-och-riktlinjer-for-foreningsbidrag-antagen.pdf
alingsas,alingsas,alingsas-vagbidrag-ordinarie,Ordinarie vägbidrag,4,,,https://www.alingsas.se/trafik-och-gator/vagbidrag/
alingsas,alingsas,alingsas-projektbidrag-folkhalsa-miljo,Projektbidrag samt folkhälso- och miljöbidrag,4,,,https://municipio.alingsas.se/wp-content/uploads/networks/1/sites/2/2025/11/regler-och-riktlinjer-for-foreningsbidrag-antagen.pdf
alvesta,alvesta,alvesta-investeringsstod,Investeringsstöd,4,,,https://www.alvesta.se/uppleva-och-gora/foreningar-och-foreningsliv/foreningsstod-och-externa-bidrag/
alvkarleby,alvkarleby,alvkarleby-en-pase-pengar,En påse pengar (PÅPP-bidrag),4,,,https://sjalvservice.alvkarleby.se/oversikt/overview/176
angelholm,angelholm,angelholm-vag-sarskilt-driftbidrag,Enskild väghållning — särskilt driftbidrag,4,,,https://www.engelholm.se/trafik-och-stadsplanering/trafik-och-gator/enskilda-vagar/riktlinjer-for-kommunalt-bidrag-till-enskild-vaghallning.html
angelholm,angelholm,angelholm-vag-arligt-driftbidrag,Enskild väghållning — årligt driftbidrag,4,,,https://www.engelholm.se/trafik-och-stadsplanering/trafik-och-gator/enskilda-vagar/riktlinjer-for-kommunalt-bidrag-till-enskild-vaghallning.html
angelholm,angelholm,angelholm-sponsring,"Sponsring till idrott, kultur och evenemang",4,,,https://www.engelholm.se/uppleva-och-gora/bidrag-sponsring-och-priser/sponsring-till-idrott-kultur-och-evenemang.html
arvika,arvika,arvika-arrangemangsbidrag-kultur,Arrangemangsbidrag — Kultur,4,,,https://www.arvika.se/upplevaochgora/foreningarforeningsliv/bidragstodstipendier/stodinomkultursektorn.2744.html
arvika,arvika,arvika-sociala-stodforeningar,Bidrag till sociala stödföreningar,4,,,https://www.arvika.se/upplevaochgora/foreningarforeningsliv/bidragstodstipendier/stodinomsocialasektorn.2746.html
bollnas,bollnas,bollnas-arbrafonderna-projektbidrag,Arbråfonderna — Bidrag till särskilda projekt och utvecklingsarbete,4,,,https://bollnas.se/kommun-och-politik/stipendier-fonder-och-priser/fonder-och-stiftelser/arbrafonderna/bidrag-till-sarskilda-projekt-och-utvecklingsarbete
bollnas,bollnas,bollnas-arbrafonderna-arligt-verksamhetsbidrag,Arbråfonderna — Årligt verksamhetsbidrag,4,,,https://bollnas.se/kommun-och-politik/stipendier-fonder-och-priser/fonder-och-stiftelser/arbrafonderna/arligt-verksamhetsbidrag
bollnas,bollnas,bollnas-integrationsprojekt,Integrationsprojekt (§10-medel),4,,,https://bollnas.se/uppleva-och-gora/foreningar-foreningsliv/stod-bidrag-och-stipendier/foreningsbidrag
bollnas,bollnas,bollnas-internationellt-bidrag,Internationellt bidrag,4,,,https://bollnas.se/uppleva-och-gora/foreningar-foreningsliv/stod-bidrag-och-stipendier/foreningsbidrag
bollnas,bollnas,bollnas-ledarutbildningsbidrag,Ledarutbildningsbidrag,4,,,https://bollnas.se/uppleva-och-gora/foreningar-foreningsliv/stod-bidrag-och-stipendier/foreningsbidrag
bollnas,bollnas,bollnas-projektbidrag,Projektbidrag,4,,,https://bollnas.se/uppleva-och-gora/foreningar-foreningsliv/stod-bidrag-och-stipendier/foreningsbidrag
borgholm,borgholm,borgholm-arrangemangsbidrag,Arrangemangsbidrag,4,,,https://www.borgholm.se/foreningsbidrag/
borgholm,borgholm,borgholm-driftbidrag,Driftbidrag,4,,,https://www.borgholm.se/foreningsbidrag/
borlange,borlange,borlange-aktivitetsbidrag,Aktivitetsbidrag,4,,,https://www.borlange.se/uppleva-och-gora/foreningar/foreningsbidrag
borlange,borlange,borlange-grundbidrag,Grundbidrag,4,,,https://www.borlange.se/uppleva-och-gora/foreningar/foreningsbidrag
borlange,borlange,borlange-lokalbidrag,Lokalbidrag,4,,,https://www.borlange.se/uppleva-och-gora/foreningar/foreningsbidrag
boxholm,boxholm,boxholm-aktivitetsbidrag,Aktivitetsbidrag,4,,,https://www.boxholm.se/uppleva-och-gora/foreningar-och-foreningsliv/bidrag-stod-och-stipendier
bracke,bracke,bracke-senior-funktionshinder,Bidrag till senior- och funktionshinderorganisationer,4,,,https://www.bracke.se/kulturochfritid/foreningslivochbidrag.4.73773db514ee2ab085a9efe.html
bracke,bracke,bracke-byaktiviteter,Byaktivitetsbidrag,4,,,https://www.bracke.se/kulturochfritid/foreningslivochbidrag.4.73773db514ee2ab085a9efe.html
bracke,bracke,bracke-kulturbidrag,Kulturbidrag,4,,,https://www.bracke.se/kulturochfritid/foreningslivochbidrag.4.73773db514ee2ab085a9efe.html
bracke,bracke,bracke-utvecklingsbidrag,Utvecklingsbidrag,4,,,https://www.bracke.se/kulturochfritid/foreningslivochbidrag.4.73773db514ee2ab085a9efe.html
bromolla,bromolla,bromolla-driftbidrag,Driftbidrag,4,,,https://www.bromolla.se/uppleva-och-gora/foreningar/foreningsbidrag-och-stipendier/
bromolla,bromolla,bromolla-projekt-arrangemangsbidrag,Projekt- och arrangemangsbidrag,4,,,https://www.bromolla.se/uppleva-och-gora/foreningar/foreningsbidrag-och-stipendier/
danderyd,danderyd,danderyd-aktivitetsstod-ungdom,Kommunalt aktivitetsstöd till barn- och ungdomsföreningar,4,,,https://www.danderyd.se/globalassets/globala-filer/kommun-och-politik/ovriga-styrdokument-ny/styrande-dokument---kultur-och-fritid/regler-for-foreningsbidrag---galler-fr.o.m.-2025-01-01.pdf
danderyd,danderyd,danderyd-kulturforeningsbidrag,Kulturföreningsbidrag,4,,,https://www.danderyd.se/globalassets/globala-filer/kommun-och-politik/ovriga-styrdokument-ny/styrande-dokument---kultur-och-fritid/regler-for-foreningsbidrag---galler-fr.o.m.-2025-01-01.pdf
danderyd,danderyd,danderyd-projektbidrag,Projektbidrag,4,,,https://www.danderyd.se/globalassets/globala-filer/kommun-och-politik/ovriga-styrdokument-ny/styrande-dokument---kultur-och-fritid/regler-for-foreningsbidrag---galler-fr.o.m.-2025-01-01.pdf
danderyd,danderyd,danderyd-riskdelning,Riskdelning,4,,,https://www.danderyd.se/globalassets/globala-filer/kommun-och-politik/ovriga-styrdokument-ny/styrande-dokument---kultur-och-fritid/regler-for-foreningsbidrag---galler-fr.o.m.-2025-01-01.pdf
danderyd,danderyd,danderyd-tillfalligt-bidrag,Tillfälligt bidrag för speciella ändamål,4,,,https://www.danderyd.se/globalassets/globala-filer/kommun-och-politik/ovriga-styrdokument-ny/styrande-dokument---kultur-och-fritid/regler-for-foreningsbidrag---galler-fr.o.m.-2025-01-01.pdf
ekero,ekero,ekero-aktivitetsstod,Aktivitetsstöd,4,,,https://www.ekero.se/uppleva-gora/idrott--foreningar/foreningsstod-och-bidrag
enkoping,enkoping,enkoping-aktivitetsstod-finska,Aktivitetsstöd för aktiviteter på finska,4,,,https://enkoping.se/fritid-och-kultur/forening-i-enkoping/sok-foreningsbidrag/bidrag-att-soka/aktivitetsstod-for-aktiviteter-pa-finska.html
enkoping,enkoping,enkoping-startstod,Startstöd till nya föreningar,4,,,https://enkoping.se/fritid-och-kultur/forening-i-enkoping/sok-foreningsbidrag/bidrag-att-soka.html
enkoping,enkoping,enkoping-utvecklingsstod,Stöd för utvecklingsinsatser,4,,,https://enkoping.se/fritid-och-kultur/forening-i-enkoping/sok-foreningsbidrag/bidrag-att-soka.html
falkenberg,falkenberg,falkenberg-verksamhetsstod-kultur,Verksamhetsstöd inom kultur,4,,,https://kommun.falkenberg.se/kultur-och-fritid/kultur/soek-bidrag-och-stoed-inom-kulturomradet/verksamhetsstoed-inom-kultur
falkoping,falkoping,falkoping-arrangemangsstod,Arrangemangsstöd,4,,,https://www.falkoping.se/uppleva--gora/foreningar/foreningsbidrag
falun,falun,falun-vagbidrag-drift,Driftbidrag till enskilda vägar,4,,,https://www.falun.se/download/18.271bc952197582675f959406/1750063096354/Nya%20bidragsbest%C3%A4mmelsser%20f%C3%B6r%20driftbidrag.pdf
falun,falun,falun-evenemangsstod,Evenemangsstöd,4,,,https://www.falun.se/gora--uppleva/foreningar-och-bidrag/bidrag-stod-och-stipendier/evenemangsstod.html
falun,falun,falun-vagbidrag-upprustning,Upprustningsbidrag till enskilda vägar,4,,,https://www.falun.se/download/18.760ea7cb1775059b30c216de/1612166165558/Upprustningsbidragsmodell.pdf
filipstad,filipstad,filipstad-verksamhetsbidrag,Verksamhetsbidrag,4,,,https://www.filipstad.se/toppmeny/upplevaochgora/foreningsverksamhet/foreningsochverksamhetsbidrag.912.html
gislaved,gislaved,gislaved-ledarutbildning,Ledarutbildningsbidrag,4,True,angivet,https://www.gislaved.se/uppleva-och-gora/foreningsliv/foreningsbidrag-fritid--och-kulturforeningar
gislaved,gislaved,gislaved-verksamhetsbidrag-funktionsvariation,Verksamhetsbidrag funktionsvariationsföreningar,4,True,angivet,https://www.gislaved.se/uppleva-och-gora/foreningsliv/foreningsbidrag-fritid--och-kulturforeningar
halmstad,halmstad,halmstad-aktivitetsbidrag,Aktivitetsbidrag,4,,,https://www.halmstad.se/upplevaochgora/foreningarochforeningsliv/bidragochstodtillforeningar/aktivitetsbidrag.n1350.html
halmstad,halmstad,halmstad-driftbidrag-lokalhallande,Driftbidrag till lokalhållande föreningar,4,,,https://www.halmstad.se/upplevaochgora/foreningarochforeningsliv/bidragochstodtillforeningar/driftbidragtilllokalhallandeforeningar.n2364.html
halmstad,halmstad,halmstad-kulturstod-unga,Kulturstöd för unga,4,,,https://www.halmstad.se/upplevaochgora/kultur/bidragochstodinomkulturochfolkbildning/kulturstodforunga.n2391.html
halmstad,halmstad,halmstad-ledarutbildningsbidrag,Ledarutbildningsbidrag,4,,,https://www.halmstad.se/upplevaochgora/foreningarochforeningsliv/bidragochstodtillforeningar/ledarutbildningsbidrag.n1906.html
halmstad,halmstad,halmstad-konstnarlig-utveckling,Stöd till konstnärlig utveckling,4,,,https://www.halmstad.se/upplevaochgora/kultur/bidragochstodinomkulturochfolkbildning/stodtillkonstnarligutveckling.n2460.html
haninge,haninge,haninge-oppen-idrott-skoldagens-slut,Föreningsdriven öppen idrottsverksamhet i anslutning till skoldagens slut,4,,,https://www.haninge.se/uppleva-och-gora/foreningar/foreningsbidrag/idrott-och-ovrigabidrag-kultur-fritid/
haninge,haninge,haninge-nattidrott,Föreningsdriven öppen verksamhet – nattidrott,4,,,https://www.haninge.se/uppleva-och-gora/foreningar/foreningsbidrag/idrott-och-ovrigabidrag-kultur-fritid/
haninge,haninge,haninge-lokalt-aktivitetsstod,Lokalt aktivitetsstöd (LOK),4,,,https://www.haninge.se/uppleva-och-gora/foreningar/foreningsbidrag/idrott-och-ovrigabidrag-kultur-fritid/
hoor,hoor,hoor-startbidrag,Startbidrag,4,,,https://etjanster.hoor.se/oversikt/overview/191
huddinge,huddinge,huddinge-aktivitetsbidrag,Aktivitetsbidrag,4,,,https://www.huddinge.se/fritid-natur-och-kultur/foreningar-och-bidrag/bidrag-stod-och-stipendier/bidrag-till-foreningar-och-studieforbund/
jarfalla,jarfalla,jarfalla-lokalstod-fritid,Lokalstöd (fritid),4,,,https://www.jarfalla.se/download/18.b36ca0d198976683f521992/1755082571008/Beslutade%20Riktlinjer%20f%C3%B6r%20kultur-%20och%20fritidsst%C3%B6d%20i%20J%C3%A4rf%C3%A4lla%20kommun%20250610.pdf
jarfalla,jarfalla,jarfalla-lovstod,Lovstöd,4,,,https://www.jarfalla.se/download/18.b36ca0d198976683f521992/1755082571008/Beslutade%20Riktlinjer%20f%C3%B6r%20kultur-%20och%20fritidsst%C3%B6d%20i%20J%C3%A4rf%C3%A4lla%20kommun%20250610.pdf
jarfalla,jarfalla,jarfalla-oppen-verksamhet,Stöd till öppen verksamhet,4,,,https://www.jarfalla.se/download/18.b36ca0d198976683f521992/1755082571008/Beslutade%20Riktlinjer%20f%C3%B6r%20kultur-%20och%20fritidsst%C3%B6d%20i%20J%C3%A4rf%C3%A4lla%20kommun%20250610.pdf
jarfalla,jarfalla,jarfalla-utbildningsstod,Utbildningsstöd,4,,,https://www.jarfalla.se/download/18.b36ca0d198976683f521992/1755082571008/Beslutade%20Riktlinjer%20f%C3%B6r%20kultur-%20och%20fritidsst%C3%B6d%20i%20J%C3%A4rf%C3%A4lla%20kommun%20250610.pdf
jarfalla,jarfalla,jarfalla-verksamhetsstod-fritid,Verksamhetsstöd fritid,4,,,https://www.jarfalla.se/download/18.b36ca0d198976683f521992/1755082571008/Beslutade%20Riktlinjer%20f%C3%B6r%20kultur-%20och%20fritidsst%C3%B6d%20i%20J%C3%A4rf%C3%A4lla%20kommun%20250610.pdf
kalix,kalix,kalix-elitsponsring,Elitsponsring,4,,,https://www.kalix.se/contentassets/51479d6ba0834f0881145b3257d6fff9/riktlinjer-for-elitsponsring.pdf
kalix,kalix,kalix-kommunalt-lonebidrag,Kommunalt lönebidrag,4,,,https://www.kalix.se/contentassets/c36364d7a9e44ab698f3dee0c34cec6e/bidragsregler--2026.pdf
kalix,kalix,kalix-stod-idrottsforeningar,Stöd till idrottsföreningar (verksamhets- och anläggningsstöd),4,,,https://www.kalix.se/contentassets/c36364d7a9e44ab698f3dee0c34cec6e/bidragsregler--2026.pdf
kalix,kalix,kalix-sarskilt-bidrag,Särskilt bidrag till fritids- och kulturarrangemang,4,,,https://www.kalix.se/contentassets/c36364d7a9e44ab698f3dee0c34cec6e/bidragsregler--2026.pdf
kalix,kalix,kalix-utbildningsbidrag,Utbildningsbidrag för ledare och funktionärer,4,,,https://www.kalix.se/contentassets/c36364d7a9e44ab698f3dee0c34cec6e/bidragsregler--2026.pdf
kalmar,kalmar,kalmar-aktivitets-ledarstod,Aktivitets- och ledarstöd,4,,,https://kalmar.se/uppleva-och-gora/foreningar-och-foreningsliv/foreningsstod/barn--och-ungdomsforeningar/aktivitets--och-ledarstod.html
kalmar,kalmar,kalmar-bygdepeng,Bygdepeng,4,,,https://kalmar.se/bygga-bo-och-miljo/samhallsutveckling/landsbygd/bygdepeng.html
kalmar,kalmar,kalmar-driftstod,Driftstöd,4,,,https://kalmar.se/uppleva-och-gora/foreningar-och-foreningsliv/foreningsstod/barn--och-ungdomsforeningar/driftstod.html
kalmar,kalmar,kalmar-hjartsakrare-landsbygd,Hjärtsäkrare landsbygd,4,,,https://kalmar.se/bygga-bo-och-miljo/samhallsutveckling/landsbygd/hjartsakrare-landsbygd.html
kalmar,kalmar,kalmar-investeringsstod,Investeringsstöd (anläggningsägande föreningar),4,,,https://kalmar.se/uppleva-och-gora/foreningar-och-foreningsliv/foreningsstod/barn--och-ungdomsforeningar/investeringsstod.html
kalmar,kalmar,kalmar-lokalstod-kultur,Lokalstöd till kulturföreningar,4,,,https://kalmar.se/uppleva-och-gora/foreningar-och-foreningsliv/foreningsstod/kulturforeningar/stod-till-kulturforeningar---lokalstod.html
kalmar,kalmar,kalmar-bygdegardar-folkets-hus,"Stöd till bygdegårdar, Folkets hus och parkföreningar",4,,,https://kalmar.se/uppleva-och-gora/foreningar-och-foreningsliv/foreningsstod/folkets-hus-och-bygdegardar/stod-till-bygdegardar-folkets-hus-och-parkforeningar.html
kalmar,kalmar,kalmar-senior,Stöd till föreningar för seniorer,4,,,https://kalmar.se/uppleva-och-gora/foreningar-och-foreningsliv/foreningsstod/seniorforeningar/stod-till-foreningar-for-seniorer.html
kalmar,kalmar,kalmar-studieforbund,Stöd till studieförbund,4,,,https://kalmar.se/uppleva-och-gora/foreningar-och-foreningsliv/foreningsstod/studieforbund/stod-till-studieforbund.html
kalmar,kalmar,kalmar-saker-trygg-forening,Stöd till säker och trygg förening,4,,,https://kalmar.se/uppleva-och-gora/foreningar-och-foreningsliv/foreningsstod/barn--och-ungdomsforeningar/stod-till-saker-och-trygg-forening.html
kalmar,kalmar,kalmar-verksamhetsstod-hembygd,Verksamhetsstöd till hembygdsföreningar,4,,,https://kalmar.se/uppleva-och-gora/foreningar-och-foreningsliv/foreningsstod/hembygdsforeningar/stod-till-hembygdsforeningar---verksamhetsstod.html
kalmar,kalmar,kalmar-verksamhetsstod-kultur,Verksamhetsstöd till kulturföreningar,4,,,https://kalmar.se/uppleva-och-gora/foreningar-och-foreningsliv/foreningsstod/kulturforeningar/stod-till-kulturforeningar---verksamhetsstod.html
karlskoga,karlskoga,karlskoga-extra-foreningsbidrag,Extra föreningsbidrag,4,,,https://karlskoga.se/arkiv/nyheter/nyheter/2026-03-06-nya-riktlinjer-for-ansokan-om-extra-foreningsbidrag.html
karlskoga,karlskoga,karlskoga-ordinarie-foreningsbidrag,Ordinarie föreningsbidrag,4,,,https://karlskoga.se/uppleva--gora/foreningar-och-foreningsliv/foreningsbidrag-och-stod.html
karlskrona,karlskrona,karlskrona-elitidrottsstod,Elitidrottsstöd till föreningar,4,,,https://www.karlskrona.se/globalassets/kommun-och-politik/forfattningssamling/styrande-dokument/riktlinjer-for-elitidrottsstod.pdf
karlskrona,karlskrona,karlskrona-aktivitetsstod,Kommunalt aktivitetsstöd,4,,,https://www.karlskrona.se/globalassets/kultur-och-fritid/foreningar/dokument/belopp-och-ansokningstider-for-stod-inom-kultur-och-fritidsomradet-2026.pdf
karlskrona,karlskrona,karlskrona-landsbygd-skargardsmiljonen,Landsbygds- och skärgårdsmiljonen,4,,,https://www.karlskrona.se/samhallsplanering-och-trafik/Landsbygd-och-skargard/landsbygds--och-skargardsmiljonen/
karlskrona,karlskrona,karlskrona-team-karlskrona,Team Karlskrona,4,,,https://www.karlskrona.se/globalassets/kultur-och-fritid/foreningar/dokument/belopp-och-ansokningstider-for-stod-inom-kultur-och-fritidsomradet-2026.pdf
karlstad,karlstad,karlstad-arrangemangsstod-kultur,Arrangemangsstöd (kultur),4,,,https://karlstad.se/uppleva-och-gora/foreningsliv-stod-och-stipendier/bidrag-och-stod-till-foreningar/stod-till-kulturverksamhet
karlstad,karlstad,karlstad-engangsstod-2027,Engångsstöd för föreningar 2027,4,,,https://karlstad.se/uppleva-och-gora/foreningsliv-stod-och-stipendier/bidrag-och-stod-till-foreningar/engangsstod-for-foreningar-2027
karlstad,karlstad,karlstad-folkhalsa,Stöd för folkhälsan,4,,,https://karlstad.se/uppleva-och-gora/foreningsliv-stod-och-stipendier/bidrag-och-stod-till-foreningar/stod-for-folkhalsan
karlstad,karlstad,karlstad-barn-ungdomskulturprojekt,Stöd till barn- och ungdomskulturprojekt,4,,,https://karlstad.se/uppleva-och-gora/foreningsliv-stod-och-stipendier/bidrag-och-stod-till-foreningar/stod-till-kulturverksamhet
karlstad,karlstad,karlstad-kultur-i-varden,Stöd till Kultur i vården,4,,,https://karlstad.se/uppleva-och-gora/foreningsliv-stod-och-stipendier/bidrag-och-stod-till-foreningar/stod-till-kulturverksamhet
katrineholm,katrineholm,katrineholm-bidrag-enskilda-vagar,Bidrag till enskilda vägar,4,,,https://www.katrineholm.se/trafik-och-gator/bidrag-till-enskilda-vagar.html
katrineholm,katrineholm,katrineholm-snabba-stalar,Snabba stålar,4,,,https://www.katrineholm.se/uppleva-och-gora/foreningar/foreningsbidrag/snabba-stalar.html
kavlinge,kavlinge,kavlinge-lokalbidrag-drift,Lokalbidrag – Drift (egen lokal),4,,,https://www.kavlinge.se/uppleva-och-gora/foreningar/soka-foreningsbidrag/bidragsbestammelser
kavlinge,kavlinge,kavlinge-utvecklingsbidrag,Utvecklingsbidrag,4,,,https://www.kavlinge.se/uppleva-och-gora/foreningar/soka-foreningsbidrag/bidragsbestammelser
kavlinge,kavlinge,kavlinge-verksamhetsbidrag-social,Verksamhetsbidrag för sociala föreningar,4,,,https://www.kavlinge.se/uppleva-och-gora/foreningar/soka-foreningsbidrag/bidragsbestammelser
kristianstad,kristianstad,kristianstad-energieffektiviseringsbidrag,Energieffektiviseringsbidrag,4,,,https://www.kristianstad.se/upplevaochgora/bidrag/energieffektiviseringsbidrag.5413.html
kristianstad,kristianstad,kristianstad-foreningsstod-social-inkludering,Föreningsstöd till insatser för social inkludering,4,,,https://www.kristianstad.se/huvudnyheter/arkivkristianstadskommun/foreningsstodforsocialinkludering.61811.html
kristianstad,kristianstad,kristianstad-investeringsbidrag,Investeringsbidrag,4,,,https://www.kristianstad.se/upplevaochgora/bidrag/investeringsbidrag.5418.html
kristianstad,kristianstad,kristianstad-vagbidrag,Kommunalt bidrag till enskild väg,4,,,https://www.kristianstad.se/trafikochresor/trafikochgator/gator.1051.html
kristianstad,kristianstad,kristianstad-projektbidrag-kultur,"Projektbidrag, kultur",4,,,https://www.kristianstad.se/upplevaochgora/bidrag/projektbidragkultur.5420.html
kungalv,kungalv,kungalv-driftstod-idrott,Driftstöd för idrotts- och friluftslivsverksamhet,4,,,https://sjalvservice.kungalv.se/oversikt/overview/350
kungalv,kungalv,kungalv-investeringsstod-idrott,Investeringsstöd för idrotts- och friluftslivsverksamhet,4,,,https://sjalvservice.kungalv.se/oversikt/overview/352
kungalv,kungalv,kungalv-lok-stod,Kommunalt lokalt aktivitetsstöd (LOK-stöd),4,,,https://www.kungalv.se/siteassets/dokument/kommun-och-politik/styrdokument/kultur-fritid-foreningar/riktlinje-for-forenings--och-studieforbundsstod.pdf
kungalv,kungalv,kungalv-verksamhetsstod-kultur,Kulturbidrag i form av verksamhetsstöd till professionella kulturaktörer,4,,,https://www.kungalv.se/kultur--fritid/kulturbidrag/
kungalv,kungalv,kungalv-projekt-arrangemang-kultur,Projekt- och arrangemangsstöd för kulturverksamhet,4,,,https://sjalvservice.kungalv.se/oversikt/overview/353
kungsbacka,kungsbacka,kungsbacka-anlaggningsstod-samlingslokaler,"Anläggningsstöd till samlingslokaler (underhåll, investering och engångsbidrag)",4,,,"https://kungsbacka.se/download/18.4028632d1864b8f9bc313428/1676898790110/Anl%C3%A4ggningsst%C3%B6d%20till%20samlingslokaler,%20hembygdsg%C3%A5rdar%20och%20liknande.pdf"
kungsbacka,kungsbacka,kungsbacka-lekplatsbidrag,Lekplatsbidrag,4,,,https://kungsbacka.se/trafik-resor-och-utemiljo/torg-och-allmanna-platser/bidrag-for-lekplatser
kungsbacka,kungsbacka,kungsbacka-lok,Lokalt aktivitetsstöd (LOK),4,,,https://kungsbacka.se/uppleva-och-gora/foreningar/stod-for-foreningar/lokalt-aktivitetsstod-lok
kungsbacka,kungsbacka,kungsbacka-sarskilt-vagbidrag,Särskilt vägbidrag,4,,,https://kungsbacka.se/trafik-resor-och-utemiljo/trafik-och-gator/gator/vem-ansvarar-for-vagen/enskild-vaghallare/sarskilt-vagbidrag
landskrona,landskrona,landskrona-kulturprojektstod,Kulturprojektstöd,4,,,https://www.landskrona.se/uppleva-och-gora/kultur/bidrag-stod-och-stipendier/kulturprojektstod/
landskrona,landskrona,landskrona-utbildningsstod,Utbildningsstöd,4,,,https://www.landskrona.se/uppleva-och-gora/foreningar-foreningsliv/bidrag-och-stod/
landskrona,landskrona,landskrona-verksamhetsstod-individfamilj,Verksamhetsstöd (individ- och familjenämnden),4,,,https://cms.landskrona.se/wp-content/uploads/2024/12/sarskilda-regler-for-foreningsbidrag-som-delas-ut-av-individ-och-familjenamnden.pdf
landskrona,landskrona,landskrona-verksamhetsstod-omsorg,Verksamhetsstöd (omsorgsnämnden),4,,,https://cms.landskrona.se/wp-content/uploads/2024/12/sarskilda-regler-for-foreningsbidrag-som-delas-ut-av-omsorgsnamnden.pdf
lerum,lerum,lerum-valdsutsatta,Föreningsbidrag till ideella organisationers arbete för att stödja våldsutsatta,4,,,https://lerum.se/kommun-och-politik/overklaga-beslut-insyn-och-rattssakerhet/kommunal-forfattningssamling/riktlinje-for-foreningsbidrag-till-ideella-organisationers-arbete-for-att-stodja-valdsutsatta
lerum,lerum,lerum-aktivitetsstod,Kommunalt aktivitetsstöd,4,,,https://lerum.se/kultur-och-fritid/foreningar-och-foreningsliv/foreningsstod-och-stipendier/stod-till-foreningar-inom-idrott-och-fritid
lerum,lerum,lerum-enskilda-kulturprojekt,Stöd till enskilda kulturprojekt,4,,,https://lerum.se/kultur-och-fritid/kultur/stod-till-kulturverksamhet
lidingo,lidingo,lidingo-utvecklingsbidrag,Utvecklingsbidrag,4,,,https://lidingo.se/kultur-fritid/foreningsliv/foreningsbidrag/
lidingo,lidingo,lidingo-verksamhetsstod-kulturforeningar,Verksamhetsstöd för kulturföreningar,4,,,https://lidingo.se/kultur-fritid/foreningsliv/stod-till-kulturforeningar/verksamhetsstod-for-kulturforeningar/
lidkoping,lidkoping,lidkoping-renoveringar,Bidrag för renoveringar,4,,,https://sjalvservice.lidkoping.se/oversikt/overview/137
lidkoping,lidkoping,lidkoping-ungdomspeng,Ungdomspeng,4,,,https://sjalvservice.lidkoping.se/oversikt/overview/159
ljungby,ljungby,ljungby-funktionsnedsatta,Bidrag för funktionsnedsatta och patientföreningar,4,,,https://www.ljungby.se/uppleva-och-gora/foreningar-foreningsliv/bidrag-och-stod
ljungby,ljungby,ljungby-social-organisation,Bidrag till social organisation,4,,,https://www.ljungby.se/uppleva-och-gora/foreningar-foreningsliv/bidrag-och-stod
ljungby,ljungby,ljungby-arrangemang-stort,Större arrangemang,4,,,https://www.ljungby.se/uppleva-och-gora/foreningar-foreningsliv/bidrag-och-stod
lulea,lulea,lulea-pensionarsforeningar,Bidrag till pensionärsföreningar,4,,,https://www.lulea.se/uppleva--gora/foreningar-och-organisationer/stod-och-bidrag-i-lulea-kommun/fritidsbidrag.html
lulea,lulea,lulea-tradgardsforeningar,Bidrag till trädgårdsföreningar,4,,,https://www.lulea.se/uppleva--gora/foreningar-och-organisationer/stod-och-bidrag-i-lulea-kommun/bidrag-till-tradgardsforeingar.html
lulea,lulea,lulea-bygdemedel,Bygdemedel,4,,,https://www.lulea.se/uppleva--gora/foreningar-och-organisationer/stod-och-bidrag-i-lulea-kommun/bygdemedel.html
nacka,nacka,nacka-aktivitetsbidrag,Aktivitetsbidrag,4,,,https://www.nacka.se/48e389/globalassets/kommun-politik/dokument/styrdokument/riktlinjer/riktlinjer-for-foreningsbidrag.pdf
nacka,nacka,nacka-litet-projektstod-kultur,Litet projektstöd (kultur),4,,,https://www.nacka.se/underwebbar/for-anordnare-inom-kulturomradet/kulturstod-och-stipendier/kulturbidrag/litet-projektstod/
nacka,nacka,nacka-projektbidrag,Projektbidrag,4,,,https://www.nacka.se/48e389/globalassets/kommun-politik/dokument/styrdokument/riktlinjer/riktlinjer-for-foreningsbidrag.pdf
nacka,nacka,nacka-sarskilt-verksamhetsbidrag,Särskilt verksamhetsbidrag,4,,,https://www.nacka.se/48e389/globalassets/kommun-politik/dokument/styrdokument/riktlinjer/riktlinjer-for-foreningsbidrag.pdf
nacka,nacka,nacka-verksamhetsstod-kultur,Verksamhetsstöd (kultur),4,,,https://www.nacka.se/underwebbar/for-anordnare-inom-kulturomradet/kulturstod-och-stipendier/kulturbidrag/verksamhetsstod/
nassjo,nassjo,nassjo-arrangemangsbidrag,Arrangemangsbidrag,4,,,https://nassjo.se/kultur-och-fritid/forening/foreningsbidrag.html
norrtalje,norrtalje,norrtalje-aktivitetsbidrag-pensionar,Aktivitetsbidrag för pensionärsföreningar,4,,,https://www.norrtalje.se/info/kultur-och-fritid/bidrag-och-stipendier/pensionarsforeningar/
norrtalje,norrtalje,norrtalje-anlaggningsbidrag,Anläggningsbidrag,4,,,https://www.norrtalje.se/info/kultur-och-fritid/bidrag-och-stipendier/anlaggningsbidrag/
norrtalje,norrtalje,norrtalje-anlaggningsbidrag-gang-cykelvag,Anläggningsbidrag för gång- och cykelvägar på landsbygden,4,,,https://www.norrtalje.se/info/trafik-gator-parker/ansokan-om-anlaggningsbidrag-for-gang--och-cykelvagar-pa-landsbygden/
norrtalje,norrtalje,norrtalje-landsbygds-skargardspeng,Landsbygds- och skärgårdsutvecklingspeng,4,,,https://www.norrtalje.se/info/bygga-bo-miljo/norrtalje-vaxer/landsbygd-skargard/lokal-utvecklingspeng-for-landsbygd-och-skargard/riktlinjer-for-landsbygdspeng/
norrtalje,norrtalje,norrtalje-trygghetsfonden,Trygghetsfonden,4,,,https://www.norrtalje.se/sjalvservice/trygghet-sakerhet/trygghetsfonden/
nykoping,nykoping,nykoping-evenemangsbidrag,Evenemangsbidrag (Levande centrum),4,,,https://www.nykoping.se/trafik--resor/gator-och-torg/torg-och-allmanna-platser/levande-centrum/evenemangsbidrag/
nykoping,nykoping,nykoping-idrottsstipendium,Idrottsstipendium,4,,,https://www.nykoping.se/uppleva--gora/stipendier-och-priser/idrottsstipendium
nynashamn,nynashamn,nynashamn-lokalt-aktivitetsstod,Lokalt aktivitetsstöd,4,,,https://nynashamn.se/service/kultur--fritid/foreningsliv/foreningsbidrag-inom-kultur-och-fritid
ornskoldsvik,ornskoldsvik,ornskoldsvik-ledarstipendiet,Ledarstipendiet,4,True,angivet,https://www.ornskoldsvik.se/fritid-och-kultur/foreningsliv/stipendier/ledarstipendiets-statuter
osteraker,osteraker,osteraker-bygdegardsbidrag,Bidrag till bygdegårdar och andra samlingslokaler,4,,,https://www2.osteraker.se/download/18.1ef37628159176cfe19242d/1484653827230/Riktlinjer%20f%C3%B6r%20bidrag%20till%20bygdeg%C3%A5rdar.pdf
osteraker,osteraker,osteraker-studieforbundsbidrag,Bidrag till studieförbund,4,,,https://www.osteraker.se/download/18.27d4a62417c113509425456/1634587978536/Regler%20Studief%C3%B6rbund.pdf
osteraker,osteraker,osteraker-kulturbidrag-aldre,Kulturbidrag för äldre,4,,,https://www.osteraker.se/upplevagora/foreningarochforeningsliv/bidragochstod.4.367d658917909e8fc2bdbc.html
osteraker,osteraker,osteraker-socialnamndens-foreningsbidrag,Socialnämndens föreningsbidrag,4,,,https://www.osteraker.se/upplevagora/foreningarochforeningsliv/bidragochstod/riktlinjerforsocialnamndensforeningsbidrag.4.77c924619b9d91e3e2aab.html
ostersund,ostersund,ostersund-kulturarrangemangsbidrag,Bidrag till kulturarrangemang,4,,,https://www.ostersund.se/download/18.2acaf8221584532b6601178c/1597991222315/kulturbidrag.pdf
ostersund,ostersund,ostersund-byapeng,Byapeng,4,,,https://eservice.ostersund.se/byapeng
ostersund,ostersund,ostersund-drift-underhall-samlingslokaler,Drift- och underhållsbidrag för allmänna samlingslokaler,4,,,https://www.ostersund.se/download/18.2241433b19b0499f77ceef4/1767884665642/Drift-och-underh%C3%A5llsbidrag-f%C3%B6r-allm%C3%A4nna-samlingslokaler.pdf
ostersund,ostersund,ostersund-forenings-organisationsbidrag-social,Förenings- och organisationsbidrag (Social- och arbetsmarknadsnämnden),4,,,https://www.ostersund.se/download/18.6fc5bb93180cdf880991e24/1652964120024/Revidering%20riktlinjer%20f%C3%B6r%20f%C3%B6renings-%20och%20organisationsbidrag.pdf
ostersund,ostersund,ostersund-investerings-utrustningsbidrag,Investerings- och utrustningsbidrag,4,,,https://www.ostersund.se/download/18.6c0544be1953e783a24499/1740563760340/Investerings-%20och%20utrustningsbidrag.pdf
ostersund,ostersund,ostersund-kulturbidrag-unga,Kulturbidrag till unga,4,,,https://eservice.ostersund.se/oversikt/overview/361
ostersund,ostersund,ostersund-verksamhetsbidrag-idrott-fritid,Verksamhetsbidrag (lokalt aktivitetsstöd),4,,,https://www.ostersund.se/download/18.2241433b19b0499f77c1dbb9/1769676270585/Bilaga%201%20Normbidrag.pub%20(5).pdf
ovanaker,ovanaker,ovanaker-snabba-pengar-ung-kultur,"""Snabba pengar"" för ung kultur",4,,,https://www.ovanaker.se/kulturochfritid/foreningarforeningsbidrag/bidragtillforeningarochstudieforbund/kulturforeningsbidrag/snabbapengarforungkultur.17109.html
ovanaker,ovanaker,ovanaker-anlaggningsbidrag,Anläggningsbidrag,4,,,https://www.ovanaker.se/kulturochfritid/foreningarforeningsbidrag/bidragtillforeningarochstudieforbund/anlaggningsbidrag.409.html
ovanaker,ovanaker,ovanaker-kulturarrangemangsbidrag,Kulturarrangemangsbidrag,4,,,https://www.ovanaker.se/kulturochfritid/foreningarforeningsbidrag/bidragtillforeningarochstudieforbund/kulturforeningsbidrag/kulturarrangemangsbidrag.9077.html
ovanaker,ovanaker,ovanaker-kulturforeningsbidrag,Årligt kulturföreningsbidrag,4,,,https://www.ovanaker.se/kulturochfritid/foreningarforeningsbidrag/bidragtillforeningarochstudieforbund/kulturforeningsbidrag/arligtkulturforeningsbidrag.410.html
partille,partille,partille-kulturarrangemangsbidrag,Kulturarrangemangsbidrag,4,,,https://www.partille.se/siteassets/uppleva--gora/foreningsliv/bidragsregler-kultur_2024.pdf
partille,partille,partille-lokalbidrag-hyrda-anlaggningar,Lokalbidrag till föreningar som hyr anläggningar,4,,,https://www.partille.se/siteassets/uppleva--gora/foreningsliv/bidragsregler-for-idrottsforeningar-2026.pdf
partille,partille,partille-lokalt-aktivitetsstod,Lokalt aktivitetsstöd,4,,,https://www.partille.se/siteassets/uppleva--gora/foreningsliv/bidragsregler-for-idrottsforeningar-2026.pdf
pitea,pitea,pitea-driftstod-samlingslokaler,Driftstöd till allmänna samlingslokaler,4,,,https://www.pitea.se/invanare/fritid-kultur/foreningar/foreningsstod/anlaggningsstod/driftstod-till-allmanna-samlingsstod/
pitea,pitea,pitea-investeringsstod-foreningsanlaggningar,Investeringsstöd föreningsanläggningar,4,,,https://www.pitea.se/invanare/fritid-kultur/foreningar/foreningsstod/anlaggningsstod/investeringsstod-foreningsanlaggningar/
pitea,pitea,pitea-motesplatser-unga,Medel för mötesplatser för unga,4,,,https://www.pitea.se/invanare/fritid-kultur/foreningar/foreningsstod/medel-for-motesplatser-for-unga/medel-till-motesplatser-for-unga/
pitea,pitea,pitea-gles-landsbygd-satsningar,Särskilda satsningar på gles- och landsbygden,4,,,https://www.pitea.se/contentassets/2fd5d4d6f02c4c88b22c09e6345fe9b4/bestammelser-for-stod-till-gles--och-landsbygd.pdf
pitea,pitea,pitea-arsligt-verksamhetsstod-kultur,Årligt verksamhetsstöd till kulturföreningar,4,,,https://www.pitea.se/invanare/fritid-kultur/foreningar/foreningsstod/Stod-till-kulturverksamhet/
rattvik,rattvik,rattvik-studieforbundsbidrag,Bidrag till studieförbund,4,,,https://www.rattvik.se/download/18.6a48d872159d3ad55ba177c1/1618998911236/Normer%20f%C3%B6reningsbidrag%20fr%20o%20m%2020170101.pdf
rattvik,rattvik,rattvik-bystugebidrag,Bystugebidrag,4,,,https://etjanster.rattvik.se/oversikt/overview/173
rattvik,rattvik,rattvik-foreningsstod,"Föreningsstöd till ungdoms-, idrotts-, handikapp- och pensionärsföreningar",4,,,https://etjanster.rattvik.se/oversikt/overview/147
rattvik,rattvik,rattvik-vindkraftspeng,Vindkraftspeng,4,,,https://etjanster.rattvik.se/oversikt/overview/317
salem,salem,salem-funktionsnedsattning,Bidrag till föreningar med funktionsnedsatta,4,,,https://salem.se/fritidochkultur/foreningarochforeningsliv/foreningsbidrag.4.47083fea1932977dcc43ca05.html
sandviken,sandviken,sandviken-fak,Fonden för partiellt arbetsföra (FAK),4,,,https://sandviken.se/kommunochpolitik/kommunensorganisation/forvaltningar/omsorgsforvaltningen/fondenforpartielltarbetsforafak.17108.html
sandviken,sandviken,sandviken-vagforeningsbidrag,Kommunalt vägföreningsbidrag,4,,,https://sandviken.se/trafikochinfrastruktur/trafikgatorochcykelbanor/enskildavagar.34103.html
sigtuna,sigtuna,sigtuna-foreningsbidrag-vard-omsorg,Föreningsbidrag inom vård och omsorg,4,,,https://www.sigtuna.se/foretag-och-foreningar/information-for-foreningar/foreningsbidrag/foreningsbidrag-inom-vard-och-omsorg.html
simrishamn,simrishamn,simrishamn-arrangemangsbidrag,Arrangemangsbidrag,4,,,https://www.simrishamn.se/kultur/fritid-och-forening/forening-och-foreningsliv/driva-forening/foreningsbidrag
simrishamn,simrishamn,simrishamn-lokalbidrag,Lokalbidrag,4,,,https://www.simrishamn.se/kultur/fritid-och-forening/forening-och-foreningsliv/driva-forening/foreningsbidrag
simrishamn,simrishamn,simrishamn-ungdomsbidrag,Ungdomsbidrag,4,,,https://www.simrishamn.se/kultur/fritid-och-forening/forening-och-foreningsliv/driva-forening/foreningsbidrag
simrishamn,simrishamn,simrishamn-verksamhetsbidrag,Verksamhetsbidrag,4,,,https://www.simrishamn.se/kultur/fritid-och-forening/forening-och-foreningsliv/driva-forening/foreningsbidrag
skelleftea,skelleftea,skelleftea-socialnamndens-aktivitetsbidrag,Aktivitetsbidrag till föreningar inom socialnämndens ansvarsområde,4,,,https://skelleftea.se/invanare/startsida/uppleva-och-gora/forenings--och-kulturstod/sok-bidrag-stod-och-stipendier/bidragsnormer/socialnamndens-bidragsformer
skelleftea,skelleftea,skelleftea-lekplats-anlaggning-renovering,Bidrag till anläggning av eller renovering av lekplats,4,,,https://skelleftea.se/foreningsportalen/foreningsportalen/ekonomi-och-bidrag/bidragsnormer/samhallsbyggnadsnamndens-bidragsnormer
skelleftea,skelleftea,skelleftea-kommunalt-lonebidrag,Kommunalt lönebidrag,4,,,https://skelleftea.se/invanare/startsida/jobb-och-foretagande/arbetsmarknadsinsatser/kommunalt-lonebidrag
skelleftea,skelleftea,skelleftea-uppdragsersattning-oppna-motesplatser,Uppdragsersättning för öppna mötesplatser på dagtid,4,,,https://skelleftea.se/invanare/startsida/uppleva-och-gora/forenings--och-kulturstod/sok-bidrag-stod-och-stipendier/bidragsnormer/socialnamndens-bidragsformer
skovde,skovde,skovde-studieforbund,Bidrag till studieförbund,4,,,https://www.skovde.se/naringsliv-foretag-forening/forening/foreningsbidrag/bidrag-till-studieforbund/
skovde,skovde,skovde-bygdegard-investeringsbidrag,Investeringsbidrag till bygdegårdsföreningar,4,,,https://www.skovde.se/naringsliv-foretag-forening/forening/foreningsbidrag/bidrag-till-bygdegardsforeningar/
skovde,skovde,skovde-bygdegard-lokalbidrag,Lokalbidrag till bygdegårdsföreningar,4,,,https://www.skovde.se/naringsliv-foretag-forening/forening/foreningsbidrag/bidrag-till-bygdegardsforeningar/
skovde,skovde,skovde-funktionsnedsattning-lokalbidrag,Lokalbidrag till föreningar för personer med funktionsnedsättning,4,,,https://www.skovde.se/globalassets/kommun-och-politik/taxor-avgifter-och-styrande-dokument/forfattningssamling/regler-for-bidrag-till-foreningar-for-personer-med-funktionsnedsattning.pdf
skovde,skovde,skovde-ungdom-lokalbidrag,Lokalbidrag till ungdomsföreningar,4,,,https://www.skovde.se/naringsliv-foretag-forening/forening/foreningsbidrag/bidrag-till-foreningar-med-ungdomsverksamhet/
skovde,skovde,skovde-bygdegard-rantefria-lan,Ränte- och amorteringsfria lån till bygdegårdsföreningar,4,,,https://www.skovde.se/naringsliv-foretag-forening/forening/foreningsbidrag/bidrag-till-bygdegardsforeningar/
skovde,skovde,skovde-subventionerad-lokalhyra,Subventionerad lokalhyra i bygdegårdar,4,,,https://www.skovde.se/naringsliv-foretag-forening/forening/foreningsbidrag/subventionerad-lokalhyra-i-bygdegardar/
skovde,skovde,skovde-kulturforeningar-verksamhetsbidrag,Verksamhetsbidrag för kulturföreningar,4,,,https://www.skovde.se/naringsliv-foretag-forening/forening/foreningsbidrag/verksamhetsbidrag-for-kulturforeningar/
soderhamn,soderhamn,soderhamn-anlaggningsbidrag,Anläggningsbidrag,4,,,https://www.soderhamn.se/download/18.77d000c1180b44e21a8177f/1654782747740/Best%C3%A4mmelser%20f%C3%B6r%20kommunala%20bidrag%20till%20f%C3%B6reningar%20och%20organisationer%20i%20S%C3%B6derhamns%20kommun%20SKFS%2008:2021:04.pdf
soderhamn,soderhamn,soderhamn-investeringsbidrag,Investeringsbidrag,4,,,https://www.soderhamn.se/download/18.77d000c1180b44e21a8177f/1654782747740/Best%C3%A4mmelser%20f%C3%B6r%20kommunala%20bidrag%20till%20f%C3%B6reningar%20och%20organisationer%20i%20S%C3%B6derhamns%20kommun%20SKFS%2008:2021:04.pdf
sodertalje,sodertalje,sodertalje-verksamhetsbidrag,Verksamhetsbidrag,4,,,https://www.sodertalje.se/contentassets/5d396db643f94a60af023841f682d951/sk-regler-och-riktlinjer-foreningsbidrag-003.pdf
sollentuna,sollentuna,sollentuna-idrott-aktivitetsstod,Aktivitetsstöd,4,,,https://www.sollentuna.se/globalassets/kommun-och-politik/sa-styrs-sollentuna/sollentuna-forfattningssamling-sfs/bidrag-stiftelser-och-stipendier/bidrag-till-ungdomsorganisationer.pdf
sollentuna,sollentuna,sollentuna-ovrig-fristaende-fritidsverksamhet,Bidrag till fristående enheters drift av fritidsverksamhet för barn och ungdomar,4,,,https://www.sollentuna.se/globalassets/kommun-och-politik/sa-styrs-sollentuna/sollentuna-forfattningssamling-sfs/bidrag-stiftelser-och-stipendier/bidrag-till-fristaende-enheters-drift-av-fritidsverksamhet.pdf
sollentuna,sollentuna,sollentuna-idrott-fritidsanlaggningar-drift,Bidrag till föreningsdrift av kommunägda fritidsanläggningar,4,,,https://www.sollentuna.se/globalassets/kommun-och-politik/sa-styrs-sollentuna/sollentuna-forfattningssamling-sfs/bidrag-stiftelser-och-stipendier/bidrag-till-foreningsdrift-av-fritidsanlaggningar.pdf
sollentuna,sollentuna,sollentuna-social-foreningsbidrag,Föreningsbidrag (socialnämnden),4,,,https://www.sollentuna.se/globalassets/kommun-och-politik/sa-styrs-sollentuna/sollentuna-forfattningssamling-sfs/bidrag-stiftelser-och-stipendier/regler-for-foreningsbidrag-socialnamnden.pdf
sollentuna,sollentuna,sollentuna-seniorer-foreningsstod,Föreningsstöd för verksamhet för seniorer 65+,4,,,https://www.sollentuna.se/globalassets/kommun-och-politik/sa-styrs-sollentuna/sollentuna-forfattningssamling-sfs/bidrag-stiftelser-och-stipendier/riktlinjer-for-foreningsbidrag-vard--och-omsorgsnamnden.pdf
sollentuna,sollentuna,sollentuna-tvargaende-iop,Idéburet offentligt partnerskap (IOP),4,,,https://www.sollentuna.se/globalassets/kommun-och-politik/sa-styrs-sollentuna/sollentuna-forfattningssamling-sfs/bidrag-stiftelser-och-stipendier/riktlinjer-for-ideburet-offentligt-partnerskap-iop-i-sollentuna-kommun.pdf
sollentuna,sollentuna,sollentuna-kultur-arsbidrag,Verksamhetsbidrag (årsbidrag) till kulturföreningar,4,,,https://www.sollentuna.se/globalassets/kommun-och-politik/sa-styrs-sollentuna/sollentuna-forfattningssamling-sfs/bidrag-stiftelser-och-stipendier/bidrag-till-ideella-kulturforeningar.pdf
solna,solna,solna-ledarutbildning-extern,Bidrag till extern ledarutbildning,4,,,https://www.solna.se/uppleva--gora/kultur--och-foreningsstod/forenings--och-bidragsregler
solna,solna,solna-ledarutbildning-intern,Bidrag till intern ledarutbildning,4,,,https://www.solna.se/uppleva--gora/kultur--och-foreningsstod/forenings--och-bidragsregler
solna,solna,solna-projektbidrag-mindre,Bidrag till mindre projekt/uppdrag,4,,,https://www.solna.se/uppleva--gora/kultur--och-foreningsstod/forenings--och-bidragsregler
strangnas,strangnas,strangnas-fritidsbidrag-resor-domare,Fritidsbidrag — Bidrag till resor och domare,4,,,https://www.strangnas.se/uppleva-och-gora/foreningar-foreningsliv/fritidsbidrag
strangnas,strangnas,strangnas-kulturbidrag-anlaggning-klubblokal,Kulturbidrag — Bidrag till anläggning eller klubblokal,4,,,https://www.strangnas.se/uppleva-och-gora/foreningar-foreningsliv/kulturbidrag
strangnas,strangnas,strangnas-kulturbidrag-medlemsbidrag,Kulturbidrag — Medlemsbidrag,4,,,https://www.strangnas.se/uppleva-och-gora/foreningar-foreningsliv/kulturbidrag
strangnas,strangnas,strangnas-snabba-pengar,Snabba pengar för unga arrangörer,4,,,https://www.strangnas.se/uppleva-och-gora/kultur/barn--och-ungdomskultur/snabba-pengar-for-ung-kultur
sundbyberg,sundbyberg,sundbyberg-lovbidrag-kultur-fritid,Lovbidrag (kultur- och fritidsnämnden),4,,,https://www.sundbyberg.se/uppleva-och-gora/konst-och-kultur-i-sundbybergs-stad/bidrag-stod-och-stipendier/bidrag-till-foreningar---idrott-friluftsliv-fritid-och-kultur
sundbyberg,sundbyberg,sundbyberg-stod-elitsatsningar,Stöd till elitsatsningar,4,,,https://www.sundbyberg.se/download/18.2930f1d19c985d1f0fba53/1772461483729/
sundsvall,sundsvall,sundsvall-kultur-idrottspotten,Kultur- och idrottspotten,4,,,https://sundsvall.se/kommun/uppleva-och-gora/evenemang-och-medfinansiering/kultur--och-idrottspott
taby,taby,taby-arrangemangsstod-kulturforeningar,Arrangemangsstöd kulturföreningar,4,,,https://www.taby.se/download/18.1472478b19d24ae5186217e6/1775121438910/riktlinjer-bidragsregler-for-kultur-fritidsnamndens-verksamheter_TGA.pdf
taby,taby,taby-lokalbidrag,Lokalbidrag,4,,,https://www.taby.se/uppleva-och-gora/foreningsliv/stod-och-bidrag-till-foreningar
taby,taby,taby-stadbidrag-taby-torg-park,Städbidrag Täby Torg och Täby Park,4,,,https://www.taby.se/kampanjsidor/stadbidrag-taby-torg-och-taby-park
tranas,tranas,tranas-arrangemangsbidrag,Arrangemangsbidrag,4,,,https://www.tranas.se/uppleva-och-gora/foreningar-och-studieforbund/foreningsbidrag
trelleborg,trelleborg,trelleborg-arrangorsbidrag-kultur,Arrangörsbidrag kulturverksamhet,4,,,https://www.trelleborg.se/app/uploads/2023/08/riktlinje-for-bidrag-till-foreningar-inom-trelleborgs-kommun-2025-version.pdf
trelleborg,trelleborg,trelleborg-frivillig-social-verksamhet,Bidrag frivillig social verksamhet,4,,,https://www.trelleborg.se/app/uploads/2023/08/riktlinje-for-bidrag-till-foreningar-inom-trelleborgs-kommun-2025-version.pdf
trollhattan,trollhattan,trollhattan-kulturbidrag,Kulturbidrag,4,,,https://minasidor.trollhattan.se/oversikt/overview/138
tyreso,tyreso,tyreso-kulturbidrag,Kulturbidrag – bidrag till enstaka kulturarrangemang,4,,,https://www.tyreso.se/uppleva--gora/forening/foreningsbidrag-och-stipendier/kulturbidrag---bidrag-till-enstaka-kulturarrangemang.html
tyreso,tyreso,tyreso-lokalt-aktivitetsstod,Lokalt aktivitetsstöd (LOK),4,,,https://www.tyreso.se/uppleva--gora/forening/foreningsbidrag-och-stipendier/lokalt-aktivitetsstod-lok.html
tyreso,tyreso,tyreso-verksamhetsbidrag,Verksamhetsbidrag för natur- och kulturverksamhet,4,,,https://www.tyreso.se/uppleva--gora/forening/foreningsbidrag-och-stipendier/verksamhetsbidrag.html
uddevalla,uddevalla,uddevalla-sponsring,Sponsring,4,,,https://www.uddevalla.se/uppleva-och-gora/foreningar-foreningsliv/bidrag-stod-och-stipendier/sponsring.html
uddevalla,uddevalla,uddevalla-utvecklingsbidrag,Utvecklingsbidrag,4,,,https://www.uddevalla.se/uppleva-och-gora/foreningar-foreningsliv/bidrag-stod-och-stipendier.html
vallentuna,vallentuna,vallentuna-ovriga-kulturstodjande-atgarder,Bidrag till övriga kulturstödjande åtgärder,4,,,https://www.vallentuna.se/fritid-och-kultur/foreningar-och-foreningsliv/bidrag-och-stod/bidrag-till-ovriga-kulturstodjande-atgarder/
vallentuna,vallentuna,vallentuna-ledarutbildningsbidrag,Ledarutbildningsbidrag,4,,,https://www.vallentuna.se/fritid-och-kultur/foreningar-och-foreningsliv/bidrag-och-stod/ledarutbildningsbidrag/
vanersborg,vanersborg,vanersborg-aktivitetsbidrag,Aktivitetsbidrag (kommunalt aktivitetsstöd),4,,,https://vanersborg.se/download/18.63cb04eb197a2053a89b3daa/1751518201295/Riktlinje%20f%C3%B6r%20f%C3%B6reningsbidrag%20inom%20kultur-%20och%20fritidsn%C3%A4mndens%20verksamhetsomr%C3%A5de%20antagten%202025-05-20.pdf
vanersborg,vanersborg,vanersborg-driftbidrag-enskild-vag,Driftbidrag för enskild väghållning,4,,,https://vanersborg.se/trafik-och-resor/trafik-och-gator/enskild-vag
vanersborg,vanersborg,vanersborg-socialt-foreningsbidrag,Föreningsbidrag för sociala föreningar,4,,,https://vanersborg.se/uppleva-och-gora/foreningar-och-foreningsliv/stod-och-bidrag/sociala-foreningar
varberg,varberg,varberg-enskild-utfartsvag,Bidrag till enskild utfartsväg,4,,,https://varberg.se/bygga-bo-och-miljo/samhallsutveckling/landsbygd/vagsamfallighet-och-vagforening
varberg,varberg,varberg-drift-underhall-vagforening,Drift- och underhållsbidrag för vägföreningar,4,,,https://varberg.se/bygga-bo-och-miljo/samhallsutveckling/landsbygd/vagsamfallighet-och-vagforening
varberg,varberg,varberg-investeringsbidrag,"Investeringsbidrag (kommunalt, lokaler/anläggningar)",4,,,https://varberg.se/uppleva-och-gora/foreningar-foreningsliv/bidrag-stod-och-stipendier/foreningsbidrag-inom-idrotts--och-fritidsomradet/foreningsbidrag-for-lokaler-och-anlaggningar-inom-idrotts--och-fritidsomradet
varberg,varberg,varberg-kommunalt-lonebidrag,Kommunalt lönebidrag,4,,,https://varberg.se/uppleva-och-gora/foreningar-foreningsliv/bidrag-stod-och-stipendier/kommunalt-lonebidrag
varberg,varberg,varberg-kulturprojektstod,Kulturprojektstöd,4,,,https://varberg.se/uppleva-och-gora/kultur/bidrag-stod-och-stipendier-inom-kulturomradet/bidrag-for-kulturaktorer-ideella-foreningar
varberg,varberg,varberg-lokal-anlaggningsbidrag,Lokal- och anläggningsbidrag,4,,,https://varberg.se/uppleva-och-gora/foreningar-foreningsliv/bidrag-stod-och-stipendier/foreningsbidrag-inom-idrotts--och-fritidsomradet/foreningsbidrag-for-lokaler-och-anlaggningar-inom-idrotts--och-fritidsomradet
varberg,varberg,varberg-startbidrag,Startbidrag,4,,,https://varberg.se/uppleva-och-gora/foreningar-foreningsliv/bidrag-stod-och-stipendier/utvecklings--och-hallbarhetsbidrag
varberg,varberg,varberg-stod-studieforbund,Stöd till studieförbund,4,,,https://varberg.se/uppleva-och-gora/kultur/bidrag-stod-och-stipendier-inom-kulturomradet/stod-till-studieforbund
varberg,varberg,varberg-kultur-verksamhetsstod-forening,Verksamhetsstöd till arrangörs- och kulturföreningar,4,,,https://varberg.se/uppleva-och-gora/kultur/bidrag-stod-och-stipendier-inom-kulturomradet/bidrag-for-kulturaktorer-ideella-foreningar
varmdo,varmdo,varmdo-arrangemangsbidrag,Arrangemangsbidrag,4,,,https://www.varmdo.se/download/18.787c0ce019b2c05262e1294/1768378508335/Kultur%20och%20fritidsna%CC%88mndens%20riktlinjer%20fo%CC%88reningsbidrag.PDF
varmdo,varmdo,varmdo-forstarkt-ridbidrag,Förstärkt ridbidrag,4,,,https://www.varmdo.se/download/18.787c0ce019b2c05262e1294/1768378508335/Kultur%20och%20fritidsna%CC%88mndens%20riktlinjer%20fo%CC%88reningsbidrag.PDF
varmdo,varmdo,varmdo-kommunal-medfinansiering,Kommunal medfinansiering för skärgård och landsbygd,4,,,https://www.varmdo.se/upplevaochgora/foreningsservice/kommunalmedfinansiering.4.4633bca1168ec68c25490e67.html
varmdo,varmdo,varmdo-startbidrag,Startbidrag,4,,,https://www.varmdo.se/download/18.787c0ce019b2c05262e1294/1768378508335/Kultur%20och%20fritidsna%CC%88mndens%20riktlinjer%20fo%CC%88reningsbidrag.PDF
varmdo,varmdo,varmdo-kulturskolestod,Stöd till föreningsdriven kulturskoleverksamhet för barn och unga,4,,,https://www.varmdo.se/download/18.787c0ce019b2c05262e1294/1768378508335/Kultur%20och%20fritidsna%CC%88mndens%20riktlinjer%20fo%CC%88reningsbidrag.PDF
vastervik,vastervik,vastervik-dina-cash,Dina Cash,4,,,https://www.vastervik.se/Uppleva-och-gora/Foreningar-foreningsliv/stod-bidrag-och-stipendier/
vaxjo,vaxjo,vaxjo-aktivitetsstod-barn-ungdom,Aktivitetsstöd,4,,,https://www.vaxjo.se/sidor/politik-och-demokrati/ekonomi/sok-stod-till-foreningar/stod-till-foreningar-med-barn-och-ungdomsverksamhet.html
vaxjo,vaxjo,vaxjo-driftstod-allmanna-samlingslokaler,Driftstöd till allmän samlingslokal,4,,,https://www.vaxjo.se/sidor/politik-och-demokrati/ekonomi/sok-stod-till-foreningar/stod-till-foreningar-som-ansvarar-for-allmanna-samlingslokaler.html
vaxjo,vaxjo,vaxjo-hyresstod-pensionar-funktionsratt,Hyresstöd (pensionärs- och funktionsrättsföreningar),4,,,https://www.vaxjo.se/sidor/politik-och-demokrati/ekonomi/sok-stod-till-foreningar/stod-till-pensionarsforeningar-och-funktionsrattsforeningar.html
vaxjo,vaxjo,vaxjo-stort-evenemangsstod,Stort evenemangsstöd,4,,,https://www.vaxjo.se/sidor/politik-och-demokrati/ekonomi/sok-stod-till-foreningar/stod-till-evenemang.html
vetlanda,vetlanda,vetlanda-allmant-foreningsbidrag,Allmänt föreningsbidrag,4,,,"https://www.vetlanda.se/download/18.7150ddee18e85ff00c5356b/1768904071819/Bidragsbestämmelser,%20policy.pdf"
vetlanda,vetlanda,vetlanda-traffpunktsbidrag,Träffpunktsbidrag,4,,,"https://www.vetlanda.se/download/18.7150ddee18e85ff00c5356b/1768904071819/Bidragsbestämmelser,%20policy.pdf"
vetlanda,vetlanda,vetlanda-underhallsbidrag-vag,Underhållsbidrag för enskild väg,4,,,https://vetlanda.se/bygga-bo-och-miljo/gator-och-trafik/underhall-av-gator-och-vagar/bidrag-for-att-skota-enskild-vag
ystad,ystad,ystad-arrangemangs-och-projektbidrag,Arrangemangs- och projektbidrag,4,,,https://ystad.fri-go.se/bidrag/ansokaninfo.aspx?type=34&year=2026
ystad,ystad,ystad-bidrag-enskilda-vagar,Bidrag till enskilda vägar,4,,,https://ystad.se/samhallsutveckling-och-trafik/trafik-gator-och-torg/drift-och-underhall/bidrag-till-enskilda-vagar
ystad,ystad,ystad-investeringsbidrag,Investeringsbidrag,4,,,https://ystad.fri-go.se/bidrag/ansokaninfo.aspx?type=10&year=2026
ystad,ystad,ystad-arligt-verksamhetsbidrag,Årligt verksamhetsbidrag,4,,,https://ystad.fri-go.se/bidrag/ansokaninfo.aspx?type=33&year=2026
ale,ale,ale-aktivitetsbidrag,Aktivitetsbidrag,5,,,https://ale.se/uppleva-och-gora/foreningar-foreningsliv/bidrag-stod-och-stipendier.html
alingsas,alingsas,alingsas-verksamhetsbidrag,Bidrag till verksamhet (verksamhetsbidrag 7–25 år),5,,,https://municipio.alingsas.se/wp-content/uploads/networks/1/sites/2/2025/11/regler-och-riktlinjer-for-foreningsbidrag-antagen.pdf
alingsas,alingsas,alingsas-valdsutsatta,Föreningsbidrag till ideella organisationers arbete för att stödja våldsutsatta,5,,,https://municipio.alingsas.se/wp-content/uploads/networks/1/sites/2/2026/03/riktlinjer-for-foreningsbidrag-till-ideella-organisationers-arbete-for-att-stodja-valdsutsatta.pdf
alingsas,alingsas,alingsas-kompletterande-pensionarsbidrag,Kompletterande föreningsbidrag till pensionärsföreningar,5,,,https://municipio.alingsas.se/wp-content/uploads/networks/1/sites/2/2025/11/regler-och-riktlinjer-for-foreningsbidrag-antagen.pdf
angelholm,angelholm,angelholm-projektstod,Projektstöd,5,,,https://www.engelholm.se/uppleva-och-gora/bidrag-sponsring-och-priser/foreningsbidrag/projektstod---villkor-vid-ansokan.html
arboga,arboga,arboga-startbidrag,Startbidrag,5,,,https://arboga.se/uppleva-och-gora/foreningar-anlaggningar-och-lokaler/soka-foreningsbidrag.html
boden,boden,boden-kulturarrangemangsstod,Kulturarrangemangsstöd,5,,,https://boden.se/steg-for-steg-guider/ansok-om-kulturstod-och-arrangemangsstod
bollnas,bollnas,bollnas-aktivitetsbidrag,Aktivitetsbidrag,5,,,https://bollnas.se/uppleva-och-gora/foreningar-foreningsliv/stod-bidrag-och-stipendier/foreningsbidrag
bollnas,bollnas,bollnas-anlaggningsbidrag,Anläggningsbidrag,5,,,https://bollnas.se/uppleva-och-gora/foreningar-foreningsliv/stod-bidrag-och-stipendier/foreningsbidrag
bollnas,bollnas,bollnas-snabbslanten,Snabbslanten,5,,,https://bollnas.se/uppleva-och-gora/foreningar-foreningsliv/stod-bidrag-och-stipendier/foreningsbidrag
bollnas,bollnas,bollnas-socialt-verksamhetsbidrag,Socialt verksamhetsbidrag,5,,,https://bollnas.se/uppleva-och-gora/foreningar-foreningsliv/stod-bidrag-och-stipendier/foreningsbidrag
bollnas,bollnas,bollnas-studieforbundsbidrag,Studieförbundsbidrag,5,,,https://bollnas.se/uppleva-och-gora/foreningar-foreningsliv/stod-bidrag-och-stipendier/foreningsbidrag
borlange,borlange,borlange-utvecklingsbidrag,Utvecklingsbidrag,5,,,https://www.borlange.se/uppleva-och-gora/foreningar/foreningsbidrag/utvecklingsbidrag
bromolla,bromolla,bromolla-verksamhetsbidrag,Verksamhetsbidrag,5,,,https://www.bromolla.se/uppleva-och-gora/foreningar/foreningsbidrag-och-stipendier/
enkoping,enkoping,enkoping-arrangorsstod,Arrangörsstöd för publika kulturarrangemang,5,,,https://enkoping.se/fritid-och-kultur/forening-i-enkoping/sok-foreningsbidrag/bidrag-att-soka.html
enkoping,enkoping,enkoping-vagbidrag,Kommunalt vägbidrag för enskild väg,5,,,https://enkoping.se/trafik-och-gator/vagbidrag.html
enkoping,enkoping,enkoping-socialnamndens-verksamhetsbidrag,Socialnämndens verksamhetsbidrag till frivilliga organisationer,5,,,https://enkoping.se/fritid-och-kultur/forening-i-enkoping/soka-verksamhetsbidrag.html
enkoping,enkoping,enkoping-verksamhetsstod,Årligt verksamhetsstöd,5,,,https://enkoping.se/fritid-och-kultur/forening-i-enkoping/sok-foreningsbidrag/bidrag-att-soka.html
falkenberg,falkenberg,falkenberg-arrangemang-projektstod-kultur,Arrangemangs- och projektstöd inom kultur,5,,,https://kommun.falkenberg.se/kultur-och-fritid/kultur/soek-bidrag-och-stoed-inom-kulturomradet/arrangemangs-och-projektstoed-inom-kultur
falkoping,falkoping,falkoping-aktivitetsstod,Aktivitetsstöd,5,,,https://www.falkoping.se/uppleva--gora/foreningar/foreningsbidrag
gislaved,gislaved,gislaved-grundbidrag,Grundbidrag,5,True,angivet,https://www.gislaved.se/uppleva-och-gora/foreningsliv/foreningsbidrag-fritid--och-kulturforeningar
gislaved,gislaved,gislaved-kultur-verksamhet,Verksamhetsbidrag kultur,5,True,angivet,https://www.gislaved.se/uppleva-och-gora/foreningsliv/foreningsbidrag-fritid--och-kulturforeningar
halmstad,halmstad,halmstad-sociala-hjalp-funktionsratt,Stöd till sociala hjälp- och funktionsrättsorganisationer,5,,,https://www.halmstad.se/upplevaochgora/foreningarochforeningsliv/bidragochstodtillforeningar/stodtillsocialahjalpochfunktionsrattsorganisationer.n2482.html
harryda,harryda,harryda-aktivitetsstod-arrangemang,Aktivitetsstöd - arrangemang,5,,,https://www.harryda.se/upplevaochgora/foreningar/stodtillideellaforeningar/reglerforstodtillideellaforeningar/aktivitetsstodarrangemang.4.446cba66182e9265b814f77.html
jarfalla,jarfalla,jarfalla-foreningsstod-socialt-arbete,Föreningsstöd för socialt arbete,5,,,https://www.jarfalla.se/download/18.b32ba811938aeff1787a8cf/1733920857327/Riktlinje-for-handlagggning-av-foreningsstod-i-Jarfalla-kommun-socialforvaltningen.pdf
kalix,kalix,kalix-bidrag-enskild-vag,Kommunalt bidrag till underhåll av enskild väg utan statsbidrag,5,,,https://www.kalix.se/contentassets/ef19f824652c4d879e1e01682984ac72/bidragsregler_riktlinjer-enskild-vaghallning.pdf
kalmar,kalmar,kalmar-enskilda-vagar,Bidrag till enskilda vägar,5,,,https://kalmar.se/trafik-och-resor/gator-och-vagar/bidrag-enskilda-vagar.html
kalmar,kalmar,kalmar-elitidrottsstod,Elitidrottsstöd,5,,,https://kalmar.se/uppleva-och-gora/foreningar-och-foreningsliv/foreningsstod/elitidrottstod.html
kalmar,kalmar,kalmar-miljopeng,Miljöpeng,5,,,https://kalmar.se/bygga-bo-och-miljo/samhallsutveckling/landsbygd/miljopeng---bidragsstod-till-foreningar.html
kalmar,kalmar,kalmar-projektstod-ovriga-kulturaktorer,Projektstöd — kulturprojekt för övriga kulturaktörer,5,,,https://kalmar.se/uppleva-och-gora/foreningar-och-foreningsliv/foreningsstod/ovrig-kulturaktor/stod-till-projekt---kulturprojekt-for-ovriga-kulturaktorer.html
kalmar,kalmar,kalmar-nystartad-forening,Stöd till nystartad förening,5,,,https://kalmar.se/uppleva-och-gora/foreningar-och-foreningsliv/foreningsstod/barn--och-ungdomsforeningar/stod-till-nystartad-forening.html
karlstad,karlstad,karlstad-landsbygdsmedel,Landsbygdsmedel — pengar för landsbygdsutveckling,5,,,https://karlstad.se/Kommun-och-politik/Kommunens-organisation/Radgivande-organ/Landsbygdsradet/Sok-pengar-for-landsbygdsutveckling/
karlstad,karlstad,karlstad-aktiva-lov,Stöd till lovaktiviteter – Aktiva lov,5,,,https://karlstad.se/uppleva-och-gora/foreningsliv-stod-och-stipendier/bidrag-och-stod-till-foreningar/stod-till-lovaktiviteter---aktiva-lov
karlstad,karlstad,karlstad-spontanidrott,Stöd till spontanidrott,5,,,https://karlstad.se/uppleva-och-gora/foreningsliv-stod-och-stipendier/bidrag-och-stod-till-foreningar/stod-till-spontanidrott
kavlinge,kavlinge,kavlinge-lokalt-aktivitetsstod,Lokalt aktivitetsstöd,5,,,https://www.kavlinge.se/uppleva-och-gora/foreningar/soka-foreningsbidrag/bidragsbestammelser
kristianstad,kristianstad,kristianstad-aktivitetsstod,"Aktivitetsstöd, kommunalt",5,,,https://www.kristianstad.se/upplevaochgora/bidrag/aktivitetsstodkommunalt.5405.html
kristianstad,kristianstad,kristianstad-driftbidrag,Driftbidrag,5,,,https://www.kristianstad.se/upplevaochgora/bidrag/driftbidrag.5410.html
kristianstad,kristianstad,kristianstad-foreningsbidrag-omsorgen-grundmedlem,"Grund- och medlemsbidrag, omsorgen",5,,,https://www.kristianstad.se/download/18.4cc941c918c431c7acea823/1702376920775/Bidragsbest%C3%A4mmelser%20inom%20omsorgsf%C3%B6rvaltningens%20verksamhetsomr%C3%A5de%20231212.pdf
kristianstad,kristianstad,kristianstad-foreningsbidrag-omsorgen-sarskilt,"Särskilt bidrag, omsorgen",5,,,https://www.kristianstad.se/download/18.4cc941c918c431c7acea823/1702376920775/Bidragsbest%C3%A4mmelser%20inom%20omsorgsf%C3%B6rvaltningens%20verksamhetsomr%C3%A5de%20231212.pdf
kungsbacka,kungsbacka,kungsbacka-stod-arrangemang-kultur,"Stöd till arrangemang för kulturföreningar, grupper och personer",5,,,https://kungsbacka.se/uppleva-och-gora/foreningar/stod-for-foreningar/stod-till-arrangemang-for-kulturforeningar-grupper-och-personer
landskrona,landskrona,landskrona-aktivitetsstod-7-25,Kommunalt aktivitetsstöd 7–25 år,5,,,https://cms.landskrona.se/wp-content/uploads/2024/12/sarskilda-regler-for-foreningsbidrag-som-delas-ut-av-teknik-och-fritidsnamnden.pdf
landskrona,landskrona,landskrona-lokal-anlaggningsstod,Lokal- och anläggningsstöd,5,,,https://cms.landskrona.se/wp-content/uploads/2024/12/sarskilda-regler-for-foreningsbidrag-som-delas-ut-av-teknik-och-fritidsnamnden.pdf
landskrona,landskrona,landskrona-verksamhetsstod-kultur,Verksamhetsstöd till kulturföreningar,5,,,https://www.landskrona.se/uppleva-och-gora/kultur/bidrag-stod-och-stipendier/verksamhetsstod-till-kulturforeningar/
lidkoping,lidkoping,lidkoping-vag-utan-statsbidrag,Kommunalt bidrag till enskilda vägar utan statsbidrag,5,,,https://sjalvservice.lidkoping.se/oversikt/overview/44
lidkoping,lidkoping,lidkoping-namndens-prioriteringar,Kultur- och fritids- och föreningsnämndens prioriteringar,5,,,https://sjalvservice.lidkoping.se/oversikt/overview/606
lulea,lulea,lulea-utfartsbidrag-enskilda-vagar,Utfartsbidrag enskilda vägar,5,,,https://www.lulea.se/boende--gator/gator-och-trafik/utfartsbidrag-enskilda-vagar.html
nacka,nacka,nacka-foreningsbidrag-pensionarer,Föreningsbidrag till pensionärsföreningar,5,,,https://www.nacka.se/uppleva--gora/foreningar/foreningsbidrag/foreningsbidrag-for-pensionarer/
nacka,nacka,nacka-grundbidrag-funktionsrattsforeningar,Grundbidrag för funktionsrättsföreningar,5,,,https://www.nacka.se/48e389/globalassets/kommun-politik/dokument/styrdokument/riktlinjer/riktlinjer-for-foreningsbidrag.pdf
nacka,nacka,nacka-lovbidrag,Lovbidrag,5,,,https://www.nacka.se/uppleva--gora/foreningar/foreningsbidrag/bidrag-for-fritidsverksamhet/
norrtalje,norrtalje,norrtalje-bidrag-studieforbund,Bidrag till studieförbund,5,,,https://www.norrtalje.se/info/kultur-och-fritid/bidrag-och-stipendier/studieforbund/
norrtalje,norrtalje,norrtalje-evenemangsbidrag,Evenemangsbidrag,5,,,https://www.norrtalje.se/sjalvservice/kultur-fritid/evenemangsbidrag/
norrtalje,norrtalje,norrtalje-programbidrag,Programbidrag,5,,,https://www.norrtalje.se/info/kultur-och-fritid/bidrag-och-stipendier/programbidrag/
nykoping,nykoping,nykoping-driftbidrag-vagsamfalligheter,Driftbidrag till tätortsvägsamfälligheter,5,,,https://www.nykoping.se/globalassets/nykoping.se/dokument/styrande-dokument/reglerande/riktlinjer-for-kommunala-bidrag-till-tatortsvagsamfalligheter.pdf
nykoping,nykoping,nykoping-verksamhetsbidrag,Verksamhetsbidrag,5,,,https://www.nykoping.se/foreningsbidrag
ovanaker,ovanaker,ovanaker-kulturella-aktiviteter-arrangemang,Bidrag till föreningar för kulturella aktiviteter/arrangemang,5,,,https://minasidor.ovanaker.se/oversikt/overview/155
ovanaker,ovanaker,ovanaker-sponsring-evenemang,Sponsring av evenemang,5,,,https://www.ovanaker.se/kulturochfritid/foreningarforeningsbidrag/bidragtillforeningarochstudieforbund/sponsringavevenemang.411.html
partille,partille,partille-aktivitetsstod-senior-65,Aktivitetsstöd seniorer 65+ år,5,,,https://www.partille.se/siteassets/uppleva--gora/foreningsliv/bidragsregler-for-idrottsforeningar-2026.pdf
partille,partille,partille-foreningsbidrag-social-verksamhet,Föreningsbidrag för social verksamhet,5,,,https://www.partille.se/uppleva--gora/foreningsliv/foreningsbidrag-for-social-verksamhet/
pitea,pitea,pitea-aktivitetsstod,Aktivitetsstöd,5,,,https://www.pitea.se/invanare/fritid-kultur/foreningar/foreningsstod/aktivitetsstod/
pitea,pitea,pitea-enskilda-vagar,Kommunala bidrag till enskilda vägar,5,,,https://www.pitea.se/invanare/Trafik-gator/Mer-fran-Trafik-och-gator/kommunala-bidrag-till-enskilda-vagar/
pitea,pitea,pitea-lov-spontanaktiviteter,Lov och spontanaktiviteter,5,,,https://www.pitea.se/invanare/fritid-kultur/foreningar/foreningsstod/Ovriga-foreningar/
pitea,pitea,pitea-socialnamnden-foreningsstod,Socialnämndens stöd till föreningslivet,5,,,https://www.pitea.se/invanare/Omsorg-stod/ovrigt-stod/mer-fran-socialtjansten/socialnamndens-bidrag-till-foreningslivet/
skovde,skovde,skovde-ungdom-aktivitetsstod,Kommunalt aktivitetsstöd,5,,,https://www.skovde.se/naringsliv-foretag-forening/forening/foreningsbidrag/bidrag-till-foreningar-med-ungdomsverksamhet/
skovde,skovde,skovde-funktionsnedsattning-verksamhetsbidrag,Verksamhetsbidrag till föreningar för personer med funktionsnedsättning,5,,,https://www.skovde.se/globalassets/kommun-och-politik/taxor-avgifter-och-styrande-dokument/forfattningssamling/regler-for-bidrag-till-foreningar-for-personer-med-funktionsnedsattning.pdf
soderhamn,soderhamn,soderhamn-fritidsgard,Bidrag till föreningsdriven fritidsgård,5,,,https://www.soderhamn.se/download/18.77d000c1180b44e21a8177f/1654782747740/Best%C3%A4mmelser%20f%C3%B6r%20kommunala%20bidrag%20till%20f%C3%B6reningar%20och%20organisationer%20i%20S%C3%B6derhamns%20kommun%20SKFS%2008:2021:04.pdf
soderhamn,soderhamn,soderhamn-landsbygdsbidrag,Föreningsbidrag för utveckling av landsbygden,5,,,https://www.soderhamn.se/sidor/uppleva-och-gora/foreningar-foreningsliv/stod-och-bidrag-till-foreningar/foreningsbidrag/foreningsbidrag-for-utveckling-av-landsbygden.html
soderhamn,soderhamn,soderhamn-foreningsmiljonen-medlem,Föreningsmiljonen: medlemsrekrytering,5,,,https://www.soderhamn.se/download/18.4af5bc35187dc6eea892d7/1683203713379/Riktlinjer%20f%C3%B6r%20f%C3%B6reningsmilj%C3%B6nen%20SKFS%2008:2023:03.pdf
solna,solna,solna-lok-aktivitetsbidrag,Lokalt aktivitetsstöd (LOK) / Aktivitetsbidrag,5,,,https://www.solna.se/uppleva--gora/kultur--och-foreningsstod/forenings--och-bidragsregler
strangnas,strangnas,strangnas-fritidsbidrag-lokalbidrag,Fritidsbidrag — Lokalbidrag,5,,,https://www.strangnas.se/uppleva-och-gora/foreningar-foreningsliv/fritidsbidrag
strangnas,strangnas,strangnas-foreningsbidrag-social,Föreningsbidrag (socialnämnden),5,,,https://www.strangnas.se/omsorg-och-hjalp/pengar-bidrag-och-ekonomi/foreningsbidrag
strangnas,strangnas,strangnas-kulturbidrag-arrangemang,Kulturbidrag — Bidrag till arrangemang,5,,,https://www.strangnas.se/uppleva-och-gora/foreningar-foreningsliv/kulturbidrag
sundbyberg,sundbyberg,sundbyberg-aktivitetsbidrag,Aktivitetsbidrag,5,,,https://www.sundbyberg.se/kommun-och-politik/bidrag-stod-och-stipendier/bidrag-till-foreningar---idrott-friluftsliv-fritid-och-kultur
sundsvall,sundsvall,sundsvall-stiftelser-fonder,Stiftelser och fonder öppna för föreningar,5,,,https://sundsvall.se/kommun/kommun-och-politik/fonder-stipendier-och-utmarkelser
taby,taby,taby-arrangemangsstod,Arrangemangsstöd,5,,,https://www.taby.se/uppleva-och-gora/foreningsliv/stod-och-bidrag-till-foreningar
taby,taby,taby-kompetensutveckling,Bidrag för kompetensutveckling,5,,,https://www.taby.se/uppleva-och-gora/foreningsliv/stod-och-bidrag-till-foreningar
tranas,tranas,tranas-investeringsbidrag,Investeringsbidrag,5,,,https://www.tranas.se/uppleva-och-gora/foreningar-och-studieforbund/foreningsbidrag/investeringsbidrag
tranas,tranas,tranas-stodbidrag-foreningsutveckling,Stödbidrag (föreningsutveckling),5,,,https://www.tranas.se/uppleva-och-gora/foreningar-och-studieforbund/foreningsbidrag/stodbidrag---foreningsutveckling
trelleborg,trelleborg,trelleborg-en-miljon-ideer-foreningsbidrag,Föreningsbidrag inom En miljon idéer (medborgarbudget),5,,,https://www.trelleborg.se/kommun-politik/en-miljon-ideer/foreningsbidrag-inom-en-miljon-ideer/
trelleborg,trelleborg,trelleborg-lokalbidrag-egenagd,Lokalbidrag ungdomsverksamhet — egenägd lokal,5,,,https://www.trelleborg.se/app/uploads/2023/08/riktlinje-for-bidrag-till-foreningar-inom-trelleborgs-kommun-2025-version.pdf
trelleborg,trelleborg,trelleborg-lokalbidrag-forhyrd,Lokalbidrag ungdomsverksamhet — förhyrd lokal,5,,,https://www.trelleborg.se/app/uploads/2023/08/riktlinje-for-bidrag-till-foreningar-inom-trelleborgs-kommun-2025-version.pdf
uddevalla,uddevalla,uddevalla-arrangemangsbidrag,Arrangemangsbidrag,5,,,https://www.uddevalla.se/uppleva-och-gora/foreningar-foreningsliv/bidrag-stod-och-stipendier.html
uddevalla,uddevalla,uddevalla-kompetensbidrag,Kompetensbidrag,5,,,https://www.uddevalla.se/uppleva-och-gora/foreningar-foreningsliv/bidrag-stod-och-stipendier.html
vallentuna,vallentuna,vallentuna-bidrag-speciella-andamal,Bidrag för speciella ändamål,5,,,https://dok.vallentuna.se/file/fritid%20och%20natur/Riktlinjer%20bidrag%20speciella%20%C3%A4ndam%C3%A5l%202025-06.pdf
vallentuna,vallentuna,vallentuna-gemensamhetslokaler,Bidrag till gemensamhetslokaler drivna av föreningar eller stiftelser,5,,,https://www.vallentuna.se/fritid-och-kultur/foreningar-och-foreningsliv/bidrag-och-stod/gemensamhetslokaler/
vallentuna,vallentuna,vallentuna-garantibidrag-kulturprogram,Garantibidrag till offentliga kulturprogram,5,,,https://www.vallentuna.se/fritid-och-kultur/foreningar-och-foreningsliv/bidrag-och-stod/garantibidrag-till-offentliga-kulturprogram/
vallentuna,vallentuna,vallentuna-snabb-peng-unga,Snabb peng – bidrag till unga,5,,,https://www.vallentuna.se/fritid-och-kultur/foreningar-och-foreningsliv/bidrag-och-stod/snabb-peng---bidrag-till-unga/
varberg,varberg,varberg-sarskilt-driftsbidrag-vagsamfallighet,Särskilt driftsbidrag för vägsamfälligheter,5,,,https://varberg.se/bygga-bo-och-miljo/samhallsutveckling/landsbygd/vagsamfallighet-och-vagforening
varmdo,varmdo,varmdo-idrottsfritidsbidrag,Idrottsfritidsbidrag,5,,,https://www.varmdo.se/download/18.787c0ce019b2c05262e1294/1768378508335/Kultur%20och%20fritidsna%CC%88mndens%20riktlinjer%20fo%CC%88reningsbidrag.PDF
varmdo,varmdo,varmdo-sarskilt-kulturbidrag,Särskilt Kulturbidrag,5,,,https://www.varmdo.se/download/18.787c0ce019b2c05262e1294/1768378508335/Kultur%20och%20fritidsna%CC%88mndens%20riktlinjer%20fo%CC%88reningsbidrag.PDF
ystad,ystad,ystad-lokalt-aktivitetsstod,Lokalt aktivitetsstöd (LOK-stöd),5,,,https://ystad.fri-go.se/bidrag/ansokaninfo.aspx?type=8&year=2026
ystad,ystad,ystad-samhallsbyggnadsbidrag,Samhällsbyggnadsbidrag,5,,,https://ystad.se/samhallsutveckling-och-trafik/landsbygdsutveckling/bidrag-och-stod-till-landsbygdsutveckling/samhallsbyggnadsbidrag
alingsas,alingsas,alingsas-investeringsbidrag,Investeringsbidrag för föreningar,6,,,https://municipio.alingsas.se/wp-content/uploads/networks/1/sites/2/2023/06/Riktlinje-for-investeringsbidrag.pdf
angelholm,angelholm,angelholm-lok,Lokalt aktivitetsstöd (LOK),6,,,https://www.engelholm.se/uppleva-och-gora/bidrag-sponsring-och-priser/foreningsbidrag.html
bjurholm,bjurholm,bjurholm-bygdemedel,Bygdemedel,6,,,https://www.bjurholm.se/uppleva-och-gora/foreningar/bygdemedel
enkoping,enkoping,enkoping-investeringsstod,Investeringsstöd,6,,,https://enkoping.se/fritid-och-kultur/forening-i-enkoping/sok-foreningsbidrag/bidrag-att-soka.html
enkoping,enkoping,enkoping-lovbidrag,Stöd för kostnadsfria lovaktiviteter,6,,,https://enkoping.se/fritid-och-kultur/forening-i-enkoping/sok-foreningsbidrag/bidrag-att-soka.html
falkenberg,falkenberg,falkenberg-landsbygdsbidrag,Bidrag till satsningar på landsbygden,6,,,https://kommun.falkenberg.se/bygga-bo-och-miljo/falkenberg-vaxer/utveckling-av-centrum-och-landsbygd/satsningar-pa-landsbygden/bidrag-till-satsningar-pa-landsbygden
falkenberg,falkenberg,falkenberg-foreningsbidrag-social,Föreningsbidrag — social inriktning,6,,,https://kommun.falkenberg.se/omsorg-och-hjalp/stoed-till-foereningar-med-social-inriktning
jarfalla,jarfalla,jarfalla-aktivitetsstod,Aktivitetsstöd,6,,,https://www.jarfalla.se/download/18.b36ca0d198976683f521992/1755082571008/Beslutade%20Riktlinjer%20f%C3%B6r%20kultur-%20och%20fritidsst%C3%B6d%20i%20J%C3%A4rf%C3%A4lla%20kommun%20250610.pdf
kungsbacka,kungsbacka,kungsbacka-ung-projektstod,Stöd till kultur- och fritidsaktiviteter för unga,6,,,https://kungsbacka.se/uppleva-och-gora/foreningar/stod-for-foreningar/stod-till-kultur--och-fritidsaktiviteter-for-unga
kungsbacka,kungsbacka,kungsbacka-verksamhetsbidrag-socialt-arbete,Verksamhetsbidrag till föreningar som bedriver socialt arbete,6,,,https://kungsbacka.se/uppleva-och-gora/foreningar/stod-for-foreningar/verksamhetsbidrag-till-foreningar-som-bedriver-socialt-arbete
kungsbacka,kungsbacka,kungsbacka-arligt-kulturprojektstod,Årligt kulturprojektstöd för kulturföreningar,6,,,https://kungsbacka.se/uppleva-och-gora/foreningar/stod-for-foreningar/arligt-kulturprojektstod-for-kulturforeningar
lidingo,lidingo,lidingo-stod-offentliga-kulturarrangemang,Stöd till offentliga kulturarrangemang,6,,,https://lidingo.se/kultur-fritid/foreningsliv/stod-till-kulturforeningar/stod-till-offentliga-kulturarrangemang/
lulea,lulea,lulea-lok-stod,"Lokalt aktivitetsstöd, LOK-stöd",6,,,https://www.lulea.se/uppleva--gora/foreningar-och-organisationer/stod-och-bidrag-i-lulea-kommun/lokalt-aktivitetsstod-lok-stod.html
norrtalje,norrtalje,norrtalje-aktivitetsbidrag-barn-ungdom,Aktivitetsbidrag för barn- och ungdomsföreningar,6,,,https://www.norrtalje.se/info/kultur-och-fritid/bidrag-och-stipendier/barn-och-ungdomsforeningar/
norrtalje,norrtalje,norrtalje-bredbandsstod,Lokalt bredbandsstöd,6,,,https://www.norrtalje.se/info/bygga-bo-miljo/bredband/soka-lokalt-bredbandsstod/
ovanaker,ovanaker,ovanaker-startbidrag-kulturforening,Startbidrag för kulturföreningar,6,,,https://www.ovanaker.se/kulturochfritid/foreningarforeningsbidrag/bidragtillforeningarochstudieforbund/kulturforeningsbidrag/startbidragforkulturforeningar.17108.html
salem,salem,salem-sarskilt-bidrag,Särskilt bidrag,6,,,https://salem.se/fritidochkultur/foreningarochforeningsliv/foreningsbidrag.4.47083fea1932977dcc43ca05.html
skovde,skovde,skovde-landsbygdsutveckling,Bidrag för landsbygdsutveckling,6,,,https://www.skovde.se/naringsliv-foretag-forening/forening/foreningsbidrag/bidrag-for-landsbygden/
soderhamn,soderhamn,soderhamn-aktivitetsbidrag-folkhalsa,Aktivitetsbidrag för ökad folkhälsa,6,,,https://www.soderhamn.se/download/18.77d000c1180b44e21a8177f/1654782747740/Best%C3%A4mmelser%20f%C3%B6r%20kommunala%20bidrag%20till%20f%C3%B6reningar%20och%20organisationer%20i%20S%C3%B6derhamns%20kommun%20SKFS%2008:2021:04.pdf
soderhamn,soderhamn,soderhamn-samlingslokal,Bidrag till allmän samlingslokal,6,,,https://www.soderhamn.se/download/18.77d000c1180b44e21a8177f/1654782747740/Best%C3%A4mmelser%20f%C3%B6r%20kommunala%20bidrag%20till%20f%C3%B6reningar%20och%20organisationer%20i%20S%C3%B6derhamns%20kommun%20SKFS%2008:2021:04.pdf
strangnas,strangnas,strangnas-fritidsbidrag-aktivitetsbidrag,Fritidsbidrag — Aktivitetsbidrag,6,,,https://www.strangnas.se/uppleva-och-gora/foreningar-foreningsliv/fritidsbidrag
trelleborg,trelleborg,trelleborg-verksamhetsbidrag-barn-ungdom,Verksamhetsbidrag barn- och ungdomsverksamhet,6,,,https://www.trelleborg.se/app/uploads/2023/08/riktlinje-for-bidrag-till-foreningar-inom-trelleborgs-kommun-2025-version.pdf
uddevalla,uddevalla,uddevalla-aktivitetsbidrag,Aktivitetsbidrag,6,,,https://www.uddevalla.se/uppleva-och-gora/foreningar-foreningsliv/bidrag-stod-och-stipendier.html
uddevalla,uddevalla,uddevalla-verksamhetsbidrag,Verksamhetsbidrag,6,,,https://www.uddevalla.se/uppleva-och-gora/foreningar-foreningsliv/bidrag-stod-och-stipendier.html
vallentuna,vallentuna,vallentuna-aktivitetsbidrag,Aktivitetsbidrag,6,,,https://www.vallentuna.se/fritid-och-kultur/foreningar-och-foreningsliv/bidrag-och-stod/aktivitetsbidrag/
vallentuna,vallentuna,vallentuna-foreningsbidrag-ideella-social,Föreningsbidrag till ideella föreningar (socialnämnden),6,,,https://www.vallentuna.se/omsorg-och-hjalp/anhoriga-och-frivilliga/frivilligt-arbete-och-organisationer/foreningsbidrag/
varberg,varberg,varberg-verksamhetsbidrag-idrott-fritid,Lokalt aktivitetsstöd (LOK-stöd),6,,,https://varberg.se/uppleva-och-gora/foreningar-foreningsliv/bidrag-stod-och-stipendier/foreningsbidrag-inom-idrotts--och-fritidsomradet/foreningsbidrag-for-verksamhet-inom-idrotts--och-fritidsomradet
ystad,ystad,ystad-foreningsbidrag-socialnamnden,Föreningsbidrag (Socialnämnden),6,,,https://ystad.se/omsorg-och-stod/stiftelser-fonder-och-foreningsbidrag/foreningsbidrag
alingsas,alingsas,alingsas-pensionarsbidrag,Bidrag till pensionärsföreningar,7,,,https://municipio.alingsas.se/wp-content/uploads/networks/1/sites/2/2025/11/regler-och-riktlinjer-for-foreningsbidrag-antagen.pdf
gislaved,gislaved,gislaved-arrangemangsbidrag,Arrangemangsbidrag kultur,7,True,angivet,https://www.gislaved.se/uppleva-och-gora/foreningsliv/foreningsbidrag-fritid--och-kulturforeningar
gislaved,gislaved,gislaved-projektbidrag,Projektbidrag kultur,7,True,angivet,https://www.gislaved.se/uppleva-och-gora/foreningsliv/foreningsbidrag-fritid--och-kulturforeningar
kristianstad,kristianstad,kristianstad-hyresbidrag,Hyresbidrag,7,,,https://www.kristianstad.se/upplevaochgora/bidrag/hyresbidrag.5416.html
kristianstad,kristianstad,kristianstad-projektbidrag-fritid,"Projektbidrag, fritid",7,,,https://www.kristianstad.se/upplevaochgora/bidrag/projektbidragfritid.5419.html
lidkoping,lidkoping,lidkoping-socialt-arbete-foreningsbidrag,"Socialt arbete, föreningsbidrag",7,,,https://sjalvservice.lidkoping.se/oversikt/overview/189
ornskoldsvik,ornskoldsvik,ornskoldsvik-skolforeningar,Bidrag till skolföreningar,7,False,angivet,https://www.ornskoldsvik.se/fritid-och-kultur/foreningsliv/bidrag-till-ideella-foreningar/foreningsbidrag-som-gar-att-soka
ornskoldsvik,ornskoldsvik,ornskoldsvik-byskotselpeng,Byskötselpeng,7,True,angivet,https://www.ornskoldsvik.se/bo-miljo-och-trafik/bo-pa-landsbygd/medel-till-landsbygd/byskotselpeng
ornskoldsvik,ornskoldsvik,ornskoldsvik-driftbidrag-fiskevard,Driftbidrag till fiskevårdsområden,7,False,angivet,https://www.ornskoldsvik.se/fritid-och-kultur/foreningsliv/bidrag-till-ideella-foreningar/foreningsbidrag-som-gar-att-soka
ornskoldsvik,ornskoldsvik,ornskoldsvik-kartbidrag,Kartbidrag,7,False,angivet,https://www.ornskoldsvik.se/fritid-och-kultur/foreningsliv/bidrag-till-ideella-foreningar/foreningsbidrag-som-gar-att-soka
ornskoldsvik,ornskoldsvik,ornskoldsvik-medlemsbidrag-funktionsratt,Medlemsbidrag till funktionsrättsföreningar,7,False,angivet,https://www.ornskoldsvik.se/fritid-och-kultur/foreningsliv/bidrag-till-ideella-foreningar/foreningsbidrag-som-gar-att-soka
ornskoldsvik,ornskoldsvik,ornskoldsvik-medlemsbidrag-pensionar,Medlemsbidrag till pensionärsföreningar,7,False,angivet,https://www.ornskoldsvik.se/fritid-och-kultur/foreningsliv/bidrag-till-ideella-foreningar/foreningsbidrag-som-gar-att-soka
ornskoldsvik,ornskoldsvik,ornskoldsvik-sarskilt-bidrag-funktionsratt,Särskilt bidrag (funktionsrättsföreningar),7,False,angivet,https://www.ornskoldsvik.se/fritid-och-kultur/foreningsliv/bidrag-till-ideella-foreningar/foreningsbidrag-som-gar-att-soka
ornskoldsvik,ornskoldsvik,ornskoldsvik-transportbidrag,Transportbidrag (funktionsrättsföreningar),7,False,angivet,https://www.ornskoldsvik.se/fritid-och-kultur/foreningsliv/bidrag-till-ideella-foreningar/foreningsbidrag-som-gar-att-soka
ornskoldsvik,ornskoldsvik,ornskoldsvik-utvecklingsbidrag,Utvecklingsbidrag,7,False,angivet,https://www.ornskoldsvik.se/fritid-och-kultur/foreningsliv/bidrag-till-ideella-foreningar/foreningsbidrag-som-gar-att-soka
ornskoldsvik,ornskoldsvik,ornskoldsvik-verksamhetsbidrag-socialt-utsatta,Verksamhetsbidrag (föreningar för socialt utsatta grupper),7,False,angivet,https://www.ornskoldsvik.se/fritid-och-kultur/foreningsliv/bidrag-till-ideella-foreningar/foreningsbidrag-som-gar-att-soka
salem,salem,salem-grundbidrag,Grundbidrag,7,,,https://salem.se/fritidochkultur/foreningarochforeningsliv/foreningsbidrag.4.47083fea1932977dcc43ca05.html
soderhamn,soderhamn,soderhamn-elitbidrag,Elitbidrag,7,,,https://www.soderhamn.se/download/18.7fcd969d198e5faf46d1c02a/1756813757946/Regelverk%20f%C3%B6r%20elitbidrag%20SKFS%2008:2025:01.pdf
taby,taby,taby-aktivitetsbidrag,Aktivitetsbidrag,7,,,https://www.taby.se/uppleva-och-gora/foreningsliv/stod-och-bidrag-till-foreningar
taby,taby,taby-lokal-anlaggningsbidrag-barn-ungdom,Lokal- och anläggningsbidrag för barn- och ungdomsföreningar,7,,,https://www.taby.se/uppleva-och-gora/foreningsliv/stod-och-bidrag-till-foreningar
tranas,tranas,tranas-aktivitetsstod,Aktivitetsstöd,7,,,https://www.tranas.se/uppleva-och-gora/foreningar-och-studieforbund/foreningsbidrag/aktivitetsstod
uddevalla,uddevalla,uddevalla-lokal-och-driftsbidrag,Lokal- och driftsbidrag,7,,,https://www.uddevalla.se/uppleva-och-gora/foreningar-foreningsliv/bidrag-stod-och-stipendier.html
angelholm,angelholm,angelholm-visionsfonden,Ängelholms visionsfond,8,,,https://www.engelholm.se/kommun-och-politik/angelholm-gor-det-omojliga-mojligt/ansok-om-pengar-fran-angelholms-kommuns-visionsfond.html
gislaved,gislaved,gislaved-aktivitetsbidrag,Lokalt aktivitetsbidrag,8,True,angivet,https://www.gislaved.se/uppleva-och-gora/foreningsliv/foreningsbidrag-fritid--och-kulturforeningar
ornskoldsvik,ornskoldsvik,ornskoldsvik-anlaggningsbidrag-idrott,Anläggningsbidrag (idrottsföreningar),8,False,angivet,https://www.ornskoldsvik.se/fritid-och-kultur/foreningsliv/bidrag-till-ideella-foreningar/foreningsbidrag-som-gar-att-soka
ornskoldsvik,ornskoldsvik,ornskoldsvik-arrangorsstod,Arrangörsstöd,8,False,angivet,https://www.ornskoldsvik.se/fritid-och-kultur/foreningsliv/bidrag-till-ideella-foreningar/foreningsbidrag-som-gar-att-soka
ornskoldsvik,ornskoldsvik,ornskoldsvik-basbidrag-hembygd,Basbidrag (hembygds- och industrihistoriska föreningar),8,False,angivet,https://www.ornskoldsvik.se/fritid-och-kultur/foreningsliv/bidrag-till-ideella-foreningar/foreningsbidrag-som-gar-att-soka
ornskoldsvik,ornskoldsvik,ornskoldsvik-hyrd-lokal,Bidrag för hyrd lokal,8,False,angivet,https://www.ornskoldsvik.se/fritid-och-kultur/foreningsliv/bidrag-till-ideella-foreningar/foreningsbidrag-som-gar-att-soka
ornskoldsvik,ornskoldsvik,ornskoldsvik-fiskepremiarer,Bidrag till fiskepremiärer,8,False,angivet,https://www.ornskoldsvik.se/fritid-och-kultur/foreningsliv/bidrag-till-ideella-foreningar/foreningsbidrag-som-gar-att-soka
ornskoldsvik,ornskoldsvik,ornskoldsvik-politiska-ungdomsorganisationer,Bidrag till politiska ungdomsorganisationer,8,False,angivet,https://www.ornskoldsvik.se/fritid-och-kultur/foreningsliv/bidrag-till-ideella-foreningar/foreningsbidrag-som-gar-att-soka
ornskoldsvik,ornskoldsvik,ornskoldsvik-ledarutbildningsbidrag,Ledarutbildningsbidrag,8,False,angivet,https://www.ornskoldsvik.se/fritid-och-kultur/foreningsliv/bidrag-till-ideella-foreningar/foreningsbidrag-som-gar-att-soka
ornskoldsvik,ornskoldsvik,ornskoldsvik-maskinbidrag,Maskinbidrag,8,False,angivet,https://www.ornskoldsvik.se/fritid-och-kultur/foreningsliv/bidrag-till-ideella-foreningar/foreningsbidrag-som-gar-att-soka
ornskoldsvik,ornskoldsvik,ornskoldsvik-medlemsbidrag-barn-unga,Medlemsbidrag till barn- och ungdomsföreningar,8,False,angivet,https://www.ornskoldsvik.se/fritid-och-kultur/foreningsliv/bidrag-till-ideella-foreningar/foreningsbidrag-som-gar-att-soka
ornskoldsvik,ornskoldsvik,ornskoldsvik-upprustningsbidrag-friluft,Upprustningsbidrag (frilufts- och fiskevårdsområden),8,False,angivet,https://www.ornskoldsvik.se/fritid-och-kultur/foreningsliv/bidrag-till-ideella-foreningar/foreningsbidrag-som-gar-att-soka
ornskoldsvik,ornskoldsvik,ornskoldsvik-upprustningsbidrag-foreningslokaler,Upprustningsbidrag (föreningsägda lokaler och anläggningar),8,False,angivet,https://www.ornskoldsvik.se/fritid-och-kultur/foreningsliv/bidrag-till-ideella-foreningar/foreningsbidrag-som-gar-att-soka
ornskoldsvik,ornskoldsvik,ornskoldsvik-upprustningsbidrag-kultur,Upprustningsbidrag (kulturhistoriskt värdefulla byggnader),8,False,angivet,https://www.ornskoldsvik.se/fritid-och-kultur/foreningsliv/bidrag-till-ideella-foreningar/foreningsbidrag-som-gar-att-soka
ornskoldsvik,ornskoldsvik,ornskoldsvik-verksamhetsbidrag-kultur,Verksamhetsbidrag (kulturföreningar),8,False,angivet,https://www.ornskoldsvik.se/fritid-och-kultur/foreningsliv/bidrag-till-ideella-foreningar/foreningsbidrag-som-gar-att-soka
salem,salem,salem-aktivitetsbidrag-host,Aktivitetsbidrag höst,8,,,https://salem.se/fritidochkultur/foreningarochforeningsliv/foreningsbidrag.4.47083fea1932977dcc43ca05.html
salem,salem,salem-aktivitetsbidrag-var,Aktivitetsbidrag vår,8,,,https://salem.se/fritidochkultur/foreningarochforeningsliv/foreningsbidrag.4.47083fea1932977dcc43ca05.html
sandviken,sandviken,sandviken-kontantstod,Kontantstöd,8,,,https://minasidor.sandviken.se/oversikt/overview/652
bollnas,bollnas,bollnas-bidrag-enskild-vaghallning,Bidrag för enskild väghållning,9,,,https://bollnas.se/download/18.5b9d7e311872c3a813f104b3/1680589413938/Bidrag%20f%C3%B6r%20enskild%20v%C3%A4gh%C3%A5llning%20.pdf
gislaved,gislaved,gislaved-anlaggningsbidrag,Anläggningsbidrag,9,True,angivet,https://www.gislaved.se/uppleva-och-gora/foreningsliv/foreningsbidrag-fritid--och-kulturforeningar
harryda,harryda,harryda-aktivitetsstod-deltagare,Aktivitetsstöd - deltagare,9,,,https://www.harryda.se/upplevaochgora/foreningar/stodtillideellaforeningar/reglerforstodtillideellaforeningar/aktivitetsstoddeltagare.4.446cba66182e9265b814f4c.html
ornskoldsvik,ornskoldsvik,ornskoldsvik-sammankomstbidrag,Sammankomstbidrag,9,False,angivet,https://www.ornskoldsvik.se/fritid-och-kultur/foreningsliv/bidrag-till-ideella-foreningar/foreningsbidrag-som-gar-att-soka
ornskoldsvik,ornskoldsvik,ornskoldsvik-anlaggningsbidrag-samlingslokal,Anläggningsbidrag (samlingslokal- och intresseföreningar),10,False,angivet,https://www.ornskoldsvik.se/fritid-och-kultur/foreningsliv/bidrag-till-ideella-foreningar/foreningsbidrag-som-gar-att-soka
