kommunfil,bidrags_id,bidrag,url,status,effective_url,redirects,content_type,error,manuellt_verifierat_undantag,root_redirect
ale.yaml,ale-aktivitetsbidrag,Aktivitetsbidrag,https://ale.se/uppleva-och-gora/foreningar-foreningsliv/bidrag-stod-och-stipendier.html,200,https://ale.se/uppleva-och-gora/foreningar-foreningsliv/bidrag-stod-och-stipendier.html,0,text/html;charset=UTF-8,,,
ale.yaml,ale-ledarutbildning,Ledarutbildningsbidrag,https://ale.se/uppleva-och-gora/foreningar-foreningsliv/bidrag-stod-och-stipendier.html,200,https://ale.se/uppleva-och-gora/foreningar-foreningsliv/bidrag-stod-och-stipendier.html,0,text/html;charset=UTF-8,,,
ale.yaml,ale-projekt-arrangemang,Projekt- och arrangemangsbidrag,https://ale.se/uppleva-och-gora/foreningar-foreningsliv/bidrag-stod-och-stipendier.html,200,https://ale.se/uppleva-och-gora/foreningar-foreningsliv/bidrag-stod-och-stipendier.html,0,text/html;charset=UTF-8,,,
ale.yaml,ale-trygg-forening,Trygg förening-bidrag,https://ale.se/uppleva-och-gora/foreningar-foreningsliv/trygg-forening---bidrag.html,200,https://ale.se/uppleva-och-gora/foreningar-foreningsliv/trygg-forening---bidrag.html,0,text/html;charset=UTF-8,,,
ale.yaml,ale-lokalbidrag,Lokalbidrag,https://ale.se/uppleva-och-gora/foreningar-foreningsliv/bidrag-stod-och-stipendier.html,200,https://ale.se/uppleva-och-gora/foreningar-foreningsliv/bidrag-stod-och-stipendier.html,0,text/html;charset=UTF-8,,,
ale.yaml,ale-driftsbidrag,Driftsbidrag,https://ale.se/uppleva-och-gora/foreningar-foreningsliv/bidrag-stod-och-stipendier.html,200,https://ale.se/uppleva-och-gora/foreningar-foreningsliv/bidrag-stod-och-stipendier.html,0,text/html;charset=UTF-8,,,
ale.yaml,ale-investeringsbidrag,Investeringsbidrag,https://ale.se/uppleva-och-gora/foreningar-foreningsliv/bidrag-stod-och-stipendier.html,200,https://ale.se/uppleva-och-gora/foreningar-foreningsliv/bidrag-stod-och-stipendier.html,0,text/html;charset=UTF-8,,,
ale.yaml,ale-lovbidrag,Lovbidrag,https://ale.se/uppleva-och-gora/foreningar-foreningsliv/bidrag-stod-och-stipendier.html,200,https://ale.se/uppleva-och-gora/foreningar-foreningsliv/bidrag-stod-och-stipendier.html,0,text/html;charset=UTF-8,,,
ale.yaml,ale-studieforbund,Stöd till studieförbund,https://ale.se/uppleva-och-gora/foreningar-foreningsliv/bidrag-stod-och-stipendier.html,200,https://ale.se/uppleva-och-gora/foreningar-foreningsliv/bidrag-stod-och-stipendier.html,0,text/html;charset=UTF-8,,,
alingsas.yaml,alingsas-verksamhetsbidrag,Bidrag till verksamhet (verksamhetsbidrag 7–25 år),https://municipio.alingsas.se/wp-content/uploads/networks/1/sites/2/2025/11/regler-och-riktlinjer-for-foreningsbidrag-antagen.pdf,200,https://municipio.alingsas.se/wp-content/uploads/networks/1/sites/2/2025/11/regler-och-riktlinjer-for-foreningsbidrag-antagen.pdf,0,application/pdf,,,
alingsas.yaml,alingsas-folkbildningsbidrag,Bidrag till folkbildning,https://municipio.alingsas.se/wp-content/uploads/networks/1/sites/2/2025/11/regler-och-riktlinjer-for-foreningsbidrag-antagen.pdf,200,https://municipio.alingsas.se/wp-content/uploads/networks/1/sites/2/2025/11/regler-och-riktlinjer-for-foreningsbidrag-antagen.pdf,0,application/pdf,,,
alingsas.yaml,alingsas-ungdomsforeningar-anlaggningar,Bidrag till ungdomsföreningar med anläggningar,https://municipio.alingsas.se/wp-content/uploads/networks/1/sites/2/2025/11/regler-och-riktlinjer-for-foreningsbidrag-antagen.pdf,200,https://municipio.alingsas.se/wp-content/uploads/networks/1/sites/2/2025/11/regler-och-riktlinjer-for-foreningsbidrag-antagen.pdf,0,application/pdf,,,
alingsas.yaml,alingsas-annan-anlaggning,Bidrag till annan anläggning,https://municipio.alingsas.se/wp-content/uploads/networks/1/sites/2/2025/11/regler-och-riktlinjer-for-foreningsbidrag-antagen.pdf,200,https://municipio.alingsas.se/wp-content/uploads/networks/1/sites/2/2025/11/regler-och-riktlinjer-for-foreningsbidrag-antagen.pdf,0,application/pdf,,,
alingsas.yaml,alingsas-projektbidrag-folkhalsa-miljo,Projektbidrag samt folkhälso- och miljöbidrag,https://municipio.alingsas.se/wp-content/uploads/networks/1/sites/2/2025/11/regler-och-riktlinjer-for-foreningsbidrag-antagen.pdf,200,https://municipio.alingsas.se/wp-content/uploads/networks/1/sites/2/2025/11/regler-och-riktlinjer-for-foreningsbidrag-antagen.pdf,0,application/pdf,,,
alingsas.yaml,alingsas-startbidrag,Startbidrag,https://municipio.alingsas.se/wp-content/uploads/networks/1/sites/2/2025/11/regler-och-riktlinjer-for-foreningsbidrag-antagen.pdf,200,https://municipio.alingsas.se/wp-content/uploads/networks/1/sites/2/2025/11/regler-och-riktlinjer-for-foreningsbidrag-antagen.pdf,0,application/pdf,,,
alingsas.yaml,alingsas-funktionsvariation-social,Föreningsbidrag till organisationer och föreningar som jobbar med funktionsvariationsfrågor eller med social verksamhet,https://municipio.alingsas.se/wp-content/uploads/networks/1/sites/2/2025/11/regler-och-riktlinjer-for-foreningsbidrag-antagen.pdf,200,https://municipio.alingsas.se/wp-content/uploads/networks/1/sites/2/2025/11/regler-och-riktlinjer-for-foreningsbidrag-antagen.pdf,0,application/pdf,,,
alingsas.yaml,alingsas-samverkansbidrag,Bidrag till samverkansorganisationer,https://municipio.alingsas.se/wp-content/uploads/networks/1/sites/2/2025/11/regler-och-riktlinjer-for-foreningsbidrag-antagen.pdf,200,https://municipio.alingsas.se/wp-content/uploads/networks/1/sites/2/2025/11/regler-och-riktlinjer-for-foreningsbidrag-antagen.pdf,0,application/pdf,,,
alingsas.yaml,alingsas-pensionarsbidrag,Bidrag till pensionärsföreningar,https://municipio.alingsas.se/wp-content/uploads/networks/1/sites/2/2025/11/regler-och-riktlinjer-for-foreningsbidrag-antagen.pdf,200,https://municipio.alingsas.se/wp-content/uploads/networks/1/sites/2/2025/11/regler-och-riktlinjer-for-foreningsbidrag-antagen.pdf,0,application/pdf,,,
alingsas.yaml,alingsas-kompletterande-pensionarsbidrag,Kompletterande föreningsbidrag till pensionärsföreningar,https://municipio.alingsas.se/wp-content/uploads/networks/1/sites/2/2025/11/regler-och-riktlinjer-for-foreningsbidrag-antagen.pdf,200,https://municipio.alingsas.se/wp-content/uploads/networks/1/sites/2/2025/11/regler-och-riktlinjer-for-foreningsbidrag-antagen.pdf,0,application/pdf,,,
alingsas.yaml,alingsas-investeringsbidrag,Investeringsbidrag för föreningar,https://municipio.alingsas.se/wp-content/uploads/networks/1/sites/2/2023/06/Riktlinje-for-investeringsbidrag.pdf,200,https://municipio.alingsas.se/wp-content/uploads/networks/1/sites/2/2023/06/Riktlinje-for-investeringsbidrag.pdf,0,application/pdf,,,
alingsas.yaml,alingsas-sponsring,Sponsring,https://www.alingsas.se/wp-content/uploads/networks/1/sites/2/2020/10/Riktlinje-f%C3%B6r-sponsring-Alings%C3%A5s-kommun.pdf,200,https://www.alingsas.se/wp-content/uploads/networks/1/sites/2/2020/10/Riktlinje-f%C3%B6r-sponsring-Alings%C3%A5s-kommun.pdf,0,application/pdf,,,
alingsas.yaml,alingsas-valdsutsatta,Föreningsbidrag till ideella organisationers arbete för att stödja våldsutsatta,https://municipio.alingsas.se/wp-content/uploads/networks/1/sites/2/2026/03/riktlinjer-for-foreningsbidrag-till-ideella-organisationers-arbete-for-att-stodja-valdsutsatta.pdf,200,https://municipio.alingsas.se/wp-content/uploads/networks/1/sites/2/2026/03/riktlinjer-for-foreningsbidrag-till-ideella-organisationers-arbete-for-att-stodja-valdsutsatta.pdf,0,application/pdf,,,
alingsas.yaml,alingsas-vagbidrag-ordinarie,Ordinarie vägbidrag,https://www.alingsas.se/trafik-och-gator/vagbidrag/,200,https://www.alingsas.se/trafik-och-gator/vagbidrag/,0,text/html; charset=UTF-8,,,
alingsas.yaml,alingsas-vagbidrag-utokat,Utökat vägbidrag,https://www.alingsas.se/trafik-och-gator/vagbidrag/,200,https://www.alingsas.se/trafik-och-gator/vagbidrag/,0,text/html; charset=UTF-8,,,
almhult.yaml,almhult-startbidrag,Startbidrag,https://www.almhult.se/upplevgora/foreningarochforeningsliv.479.html,200,https://www.almhult.se/upplevgora/foreningarochforeningsliv.479.html,0,text/html;charset=UTF-8,,,
almhult.yaml,almhult-aktivitetsstod,Aktivitetsstöd,https://www.almhult.se/upplevgora/foreningarochforeningsliv.479.html,200,https://www.almhult.se/upplevgora/foreningarochforeningsliv.479.html,0,text/html;charset=UTF-8,,,
almhult.yaml,almhult-anlaggningsbidrag,Anläggningsbidrag,https://www.almhult.se/upplevgora/foreningarochforeningsliv.479.html,200,https://www.almhult.se/upplevgora/foreningarochforeningsliv.479.html,0,text/html;charset=UTF-8,,,
almhult.yaml,almhult-ledarutbildningsbidrag,Ledarutbildningsbidrag,https://www.almhult.se/upplevgora/foreningarochforeningsliv.479.html,200,https://www.almhult.se/upplevgora/foreningarochforeningsliv.479.html,0,text/html;charset=UTF-8,,,
almhult.yaml,almhult-foreningslonebidrag,Föreningslönebidrag,https://www.almhult.se/upplevgora/foreningarochforeningsliv.479.html,200,https://www.almhult.se/upplevgora/foreningarochforeningsliv.479.html,0,text/html;charset=UTF-8,,,
almhult.yaml,almhult-investeringsbidrag,Investeringsbidrag,https://www.almhult.se/upplevgora/foreningarochforeningsliv.479.html,200,https://www.almhult.se/upplevgora/foreningarochforeningsliv.479.html,0,text/html;charset=UTF-8,,,
almhult.yaml,almhult-bidrag-till-kulturarrangemang,Bidrag till kulturarrangemang,https://www.almhult.se/upplevgora/foreningarochforeningsliv.479.html,200,https://www.almhult.se/upplevgora/foreningarochforeningsliv.479.html,0,text/html;charset=UTF-8,,,
almhult.yaml,almhult-bidrag-till-studieforbund,Bidrag till studieförbund,https://www.almhult.se/upplevgora/foreningarochforeningsliv.479.html,200,https://www.almhult.se/upplevgora/foreningarochforeningsliv.479.html,0,text/html;charset=UTF-8,,,
almhult.yaml,almhult-socialnamndens-foreningsbidrag,Socialnämndens föreningsbidrag,https://www.almhult.se/upplevgora/foreningarochforeningsliv.479.html,200,https://www.almhult.se/upplevgora/foreningarochforeningsliv.479.html,0,text/html;charset=UTF-8,,,
almhult.yaml,almhult-platsutvecklingsbidrag,Platsutvecklingsbidrag,https://www.almhult.se/upplevgora/foreningarochforeningsliv.479.html,200,https://www.almhult.se/upplevgora/foreningarochforeningsliv.479.html,0,text/html;charset=UTF-8,,,
alvdalen.yaml,alvdalen-foreningsstod,Föreningsstöd,https://www.alvdalen.se/uppleva-och-gora/foreningar/bidrag-stod-och-sponsring.html,200,https://www.alvdalen.se/uppleva-och-gora/foreningar/bidrag-stod-och-sponsring.html,0,text/html;charset=UTF-8,,,
alvdalen.yaml,alvdalen-sarskilt-bidrag,Särskilt bidrag,https://www.alvdalen.se/uppleva-och-gora/foreningar/bidrag-stod-och-sponsring.html,200,https://www.alvdalen.se/uppleva-och-gora/foreningar/bidrag-stod-och-sponsring.html,0,text/html;charset=UTF-8,,,
alvdalen.yaml,alvdalen-forlusttackningsbidrag-arrangemangsstod,Förlusttäckningsbidrag / arrangemangsstöd,https://www.alvdalen.se/uppleva-och-gora/foreningar/bidrag-stod-och-sponsring.html,200,https://www.alvdalen.se/uppleva-och-gora/foreningar/bidrag-stod-och-sponsring.html,0,text/html;charset=UTF-8,,,
alvdalen.yaml,alvdalen-kommunalt-lonebidrag,Kommunalt lönebidrag,https://www.alvdalen.se/uppleva-och-gora/foreningar/bidrag-stod-och-sponsring.html,200,https://www.alvdalen.se/uppleva-och-gora/foreningar/bidrag-stod-och-sponsring.html,0,text/html;charset=UTF-8,,,
alvdalen.yaml,alvdalen-skotsel-underhall-anlaggning,Bidrag till skötsel och underhåll av egen anläggning,https://www.alvdalen.se/uppleva-och-gora/foreningar/bidrag-stod-och-sponsring.html,200,https://www.alvdalen.se/uppleva-och-gora/foreningar/bidrag-stod-och-sponsring.html,0,text/html;charset=UTF-8,,,
alvdalen.yaml,alvdalen-sponsring,Sponsring,https://www.alvdalen.se/uppleva-och-gora/foreningar/bidrag-stod-och-sponsring.html,200,https://www.alvdalen.se/uppleva-och-gora/foreningar/bidrag-stod-och-sponsring.html,0,text/html;charset=UTF-8,,,
alvesta.yaml,alvesta-verksamhetsstod,Årligt verksamhetsstöd,https://www.alvesta.se/uppleva-och-gora/foreningar-och-foreningsliv/foreningsstod-och-externa-bidrag/,200,https://www.alvesta.se/uppleva-och-gora/foreningar-och-foreningsliv/foreningsstod-och-externa-bidrag/,0,text/html; charset=UTF-8,,,
alvesta.yaml,alvesta-nystartat-bidrag,Stöd till nystartade föreningar,https://www.alvesta.se/uppleva-och-gora/foreningar-och-foreningsliv/foreningsstod-och-externa-bidrag/,200,https://www.alvesta.se/uppleva-och-gora/foreningar-och-foreningsliv/foreningsstod-och-externa-bidrag/,0,text/html; charset=UTF-8,,,
alvesta.yaml,alvesta-projekt-ungdom,Projektbidrag: Ungdom leder ungdom,https://www.alvesta.se/uppleva-och-gora/foreningar-och-foreningsliv/foreningsstod-och-externa-bidrag/,200,https://www.alvesta.se/uppleva-och-gora/foreningar-och-foreningsliv/foreningsstod-och-externa-bidrag/,0,text/html; charset=UTF-8,,,
alvesta.yaml,alvesta-projekt-fritid,Projektbidrag: Aktiv fritid för alla,https://www.alvesta.se/uppleva-och-gora/foreningar-och-foreningsliv/foreningsstod-och-externa-bidrag/,200,https://www.alvesta.se/uppleva-och-gora/foreningar-och-foreningsliv/foreningsstod-och-externa-bidrag/,0,text/html; charset=UTF-8,,,
alvesta.yaml,alvesta-projekt-kultur,Projektbidrag: Kulturarrangemang,https://www.alvesta.se/uppleva-och-gora/foreningar-och-foreningsliv/foreningsstod-och-externa-bidrag/,200,https://www.alvesta.se/uppleva-och-gora/foreningar-och-foreningsliv/foreningsstod-och-externa-bidrag/,0,text/html; charset=UTF-8,,,
alvesta.yaml,alvesta-investeringsstod,Investeringsstöd,https://www.alvesta.se/uppleva-och-gora/foreningar-och-foreningsliv/foreningsstod-och-externa-bidrag/,200,https://www.alvesta.se/uppleva-och-gora/foreningar-och-foreningsliv/foreningsstod-och-externa-bidrag/,0,text/html; charset=UTF-8,,,
alvesta.yaml,alvesta-ledarutbildning,Ledarutbildningsbidrag,https://www.alvesta.se/uppleva-och-gora/foreningar-och-foreningsliv/foreningsstod-och-externa-bidrag/,200,https://www.alvesta.se/uppleva-och-gora/foreningar-och-foreningsliv/foreningsstod-och-externa-bidrag/,0,text/html; charset=UTF-8,,,
alvesta.yaml,alvesta-rantstod,Räntestöd för föreningslån,https://www.alvesta.se/uppleva-och-gora/foreningar-och-foreningsliv/foreningsstod-och-externa-bidrag/,200,https://www.alvesta.se/uppleva-och-gora/foreningar-och-foreningsliv/foreningsstod-och-externa-bidrag/,0,text/html; charset=UTF-8,,,
alvkarleby.yaml,alvkarleby-foreningsstod,Föreningsstöd,https://www.alvkarleby.se/uppleva-och-gora/kultur/bidrag-stod-och-stipendier.html,200,https://www.alvkarleby.se/uppleva-och-gora/kultur/bidrag-stod-och-stipendier.html,0,text/html;charset=UTF-8,,,
alvkarleby.yaml,alvkarleby-enskilda-vagar,Driftbidrag till enskilda vägar,https://www.alvkarleby.se/uppleva-och-gora/kultur/bidrag-stod-och-stipendier.html,200,https://www.alvkarleby.se/uppleva-och-gora/kultur/bidrag-stod-och-stipendier.html,0,text/html;charset=UTF-8,,,
alvkarleby.yaml,alvkarleby-en-pase-pengar,En påse pengar (PÅPP-bidrag),https://sjalvservice.alvkarleby.se/oversikt/overview/176,200,https://sjalvservice.alvkarleby.se/oversikt/overview/176,0,text/html;charset=ISO-8859-1,,,
alvsbyn.yaml,alvsbyn-arrangorsstod,Arrangörsstöd,https://www.alvsbyn.se/uppleva-och-gora/foreningsliv-och-bidrag/bidrag-till-foreningar/,200,https://www.alvsbyn.se/uppleva-och-gora/foreningsliv-och-bidrag/bidrag-till-foreningar/,0,text/html,,,
alvsbyn.yaml,alvsbyn-jubileum,Stöd vid jubileum,https://www.alvsbyn.se/uppleva-och-gora/foreningsliv-och-bidrag/bidrag-till-foreningar/,200,https://www.alvsbyn.se/uppleva-och-gora/foreningsliv-och-bidrag/bidrag-till-foreningar/,0,text/html,,,
alvsbyn.yaml,alvsbyn-kulturforening,Stöd till kulturföreningar,https://www.alvsbyn.se/uppleva-och-gora/foreningsliv-och-bidrag/bidrag-till-foreningar/,200,https://www.alvsbyn.se/uppleva-och-gora/foreningsliv-och-bidrag/bidrag-till-foreningar/,0,text/html,,,
alvsbyn.yaml,alvsbyn-startbidrag,Startbidrag,https://www.alvsbyn.se/uppleva-och-gora/foreningsliv-och-bidrag/bidrag-till-foreningar/,200,https://www.alvsbyn.se/uppleva-och-gora/foreningsliv-och-bidrag/bidrag-till-foreningar/,0,text/html,,,
alvsbyn.yaml,alvsbyn-puma,PUMA – Projekt av unga med ambitioner,https://www.alvsbyn.se/uppleva-och-gora/foreningsliv-och-bidrag/bidrag-till-foreningar/,200,https://www.alvsbyn.se/uppleva-och-gora/foreningsliv-och-bidrag/bidrag-till-foreningar/,0,text/html,,,
alvsbyn.yaml,alvsbyn-byautveckling,Byautvecklingspeng,https://www.alvsbyn.se/uppleva-och-gora/foreningsliv-och-bidrag/bidrag-till-foreningar/,200,https://www.alvsbyn.se/uppleva-och-gora/foreningsliv-och-bidrag/bidrag-till-foreningar/,0,text/html,,,
alvsbyn.yaml,alvsbyn-drift-anlaggning,Driftbidrag till föreningsägda anläggningar,https://www.alvsbyn.se/uppleva-och-gora/foreningsliv-och-bidrag/bidrag-till-foreningar/,200,https://www.alvsbyn.se/uppleva-och-gora/foreningsliv-och-bidrag/bidrag-till-foreningar/,0,text/html,,,
alvsbyn.yaml,alvsbyn-investering,Investeringsstöd,https://www.alvsbyn.se/uppleva-och-gora/foreningsliv-och-bidrag/bidrag-till-foreningar/,200,https://www.alvsbyn.se/uppleva-och-gora/foreningsliv-och-bidrag/bidrag-till-foreningar/,0,text/html,,,
alvsbyn.yaml,alvsbyn-bygdegard,Bidrag till bygdegård,https://www.alvsbyn.se/uppleva-och-gora/foreningsliv-och-bidrag/bidrag-till-foreningar/,200,https://www.alvsbyn.se/uppleva-och-gora/foreningsliv-och-bidrag/bidrag-till-foreningar/,0,text/html,,,
amal.yaml,amal-underskottsbidrag-till-lokalhallande-forening,Underskottsbidrag till lokalhållande förening,https://amal.se/uppleva-och-gora/foreningsliv/bidrag-for-amals-foreningar/bidrag-for-att-framja-en-levande-landsbygd,200,https://amal.se/uppleva-och-gora/foreningsliv/bidrag-for-amals-foreningar/bidrag-for-att-framja-en-levande-landsbygd,0,text/html;charset=UTF-8,,,
amal.yaml,amal-evenemangsbidrag-for-en-levande-landsbygd,Evenemangsbidrag för en levande landsbygd,https://amal.se/uppleva-och-gora/foreningsliv/bidrag-for-amals-foreningar/bidrag-for-att-framja-en-levande-landsbygd,200,https://amal.se/uppleva-och-gora/foreningsliv/bidrag-for-amals-foreningar/bidrag-for-att-framja-en-levande-landsbygd,0,text/html;charset=UTF-8,,,
amal.yaml,amal-projektbidrag-for-en-levande-landsbygd,Projektbidrag för en levande landsbygd,https://amal.se/uppleva-och-gora/foreningsliv/bidrag-for-amals-foreningar/bidrag-for-att-framja-en-levande-landsbygd,200,https://amal.se/uppleva-och-gora/foreningsliv/bidrag-for-amals-foreningar/bidrag-for-att-framja-en-levande-landsbygd,0,text/html;charset=UTF-8,,,
amal.yaml,amal-bidrag-for-byalag,Bidrag för byalag,https://amal.se/uppleva-och-gora/foreningsliv/bidrag-for-amals-foreningar/bidrag-for-att-framja-en-levande-landsbygd,200,https://amal.se/uppleva-och-gora/foreningsliv/bidrag-for-amals-foreningar/bidrag-for-att-framja-en-levande-landsbygd,0,text/html;charset=UTF-8,,,
amal.yaml,amal-allmant-verksamhetsbidrag,Allmänt verksamhetsbidrag,https://amal.se/uppleva-och-gora/foreningsliv/bidrag-for-amals-foreningar/bidrag-for-foreningar-som-bedriver-frilufts--och-rorelseframjande-verksamhet,200,https://amal.se/uppleva-och-gora/foreningsliv/bidrag-for-amals-foreningar/bidrag-for-foreningar-som-bedriver-frilufts--och-rorelseframjande-verksamhet,0,text/html;charset=UTF-8,,,
amal.yaml,amal-sarskilt-verksamhetsbidrag,Särskilt verksamhetsbidrag,https://amal.se/uppleva-och-gora/foreningsliv/bidrag-for-amals-foreningar/bidrag-for-foreningar-som-bedriver-frilufts--och-rorelseframjande-verksamhet,200,https://amal.se/uppleva-och-gora/foreningsliv/bidrag-for-amals-foreningar/bidrag-for-foreningar-som-bedriver-frilufts--och-rorelseframjande-verksamhet,0,text/html;charset=UTF-8,,,
amal.yaml,amal-anlaggningsbidrag,Anläggningsbidrag,https://amal.se/uppleva-och-gora/foreningsliv/bidrag-for-amals-foreningar/bidrag-for-foreningar-som-bedriver-frilufts--och-rorelseframjande-verksamhet,200,https://amal.se/uppleva-och-gora/foreningsliv/bidrag-for-amals-foreningar/bidrag-for-foreningar-som-bedriver-frilufts--och-rorelseframjande-verksamhet,0,text/html;charset=UTF-8,,,
aneby.yaml,aneby-kultur-foreningsstod,Kultur- och föreningsstöd,https://aneby.se/sidor/kultur-fritid-och-turism/foreningar-foreningsliv/kultur--och-foreningsstod.html,200,https://aneby.se/sidor/kultur-fritid-och-turism/foreningar-foreningsliv/kultur--och-foreningsstod.html,0,text/html;charset=UTF-8,,,
aneby.yaml,aneby-studieforbund-stod,Stöd till studieförbund,https://aneby.se/sidor/kultur-fritid-och-turism/foreningar-foreningsliv/kultur--och-foreningsstod.html,200,https://aneby.se/sidor/kultur-fritid-och-turism/foreningar-foreningsliv/kultur--och-foreningsstod.html,0,text/html;charset=UTF-8,,,
ange.yaml,ange-startbidrag,Startbidrag,https://invanare.ange.se/uppleva-och-gora/foreningar-foreningsliv/bidrag-till-foreningar.html,200,https://invanare.ange.se/uppleva-och-gora/foreningar-foreningsliv/bidrag-till-foreningar.html,0,text/html;charset=UTF-8,,,
ange.yaml,ange-lokalt-aktivitetsbidrag,Lokalt aktivitetsbidrag,https://invanare.ange.se/uppleva-och-gora/foreningar-foreningsliv/bidrag-till-foreningar.html,200,https://invanare.ange.se/uppleva-och-gora/foreningar-foreningsliv/bidrag-till-foreningar.html,0,text/html;charset=UTF-8,,,
ange.yaml,ange-stimulansbidrag,Stimulansbidrag,https://invanare.ange.se/uppleva-och-gora/foreningar-foreningsliv/bidrag-till-foreningar.html,200,https://invanare.ange.se/uppleva-och-gora/foreningar-foreningsliv/bidrag-till-foreningar.html,0,text/html;charset=UTF-8,,,
ange.yaml,ange-anlaggningsbidrag,Anläggningsbidrag,https://invanare.ange.se/uppleva-och-gora/foreningar-foreningsliv/bidrag-till-foreningar.html,200,https://invanare.ange.se/uppleva-och-gora/foreningar-foreningsliv/bidrag-till-foreningar.html,0,text/html;charset=UTF-8,,,
angelholm.yaml,angelholm-lok,Lokalt aktivitetsstöd (LOK),https://www.engelholm.se/uppleva-och-gora/bidrag-sponsring-och-priser/foreningsbidrag.html,200,https://www.engelholm.se/uppleva-och-gora/bidrag-sponsring-och-priser/foreningsbidrag.html,0,text/html;charset=UTF-8,,,
angelholm.yaml,angelholm-lokalbidrag,Lokalbidrag,https://www.engelholm.se/uppleva-och-gora/bidrag-sponsring-och-priser/foreningsbidrag/lokalbidrag---villkor-vid-ansokan.html,200,https://www.engelholm.se/uppleva-och-gora/bidrag-sponsring-och-priser/foreningsbidrag/lokalbidrag---villkor-vid-ansokan.html,0,text/html;charset=UTF-8,,,
angelholm.yaml,angelholm-verksamhetsstod,Verksamhetsstöd,https://www.engelholm.se/uppleva-och-gora/bidrag-sponsring-och-priser/foreningsbidrag/verksamhetsstod---villkor-vid-ansokan.html,200,https://www.engelholm.se/uppleva-och-gora/bidrag-sponsring-och-priser/foreningsbidrag/verksamhetsstod---villkor-vid-ansokan.html,0,text/html;charset=UTF-8,,,
angelholm.yaml,angelholm-social-aldre-funktionsnedsatta,Stöd till social verksamhet — äldre och funktionsnedsatta,https://www.engelholm.se/uppleva-och-gora/bidrag-sponsring-och-priser/foreningsbidrag/stod-till-social-verksamhet---villkor-vid-ansokan.html,200,https://www.engelholm.se/uppleva-och-gora/bidrag-sponsring-och-priser/foreningsbidrag/stod-till-social-verksamhet---villkor-vid-ansokan.html,0,text/html;charset=UTF-8,,,
angelholm.yaml,angelholm-social-sarskilt-viktig-verksamhet,Stöd till social verksamhet — särskilt viktig verksamhet,https://www.engelholm.se/uppleva-och-gora/bidrag-sponsring-och-priser/foreningsbidrag/stod-till-social-verksamhet---villkor-vid-ansokan.html,200,https://www.engelholm.se/uppleva-och-gora/bidrag-sponsring-och-priser/foreningsbidrag/stod-till-social-verksamhet---villkor-vid-ansokan.html,0,text/html;charset=UTF-8,,,
angelholm.yaml,angelholm-landsbygdspotten,Landsbygdspotten,https://www.engelholm.se/uppleva-och-gora/bidrag-sponsring-och-priser/foreningsbidrag/landsbygdspotten---villkor-vid-ansokan.html,200,https://www.engelholm.se/uppleva-och-gora/bidrag-sponsring-och-priser/foreningsbidrag/landsbygdspotten---villkor-vid-ansokan.html,0,text/html;charset=UTF-8,,,
angelholm.yaml,angelholm-projektstod,Projektstöd,https://www.engelholm.se/uppleva-och-gora/bidrag-sponsring-och-priser/foreningsbidrag/projektstod---villkor-vid-ansokan.html,200,https://www.engelholm.se/uppleva-och-gora/bidrag-sponsring-och-priser/foreningsbidrag/projektstod---villkor-vid-ansokan.html,0,text/html;charset=UTF-8,,,
angelholm.yaml,angelholm-inventariestod,Inventariestöd,https://www.engelholm.se/uppleva-och-gora/bidrag-sponsring-och-priser/foreningsbidrag/inventariestod---villkor-vid-ansokan.html,200,https://www.engelholm.se/uppleva-och-gora/bidrag-sponsring-och-priser/foreningsbidrag/inventariestod---villkor-vid-ansokan.html,0,text/html;charset=UTF-8,,,
angelholm.yaml,angelholm-skotselbidrag,Skötselbidrag,https://www.engelholm.se/uppleva-och-gora/bidrag-sponsring-och-priser/foreningsbidrag.html,200,https://www.engelholm.se/uppleva-och-gora/bidrag-sponsring-och-priser/foreningsbidrag.html,0,text/html;charset=UTF-8,,,
angelholm.yaml,angelholm-subventionerade-taxor,Subventionerade taxor,https://www.engelholm.se/uppleva-och-gora/bidrag-sponsring-och-priser/foreningsbidrag.html,200,https://www.engelholm.se/uppleva-och-gora/bidrag-sponsring-och-priser/foreningsbidrag.html,0,text/html;charset=UTF-8,,,
angelholm.yaml,angelholm-studieforbund,Studieförbund,https://www.engelholm.se/uppleva-och-gora/bidrag-sponsring-och-priser/foreningsbidrag/studieforbund---villkor-vid-ansokan.html,200,https://www.engelholm.se/uppleva-och-gora/bidrag-sponsring-och-priser/foreningsbidrag/studieforbund---villkor-vid-ansokan.html,0,text/html;charset=UTF-8,,,
angelholm.yaml,angelholm-sponsring,"Sponsring till idrott, kultur och evenemang",https://www.engelholm.se/uppleva-och-gora/bidrag-sponsring-och-priser/sponsring-till-idrott-kultur-och-evenemang.html,200,https://www.engelholm.se/uppleva-och-gora/bidrag-sponsring-och-priser/sponsring-till-idrott-kultur-och-evenemang.html,0,text/html;charset=UTF-8,,,
angelholm.yaml,angelholm-visionsfonden,Ängelholms visionsfond,https://www.engelholm.se/kommun-och-politik/angelholm-gor-det-omojliga-mojligt/ansok-om-pengar-fran-angelholms-kommuns-visionsfond.html,200,https://www.engelholm.se/kommun-och-politik/angelholm-gor-det-omojliga-mojligt/ansok-om-pengar-fran-angelholms-kommuns-visionsfond.html,0,text/html;charset=UTF-8,,,
angelholm.yaml,angelholm-vag-arligt-driftbidrag,Enskild väghållning — årligt driftbidrag,https://www.engelholm.se/trafik-och-stadsplanering/trafik-och-gator/enskilda-vagar/riktlinjer-for-kommunalt-bidrag-till-enskild-vaghallning.html,200,https://www.engelholm.se/trafik-och-stadsplanering/trafik-och-gator/enskilda-vagar/riktlinjer-for-kommunalt-bidrag-till-enskild-vaghallning.html,0,text/html;charset=UTF-8,,,
angelholm.yaml,angelholm-vag-sarskilt-driftbidrag,Enskild väghållning — särskilt driftbidrag,https://www.engelholm.se/trafik-och-stadsplanering/trafik-och-gator/enskilda-vagar/riktlinjer-for-kommunalt-bidrag-till-enskild-vaghallning.html,200,https://www.engelholm.se/trafik-och-stadsplanering/trafik-och-gator/enskilda-vagar/riktlinjer-for-kommunalt-bidrag-till-enskild-vaghallning.html,0,text/html;charset=UTF-8,,,
angelholm.yaml,angelholm-segerstrom-skollovskolonifond,Stiftelsen Lisa och Wilhelm Segerströms skollovskolonifond,https://www.engelholm.se/stod-och-omsorg/ekonomiskt-och-socialt-stod/stiftelser-och-fonder.html,200,https://www.engelholm.se/stod-och-omsorg/ekonomiskt-och-socialt-stod/stiftelser-och-fonder.html,0,text/html;charset=UTF-8,,,
angelholm.yaml,angelholm-kulturpriset,Kulturpriset,https://www.engelholm.se/uppleva-och-gora/bidrag-sponsring-och-priser/priser-och-nomineringar.html,200,https://www.engelholm.se/uppleva-och-gora/bidrag-sponsring-och-priser/priser-och-nomineringar.html,0,text/html;charset=UTF-8,,,
angelholm.yaml,angelholm-idrottspriset-profil,Idrottspriset — Årets idrottsprofil,https://www.engelholm.se/uppleva-och-gora/bidrag-sponsring-och-priser/priser-och-nomineringar.html,200,https://www.engelholm.se/uppleva-och-gora/bidrag-sponsring-och-priser/priser-och-nomineringar.html,0,text/html;charset=UTF-8,,,
angelholm.yaml,angelholm-miljopriset,Miljöpriset,https://www.engelholm.se/uppleva-och-gora/bidrag-sponsring-och-priser/priser-och-nomineringar.html,200,https://www.engelholm.se/uppleva-och-gora/bidrag-sponsring-och-priser/priser-och-nomineringar.html,0,text/html;charset=UTF-8,,,
arboga.yaml,arboga-startbidrag,Startbidrag,https://arboga.se/uppleva-och-gora/foreningar-anlaggningar-och-lokaler/soka-foreningsbidrag.html,200,https://arboga.se/uppleva-och-gora/foreningar-anlaggningar-och-lokaler/soka-foreningsbidrag.html,0,text/html;charset=UTF-8,,,
arboga.yaml,arboga-verksamhetsbidrag-foreningar,Verksamhetsbidrag föreningar,https://arboga.se/uppleva-och-gora/foreningar-anlaggningar-och-lokaler/soka-foreningsbidrag.html,200,https://arboga.se/uppleva-och-gora/foreningar-anlaggningar-och-lokaler/soka-foreningsbidrag.html,0,text/html;charset=UTF-8,,,
arboga.yaml,arboga-verksamhetsbidrag-studieforbund,Verksamhetsbidrag studieförbund,https://arboga.se/uppleva-och-gora/foreningar-anlaggningar-och-lokaler/soka-foreningsbidrag.html,200,https://arboga.se/uppleva-och-gora/foreningar-anlaggningar-och-lokaler/soka-foreningsbidrag.html,0,text/html;charset=UTF-8,,,
arboga.yaml,arboga-trivselbidrag,Trivselbidrag,https://arboga.se/uppleva-och-gora/foreningar-anlaggningar-och-lokaler/soka-foreningsbidrag.html,200,https://arboga.se/uppleva-och-gora/foreningar-anlaggningar-och-lokaler/soka-foreningsbidrag.html,0,text/html;charset=UTF-8,,,
arboga.yaml,arboga-lovbidrag,Lovbidrag,https://arboga.se/uppleva-och-gora/foreningar-anlaggningar-och-lokaler/soka-foreningsbidrag.html,200,https://arboga.se/uppleva-och-gora/foreningar-anlaggningar-och-lokaler/soka-foreningsbidrag.html,0,text/html;charset=UTF-8,,,
arboga.yaml,arboga-investeringsbidrag,Investeringsbidrag,https://arboga.se/uppleva-och-gora/foreningar-anlaggningar-och-lokaler/soka-foreningsbidrag.html,200,https://arboga.se/uppleva-och-gora/foreningar-anlaggningar-och-lokaler/soka-foreningsbidrag.html,0,text/html;charset=UTF-8,,,
arboga.yaml,arboga-arrangorsbidrag,Arrangörsbidrag,https://arboga.se/uppleva-och-gora/foreningar-anlaggningar-och-lokaler/soka-foreningsbidrag.html,200,https://arboga.se/uppleva-och-gora/foreningar-anlaggningar-och-lokaler/soka-foreningsbidrag.html,0,text/html;charset=UTF-8,,,
arboga.yaml,arboga-driftbidrag,Driftbidrag,https://arboga.se/uppleva-och-gora/foreningar-anlaggningar-och-lokaler/soka-foreningsbidrag.html,200,https://arboga.se/uppleva-och-gora/foreningar-anlaggningar-och-lokaler/soka-foreningsbidrag.html,0,text/html;charset=UTF-8,,,
arboga.yaml,arboga-subventionerad-hyra,Subventionerad hyra,https://arboga.se/uppleva-och-gora/foreningar-anlaggningar-och-lokaler/soka-foreningsbidrag.html,200,https://arboga.se/uppleva-och-gora/foreningar-anlaggningar-och-lokaler/soka-foreningsbidrag.html,0,text/html;charset=UTF-8,,,
are.yaml,are-lokalt-aktivitetsbidrag,Lokalt kommunalt aktivitetsbidrag,https://www.are.se/kultur-och-fritid/foreningar-och-foreningsliv/foreningsstod-och-bidrag,200,https://www.are.se/kultur-och-fritid/foreningar-och-foreningsliv/foreningsstod-och-bidrag,0,text/html;charset=UTF-8,,,
are.yaml,are-handikapp-pensionar,Bidrag till funktionsrätts- och pensionärsföreningar,https://www.are.se/kultur-och-fritid/foreningar-och-foreningsliv/foreningsstod-och-bidrag,200,https://www.are.se/kultur-och-fritid/foreningar-och-foreningsliv/foreningsstod-och-bidrag,0,text/html;charset=UTF-8,,,
are.yaml,are-lokalbidrag,Lokalbidrag,https://www.are.se/kultur-och-fritid/foreningar-och-foreningsliv/foreningsstod-och-bidrag,200,https://www.are.se/kultur-och-fritid/foreningar-och-foreningsliv/foreningsstod-och-bidrag,0,text/html;charset=UTF-8,,,
are.yaml,are-anlaggningsbidrag,Anläggningsbidrag,https://www.are.se/kultur-och-fritid/foreningar-och-foreningsliv/foreningsstod-och-bidrag,200,https://www.are.se/kultur-och-fritid/foreningar-och-foreningsliv/foreningsstod-och-bidrag,0,text/html;charset=UTF-8,,,
are.yaml,are-studieforbund,Studieförbundsbidrag,https://www.are.se/kultur-och-fritid/foreningar-och-foreningsliv/foreningsstod-och-bidrag,200,https://www.are.se/kultur-och-fritid/foreningar-och-foreningsliv/foreningsstod-och-bidrag,0,text/html;charset=UTF-8,,,
are.yaml,are-startbidrag,Startbidrag,https://www.are.se/kultur-och-fritid/foreningar-och-foreningsliv/foreningsstod-och-bidrag,200,https://www.are.se/kultur-och-fritid/foreningar-och-foreningsliv/foreningsstod-och-bidrag,0,text/html;charset=UTF-8,,,
are.yaml,are-kulturarrangemang,Kulturarrangemangsbidrag,https://www.are.se/kultur-och-fritid/foreningar-och-foreningsliv/foreningsstod-och-bidrag,200,https://www.are.se/kultur-och-fritid/foreningar-och-foreningsliv/foreningsstod-och-bidrag,0,text/html;charset=UTF-8,,,
arjang.yaml,arjang-verksamhetsstod-till-ungdomsforening,Verksamhetsstöd till ungdomsförening,https://www.arjang.se/kommunalservice/startsida/upplevaochgora/foreningsliv/foreningsstod.9838.html,200,https://www.arjang.se/kommunalservice/startsida/upplevaochgora/foreningsliv/foreningsstod.9838.html,0,text/html;charset=UTF-8,,,
arjang.yaml,arjang-driftstod-till-ungdomsforening,Driftstöd till ungdomsförening,https://www.arjang.se/kommunalservice/startsida/upplevaochgora/foreningsliv/foreningsstod.9838.html,200,https://www.arjang.se/kommunalservice/startsida/upplevaochgora/foreningsliv/foreningsstod.9838.html,0,text/html;charset=UTF-8,,,
arjang.yaml,arjang-hyresstod-till-ungdomsforening,Hyresstöd till ungdomsförening,https://www.arjang.se/kommunalservice/startsida/upplevaochgora/foreningsliv/foreningsstod.9838.html,200,https://www.arjang.se/kommunalservice/startsida/upplevaochgora/foreningsliv/foreningsstod.9838.html,0,text/html;charset=UTF-8,,,
arjang.yaml,arjang-ledarutbildningsstod,Ledarutbildningsstöd,https://www.arjang.se/kommunalservice/startsida/upplevaochgora/foreningsliv/foreningsstod.9838.html,200,https://www.arjang.se/kommunalservice/startsida/upplevaochgora/foreningsliv/foreningsstod.9838.html,0,text/html;charset=UTF-8,,,
arjang.yaml,arjang-aktivitetsstod,Aktivitetsstöd,https://www.arjang.se/kommunalservice/startsida/upplevaochgora/foreningsliv/foreningsstod.9838.html,200,https://www.arjang.se/kommunalservice/startsida/upplevaochgora/foreningsliv/foreningsstod.9838.html,0,text/html;charset=UTF-8,,,
arjang.yaml,arjang-verksamhetsstod-till-ovrig-forening,Verksamhetsstöd till övrig förening,https://www.arjang.se/kommunalservice/startsida/upplevaochgora/foreningsliv/foreningsstod.9838.html,200,https://www.arjang.se/kommunalservice/startsida/upplevaochgora/foreningsliv/foreningsstod.9838.html,0,text/html;charset=UTF-8,,,
arjang.yaml,arjang-medlemsstod-till-pensionarsforening,Medlemsstöd till pensionärsförening,https://www.arjang.se/kommunalservice/startsida/upplevaochgora/foreningsliv/foreningsstod.9838.html,200,https://www.arjang.se/kommunalservice/startsida/upplevaochgora/foreningsliv/foreningsstod.9838.html,0,text/html;charset=UTF-8,,,
arjang.yaml,arjang-hyresstod-till-pensionarsforening,Hyresstöd till pensionärsförening,https://www.arjang.se/kommunalservice/startsida/upplevaochgora/foreningsliv/foreningsstod.9838.html,200,https://www.arjang.se/kommunalservice/startsida/upplevaochgora/foreningsliv/foreningsstod.9838.html,0,text/html;charset=UTF-8,,,
arjang.yaml,arjang-lokalstod,Lokalstöd,https://www.arjang.se/kommunalservice/startsida/upplevaochgora/foreningsliv/foreningsstod.9838.html,200,https://www.arjang.se/kommunalservice/startsida/upplevaochgora/foreningsliv/foreningsstod.9838.html,0,text/html;charset=UTF-8,,,
arjeplog.yaml,arjeplog-kulturkraft,Kulturkraft,https://arjeplog.se/foretag-forening-och-naringsliv/stod-och-bidrag-for-kultur-utveckling-och-folkhalsa/,200,https://arjeplog.se/foretag-forening-och-naringsliv/stod-och-bidrag-for-kultur-utveckling-och-folkhalsa/,0,text/html,,,
arjeplog.yaml,arjeplog-utvecklingspeng,Utvecklingspeng,https://arjeplog.se/foretag-forening-och-naringsliv/stod-och-bidrag-for-kultur-utveckling-och-folkhalsa/,200,https://arjeplog.se/foretag-forening-och-naringsliv/stod-och-bidrag-for-kultur-utveckling-och-folkhalsa/,0,text/html,,,
arjeplog.yaml,arjeplog-stimulansbidrag-folkhalsa,Stimulansbidrag för folkhälsoinsatser,https://arjeplog.se/foretag-forening-och-naringsliv/stod-och-bidrag-for-kultur-utveckling-och-folkhalsa/,200,https://arjeplog.se/foretag-forening-och-naringsliv/stod-och-bidrag-for-kultur-utveckling-och-folkhalsa/,0,text/html,,,
arjeplog.yaml,arjeplog-aktivitetsstod,Kommunalt lokalt aktivitetsstöd,https://arjeplog.se/kommun-och-politik/blanketter/,200,https://arjeplog.se/kommun-och-politik/blanketter/,0,text/html,,,
arjeplog.yaml,arjeplog-grundbidrag,Grundbidrag,https://arjeplog.se/kommun-och-politik/blanketter/,200,https://arjeplog.se/kommun-och-politik/blanketter/,0,text/html,,,
arjeplog.yaml,arjeplog-sarskilt-foreningsbidrag,Särskilt föreningsbidrag,https://arjeplog.se/kommun-och-politik/blanketter/,200,https://arjeplog.se/kommun-och-politik/blanketter/,0,text/html,,,
arjeplog.yaml,arjeplog-upp-ungdomsprojekt,UPP – ungdomsprojektpengar,https://arjeplog.se/kommun-och-politik/blanketter/,200,https://arjeplog.se/kommun-och-politik/blanketter/,0,text/html,,,
arvidsjaur.yaml,arvidsjaur-barn-ungdomsverksamhet,Föreningsstöd för barn- och ungdomsverksamhet,https://minasidor.arvidsjaur.se/,200,https://minasidor.arvidsjaur.se/,0,text/html;charset=ISO-8859-1,,,
arvidsjaur.yaml,arvidsjaur-samlingslokaler-annan-verksamhet,Föreningsstöd till samlingslokaler och annan verksamhet,https://minasidor.arvidsjaur.se/,200,https://minasidor.arvidsjaur.se/,0,text/html;charset=ISO-8859-1,,,
arvidsjaur.yaml,arvidsjaur-idrott-0-25,Föreningsstöd för idrottsverksamhet 0–25 år,https://minasidor.arvidsjaur.se/,200,https://minasidor.arvidsjaur.se/,0,text/html;charset=ISO-8859-1,,,
arvidsjaur.yaml,arvidsjaur-upp-ungdomsprojektpengar,UPP – ungdomsprojektpengar,https://minasidor.arvidsjaur.se/,200,https://minasidor.arvidsjaur.se/,0,text/html;charset=ISO-8859-1,,,
arvika.yaml,arvika-verksamhetsbidrag-kultur,Verksamhetsbidrag — Kultur,https://www.arvika.se/upplevaochgora/foreningarforeningsliv/bidragstodstipendier/stodinomkultursektorn.2744.html,200,https://www.arvika.se/upplevaochgora/foreningarforeningsliv/bidragstodstipendier/stodinomkultursektorn.2744.html,0,text/html;charset=UTF-8,,,
arvika.yaml,arvika-arrangemangsbidrag-kultur,Arrangemangsbidrag — Kultur,https://www.arvika.se/upplevaochgora/foreningarforeningsliv/bidragstodstipendier/stodinomkultursektorn.2744.html,200,https://www.arvika.se/upplevaochgora/foreningarforeningsliv/bidragstodstipendier/stodinomkultursektorn.2744.html,0,text/html;charset=UTF-8,,,
arvika.yaml,arvika-utvecklingsprojekt-kultur,Bidrag till kulturella utvecklingsprojekt,https://www.arvika.se/upplevaochgora/foreningarforeningsliv/bidragstodstipendier/stodinomkultursektorn.2744.html,200,https://www.arvika.se/upplevaochgora/foreningarforeningsliv/bidragstodstipendier/stodinomkultursektorn.2744.html,0,text/html;charset=UTF-8,,,
arvika.yaml,arvika-spontana-aktiviteter-kultur,Stöd till spontana aktiviteter — Kultur,https://www.arvika.se/upplevaochgora/foreningarforeningsliv/bidragstodstipendier/stodinomkultursektorn.2744.html,200,https://www.arvika.se/upplevaochgora/foreningarforeningsliv/bidragstodstipendier/stodinomkultursektorn.2744.html,0,text/html;charset=UTF-8,,,
arvika.yaml,arvika-ungdom-kultur,Kultur- och fritidsverksamhet för unga,https://www.arvika.se/upplevaochgora/foreningarforeningsliv/bidragstodstipendier/stodinomkultursektorn.2744.html,200,https://www.arvika.se/upplevaochgora/foreningarforeningsliv/bidragstodstipendier/stodinomkultursektorn.2744.html,0,text/html;charset=UTF-8,,,
arvika.yaml,arvika-verksamhetsbidrag-idrott,Verksamhetsbidrag — Idrott (ungdomsverksamhet),https://www.arvika.se/upplevaochgora/foreningarforeningsliv/bidragstodstipendier/stodinomfritidssektorn.2742.html,200,https://www.arvika.se/upplevaochgora/foreningarforeningsliv/bidragstodstipendier/stodinomfritidssektorn.2742.html,0,text/html;charset=UTF-8,,,
arvika.yaml,arvika-oppna-ungdomsaktiviteter,Stöd för öppen ungdomsverksamhet,https://www.arvika.se/upplevaochgora/foreningarforeningsliv/bidragstodstipendier/stodinomfritidssektorn.2742.html,200,https://www.arvika.se/upplevaochgora/foreningarforeningsliv/bidragstodstipendier/stodinomfritidssektorn.2742.html,0,text/html;charset=UTF-8,,,
arvika.yaml,arvika-ledartranering,Ledarträningsbidrag,https://www.arvika.se/upplevaochgora/foreningarforeningsliv/bidragstodstipendier/stodinomfritidssektorn.2742.html,200,https://www.arvika.se/upplevaochgora/foreningarforeningsliv/bidragstodstipendier/stodinomfritidssektorn.2742.html,0,text/html;charset=UTF-8,,,
arvika.yaml,arvika-driftsbidrag,Driftsbidrag — Underhåll av föreningslokal,https://www.arvika.se/upplevaochgora/foreningarforeningsliv/bidragstodstipendier/stodinomfritidssektorn.2742.html,200,https://www.arvika.se/upplevaochgora/foreningarforeningsliv/bidragstodstipendier/stodinomfritidssektorn.2742.html,0,text/html;charset=UTF-8,,,
arvika.yaml,arvika-specialbidrag,Specialbidrag — Större underhålls- eller förbättringsprojekt,https://www.arvika.se/upplevaochgora/foreningarforeningsliv/bidragstodstipendier/stodinomfritidssektorn.2742.html,200,https://www.arvika.se/upplevaochgora/foreningarforeningsliv/bidragstodstipendier/stodinomfritidssektorn.2742.html,0,text/html;charset=UTF-8,,,
arvika.yaml,arvika-funktionsratt,Funktionsrätt Arvika — Årligt bidrag,https://www.arvika.se/upplevaochgora/foreningarforeningsliv/bidragstodstipendier/stodinomsocialasektorn.2746.html,200,https://www.arvika.se/upplevaochgora/foreningarforeningsliv/bidragstodstipendier/stodinomsocialasektorn.2746.html,0,text/html;charset=UTF-8,,,
arvika.yaml,arvika-pensionarsorganisationer,Bidrag till pensionärsorganisationer,https://www.arvika.se/upplevaochgora/foreningarforeningsliv/bidragstodstipendier/stodinomsocialasektorn.2746.html,200,https://www.arvika.se/upplevaochgora/foreningarforeningsliv/bidragstodstipendier/stodinomsocialasektorn.2746.html,0,text/html;charset=UTF-8,,,
arvika.yaml,arvika-sociala-stodforeningar,Bidrag till sociala stödföreningar,https://www.arvika.se/upplevaochgora/foreningarforeningsliv/bidragstodstipendier/stodinomsocialasektorn.2746.html,200,https://www.arvika.se/upplevaochgora/foreningarforeningsliv/bidragstodstipendier/stodinomsocialasektorn.2746.html,0,text/html;charset=UTF-8,,,
asele.yaml,asele-aktivitetsbidrag,Aktivitetsbidrag,https://www.asele.se/fritid-turism-och-kultur/foreningsliv/stod-bidrag/,200,https://www.asele.se/fritid-turism-och-kultur/foreningsliv/stod-bidrag/,0,text/html; charset=utf-8,,,
asele.yaml,asele-lokal-anlaggningsbidrag,Lokal- och anläggningsbidrag,https://www.asele.se/fritid-turism-och-kultur/foreningsliv/stod-bidrag/,200,https://www.asele.se/fritid-turism-och-kultur/foreningsliv/stod-bidrag/,0,text/html; charset=utf-8,,,
asele.yaml,asele-administratorsbidrag,Administratörsbidrag,https://www.asele.se/fritid-turism-och-kultur/foreningsliv/stod-bidrag/,200,https://www.asele.se/fritid-turism-och-kultur/foreningsliv/stod-bidrag/,0,text/html; charset=utf-8,,,
askersund.yaml,askersund-grundbidrag,Grundbidrag,https://www.askersund.se/uppleva--gora/foreningar-foreningsliv/bidrag-och-stod-till-civilsamhallet,200,https://www.askersund.se/uppleva--gora/foreningar-foreningsliv/bidrag-och-stod-till-civilsamhallet,0,text/html;charset=UTF-8,,,
askersund.yaml,askersund-startbidrag,Startbidrag,https://www.askersund.se/uppleva--gora/foreningar-foreningsliv/bidrag-och-stod-till-civilsamhallet,200,https://www.askersund.se/uppleva--gora/foreningar-foreningsliv/bidrag-och-stod-till-civilsamhallet,0,text/html;charset=UTF-8,,,
askersund.yaml,askersund-aktivitetsbidrag,Aktivitetsbidrag,https://www.askersund.se/uppleva--gora/foreningar-foreningsliv/bidrag-och-stod-till-civilsamhallet,200,https://www.askersund.se/uppleva--gora/foreningar-foreningsliv/bidrag-och-stod-till-civilsamhallet,0,text/html;charset=UTF-8,,,
askersund.yaml,askersund-driftbidrag-idrott,Driftbidrag idrottanläggning,https://www.askersund.se/uppleva--gora/foreningar-foreningsliv/bidrag-och-stod-till-civilsamhallet,200,https://www.askersund.se/uppleva--gora/foreningar-foreningsliv/bidrag-och-stod-till-civilsamhallet,0,text/html;charset=UTF-8,,,
askersund.yaml,askersund-ledarutbildning,Ledarutbildningsbidrag,https://www.askersund.se/uppleva--gora/foreningar-foreningsliv/bidrag-och-stod-till-civilsamhallet,200,https://www.askersund.se/uppleva--gora/foreningar-foreningsliv/bidrag-och-stod-till-civilsamhallet,0,text/html;charset=UTF-8,,,
askersund.yaml,askersund-lagerbidrag,Lägerbidrag,https://www.askersund.se/uppleva--gora/foreningar-foreningsliv/bidrag-och-stod-till-civilsamhallet,200,https://www.askersund.se/uppleva--gora/foreningar-foreningsliv/bidrag-och-stod-till-civilsamhallet,0,text/html;charset=UTF-8,,,
askersund.yaml,askersund-lovbidrag,Lovbidrag,https://www.askersund.se/uppleva--gora/foreningar-foreningsliv/bidrag-och-stod-till-civilsamhallet,200,https://www.askersund.se/uppleva--gora/foreningar-foreningsliv/bidrag-och-stod-till-civilsamhallet,0,text/html;charset=UTF-8,,,
askersund.yaml,askersund-sommarlovsbidrag,Sommarlovsbidrag,https://www.askersund.se/uppleva--gora/foreningar-foreningsliv/bidrag-och-stod-till-civilsamhallet,200,https://www.askersund.se/uppleva--gora/foreningar-foreningsliv/bidrag-och-stod-till-civilsamhallet,0,text/html;charset=UTF-8,,,
askersund.yaml,askersund-arrangemangsbidrag-kultur,Arrangemangsbidrag Kultur,https://www.askersund.se/uppleva--gora/foreningar-foreningsliv/bidrag-och-stod-till-civilsamhallet,200,https://www.askersund.se/uppleva--gora/foreningar-foreningsliv/bidrag-och-stod-till-civilsamhallet,0,text/html;charset=UTF-8,,,
askersund.yaml,askersund-pensionarforeningar,Bidrag till pensionärföreningar,https://www.askersund.se/uppleva--gora/foreningar-foreningsliv/bidrag-och-stod-till-civilsamhallet,200,https://www.askersund.se/uppleva--gora/foreningar-foreningsliv/bidrag-och-stod-till-civilsamhallet,0,text/html;charset=UTF-8,,,
askersund.yaml,askersund-samlingslokal,Samlingslokal,https://www.askersund.se/uppleva--gora/foreningar-foreningsliv/bidrag-och-stod-till-civilsamhallet,200,https://www.askersund.se/uppleva--gora/foreningar-foreningsliv/bidrag-och-stod-till-civilsamhallet,0,text/html;charset=UTF-8,,,
askersund.yaml,askersund-nattvandring,Nattvandring,https://www.askersund.se/uppleva--gora/foreningar-foreningsliv/bidrag-och-stod-till-civilsamhallet,200,https://www.askersund.se/uppleva--gora/foreningar-foreningsliv/bidrag-och-stod-till-civilsamhallet,0,text/html;charset=UTF-8,,,
askersund.yaml,askersund-trygghetsnarvaro,Trygghetsskapande närvaro,https://www.askersund.se/uppleva--gora/foreningar-foreningsliv/bidrag-och-stod-till-civilsamhallet,200,https://www.askersund.se/uppleva--gora/foreningar-foreningsliv/bidrag-och-stod-till-civilsamhallet,0,text/html;charset=UTF-8,,,
askersund.yaml,askersund-sociala-foreningar,Sociala föreningar,https://www.askersund.se/uppleva--gora/foreningar-foreningsliv/bidrag-och-stod-till-civilsamhallet,200,https://www.askersund.se/uppleva--gora/foreningar-foreningsliv/bidrag-och-stod-till-civilsamhallet,0,text/html;charset=UTF-8,,,
askersund.yaml,askersund-motesplatser-ungdom,Barns och ungas mötesplatser,https://www.askersund.se/uppleva--gora/foreningar-foreningsliv/bidrag-och-stod-till-civilsamhallet,200,https://www.askersund.se/uppleva--gora/foreningar-foreningsliv/bidrag-och-stod-till-civilsamhallet,0,text/html;charset=UTF-8,,,
astorp.yaml,astorp-lokalt-aktivitetsstod,Lokalt aktivitetsstöd,https://astorp.se/uppleva-och-gora/foreningsliv/foreningsstod.html,200,https://astorp.se/uppleva-och-gora/foreningsliv/foreningsstod.html,0,text/html;charset=UTF-8,,,
astorp.yaml,astorp-medlemsbidrag,Medlemsbidrag,https://astorp.se/uppleva-och-gora/foreningsliv/foreningsstod.html,200,https://astorp.se/uppleva-och-gora/foreningsliv/foreningsstod.html,0,text/html;charset=UTF-8,,,
astorp.yaml,astorp-lokalbidrag,Lokalbidrag,https://astorp.se/uppleva-och-gora/foreningsliv/foreningsstod.html,200,https://astorp.se/uppleva-och-gora/foreningsliv/foreningsstod.html,0,text/html;charset=UTF-8,,,
astorp.yaml,astorp-anlaggningsbidrag,Anläggningsbidrag,https://astorp.se/uppleva-och-gora/foreningsliv/foreningsstod.html,200,https://astorp.se/uppleva-och-gora/foreningsliv/foreningsstod.html,0,text/html;charset=UTF-8,,,
astorp.yaml,astorp-startbidrag,Startbidrag,https://astorp.se/uppleva-och-gora/foreningsliv/foreningsstod.html,200,https://astorp.se/uppleva-och-gora/foreningsliv/foreningsstod.html,0,text/html;charset=UTF-8,,,
astorp.yaml,astorp-arrangemangsbidrag,Arrangemangsbidrag,https://eservice.astorp.se/kof_arrangemangsansokan,200,https://eservice.astorp.se/Errors/GenericError.aspx?errorType=1,1,text/html; charset=utf-8,,,
astorp.yaml,astorp-lovaktivitetsbidrag,Lovaktivitetsbidrag,https://eservice.astorp.se/kof_lovaktivitetsbidragsans,200,https://eservice.astorp.se/kof_lovaktivitetsbidragsans,0,text/html; charset=utf-8,,,
atvidaberg.yaml,atvidaberg-evenemangsbidrag,Evenemangsbidrag,https://fri.atvidaberg.se/bidrag/,200,https://fri.atvidaberg.se/bidrag/,0,text/html; charset=utf-8,,,
atvidaberg.yaml,atvidaberg-medfinansieringsbidrag,Medfinansieringsbidrag,https://fri.atvidaberg.se/bidrag/,200,https://fri.atvidaberg.se/bidrag/,0,text/html; charset=utf-8,,,
atvidaberg.yaml,atvidaberg-ovriga-foreningsstod,Övriga föreningsstöd enligt kommunens riktlinjer,https://www.atvidaberg.se/uppleva-och-gora/foreningar-och-foreningsliv,200,https://www.atvidaberg.se/uppleva-och-gora/foreningar-och-foreningsliv,0,text/html;charset=UTF-8,,,
avesta.yaml,avesta-kultur-fritidsbidrag,Kultur- och fritidsbidrag,https://avesta.se/gora-och-uppleva/foreningsliv-och-lokaler/foreningsbidrag/,200,https://avesta.se/gora-och-uppleva/foreningsliv-och-lokaler/foreningsbidrag/,0,text/html; charset=utf-8,,,
avesta.yaml,avesta-kulturbidrag,Kulturbidrag,https://avesta.se/gora-och-uppleva/foreningsliv-och-lokaler/foreningsbidrag/,200,https://avesta.se/gora-och-uppleva/foreningsliv-och-lokaler/foreningsbidrag/,0,text/html; charset=utf-8,,,
avesta.yaml,avesta-omsorgsforeningsbidrag,Omsorgsförvaltningens föreningsbidrag,https://avesta.se/gora-och-uppleva/foreningsliv-och-lokaler/foreningsbidrag/,200,https://avesta.se/gora-och-uppleva/foreningsliv-och-lokaler/foreningsbidrag/,0,text/html; charset=utf-8,,,
bastad.yaml,bastad-barn-ungdomsforeningar,Bidrag till barn- och ungdomsföreningar,https://www.bastad.se/uppleva-och-gora/foreningar-och-foreningsliv/bidrag-och-stod.html,200,https://www.bastad.se/uppleva-och-gora/foreningar-och-foreningsliv/bidrag-och-stod.html,0,text/html;charset=UTF-8,,,
bastad.yaml,bastad-funktionsratt-foreningar,Bidrag till föreningar för funktionshindrade,https://www.bastad.se/uppleva-och-gora/foreningar-och-foreningsliv/bidrag-och-stod.html,200,https://www.bastad.se/uppleva-och-gora/foreningar-och-foreningsliv/bidrag-och-stod.html,0,text/html;charset=UTF-8,,,
bastad.yaml,bastad-pensionarforeningar,Bidrag till pensionärsföreningar,https://www.bastad.se/uppleva-och-gora/foreningar-och-foreningsliv/bidrag-och-stod.html,200,https://www.bastad.se/uppleva-och-gora/foreningar-och-foreningsliv/bidrag-och-stod.html,0,text/html;charset=UTF-8,,,
bastad.yaml,bastad-kulturforeningar,Bidrag till kulturföreningar,https://www.bastad.se/uppleva-och-gora/foreningar-och-foreningsliv/bidrag-och-stod.html,200,https://www.bastad.se/uppleva-och-gora/foreningar-och-foreningsliv/bidrag-och-stod.html,0,text/html;charset=UTF-8,,,
bastad.yaml,bastad-arrangemangsbidrag,Arrangemangsbidrag,https://www.bastad.se/uppleva-och-gora/kultur/stod-bidrag-och-stipendium.html,200,https://www.bastad.se/uppleva-och-gora/kultur/stod-bidrag-och-stipendium.html,0,text/html;charset=UTF-8,,,
bastad.yaml,bastad-lokalbidrag-pensionar,Lokalbidrag till pensionärsföreningar,https://www.bastad.se/uppleva-och-gora/foreningar-och-foreningsliv/bidrag-och-stod.html,200,https://www.bastad.se/uppleva-och-gora/foreningar-och-foreningsliv/bidrag-och-stod.html,0,text/html;charset=UTF-8,,,
bengtsfors.yaml,bengtsfors-anlaggningsbidrag,Anläggningsbidrag,https://www.bengtsfors.se/uppleva-och-gora/foreningar-och-foreningsliv/bidrag,200,https://www.bengtsfors.se/uppleva-och-gora/foreningar-och-foreningsliv/bidrag,0,text/html;charset=UTF-8,,,
bengtsfors.yaml,bengtsfors-driftsbidrag,Driftsbidrag,https://www.bengtsfors.se/uppleva-och-gora/foreningar-och-foreningsliv/bidrag,200,https://www.bengtsfors.se/uppleva-och-gora/foreningar-och-foreningsliv/bidrag,0,text/html;charset=UTF-8,,,
bengtsfors.yaml,bengtsfors-ledarutbildning,Ledarutbildningsbidrag,https://www.bengtsfors.se/uppleva-och-gora/foreningar-och-foreningsliv/bidrag,200,https://www.bengtsfors.se/uppleva-och-gora/foreningar-och-foreningsliv/bidrag,0,text/html;charset=UTF-8,,,
bengtsfors.yaml,bengtsfors-aktivitetsstod,Aktivitetsstöd till barn- och ungdomsverksamhet,https://www.bengtsfors.se/uppleva-och-gora/foreningar-och-foreningsliv/bidrag,200,https://www.bengtsfors.se/uppleva-och-gora/foreningar-och-foreningsliv/bidrag,0,text/html;charset=UTF-8,,,
bengtsfors.yaml,bengtsfors-samlingslokaler,Bidrag till allmänna samlingslokaler,https://www.bengtsfors.se/uppleva-och-gora/foreningar-och-foreningsliv/bidrag,200,https://www.bengtsfors.se/uppleva-och-gora/foreningar-och-foreningsliv/bidrag,0,text/html;charset=UTF-8,,,
bengtsfors.yaml,bengtsfors-pensionarsforeningar,Bidrag till pensionärsföreningar,https://www.bengtsfors.se/uppleva-och-gora/foreningar-och-foreningsliv/bidrag,200,https://www.bengtsfors.se/uppleva-och-gora/foreningar-och-foreningsliv/bidrag,0,text/html;charset=UTF-8,,,
bengtsfors.yaml,bengtsfors-bygdepeng,Bygdepeng till byalag och samhällsföreningar,https://www.bengtsfors.se/uppleva-och-gora/foreningar-och-foreningsliv/bidrag,200,https://www.bengtsfors.se/uppleva-och-gora/foreningar-och-foreningsliv/bidrag,0,text/html;charset=UTF-8,,,
bengtsfors.yaml,bengtsfors-funktionsrattsbidrag,Bidrag för tillgänglighetsåtgärder,https://www.bengtsfors.se/uppleva-och-gora/foreningar-och-foreningsliv/bidrag,200,https://www.bengtsfors.se/uppleva-och-gora/foreningar-och-foreningsliv/bidrag,0,text/html;charset=UTF-8,,,
bengtsfors.yaml,bengtsfors-investeringsbidrag,Investeringsbidrag,https://www.bengtsfors.se/uppleva-och-gora/foreningar-och-foreningsliv/bidrag,200,https://www.bengtsfors.se/uppleva-och-gora/foreningar-och-foreningsliv/bidrag,0,text/html;charset=UTF-8,,,
berg.yaml,berg-investeringsbidrag,Investeringsbidrag,https://berg.se/uppleva-och-gora/foreningsliv-och-foreningar/sok-bidrag-stod-och-stipendier/kommunala-foreningsbidrag,200,https://berg.se/uppleva-och-gora/foreningsliv-och-foreningar/sok-bidrag-stod-och-stipendier/kommunala-foreningsbidrag,0,text/html;charset=UTF-8,,,
berg.yaml,berg-aktivitetsbidrag,Aktivitetsbidrag,https://berg.se/uppleva-och-gora/foreningsliv-och-foreningar/sok-bidrag-stod-och-stipendier/kommunala-foreningsbidrag,200,https://berg.se/uppleva-och-gora/foreningsliv-och-foreningar/sok-bidrag-stod-och-stipendier/kommunala-foreningsbidrag,0,text/html;charset=UTF-8,,,
berg.yaml,berg-utvecklande-aktiviteter,Övrigt bidrag – utvecklande aktiviteter och investeringar,https://berg.se/uppleva-och-gora/foreningsliv-och-foreningar/sok-bidrag-stod-och-stipendier/kommunala-foreningsbidrag,200,https://berg.se/uppleva-och-gora/foreningsliv-och-foreningar/sok-bidrag-stod-och-stipendier/kommunala-foreningsbidrag,0,text/html;charset=UTF-8,,,
berg.yaml,berg-drift-underhall,Drift- och underhållsbidrag,https://berg.se/uppleva-och-gora/foreningsliv-och-foreningar/sok-bidrag-stod-och-stipendier/kommunala-foreningsbidrag,200,https://berg.se/uppleva-och-gora/foreningsliv-och-foreningar/sok-bidrag-stod-och-stipendier/kommunala-foreningsbidrag,0,text/html;charset=UTF-8,,,
berg.yaml,berg-energisparbidrag,Energisparbidrag,https://berg.se/uppleva-och-gora/foreningsliv-och-foreningar/sok-bidrag-stod-och-stipendier/kommunala-foreningsbidrag,200,https://berg.se/uppleva-och-gora/foreningsliv-och-foreningar/sok-bidrag-stod-och-stipendier/kommunala-foreningsbidrag,0,text/html;charset=UTF-8,,,
berg.yaml,berg-vagbelysning,Bidrag till vägbelysningsföreningar,https://berg.se/uppleva-och-gora/foreningsliv-och-foreningar/sok-bidrag-stod-och-stipendier/kommunala-foreningsbidrag,200,https://berg.se/uppleva-och-gora/foreningsliv-och-foreningar/sok-bidrag-stod-och-stipendier/kommunala-foreningsbidrag,0,text/html;charset=UTF-8,,,
bjurholm.yaml,bjurholm-lokalbidrag,Lokalbidrag,https://www.bjurholm.se/uppleva-och-gora/foreningar/lokalbidrag,200,https://www.bjurholm.se/uppleva-och-gora/foreningar/lokalbidrag,0,text/html;charset=UTF-8,,,
bjurholm.yaml,bjurholm-studieforbund,Bidrag till studieförbund,https://e-tjanster.bjurholm.se/,200,https://e-tjanster.bjurholm.se/,0,text/html;charset=ISO-8859-1,,,
bjurholm.yaml,bjurholm-arrangemangsbidrag-kultur,Arrangemangsbidrag — Kultur,https://www.bjurholm.se/uppleva-och-gora/bibliotek-och-kultur/kultur,200,https://www.bjurholm.se/uppleva-och-gora/bibliotek-och-kultur/kultur,0,text/html;charset=UTF-8,,,
bjurholm.yaml,bjurholm-bygdemedel,Bygdemedel,https://www.bjurholm.se/uppleva-och-gora/foreningar/bygdemedel,200,https://www.bjurholm.se/uppleva-och-gora/foreningar/bygdemedel,0,text/html;charset=UTF-8,,,
bjurholm.yaml,bjurholm-lovaktivitetsbidrag,Bidrag till lovaktivitet,https://e-tjanster.bjurholm.se/oversikt/overview/268,200,https://e-tjanster.bjurholm.se/oversikt/overview/268,0,text/html;charset=ISO-8859-1,,,
bjuv.yaml,bjuv-ungdomspengen,Ungdomspengen,https://www.bjuv.se/kultur-och-fritid/foreningar/stod-till-foreningar/ungdomsforening.html,200,https://www.bjuv.se/kultur-och-fritid/foreningar/stod-till-foreningar/ungdomsforening.html,0,text/html;charset=UTF-8,,,
bjuv.yaml,bjuv-arrangemangsbidrag-ungdom,Arrangemangsbidrag ungdom,https://www.bjuv.se/kultur-och-fritid/foreningar/stod-till-foreningar/ungdomsforening.html,200,https://www.bjuv.se/kultur-och-fritid/foreningar/stod-till-foreningar/ungdomsforening.html,0,text/html;charset=UTF-8,,,
bjuv.yaml,bjuv-utbildningsbidrag-ungdom,Utbildningsbidrag ungdom,https://www.bjuv.se/kultur-och-fritid/foreningar/stod-till-foreningar/ungdomsforening.html,200,https://www.bjuv.se/kultur-och-fritid/foreningar/stod-till-foreningar/ungdomsforening.html,0,text/html;charset=UTF-8,,,
bjuv.yaml,bjuv-individuell-utbildning,Individuell utbildningsbidrag,https://www.bjuv.se/kultur-och-fritid/foreningar/stod-till-foreningar/ungdomsforening.html,200,https://www.bjuv.se/kultur-och-fritid/foreningar/stod-till-foreningar/ungdomsforening.html,0,text/html;charset=UTF-8,,,
bjuv.yaml,bjuv-lok-aktivitetsstod,LOK - Aktivitetsstöd,https://www.bjuv.se/kultur-och-fritid/foreningar/stod-till-foreningar/ungdomsforening.html,200,https://www.bjuv.se/kultur-och-fritid/foreningar/stod-till-foreningar/ungdomsforening.html,0,text/html;charset=UTF-8,,,
bjuv.yaml,bjuv-utvecklingsbidrag,Utvecklingsbidrag,https://www.bjuv.se/kultur-och-fritid/foreningar/stod-till-foreningar/ungdomsforening.html,200,https://www.bjuv.se/kultur-och-fritid/foreningar/stod-till-foreningar/ungdomsforening.html,0,text/html;charset=UTF-8,,,
bjuv.yaml,bjuv-lokalbidrag,Lokalbidrag,https://www.bjuv.se/kultur-och-fritid/foreningar.html,200,https://www.bjuv.se/kultur-och-fritid/foreningar.html,0,text/html;charset=UTF-8,,,
bjuv.yaml,bjuv-utbildningsbidrag-allmant,Utbildningsbidrag allmänt,https://www.bjuv.se/kultur-och-fritid/foreningar.html,200,https://www.bjuv.se/kultur-och-fritid/foreningar.html,0,text/html;charset=UTF-8,,,
bjuv.yaml,bjuv-uppdragsbidrag,Uppdragsbidrag,https://www.bjuv.se/kultur-och-fritid/foreningar.html,200,https://www.bjuv.se/kultur-och-fritid/foreningar.html,0,text/html;charset=UTF-8,,,
boden.yaml,boden-kulturarrangemangsstod,Kulturarrangemangsstöd,https://boden.se/steg-for-steg-guider/ansok-om-kulturstod-och-arrangemangsstod,200,https://boden.se/steg-for-steg-guider/ansok-om-kulturstod-och-arrangemangsstod,0,text/html;charset=UTF-8,,,
boden.yaml,boden-foreningsjubileum,Stöd till föreningsjubileum,https://boden.se/steg-for-steg-guider/ansok-om-foreningsstod,200,https://boden.se/steg-for-steg-guider/ansok-om-foreningsstod,0,text/html;charset=UTF-8,,,
boden.yaml,boden-usm-jsm-nif-stod,"Stöd för deltagande i USM, JSM, NIF distrikts- och länslagsläger samt nationella ungdomsuppdrag",https://boden.se/steg-for-steg-guider/ansok-om-foreningsstod,200,https://boden.se/steg-for-steg-guider/ansok-om-foreningsstod,0,text/html;charset=UTF-8,,,
boden.yaml,boden-forlustgarantiuppdrag,Förlustgarantiuppdrag,https://boden.se/steg-for-steg-guider/ansok-om-foreningsstod,200,https://boden.se/steg-for-steg-guider/ansok-om-foreningsstod,0,text/html;charset=UTF-8,,,
boden.yaml,boden-lokalt-aktivitetsstod-barn-ungdom,Lokalt aktivitetsstöd för barn- och ungdomsaktiviteter,https://boden.se/steg-for-steg-guider/ansok-om-foreningsstod,200,https://boden.se/steg-for-steg-guider/ansok-om-foreningsstod,0,text/html;charset=UTF-8,,,
boden.yaml,boden-lokalt-aktivitetsstod-funktionsvariation,Lokalt aktivitetsstöd för föreningar med personer med funktionsvariationer,https://boden.se/steg-for-steg-guider/ansok-om-foreningsstod,200,https://boden.se/steg-for-steg-guider/ansok-om-foreningsstod,0,text/html;charset=UTF-8,,,
boden.yaml,boden-aktivitetsstod-pensionarsforeningar,Aktivitetsstöd till pensionärsföreningar,https://boden.se/steg-for-steg-guider/ansok-om-foreningsstod,200,https://boden.se/steg-for-steg-guider/ansok-om-foreningsstod,0,text/html;charset=UTF-8,,,
boden.yaml,boden-stod-till-studieforbund,Stöd till studieförbund,https://boden.se/steg-for-steg-guider/ansok-om-foreningsstod,200,https://boden.se/steg-for-steg-guider/ansok-om-foreningsstod,0,text/html;charset=UTF-8,,,
boden.yaml,boden-hyresstod-aktivitetslokaler,Hyresstöd till aktivitetslokaler,https://boden.se/steg-for-steg-guider/ansok-om-foreningsstod,200,https://boden.se/steg-for-steg-guider/ansok-om-foreningsstod,0,text/html;charset=UTF-8,,,
boden.yaml,boden-anlaggningsbidrag-foreningsagda,Anläggningsbidrag till föreningsägda anläggningar,https://boden.se/steg-for-steg-guider/ansok-om-foreningsstod,200,https://boden.se/steg-for-steg-guider/ansok-om-foreningsstod,0,text/html;charset=UTF-8,,,
boden.yaml,boden-driftstod-bygdegardar-glesbygd,Driftstöd till bygdegårdar och allmänna samlingslokaler i glesbygd,https://boden.se/steg-for-steg-guider/ansok-om-foreningsstod,200,https://boden.se/steg-for-steg-guider/ansok-om-foreningsstod,0,text/html;charset=UTF-8,,,
boden.yaml,boden-driftstod-badplatser,Driftstöd till föreningsdrivna badplatser,https://boden.se/steg-for-steg-guider/ansok-om-foreningsstod,200,https://boden.se/steg-for-steg-guider/ansok-om-foreningsstod,0,text/html;charset=UTF-8,,,
boden.yaml,boden-byapeng,Byapeng,https://boden.se/steg-for-steg-guider/ansok-om-foreningsstod,200,https://boden.se/steg-for-steg-guider/ansok-om-foreningsstod,0,text/html;charset=UTF-8,,,
boden.yaml,boden-arligt-kulturverksamhetsstod,Årligt kulturverksamhetsstöd,https://boden.se/steg-for-steg-guider/ansok-om-kulturstod-och-arrangemangsstod,200,https://boden.se/steg-for-steg-guider/ansok-om-kulturstod-och-arrangemangsstod,0,text/html;charset=UTF-8,,,
boden.yaml,boden-verksamhetsstod-funktionsvariation,Verksamhetsstöd riktat till föreningar för barn och ungdomar med funktionsvariationer,https://boden.se/steg-for-steg-guider/ansok-om-foreningsstod,200,https://boden.se/steg-for-steg-guider/ansok-om-foreningsstod,0,text/html;charset=UTF-8,,,
boden.yaml,boden-skoterleder-skotsel,Stöd för skötsel av skoterleder,https://boden.se/steg-for-steg-guider/ansok-om-foreningsstod,200,https://boden.se/steg-for-steg-guider/ansok-om-foreningsstod,0,text/html;charset=UTF-8,,,
boden.yaml,boden-enskilda-utfartsvagar,Kommunalt bidrag till enskilda utfartsvägar,https://boden.se/gator-och-trafik/gator-och-parkering/enskilda-vagar,200,https://boden.se/gator-och-trafik/gator-och-parkering/enskilda-vagar,0,text/html;charset=UTF-8,,,
boden.yaml,boden-enskilda-statsbidragsvagar,Bidrag till enskilda statsbidragsvägar (drift och underhåll),https://boden.se/gator-och-trafik/gator-och-parkering/enskilda-vagar,200,https://boden.se/gator-och-trafik/gator-och-parkering/enskilda-vagar,0,text/html;charset=UTF-8,,,
boden.yaml,boden-projektmedel-byautveckling,Projektmedel till byautvecklingsgrupper,https://boden.se/samhalle-och-utveckling/samhallsutveckling/en-levande-landsbygd,200,https://boden.se/samhalle-och-utveckling/samhallsutveckling/en-levande-landsbygd,0,text/html;charset=UTF-8,,,
boden.yaml,boden-kulturstipendium,Bodens kulturstipendium,https://boden.se/uppleva-och-gora/kultur-och-besoksmal/kulturstipendium,200,https://boden.se/uppleva-och-gora/kultur-och-besoksmal/kulturstipendium,0,text/html;charset=UTF-8,,,
bollebygd.yaml,bollebygd-aktivitetsstod,Aktivitetstöd,https://meeting.bollebygd.se/committees/utbildningsnamnden/mote-2024-09-25,200,https://meeting.bollebygd.se/committees/utbildningsnamnden/mote-2024-09-25,0,text/html; charset=utf-8,,,
bollebygd.yaml,bollebygd-anlaggningsbidrag,Anläggningsbidrag,https://meeting.bollebygd.se/committees/utbildningsnamnden/mote-2024-09-25,200,https://meeting.bollebygd.se/committees/utbildningsnamnden/mote-2024-09-25,0,text/html; charset=utf-8,,,
bollebygd.yaml,bollebygd-driftbidrag,Driftbidrag,https://meeting.bollebygd.se/committees/utbildningsnamnden/mote-2024-09-25,200,https://meeting.bollebygd.se/committees/utbildningsnamnden/mote-2024-09-25,0,text/html; charset=utf-8,,,
bollebygd.yaml,bollebygd-ledarutbildning,Ledarutbildning,https://meeting.bollebygd.se/committees/utbildningsnamnden/mote-2024-09-25,200,https://meeting.bollebygd.se/committees/utbildningsnamnden/mote-2024-09-25,0,text/html; charset=utf-8,,,
bollebygd.yaml,bollebygd-verksamhetsbidrag,Verksamhetsbidrag,https://meeting.bollebygd.se/committees/utbildningsnamnden/mote-2024-09-25,200,https://meeting.bollebygd.se/committees/utbildningsnamnden/mote-2024-09-25,0,text/html; charset=utf-8,,,
bollebygd.yaml,bollebygd-lokalbidrag,Lokalbidrag,https://meeting.bollebygd.se/committees/utbildningsnamnden/mote-2024-09-25,200,https://meeting.bollebygd.se/committees/utbildningsnamnden/mote-2024-09-25,0,text/html; charset=utf-8,,,
bollnas.yaml,bollnas-studieforbundsbidrag,Studieförbundsbidrag,https://bollnas.se/uppleva-och-gora/foreningar-foreningsliv/stod-bidrag-och-stipendier/foreningsbidrag,200,https://bollnas.se/uppleva-och-gora/foreningar-foreningsliv/stod-bidrag-och-stipendier/foreningsbidrag,0,text/html;charset=UTF-8,,,
bollnas.yaml,bollnas-anlaggningsbidrag,Anläggningsbidrag,https://bollnas.se/uppleva-och-gora/foreningar-foreningsliv/stod-bidrag-och-stipendier/foreningsbidrag,200,https://bollnas.se/uppleva-och-gora/foreningar-foreningsliv/stod-bidrag-och-stipendier/foreningsbidrag,0,text/html;charset=UTF-8,,,
bollnas.yaml,bollnas-projektbidrag,Projektbidrag,https://bollnas.se/uppleva-och-gora/foreningar-foreningsliv/stod-bidrag-och-stipendier/foreningsbidrag,200,https://bollnas.se/uppleva-och-gora/foreningar-foreningsliv/stod-bidrag-och-stipendier/foreningsbidrag,0,text/html;charset=UTF-8,,,
bollnas.yaml,bollnas-aktivitetsbidrag,Aktivitetsbidrag,https://bollnas.se/uppleva-och-gora/foreningar-foreningsliv/stod-bidrag-och-stipendier/foreningsbidrag,200,https://bollnas.se/uppleva-och-gora/foreningar-foreningsliv/stod-bidrag-och-stipendier/foreningsbidrag,0,text/html;charset=UTF-8,,,
bollnas.yaml,bollnas-ledarutbildningsbidrag,Ledarutbildningsbidrag,https://bollnas.se/uppleva-och-gora/foreningar-foreningsliv/stod-bidrag-och-stipendier/foreningsbidrag,200,https://bollnas.se/uppleva-och-gora/foreningar-foreningsliv/stod-bidrag-och-stipendier/foreningsbidrag,0,text/html;charset=UTF-8,,,
bollnas.yaml,bollnas-integrationsprojekt,Integrationsprojekt (§10-medel),https://bollnas.se/uppleva-och-gora/foreningar-foreningsliv/stod-bidrag-och-stipendier/foreningsbidrag,200,https://bollnas.se/uppleva-och-gora/foreningar-foreningsliv/stod-bidrag-och-stipendier/foreningsbidrag,0,text/html;charset=UTF-8,,,
bollnas.yaml,bollnas-snabbslanten,Snabbslanten,https://bollnas.se/uppleva-och-gora/foreningar-foreningsliv/stod-bidrag-och-stipendier/foreningsbidrag,200,https://bollnas.se/uppleva-och-gora/foreningar-foreningsliv/stod-bidrag-och-stipendier/foreningsbidrag,0,text/html;charset=UTF-8,,,
bollnas.yaml,bollnas-uppdragsersattning,Uppdragsersättning/Avtal,https://bollnas.se/uppleva-och-gora/foreningar-foreningsliv/stod-bidrag-och-stipendier/foreningsbidrag,200,https://bollnas.se/uppleva-och-gora/foreningar-foreningsliv/stod-bidrag-och-stipendier/foreningsbidrag,0,text/html;charset=UTF-8,,,
bollnas.yaml,bollnas-internationellt-bidrag,Internationellt bidrag,https://bollnas.se/uppleva-och-gora/foreningar-foreningsliv/stod-bidrag-och-stipendier/foreningsbidrag,200,https://bollnas.se/uppleva-och-gora/foreningar-foreningsliv/stod-bidrag-och-stipendier/foreningsbidrag,0,text/html;charset=UTF-8,,,
bollnas.yaml,bollnas-socialt-verksamhetsbidrag,Socialt verksamhetsbidrag,https://bollnas.se/uppleva-och-gora/foreningar-foreningsliv/stod-bidrag-och-stipendier/foreningsbidrag,200,https://bollnas.se/uppleva-och-gora/foreningar-foreningsliv/stod-bidrag-och-stipendier/foreningsbidrag,0,text/html;charset=UTF-8,,,
bollnas.yaml,bollnas-avtalsforeningar-kultur,Avtalsföreningar - kultur,https://bollnas.se/uppleva-och-gora/foreningar-foreningsliv/avtalsforeningar---kultur,200,https://bollnas.se/uppleva-och-gora/foreningar-foreningsliv/avtalsforeningar---kultur,0,text/html;charset=UTF-8,,,
bollnas.yaml,bollnas-arets-forening,Årets förening,https://bollnas.se/uppleva-och-gora/foreningar-foreningsliv/stod-bidrag-och-stipendier/priser-och-stipendier,200,https://bollnas.se/uppleva-och-gora/foreningar-foreningsliv/stod-bidrag-och-stipendier/priser-och-stipendier,0,text/html;charset=UTF-8,,,
bollnas.yaml,bollnas-arbrafonderna-arligt-verksamhetsbidrag,Arbråfonderna — Årligt verksamhetsbidrag,https://bollnas.se/kommun-och-politik/stipendier-fonder-och-priser/fonder-och-stiftelser/arbrafonderna/arligt-verksamhetsbidrag,200,https://bollnas.se/kommun-och-politik/stipendier-fonder-och-priser/fonder-och-stiftelser/arbrafonderna/arligt-verksamhetsbidrag,0,text/html;charset=UTF-8,,,
bollnas.yaml,bollnas-arbrafonderna-projektbidrag,Arbråfonderna — Bidrag till särskilda projekt och utvecklingsarbete,https://bollnas.se/kommun-och-politik/stipendier-fonder-och-priser/fonder-och-stiftelser/arbrafonderna/bidrag-till-sarskilda-projekt-och-utvecklingsarbete,200,https://bollnas.se/kommun-och-politik/stipendier-fonder-och-priser/fonder-och-stiftelser/arbrafonderna/bidrag-till-sarskilda-projekt-och-utvecklingsarbete,0,text/html;charset=UTF-8,,,
bollnas.yaml,bollnas-arbrafonderna-aldre-sjuka-funktionshindrade,"Arbråfonderna — Bidrag och stöd till äldre, sjuka och funktionshindrade",https://bollnas.se/kommun-och-politik/stipendier-fonder-och-priser/fonder-och-stiftelser/arbrafonderna/bidrag-och-stod-till-aldre-sjuka-och-funktionshindrade,200,https://bollnas.se/kommun-och-politik/stipendier-fonder-och-priser/fonder-och-stiftelser/arbrafonderna/bidrag-och-stod-till-aldre-sjuka-och-funktionshindrade,0,text/html;charset=UTF-8,,,
bollnas.yaml,bollnas-bidrag-enskild-vaghallning,Bidrag för enskild väghållning,https://bollnas.se/download/18.5b9d7e311872c3a813f104b3/1680589413938/Bidrag%20f%C3%B6r%20enskild%20v%C3%A4gh%C3%A5llning%20.pdf,200,https://bollnas.se/download/18.5b9d7e311872c3a813f104b3/1680589413938/Bidrag%20f%C3%B6r%20enskild%20v%C3%A4gh%C3%A5llning%20.pdf,0,application/pdf,,,
boras.yaml,boras-aktivitetsstod,Aktivitetsstöd,https://www.boras.se/kommunochpolitik/bidragansokompengar/pengarforforeningar/aktivitetsstodforforeningar.4.7965cac6188477a181e79600.html,200,https://www.boras.se/kommunochpolitik/bidragansokompengar/pengarforforeningar/aktivitetsstodforforeningar.4.7965cac6188477a181e79600.html,0,text/html;charset=UTF-8,,,
boras.yaml,boras-lokalbidrag,Bidrag till lokaler och anläggningar (lokalhyra/driftsbidrag),https://www.boras.se/kommunochpolitik/bidragansokompengar/pengarforforeningar/bidragtilllokerochanlaggningar.4.7965cac6188477a181e79626.html,200,https://www.boras.se/kommunochpolitik/bidragansokompengar/pengarforforeningar/bidragtilllokerochanlaggningar.4.7965cac6188477a181e79626.html,0,text/html;charset=UTF-8,,,
boras.yaml,boras-projekt-arrangemangsbidrag-kultur,Projekt- och arrangemangsbidrag (kultur),https://www.boras.se/kommunochpolitik/bidragansokompengar/pengarforkulturkonstochbildning/projektocharrangemangsbidrag.4.7965cac6188477a181e794c8.html,200,https://www.boras.se/kommunochpolitik/bidragansokompengar/pengarforkulturkonstochbildning/projektocharrangemangsbidrag.4.7965cac6188477a181e794c8.html,0,text/html;charset=UTF-8,,,
boras.yaml,boras-arrangorsbidrag,Arrangörsbidrag,https://www.boras.se/upplevaochgora/foreningslivochbidrag/bidragochstod/foreningsbidrag.4.3cc917c815870110c12a3102.html,200,https://www.boras.se/upplevaochgora/foreningslivochbidrag/bidragochstod/foreningsbidrag.4.3cc917c815870110c12a3102.html,0,text/html;charset=UTF-8,,,
boras.yaml,boras-sociala-insatser,Stöd till sociala insatser för föreningar,https://www.boras.se/kommunochpolitik/bidragansokompengar/pengarforforeningar/stodtillsocialainsatserforforeningar.4.7965cac6188477a181e79661.html,200,https://www.boras.se/kommunochpolitik/bidragansokompengar/pengarforforeningar/stodtillsocialainsatserforforeningar.4.7965cac6188477a181e79661.html,0,text/html;charset=UTF-8,,,
borgholm.yaml,borgholm-driftbidrag,Driftbidrag,https://www.borgholm.se/foreningsbidrag/,200,https://www.borgholm.se/foreningsbidrag/,0,text/html; charset=UTF-8,,,
borgholm.yaml,borgholm-arrangemangsbidrag,Arrangemangsbidrag,https://www.borgholm.se/foreningsbidrag/,200,https://www.borgholm.se/foreningsbidrag/,0,text/html; charset=UTF-8,,,
borgholm.yaml,borgholm-anlaggningsbidrag,"Anläggningsbidrag (Nybygge, utbyggnad, renovering)",https://www.borgholm.se/foreningsbidrag/,200,https://www.borgholm.se/foreningsbidrag/,0,text/html; charset=UTF-8,,,
borgholm.yaml,borgholm-lokalhyra,Lokalhyresbidrag,https://www.borgholm.se/foreningsbidrag/,200,https://www.borgholm.se/foreningsbidrag/,0,text/html; charset=UTF-8,,,
borgholm.yaml,borgholm-sociala-foreningar,Föreningsbidrag till sociala föreningar,https://www.borgholm.se/foreningsbidrag/,200,https://www.borgholm.se/foreningsbidrag/,0,text/html; charset=UTF-8,,,
borgholm.yaml,borgholm-studieforbund,Bidrag till studieförbund,https://www.borgholm.se/foreningsbidrag/,200,https://www.borgholm.se/foreningsbidrag/,0,text/html; charset=UTF-8,,,
borgholm.yaml,borgholm-lokalt-aktivitetsstod,Kommunalt lokalt aktivitetsstöd,https://www.borgholm.se/foreningsbidrag/,200,https://www.borgholm.se/foreningsbidrag/,0,text/html; charset=UTF-8,,,
borgholm.yaml,borgholm-projektbidrag,Projektbidrag,https://www.borgholm.se/foreningsbidrag/,200,https://www.borgholm.se/foreningsbidrag/,0,text/html; charset=UTF-8,,,
borgholm.yaml,borgholm-uppvaxlingsprojekt,Uppväxlingsprojekt,https://www.borgholm.se/foreningsbidrag/,200,https://www.borgholm.se/foreningsbidrag/,0,text/html; charset=UTF-8,,,
borgholm.yaml,borgholm-kultur-verksamhetsbidrag,Verksamhetsbidrag till kulturföreningar,https://www.borgholm.se/foreningsbidrag/,200,https://www.borgholm.se/foreningsbidrag/,0,text/html; charset=UTF-8,,,
borgholm.yaml,borgholm-samlingslokaler,Bidrag till föreningsägda samlingslokaler,https://www.borgholm.se/foreningsbidrag/,200,https://www.borgholm.se/foreningsbidrag/,0,text/html; charset=UTF-8,,,
borgholm.yaml,borgholm-vagbidrag,Vägbidrag,https://www.borgholm.se/foreningsbidrag/,200,https://www.borgholm.se/foreningsbidrag/,0,text/html; charset=UTF-8,,,
borlange.yaml,borlange-grundbidrag,Grundbidrag,https://www.borlange.se/uppleva-och-gora/foreningar/foreningsbidrag,200,https://www.borlange.se/uppleva-och-gora/foreningar/foreningsbidrag,0,text/html;charset=UTF-8,,,
borlange.yaml,borlange-aktivitetsbidrag,Aktivitetsbidrag,https://www.borlange.se/uppleva-och-gora/foreningar/foreningsbidrag,200,https://www.borlange.se/uppleva-och-gora/foreningar/foreningsbidrag,0,text/html;charset=UTF-8,,,
borlange.yaml,borlange-lokalbidrag,Lokalbidrag,https://www.borlange.se/uppleva-och-gora/foreningar/foreningsbidrag,200,https://www.borlange.se/uppleva-och-gora/foreningar/foreningsbidrag,0,text/html;charset=UTF-8,,,
borlange.yaml,borlange-utvecklingsbidrag,Utvecklingsbidrag,https://www.borlange.se/uppleva-och-gora/foreningar/foreningsbidrag/utvecklingsbidrag,200,https://www.borlange.se/uppleva-och-gora/foreningar/foreningsbidrag/utvecklingsbidrag,0,text/html;charset=UTF-8,,,
borlange.yaml,borlange-riktat-stod,Riktat stöd och anläggningsavtal,https://www.borlange.se/uppleva-och-gora/foreningar/foreningsbidrag,200,https://www.borlange.se/uppleva-och-gora/foreningar/foreningsbidrag,0,text/html;charset=UTF-8,,,
botkyrka.yaml,botkyrka-sommarlovsaktiviteter,Stöd till sommarlovsaktiviteter,https://www.botkyrka.se/uppleva-och-gora/foreningar-och-studieforbund/bidrag-till-foreningar,200,https://www.botkyrka.se/uppleva-och-gora/foreningar-och-studieforbund/bidrag-till-foreningar,0,text/html;charset=UTF-8,,,
botkyrka.yaml,botkyrka-aktivitetsbidrag-ovriga,Aktivitetsbidrag för övriga föreningar,https://www.botkyrka.se/uppleva-och-gora/foreningar-och-studieforbund/bidrag-till-foreningar,200,https://www.botkyrka.se/uppleva-och-gora/foreningar-och-studieforbund/bidrag-till-foreningar,0,text/html;charset=UTF-8,,,
botkyrka.yaml,botkyrka-lokalbidrag-ovriga,Lokalbidrag för övriga föreningar,https://www.botkyrka.se/uppleva-och-gora/foreningar-och-studieforbund/bidrag-till-foreningar,200,https://www.botkyrka.se/uppleva-och-gora/foreningar-och-studieforbund/bidrag-till-foreningar,0,text/html;charset=UTF-8,,,
botkyrka.yaml,botkyrka-aktivitetsbidrag-senior,Aktivitetsbidrag för seniorverksamhet,https://www.botkyrka.se/uppleva-och-gora/foreningar-och-studieforbund/bidrag-till-foreningar,200,https://www.botkyrka.se/uppleva-och-gora/foreningar-och-studieforbund/bidrag-till-foreningar,0,text/html;charset=UTF-8,,,
botkyrka.yaml,botkyrka-lokalbidrag-senior,Lokalbidrag för seniorföreningar,https://www.botkyrka.se/uppleva-och-gora/foreningar-och-studieforbund/bidrag-till-foreningar,200,https://www.botkyrka.se/uppleva-och-gora/foreningar-och-studieforbund/bidrag-till-foreningar,0,text/html;charset=UTF-8,,,
botkyrka.yaml,botkyrka-aktivitetsbidrag-idrott-scout,Aktivitetsbidrag för idrottsföreningar och scoutkårer,https://www.botkyrka.se/uppleva-och-gora/foreningar-och-studieforbund/bidrag-till-foreningar,200,https://www.botkyrka.se/uppleva-och-gora/foreningar-och-studieforbund/bidrag-till-foreningar,0,text/html;charset=UTF-8,,,
botkyrka.yaml,botkyrka-anlaggningsbidrag,Anläggningsbidrag,https://www.botkyrka.se/uppleva-och-gora/foreningar-och-studieforbund/bidrag-till-foreningar,200,https://www.botkyrka.se/uppleva-och-gora/foreningar-och-studieforbund/bidrag-till-foreningar,0,text/html;charset=UTF-8,,,
botkyrka.yaml,botkyrka-kulturell-verksamhet,Bidrag till kulturell verksamhet,https://www.botkyrka.se/uppleva-och-gora/foreningar-och-studieforbund/bidrag-till-foreningar,200,https://www.botkyrka.se/uppleva-och-gora/foreningar-och-studieforbund/bidrag-till-foreningar,0,text/html;charset=UTF-8,,,
botkyrka.yaml,botkyrka-funktionsratt,Bidrag till funktionsrättsföreningar,https://www.botkyrka.se/uppleva-och-gora/foreningar-och-studieforbund/bidrag-till-foreningar,200,https://www.botkyrka.se/uppleva-och-gora/foreningar-och-studieforbund/bidrag-till-foreningar,0,text/html;charset=UTF-8,,,
botkyrka.yaml,botkyrka-spontanidrott,Bidrag till organiserad spontanidrott,https://www.botkyrka.se/uppleva-och-gora/foreningar-och-studieforbund/bidrag-till-foreningar,200,https://www.botkyrka.se/uppleva-och-gora/foreningar-och-studieforbund/bidrag-till-foreningar,0,text/html;charset=UTF-8,,,
botkyrka.yaml,botkyrka-social-verksamhet,Bidrag för föreningar som bedriver social verksamhet,https://www.botkyrka.se/uppleva-och-gora/foreningar-och-studieforbund/bidrag-till-foreningar,200,https://www.botkyrka.se/uppleva-och-gora/foreningar-och-studieforbund/bidrag-till-foreningar,0,text/html;charset=UTF-8,,,
boxholm.yaml,boxholm-grundbidrag,Grundbidrag,https://www.boxholm.se/uppleva-och-gora/foreningar-och-foreningsliv/bidrag-stod-och-stipendier,200,https://www.boxholm.se/uppleva-och-gora/foreningar-och-foreningsliv/bidrag-stod-och-stipendier,0,text/html;charset=UTF-8,,,
boxholm.yaml,boxholm-aktivitetsbidrag,Aktivitetsbidrag,https://www.boxholm.se/uppleva-och-gora/foreningar-och-foreningsliv/bidrag-stod-och-stipendier,200,https://www.boxholm.se/uppleva-och-gora/foreningar-och-foreningsliv/bidrag-stod-och-stipendier,0,text/html;charset=UTF-8,,,
boxholm.yaml,boxholm-lokalbidrag,Lokalbidrag,https://www.boxholm.se/uppleva-och-gora/foreningar-och-foreningsliv/bidrag-stod-och-stipendier,200,https://www.boxholm.se/uppleva-och-gora/foreningar-och-foreningsliv/bidrag-stod-och-stipendier,0,text/html;charset=UTF-8,,,
boxholm.yaml,boxholm-utvecklingsbidrag,Utvecklingsbidrag,https://www.boxholm.se/uppleva-och-gora/foreningar-och-foreningsliv/bidrag-stod-och-stipendier,200,https://www.boxholm.se/uppleva-och-gora/foreningar-och-foreningsliv/bidrag-stod-och-stipendier,0,text/html;charset=UTF-8,,,
boxholm.yaml,boxholm-arrangemangsbidrag,Arrangemangsbidrag,https://www.boxholm.se/uppleva-och-gora/foreningar-och-foreningsliv/bidrag-stod-och-stipendier,200,https://www.boxholm.se/uppleva-och-gora/foreningar-och-foreningsliv/bidrag-stod-och-stipendier,0,text/html;charset=UTF-8,,,
boxholm.yaml,boxholm-pensionarsforeningar,Bidrag till pensionärsföreningar,https://www.boxholm.se/uppleva-och-gora/foreningar-och-foreningsliv/bidrag-stod-och-stipendier,200,https://www.boxholm.se/uppleva-och-gora/foreningar-och-foreningsliv/bidrag-stod-och-stipendier,0,text/html;charset=UTF-8,,,
bracke.yaml,bracke-aktivitetsstod,Aktivitetstöd,https://www.bracke.se/kulturochfritid/foreningslivochbidrag.4.73773db514ee2ab085a9efe.html,200,https://www.bracke.se/kultur-fritid-och-turism/fritid/foreningsliv-och-bidrag,1,text/html;charset=UTF-8,,,
bracke.yaml,bracke-byaktiviteter,Byaktivitetsbidrag,https://www.bracke.se/kulturochfritid/foreningslivochbidrag.4.73773db514ee2ab085a9efe.html,200,https://www.bracke.se/kultur-fritid-och-turism/fritid/foreningsliv-och-bidrag,1,text/html;charset=UTF-8,,,
bracke.yaml,bracke-samlingsplatsstod,Samlingsplatsstöd,https://www.bracke.se/kulturochfritid/foreningslivochbidrag.4.73773db514ee2ab085a9efe.html,200,https://www.bracke.se/kultur-fritid-och-turism/fritid/foreningsliv-och-bidrag,1,text/html;charset=UTF-8,,,
bracke.yaml,bracke-kulturbidrag,Kulturbidrag,https://www.bracke.se/kulturochfritid/foreningslivochbidrag.4.73773db514ee2ab085a9efe.html,200,https://www.bracke.se/kultur-fritid-och-turism/fritid/foreningsliv-och-bidrag,1,text/html;charset=UTF-8,,,
bracke.yaml,bracke-ledarskapsutbildning,Ledarskapsutbildning,https://www.bracke.se/kulturochfritid/foreningslivochbidrag.4.73773db514ee2ab085a9efe.html,200,https://www.bracke.se/kultur-fritid-och-turism/fritid/foreningsliv-och-bidrag,1,text/html;charset=UTF-8,,,
bracke.yaml,bracke-utvecklingsbidrag,Utvecklingsbidrag,https://www.bracke.se/kulturochfritid/foreningslivochbidrag.4.73773db514ee2ab085a9efe.html,200,https://www.bracke.se/kultur-fritid-och-turism/fritid/foreningsliv-och-bidrag,1,text/html;charset=UTF-8,,,
bracke.yaml,bracke-studiecirklar,Studiecirkelstöd,https://www.bracke.se/kulturochfritid/foreningslivochbidrag.4.73773db514ee2ab085a9efe.html,200,https://www.bracke.se/kultur-fritid-och-turism/fritid/foreningsliv-och-bidrag,1,text/html;charset=UTF-8,,,
bracke.yaml,bracke-senior-funktionshinder,Bidrag till senior- och funktionshinderorganisationer,https://www.bracke.se/kulturochfritid/foreningslivochbidrag.4.73773db514ee2ab085a9efe.html,200,https://www.bracke.se/kultur-fritid-och-turism/fritid/foreningsliv-och-bidrag,1,text/html;charset=UTF-8,,,
bromolla.yaml,bromolla-verksamhetsbidrag,Verksamhetsbidrag,https://www.bromolla.se/uppleva-och-gora/foreningar/foreningsbidrag-och-stipendier/,200,https://www.bromolla.se/uppleva-och-gora/foreningar/foreningsbidrag-och-stipendier/,0,text/html; charset=utf-8,,,
bromolla.yaml,bromolla-driftbidrag,Driftbidrag,https://www.bromolla.se/uppleva-och-gora/foreningar/foreningsbidrag-och-stipendier/,200,https://www.bromolla.se/uppleva-och-gora/foreningar/foreningsbidrag-och-stipendier/,0,text/html; charset=utf-8,,,
bromolla.yaml,bromolla-projekt-arrangemangsbidrag,Projekt- och arrangemangsbidrag,https://www.bromolla.se/uppleva-och-gora/foreningar/foreningsbidrag-och-stipendier/,200,https://www.bromolla.se/uppleva-och-gora/foreningar/foreningsbidrag-och-stipendier/,0,text/html; charset=utf-8,,,
bromolla.yaml,bromolla-integrationsbidrag,Integrationsbidrag,https://www.bromolla.se/kommun-och-politik/press--och-informationsmaterial/nyhetsarkiv/kan-din-forening-fa-integrationsbidrag/,200,https://www.bromolla.se/kommun-och-politik/press--och-informationsmaterial/nyhetsarkiv/kan-din-forening-fa-integrationsbidrag/,0,text/html; charset=utf-8,,,
bromolla.yaml,bromolla-investeringsbidrag,Investeringsbidrag,https://www.bromolla.se/uppleva-och-gora/foreningar/foreningsbidrag-och-stipendier/,200,https://www.bromolla.se/uppleva-och-gora/foreningar/foreningsbidrag-och-stipendier/,0,text/html; charset=utf-8,,,
bromolla.yaml,bromolla-hogtidsfirande,Bidrag till högtidsfirande,https://www.bromolla.se/uppleva-och-gora/foreningar/foreningsbidrag-och-stipendier/,200,https://www.bromolla.se/uppleva-och-gora/foreningar/foreningsbidrag-och-stipendier/,0,text/html; charset=utf-8,,,
bromolla.yaml,bromolla-strategiskt-utvecklingsbidrag,Strategiskt utvecklingsbidrag,https://www.bromolla.se/uppleva-och-gora/foreningar/foreningsbidrag-och-stipendier/,200,https://www.bromolla.se/uppleva-och-gora/foreningar/foreningsbidrag-och-stipendier/,0,text/html; charset=utf-8,,,
burlov.yaml,burlov-idrottsforeningar,Föreningsbidrag — Idrottsföreningar,https://burlov.se/kulturfritid/foreningariburlov.4.609e1877159f0e59b9f29437.html,200,https://burlov.se/kulturfritid/foreningariburlov.4.609e1877159f0e59b9f29437.html,0,text/html;charset=UTF-8,,,
burlov.yaml,burlov-kulturforeningar,Föreningsbidrag — Kulturföreningar,https://burlov.se/kulturfritid/foreningariburlov.4.609e1877159f0e59b9f29437.html,200,https://burlov.se/kulturfritid/foreningariburlov.4.609e1877159f0e59b9f29437.html,0,text/html;charset=UTF-8,,,
burlov.yaml,burlov-pensionarsforeningar,Föreningsbidrag — Pensionärsföreningar,https://burlov.se/kulturfritid/foreningariburlov.4.609e1877159f0e59b9f29437.html,200,https://burlov.se/kulturfritid/foreningariburlov.4.609e1877159f0e59b9f29437.html,0,text/html;charset=UTF-8,,,
burlov.yaml,burlov-studieforbund,Föreningsbidrag — Studieförbund,https://burlov.se/kulturfritid/foreningariburlov.4.609e1877159f0e59b9f29437.html,200,https://burlov.se/kulturfritid/foreningariburlov.4.609e1877159f0e59b9f29437.html,0,text/html;charset=UTF-8,,,
burlov.yaml,burlov-medborgareinitiativ,Stöd till medborgarinitiativ,https://burlov.se/kulturfritid/foreningariburlov.4.609e1877159f0e59b9f29437.html,200,https://burlov.se/kulturfritid/foreningariburlov.4.609e1877159f0e59b9f29437.html,0,text/html;charset=UTF-8,,,
dals-ed.yaml,dalsed-kulturverksamhet,Föreningsbidrag — Årsbidrag kulturverksamhet,https://www.dalsed.se/blanketter-och-e-tjanster/fritid-och-kultur/,200,https://www.dalsed.se/blanketter-och-e-tjanster/fritid-och-kultur/,0,text/html; charset=utf-8,,,
dals-ed.yaml,dalsed-aktivitetsstod,Aktivitetsstöd,https://www.dalsed.se/blanketter-och-e-tjanster/fritid-och-kultur/,200,https://www.dalsed.se/blanketter-och-e-tjanster/fritid-och-kultur/,0,text/html; charset=utf-8,,,
dals-ed.yaml,dalsed-anlaggningslokalbidrag,Anläggnings- och lokalbidrag,https://www.dalsed.se/blanketter-och-e-tjanster/fritid-och-kultur/,200,https://www.dalsed.se/blanketter-och-e-tjanster/fritid-och-kultur/,0,text/html; charset=utf-8,,,
dals-ed.yaml,dalsed-ledarutbildning,Ledarutbildningsbidrag,https://www.dalsed.se/blanketter-och-e-tjanster/fritid-och-kultur/,200,https://www.dalsed.se/blanketter-och-e-tjanster/fritid-och-kultur/,0,text/html; charset=utf-8,,,
dals-ed.yaml,dalsed-studieforbund,Kommunalt bidrag till studieförbund,https://www.dalsed.se/blanketter-och-e-tjanster/fritid-och-kultur/,200,https://www.dalsed.se/blanketter-och-e-tjanster/fritid-och-kultur/,0,text/html; charset=utf-8,,,
dals-ed.yaml,dalsed-evenemang,Evenemangsbidrag,https://www.dalsed.se/nyheter/nyhetsarkiv-2026/forandringar-i-evenemangsbidrag/,200,https://www.dalsed.se/nyheter/nyhetsarkiv-2026/forandringar-i-evenemangsbidrag/,0,text/html; charset=utf-8,,,
dals-ed.yaml,dalsed-social-stod,Föreningsbidrag — Socialnämnden,https://www.dalsed.se/nyheter/nyhetsarkiv-2025/dags-att-soka-foreningsbidrag-av-socialnamnden-i-dals-ed-2025/,200,https://www.dalsed.se/nyheter/nyhetsarkiv-2025/dags-att-soka-foreningsbidrag-av-socialnamnden-i-dals-ed-2025/,0,text/html; charset=utf-8,,,
danderyd.yaml,danderyd-aktivitetsstod-ungdom,Kommunalt aktivitetsstöd till barn- och ungdomsföreningar,https://www.danderyd.se/globalassets/globala-filer/kommun-och-politik/ovriga-styrdokument-ny/styrande-dokument---kultur-och-fritid/regler-for-foreningsbidrag---galler-fr.o.m.-2025-01-01.pdf,200,https://www.danderyd.se/globalassets/globala-filer/kommun-och-politik/ovriga-styrdokument-ny/styrande-dokument---kultur-och-fritid/regler-for-foreningsbidrag---galler-fr.o.m.-2025-01-01.pdf,0,application/pdf,,,
danderyd.yaml,danderyd-startbidrag,Startbidrag,https://www.danderyd.se/globalassets/globala-filer/kommun-och-politik/ovriga-styrdokument-ny/styrande-dokument---kultur-och-fritid/regler-for-foreningsbidrag---galler-fr.o.m.-2025-01-01.pdf,200,https://www.danderyd.se/globalassets/globala-filer/kommun-och-politik/ovriga-styrdokument-ny/styrande-dokument---kultur-och-fritid/regler-for-foreningsbidrag---galler-fr.o.m.-2025-01-01.pdf,0,application/pdf,,,
danderyd.yaml,danderyd-funktionshinder,Bidrag till fritid för personer med funktionsnedsättning,https://www.danderyd.se/globalassets/globala-filer/kommun-och-politik/ovriga-styrdokument-ny/styrande-dokument---kultur-och-fritid/regler-for-foreningsbidrag---galler-fr.o.m.-2025-01-01.pdf,200,https://www.danderyd.se/globalassets/globala-filer/kommun-och-politik/ovriga-styrdokument-ny/styrande-dokument---kultur-och-fritid/regler-for-foreningsbidrag---galler-fr.o.m.-2025-01-01.pdf,0,application/pdf,,,
danderyd.yaml,danderyd-tillfalligt-bidrag,Tillfälligt bidrag för speciella ändamål,https://www.danderyd.se/globalassets/globala-filer/kommun-och-politik/ovriga-styrdokument-ny/styrande-dokument---kultur-och-fritid/regler-for-foreningsbidrag---galler-fr.o.m.-2025-01-01.pdf,200,https://www.danderyd.se/globalassets/globala-filer/kommun-och-politik/ovriga-styrdokument-ny/styrande-dokument---kultur-och-fritid/regler-for-foreningsbidrag---galler-fr.o.m.-2025-01-01.pdf,0,application/pdf,,,
danderyd.yaml,danderyd-hyresbidrag,Lokalbidrag för idrotts- och fritidsföreningar (hyresbidrag),https://www.danderyd.se/globalassets/globala-filer/kommun-och-politik/ovriga-styrdokument-ny/styrande-dokument---kultur-och-fritid/regler-for-foreningsbidrag---galler-fr.o.m.-2025-01-01.pdf,200,https://www.danderyd.se/globalassets/globala-filer/kommun-och-politik/ovriga-styrdokument-ny/styrande-dokument---kultur-och-fritid/regler-for-foreningsbidrag---galler-fr.o.m.-2025-01-01.pdf,0,application/pdf,,,
danderyd.yaml,danderyd-lokalbidrag-tennis,Lokalbidrag för tennisföreningar,https://www.danderyd.se/globalassets/globala-filer/kommun-och-politik/ovriga-styrdokument-ny/styrande-dokument---kultur-och-fritid/regler-for-foreningsbidrag---galler-fr.o.m.-2025-01-01.pdf,200,https://www.danderyd.se/globalassets/globala-filer/kommun-och-politik/ovriga-styrdokument-ny/styrande-dokument---kultur-och-fritid/regler-for-foreningsbidrag---galler-fr.o.m.-2025-01-01.pdf,0,application/pdf,,,
danderyd.yaml,danderyd-kulturforeningsbidrag,Kulturföreningsbidrag,https://www.danderyd.se/globalassets/globala-filer/kommun-och-politik/ovriga-styrdokument-ny/styrande-dokument---kultur-och-fritid/regler-for-foreningsbidrag---galler-fr.o.m.-2025-01-01.pdf,200,https://www.danderyd.se/globalassets/globala-filer/kommun-och-politik/ovriga-styrdokument-ny/styrande-dokument---kultur-och-fritid/regler-for-foreningsbidrag---galler-fr.o.m.-2025-01-01.pdf,0,application/pdf,,,
danderyd.yaml,danderyd-arrangemangsbidrag,Arrangemangsbidrag,https://www.danderyd.se/globalassets/globala-filer/kommun-och-politik/ovriga-styrdokument-ny/styrande-dokument---kultur-och-fritid/regler-for-foreningsbidrag---galler-fr.o.m.-2025-01-01.pdf,200,https://www.danderyd.se/globalassets/globala-filer/kommun-och-politik/ovriga-styrdokument-ny/styrande-dokument---kultur-och-fritid/regler-for-foreningsbidrag---galler-fr.o.m.-2025-01-01.pdf,0,application/pdf,,,
danderyd.yaml,danderyd-riskdelning,Riskdelning,https://www.danderyd.se/globalassets/globala-filer/kommun-och-politik/ovriga-styrdokument-ny/styrande-dokument---kultur-och-fritid/regler-for-foreningsbidrag---galler-fr.o.m.-2025-01-01.pdf,200,https://www.danderyd.se/globalassets/globala-filer/kommun-och-politik/ovriga-styrdokument-ny/styrande-dokument---kultur-och-fritid/regler-for-foreningsbidrag---galler-fr.o.m.-2025-01-01.pdf,0,application/pdf,,,
danderyd.yaml,danderyd-projektbidrag,Projektbidrag,https://www.danderyd.se/globalassets/globala-filer/kommun-och-politik/ovriga-styrdokument-ny/styrande-dokument---kultur-och-fritid/regler-for-foreningsbidrag---galler-fr.o.m.-2025-01-01.pdf,200,https://www.danderyd.se/globalassets/globala-filer/kommun-och-politik/ovriga-styrdokument-ny/styrande-dokument---kultur-och-fritid/regler-for-foreningsbidrag---galler-fr.o.m.-2025-01-01.pdf,0,application/pdf,,,
degerfors.yaml,degerfors-verksamhetsbidrag,Årligt verksamhetsbidrag,https://www.degerfors.se/uppleva-och-gora/foreningar-och-foreningsstod,200,https://degerfors.se/uppleva-och-gora/foreningar-och-foreningsstod,1,text/html;charset=UTF-8,,,
degerfors.yaml,degerfors-startbidrag,Startbidrag,https://www.degerfors.se/uppleva-och-gora/foreningar-och-foreningsstod,200,https://degerfors.se/uppleva-och-gora/foreningar-och-foreningsstod,1,text/html;charset=UTF-8,,,
degerfors.yaml,degerfors-specialbidrag,Specialbidrag,https://www.degerfors.se/uppleva-och-gora/foreningar-och-foreningsstod,200,https://degerfors.se/uppleva-och-gora/foreningar-och-foreningsstod,1,text/html;charset=UTF-8,,,
degerfors.yaml,degerfors-forlustback,Förlusttäckning / Arrangemangsbidrag,https://www.degerfors.se/uppleva-och-gora/foreningar-och-foreningsstod,200,https://degerfors.se/uppleva-och-gora/foreningar-och-foreningsstod,1,text/html;charset=UTF-8,,,
degerfors.yaml,degerfors-kulturbidrag,Kulturbidrag,https://degerfors.se/uppleva-och-gora/kultur.html,200,https://degerfors.se/uppleva-och-gora/kultur.html,0,text/html;charset=UTF-8,,,
dorotea.yaml,dorotea-kommunalt-aktivitetsstod,Kommunalt aktivitetsstöd,https://www.dorotea.se/uppleva-och-gora/foreningar-och-foreningsliv/foreningsstod/kommunalt-aktivitetsstod/,200,https://www.dorotea.se/uppleva-och-gora/foreningar-och-foreningsliv/foreningsstod/kommunalt-aktivitetsstod/,0,text/html; charset=utf-8,,,
dorotea.yaml,dorotea-statligt-aktivitetsstod,Statligt aktivitetsstöd,https://www.dorotea.se/uppleva-och-gora/foreningar-och-foreningsliv/foreningsstod/statligt-aktivitetsstod/,200,https://www.dorotea.se/uppleva-och-gora/foreningar-och-foreningsliv/foreningsstod/statligt-aktivitetsstod/,0,text/html; charset=utf-8,,,
dorotea.yaml,dorotea-kulturbidrag,Kulturbidrag,https://www.dorotea.se/uppleva-och-gora/foreningar-och-foreningsliv/,200,https://www.dorotea.se/uppleva-och-gora/foreningar-och-foreningsliv/,0,text/html; charset=utf-8,,,
dorotea.yaml,dorotea-ledarutbildning,Ledarutbildningsbidrag,https://www.dorotea.se/uppleva-och-gora/foreningar-och-foreningsliv/,200,https://www.dorotea.se/uppleva-och-gora/foreningar-och-foreningsliv/,0,text/html; charset=utf-8,,,
dorotea.yaml,dorotea-lokalbidrag,Lokalbidrag,https://www.dorotea.se/uppleva-och-gora/foreningar-och-foreningsliv/,200,https://www.dorotea.se/uppleva-och-gora/foreningar-och-foreningsliv/,0,text/html; charset=utf-8,,,
dorotea.yaml,dorotea-anlaggningsbidrag,Anläggningsbidrag,https://www.dorotea.se/uppleva-och-gora/foreningar-och-foreningsliv/,200,https://www.dorotea.se/uppleva-och-gora/foreningar-och-foreningsliv/,0,text/html; charset=utf-8,,,
dorotea.yaml,dorotea-specialbidrag,Särskilda bidrag,https://www.dorotea.se/uppleva-och-gora/foreningar-och-foreningsliv/,200,https://www.dorotea.se/uppleva-och-gora/foreningar-och-foreningsliv/,0,text/html; charset=utf-8,,,
dorotea.yaml,dorotea-bygdemedel,Bygdemedel,https://www.dorotea.se/uppleva-och-gora/foreningar-och-foreningsliv/,200,https://www.dorotea.se/uppleva-och-gora/foreningar-och-foreningsliv/,0,text/html; charset=utf-8,,,
eda.yaml,eda-driftsbidrag-hembygd,Driftsbidrag till hembygdsföreningar,https://eda.se/kultur/bidrag__827,200,https://eda.se/bidrag,1,text/html; charset=utf-8,,,
eda.yaml,eda-driftsbidrag-museum,Driftbidrag till museiföreningar och museer,https://eda.se/kultur/bidrag__827,200,https://eda.se/bidrag,1,text/html; charset=utf-8,,,
eda.yaml,eda-verksamhetsbidrag-kultur,Verksamhetsbidrag till kulturföreningar,https://eda.se/kultur/bidrag__827,200,https://eda.se/bidrag,1,text/html; charset=utf-8,,,
eda.yaml,eda-bidrag-arrangemang,Bidrag till arrangemang,https://eda.se/kultur/bidrag__827,200,https://eda.se/bidrag,1,text/html; charset=utf-8,,,
eda.yaml,eda-barn-ungdom,Bidrag till föreningar med verksamhet för barn och ungdomar,https://eda.se/f%C3%B6reningar-f%C3%B6reningsliv/bidrag-st%C3%B6d--och-stipendier__2774,200,https://eda.se/f%c3%b6reningar--f%c3%b6reningsliv/bidrag-st%c3%b6d--och-stipendier__2774,1,text/html; charset=utf-8,,,
eda.yaml,eda-pensionarer,Bidrag till föreningar med verksamhet för pensionärer,https://eda.se/f%C3%B6reningar-f%C3%B6reningsliv/bidrag-st%C3%B6d--och-stipendier__2774,200,https://eda.se/f%c3%b6reningar--f%c3%b6reningsliv/bidrag-st%c3%b6d--och-stipendier__2774,1,text/html; charset=utf-8,,,
eda.yaml,eda-lokalhallande,Bidrag till föreningar med lokalhållande verksamhet,https://eda.se/f%C3%B6reningar-f%C3%B6reningsliv/bidrag-st%C3%B6d--och-stipendier__2774,200,https://eda.se/f%c3%b6reningar--f%c3%b6reningsliv/bidrag-st%c3%b6d--och-stipendier__2774,1,text/html; charset=utf-8,,,
eda.yaml,eda-studieorganisationer,Bidrag till studieorganisationer,https://eda.se/f%C3%B6reningar-f%C3%B6reningsliv/bidrag-st%C3%B6d--och-stipendier__2774,200,https://eda.se/f%c3%b6reningar--f%c3%b6reningsliv/bidrag-st%c3%b6d--och-stipendier__2774,1,text/html; charset=utf-8,,,
eda.yaml,eda-ovriga-foreningar,Bidrag till övriga föreningar,https://eda.se/f%C3%B6reningar-f%C3%B6reningsliv/bidrag-st%C3%B6d--och-stipendier__2774,200,https://eda.se/f%c3%b6reningar--f%c3%b6reningsliv/bidrag-st%c3%b6d--och-stipendier__2774,1,text/html; charset=utf-8,,,
ekero.yaml,ekero-publika-arrangemang,Bidrag till publika arrangemang och öppna aktiviteter,https://www.ekero.se/uppleva-gora/idrott--foreningar/foreningsstod-och-bidrag,200,https://www.ekero.se/uppleva-gora/idrott--foreningar/foreningsstod-och-bidrag,0,text/html;charset=UTF-8,,,
ekero.yaml,ekero-aktivitetsstod,Aktivitetsstöd,https://www.ekero.se/uppleva-gora/idrott--foreningar/foreningsstod-och-bidrag,200,https://www.ekero.se/uppleva-gora/idrott--foreningar/foreningsstod-och-bidrag,0,text/html;charset=UTF-8,,,
ekero.yaml,ekero-kompetens-utveckling,Bidrag för kompetens och utveckling,https://www.ekero.se/uppleva-gora/idrott--foreningar/foreningsstod-och-bidrag,200,https://www.ekero.se/uppleva-gora/idrott--foreningar/foreningsstod-och-bidrag,0,text/html;charset=UTF-8,,,
ekero.yaml,ekero-anlaggningsstod-drift,Anläggningsstöd för drift,https://www.ekero.se/uppleva-gora/idrott--foreningar/foreningsstod-och-bidrag,200,https://www.ekero.se/uppleva-gora/idrott--foreningar/foreningsstod-och-bidrag,0,text/html;charset=UTF-8,,,
eksjo.yaml,eksjo-aktivitetsbidrag,Aktivitetsbidrag,https://eksjo.se/kultur-och-fritid/foreningsliv/foreningsbidrag,200,https://eksjo.se/kultur-och-fritid/foreningsliv/foreningsbidrag,0,text/html;charset=UTF-8,,,
eksjo.yaml,eksjo-arrangemangsbidrag,Arrangemangsbidrag,https://eksjo.se/kultur-och-fritid/foreningsliv/foreningsbidrag,200,https://eksjo.se/kultur-och-fritid/foreningsliv/foreningsbidrag,0,text/html;charset=UTF-8,,,
eksjo.yaml,eksjo-lokalbidrag,Lokalbidrag,https://eksjo.se/kultur-och-fritid/foreningsliv/foreningsbidrag,200,https://eksjo.se/kultur-och-fritid/foreningsliv/foreningsbidrag,0,text/html;charset=UTF-8,,,
eksjo.yaml,eksjo-investeringsbidrag,Investeringsbidrag,https://eksjo.se/kultur-och-fritid/foreningsliv/foreningsbidrag,200,https://eksjo.se/kultur-och-fritid/foreningsliv/foreningsbidrag,0,text/html;charset=UTF-8,,,
eksjo.yaml,eksjo-stod-projekt,Stödbidrag för projekt,https://eksjo.se/kultur-och-fritid/foreningsliv/foreningsbidrag,200,https://eksjo.se/kultur-och-fritid/foreningsliv/foreningsbidrag,0,text/html;charset=UTF-8,,,
eksjo.yaml,eksjo-samlingslokalbidrag,Samlingslokalbidrag,https://eksjo.se/kultur-och-fritid/foreningsliv/foreningsbidrag,200,https://eksjo.se/kultur-och-fritid/foreningsliv/foreningsbidrag,0,text/html;charset=UTF-8,,,
eksjo.yaml,eksjo-studieforbund,Studieförbundsbidrag,https://eksjo.se/kultur-och-fritid/foreningsliv/foreningsbidrag,200,https://eksjo.se/kultur-och-fritid/foreningsliv/foreningsbidrag,0,text/html;charset=UTF-8,,,
eksjo.yaml,eksjo-kulturpeng-unga,Kulturpeng för unga,https://eksjo.se/kultur-och-fritid/foreningsliv/foreningsbidrag,200,https://eksjo.se/kultur-och-fritid/foreningsliv/foreningsbidrag,0,text/html;charset=UTF-8,,,
emmaboda.yaml,emmaboda-verksamhetsbidrag,Verksamhetsbidrag,https://www.emmaboda.se/uppleva--gora/gora/kultur/bidrag--stod/foreningsbidrag.html,200,https://www.emmaboda.se/uppleva--gora/gora/kultur/bidrag--stod/foreningsbidrag.html,0,text/html;charset=UTF-8,,,
emmaboda.yaml,emmaboda-lokalbidrag,Lokalbidrag,https://www.emmaboda.se/uppleva--gora/gora/kultur/bidrag--stod/foreningsbidrag.html,200,https://www.emmaboda.se/uppleva--gora/gora/kultur/bidrag--stod/foreningsbidrag.html,0,text/html;charset=UTF-8,,,
emmaboda.yaml,emmaboda-kartbidrag,Kartbidrag,https://www.emmaboda.se/uppleva--gora/gora/kultur/bidrag--stod/foreningsbidrag.html,200,https://www.emmaboda.se/uppleva--gora/gora/kultur/bidrag--stod/foreningsbidrag.html,0,text/html;charset=UTF-8,,,
emmaboda.yaml,emmaboda-pensionarer,Bidrag till pensionärsföreningar,https://www.emmaboda.se/uppleva--gora/gora/kultur/bidrag--stod/foreningsbidrag.html,200,https://www.emmaboda.se/uppleva--gora/gora/kultur/bidrag--stod/foreningsbidrag.html,0,text/html;charset=UTF-8,,,
emmaboda.yaml,emmaboda-funktionsnedsattning,Bidrag till funktionshinderorganisationer,https://www.emmaboda.se/uppleva--gora/gora/kultur/bidrag--stod/foreningsbidrag.html,200,https://www.emmaboda.se/uppleva--gora/gora/kultur/bidrag--stod/foreningsbidrag.html,0,text/html;charset=UTF-8,,,
emmaboda.yaml,emmaboda-studieforbund,Bidrag till studieförbund,https://www.emmaboda.se/uppleva--gora/gora/kultur/bidrag--stod/foreningsbidrag.html,200,https://www.emmaboda.se/uppleva--gora/gora/kultur/bidrag--stod/foreningsbidrag.html,0,text/html;charset=UTF-8,,,
emmaboda.yaml,emmaboda-kulturforeningar,Bidrag till kulturföreningar,https://www.emmaboda.se/uppleva--gora/gora/kultur/bidrag--stod/foreningsbidrag.html,200,https://www.emmaboda.se/uppleva--gora/gora/kultur/bidrag--stod/foreningsbidrag.html,0,text/html;charset=UTF-8,,,
emmaboda.yaml,emmaboda-investeringsbidrag,Investeringsbidrag,https://www.emmaboda.se/uppleva--gora/gora/kultur/bidrag--stod/foreningsbidrag.html,200,https://www.emmaboda.se/uppleva--gora/gora/kultur/bidrag--stod/foreningsbidrag.html,0,text/html;charset=UTF-8,,,
enkoping.yaml,enkoping-startstod,Startstöd till nya föreningar,https://enkoping.se/fritid-och-kultur/forening-i-enkoping/sok-foreningsbidrag/bidrag-att-soka.html,200,https://enkoping.se/fritid-och-kultur/forening-i-enkoping/sok-foreningsbidrag/bidrag-att-soka.html,0,text/html;charset=UTF-8,,,
enkoping.yaml,enkoping-grundstod,Årligt grundstöd,https://enkoping.se/fritid-och-kultur/forening-i-enkoping/sok-foreningsbidrag/bidrag-att-soka.html,200,https://enkoping.se/fritid-och-kultur/forening-i-enkoping/sok-foreningsbidrag/bidrag-att-soka.html,0,text/html;charset=UTF-8,,,
enkoping.yaml,enkoping-verksamhetsstod,Årligt verksamhetsstöd,https://enkoping.se/fritid-och-kultur/forening-i-enkoping/sok-foreningsbidrag/bidrag-att-soka.html,200,https://enkoping.se/fritid-och-kultur/forening-i-enkoping/sok-foreningsbidrag/bidrag-att-soka.html,0,text/html;charset=UTF-8,,,
enkoping.yaml,enkoping-arrangorsstod,Arrangörsstöd för publika kulturarrangemang,https://enkoping.se/fritid-och-kultur/forening-i-enkoping/sok-foreningsbidrag/bidrag-att-soka.html,200,https://enkoping.se/fritid-och-kultur/forening-i-enkoping/sok-foreningsbidrag/bidrag-att-soka.html,0,text/html;charset=UTF-8,,,
enkoping.yaml,enkoping-utvecklingsstod,Stöd för utvecklingsinsatser,https://enkoping.se/fritid-och-kultur/forening-i-enkoping/sok-foreningsbidrag/bidrag-att-soka.html,200,https://enkoping.se/fritid-och-kultur/forening-i-enkoping/sok-foreningsbidrag/bidrag-att-soka.html,0,text/html;charset=UTF-8,,,
enkoping.yaml,enkoping-oppen-aktivitet,Öppen aktivitet,https://enkoping.se/fritid-och-kultur/forening-i-enkoping/sok-foreningsbidrag/bidrag-att-soka.html,200,https://enkoping.se/fritid-och-kultur/forening-i-enkoping/sok-foreningsbidrag/bidrag-att-soka.html,0,text/html;charset=UTF-8,,,
enkoping.yaml,enkoping-investeringsstod,Investeringsstöd,https://enkoping.se/fritid-och-kultur/forening-i-enkoping/sok-foreningsbidrag/bidrag-att-soka.html,200,https://enkoping.se/fritid-och-kultur/forening-i-enkoping/sok-foreningsbidrag/bidrag-att-soka.html,0,text/html;charset=UTF-8,,,
enkoping.yaml,enkoping-lovbidrag,Stöd för kostnadsfria lovaktiviteter,https://enkoping.se/fritid-och-kultur/forening-i-enkoping/sok-foreningsbidrag/bidrag-att-soka.html,200,https://enkoping.se/fritid-och-kultur/forening-i-enkoping/sok-foreningsbidrag/bidrag-att-soka.html,0,text/html;charset=UTF-8,,,
enkoping.yaml,enkoping-studieforbund,Bidrag till studieförbund,https://enkoping.se/download/18.3074f6241931f5d6fa2b1ac/1776691502470/regler-stod-civilsamhallet.pdf,200,https://enkoping.se/download/18.3074f6241931f5d6fa2b1ac/1776691502470/regler-stod-civilsamhallet.pdf,0,application/pdf,,,
enkoping.yaml,enkoping-aktivitetsstod-finska,Aktivitetsstöd för aktiviteter på finska,https://enkoping.se/fritid-och-kultur/forening-i-enkoping/sok-foreningsbidrag/bidrag-att-soka/aktivitetsstod-for-aktiviteter-pa-finska.html,200,https://enkoping.se/fritid-och-kultur/forening-i-enkoping/sok-foreningsbidrag/bidrag-att-soka/aktivitetsstod-for-aktiviteter-pa-finska.html,0,text/html;charset=UTF-8,,,
enkoping.yaml,enkoping-socialnamndens-verksamhetsbidrag,Socialnämndens verksamhetsbidrag till frivilliga organisationer,https://enkoping.se/fritid-och-kultur/forening-i-enkoping/soka-verksamhetsbidrag.html,200,https://enkoping.se/fritid-och-kultur/forening-i-enkoping/soka-verksamhetsbidrag.html,0,text/html;charset=UTF-8,,,
enkoping.yaml,enkoping-vagbidrag,Kommunalt vägbidrag för enskild väg,https://enkoping.se/trafik-och-gator/vagbidrag.html,200,https://enkoping.se/trafik-och-gator/vagbidrag.html,0,text/html;charset=UTF-8,,,
enkoping.yaml,enkoping-civilsamhallesstipendium,Civilsamhällesstipendium,https://enkoping.se/omsorg-och-stod/stiftelser-fonder-och-stipendier/civilsamhallesstipendium.html,200,https://enkoping.se/omsorg-och-stod/stiftelser-fonder-och-stipendier/civilsamhallesstipendium.html,0,text/html;charset=UTF-8,,,
eskilstuna.yaml,eskilstuna-verksamhetsbidrag-barn-unga,Verksamhetsbidrag för barn och unga samt personer med funktionsnedsättning,https://www.eskilstuna.se/kultur-och-fritid/foreningsliv-och-bidrag/soka-bidrag,200,https://www.eskilstuna.se/kultur-och-fritid/foreningsliv-och-bidrag/soka-bidrag,0,text/html;charset=UTF-8,,,
eskilstuna.yaml,eskilstuna-verksamhetsbidrag-samhallsnytta,Verksamhetsbidrag för särskild samhällsnytta och parasport,https://www.eskilstuna.se/kultur-och-fritid/foreningsliv-och-bidrag/soka-bidrag,200,https://www.eskilstuna.se/kultur-och-fritid/foreningsliv-och-bidrag/soka-bidrag,0,text/html;charset=UTF-8,,,
eskilstuna.yaml,eskilstuna-projektstod-kultur,Projektstöd till fria kulturutövare,https://www.eskilstuna.se/kultur-och-fritid/foreningsliv-och-bidrag/soka-bidrag,200,https://www.eskilstuna.se/kultur-och-fritid/foreningsliv-och-bidrag/soka-bidrag,0,text/html;charset=UTF-8,,,
eskilstuna.yaml,eskilstuna-investeringsbidrag,Investeringsbidrag (större/mindre),https://www.eskilstuna.se/kultur-och-fritid/foreningsliv-och-bidrag/soka-bidrag,200,https://www.eskilstuna.se/kultur-och-fritid/foreningsliv-och-bidrag/soka-bidrag,0,text/html;charset=UTF-8,,,
eskilstuna.yaml,eskilstuna-lovstod,Lovstöd,https://www.eskilstuna.se/kultur-och-fritid/foreningsliv-och-bidrag/soka-bidrag,200,https://www.eskilstuna.se/kultur-och-fritid/foreningsliv-och-bidrag/soka-bidrag,0,text/html;charset=UTF-8,,,
eslov.yaml,eslov-arrangemangsstod,Arrangemangsstöd,https://eslov.se/uppleva-gora/foreningar-och-studieforbund/bidrag-stod-och-stipendier/,200,https://eslov.se/uppleva-gora/foreningar-och-studieforbund/bidrag-stod-och-stipendier/,0,text/html; charset=UTF-8,,,
eslov.yaml,eslov-snabbstod,Snabbstöd,https://eslov.se/uppleva-gora/foreningar-och-studieforbund/bidrag-stod-och-stipendier/,200,https://eslov.se/uppleva-gora/foreningar-och-studieforbund/bidrag-stod-och-stipendier/,0,text/html; charset=UTF-8,,,
eslov.yaml,eslov-idrott-fritid,Stöd inom idrott och fritid,https://eslov.se/uppleva-gora/foreningar-och-studieforbund/bidrag-stod-och-stipendier/,200,https://eslov.se/uppleva-gora/foreningar-och-studieforbund/bidrag-stod-och-stipendier/,0,text/html; charset=UTF-8,,,
eslov.yaml,eslov-studieforbund,Bidrag till studieförbund,https://eslov.se/kommun-politik/kommunfakta/regler-och-styrande-dokument/bidragsnormer/,200,https://eslov.se/kommun-politik/kommunfakta/regler-och-styrande-dokument/bidragsnormer/,0,text/html; charset=UTF-8,,,
eslov.yaml,eslov-enskild-vag,Kommunalt bidrag till enskild väghållning,https://eslov.se/kommun-politik/kommunfakta/regler-och-styrande-dokument/bidragsnormer/,200,https://eslov.se/kommun-politik/kommunfakta/regler-och-styrande-dokument/bidragsnormer/,0,text/html; charset=UTF-8,,,
essunga.yaml,essunga-verksamhetsbidrag,Verksamhetsbidrag,https://www.essunga.se/uppleva--gora/foreningar.html,200,https://www.essunga.se/uppleva--gora/foreningar.html,0,text/html;charset=UTF-8,,,
essunga.yaml,essunga-kultur-fritidsbidrag,Bidrag för kultur- och fritidsföreningar,https://sjalvservice.essunga.se/,200,https://sjalvservice.essunga.se/,0,text/html;charset=ISO-8859-1,,,
essunga.yaml,essunga-kostnadskravande-projekt,Bidrag till kostnadskrävande projekt,https://sjalvservice.essunga.se/oversikt/overview/90,200,https://sjalvservice.essunga.se/oversikt/overview/90,0,text/html;charset=ISO-8859-1,,,
fagersta.yaml,fagersta-aktivitetsstod,Kommunalt aktivitetsstöd,https://fagersta.se/uppleva--gora/foreningsinformation/bidrag-och-stod,200,https://fagersta.se/uppleva--gora/foreningsinformation/bidrag-och-stod,0,text/html;charset=UTF-8,,,
fagersta.yaml,fagersta-grundbidrag,Grundbidrag till pensionärs- och funktionsrättsföreningar,https://fagersta.se/uppleva--gora/foreningsinformation/bidrag-och-stod,200,https://fagersta.se/uppleva--gora/foreningsinformation/bidrag-och-stod,0,text/html;charset=UTF-8,,,
fagersta.yaml,fagersta-riktat,Riktat föreningsbidrag,https://fagersta.se/uppleva--gora/foreningsinformation/bidrag-och-stod,200,https://fagersta.se/uppleva--gora/foreningsinformation/bidrag-och-stod,0,text/html;charset=UTF-8,,,
fagersta.yaml,fagersta-drift-underhall,Drift- och underhållsbidrag,https://fagersta.se/uppleva--gora/foreningsinformation/bidrag-och-stod,200,https://fagersta.se/uppleva--gora/foreningsinformation/bidrag-och-stod,0,text/html;charset=UTF-8,,,
falkenberg.yaml,falkenberg-startbidrag,Startbidrag,https://kommun.falkenberg.se/kultur-och-fritid/foreningar-inom-kultur-fritid-och-idrott/soka-bidrag-inom-kultur-fritid-och-idrott,200,https://kommun.falkenberg.se/kultur-och-fritid/foreningar-inom-kultur-fritid-och-idrott/soka-bidrag-inom-kultur-fritid-och-idrott,0,text/html; charset=utf-8,,,
falkenberg.yaml,falkenberg-medlemsbidrag,Medlemsbidrag,https://kommun.falkenberg.se/kultur-och-fritid/foreningar-inom-kultur-fritid-och-idrott/soka-bidrag-inom-kultur-fritid-och-idrott,200,https://kommun.falkenberg.se/kultur-och-fritid/foreningar-inom-kultur-fritid-och-idrott/soka-bidrag-inom-kultur-fritid-och-idrott,0,text/html; charset=utf-8,,,
falkenberg.yaml,falkenberg-utbildningsbidrag,Utbildningsbidrag,https://kommun.falkenberg.se/kultur-och-fritid/foreningar-inom-kultur-fritid-och-idrott/viktiga-datum-for-foreningslivet,200,https://kommun.falkenberg.se/kultur-och-fritid/foreningar-inom-kultur-fritid-och-idrott/viktiga-datum-for-foreningslivet,0,text/html; charset=utf-8,,,
falkenberg.yaml,falkenberg-aktivitetsbidrag-lok-stod,Aktivitetsbidrag/LOK-stöd,https://kommun.falkenberg.se/kultur-och-fritid/foreningar-inom-kultur-fritid-och-idrott/soka-bidrag-inom-kultur-fritid-och-idrott,200,https://kommun.falkenberg.se/kultur-och-fritid/foreningar-inom-kultur-fritid-och-idrott/soka-bidrag-inom-kultur-fritid-och-idrott,0,text/html; charset=utf-8,,,
falkenberg.yaml,falkenberg-aktivitetsbidrag-65plus,Aktivitetsbidrag 65+,https://kommun.falkenberg.se/kultur-och-fritid/foreningar-inom-kultur-fritid-och-idrott/soka-bidrag-inom-kultur-fritid-och-idrott,200,https://kommun.falkenberg.se/kultur-och-fritid/foreningar-inom-kultur-fritid-och-idrott/soka-bidrag-inom-kultur-fritid-och-idrott,0,text/html; charset=utf-8,,,
falkenberg.yaml,falkenberg-elitbidrag,Elitbidrag,https://kommun.falkenberg.se/kultur-och-fritid/foreningar-inom-kultur-fritid-och-idrott/soka-bidrag-inom-kultur-fritid-och-idrott,200,https://kommun.falkenberg.se/kultur-och-fritid/foreningar-inom-kultur-fritid-och-idrott/soka-bidrag-inom-kultur-fritid-och-idrott,0,text/html; charset=utf-8,,,
falkenberg.yaml,falkenberg-lokal-och-anlaggningsbidrag,Lokal- och anläggningsbidrag,https://kommun.falkenberg.se/kultur-och-fritid/foreningar-inom-kultur-fritid-och-idrott/soka-bidrag-inom-kultur-fritid-och-idrott,200,https://kommun.falkenberg.se/kultur-och-fritid/foreningar-inom-kultur-fritid-och-idrott/soka-bidrag-inom-kultur-fritid-och-idrott,0,text/html; charset=utf-8,,,
falkenberg.yaml,falkenberg-rantebidrag,Räntebidrag,https://kommun.falkenberg.se/kultur-och-fritid/foreningar-inom-kultur-fritid-och-idrott/soka-bidrag-inom-kultur-fritid-och-idrott,200,https://kommun.falkenberg.se/kultur-och-fritid/foreningar-inom-kultur-fritid-och-idrott/soka-bidrag-inom-kultur-fritid-och-idrott,0,text/html; charset=utf-8,,,
falkenberg.yaml,falkenberg-investeringsbidrag,Investeringsbidrag,https://kommun.falkenberg.se/kultur-och-fritid/foreningar-inom-kultur-fritid-och-idrott/soka-bidrag-inom-kultur-fritid-och-idrott,200,https://kommun.falkenberg.se/kultur-och-fritid/foreningar-inom-kultur-fritid-och-idrott/soka-bidrag-inom-kultur-fritid-och-idrott,0,text/html; charset=utf-8,,,
falkenberg.yaml,falkenberg-hembygdsforeningar,Bidrag till hembygdsföreningar,https://kommun.falkenberg.se/kultur-och-fritid/foreningar-inom-kultur-fritid-och-idrott/soka-bidrag-inom-kultur-fritid-och-idrott,200,https://kommun.falkenberg.se/kultur-och-fritid/foreningar-inom-kultur-fritid-och-idrott/soka-bidrag-inom-kultur-fritid-och-idrott,0,text/html; charset=utf-8,,,
falkenberg.yaml,falkenberg-studieforbundsbidrag,Bidrag till studieförbund,https://kommun.falkenberg.se/kultur-och-fritid/foreningar-inom-kultur-fritid-och-idrott/soka-bidrag-inom-kultur-fritid-och-idrott,200,https://kommun.falkenberg.se/kultur-och-fritid/foreningar-inom-kultur-fritid-och-idrott/soka-bidrag-inom-kultur-fritid-och-idrott,0,text/html; charset=utf-8,,,
falkenberg.yaml,falkenberg-bidrag-samlingslokal,Bidrag till samlingslokal,https://kommun.falkenberg.se/kultur-och-fritid/foreningar-inom-kultur-fritid-och-idrott/soka-bidrag-inom-kultur-fritid-och-idrott,200,https://kommun.falkenberg.se/kultur-och-fritid/foreningar-inom-kultur-fritid-och-idrott/soka-bidrag-inom-kultur-fritid-och-idrott,0,text/html; charset=utf-8,,,
falkenberg.yaml,falkenberg-arrangemang-projektstod-kultur,Arrangemangs- och projektstöd inom kultur,https://kommun.falkenberg.se/kultur-och-fritid/kultur/soek-bidrag-och-stoed-inom-kulturomradet/arrangemangs-och-projektstoed-inom-kultur,200,https://kommun.falkenberg.se/kultur-och-fritid/kultur/soek-bidrag-och-stoed-inom-kulturomradet/arrangemangs-och-projektstoed-inom-kultur,0,text/html; charset=utf-8,,,
falkenberg.yaml,falkenberg-verksamhetsstod-kultur,Verksamhetsstöd inom kultur,https://kommun.falkenberg.se/kultur-och-fritid/kultur/soek-bidrag-och-stoed-inom-kulturomradet/verksamhetsstoed-inom-kultur,200,https://kommun.falkenberg.se/kultur-och-fritid/kultur/soek-bidrag-och-stoed-inom-kulturomradet/verksamhetsstoed-inom-kultur,0,text/html; charset=utf-8,,,
falkenberg.yaml,falkenberg-landsbygdsbidrag,Bidrag till satsningar på landsbygden,https://kommun.falkenberg.se/bygga-bo-och-miljo/falkenberg-vaxer/utveckling-av-centrum-och-landsbygd/satsningar-pa-landsbygden/bidrag-till-satsningar-pa-landsbygden,200,https://kommun.falkenberg.se/bygga-bo-och-miljo/falkenberg-vaxer/utveckling-av-centrum-och-landsbygd/satsningar-pa-landsbygden/bidrag-till-satsningar-pa-landsbygden,0,text/html; charset=utf-8,,,
falkenberg.yaml,falkenberg-samfallighet-inom-detaljplan,Bidrag till samfällighetsföreningar inom detaljplan,https://kommun.falkenberg.se/gator-och-trafik/gator-och-vagar/vagsamfalligheter-och-vagforeningar,200,https://kommun.falkenberg.se/gator-och-trafik/gator-och-vagar/vagsamfalligheter-och-vagforeningar,0,text/html; charset=utf-8,,,
falkenberg.yaml,falkenberg-samfallighet-utom-detaljplan,Bidrag till samfällighetsföreningar utanför detaljplan,https://kommun.falkenberg.se/gator-och-trafik/gator-och-vagar/vagsamfalligheter-och-vagforeningar,200,https://kommun.falkenberg.se/gator-och-trafik/gator-och-vagar/vagsamfalligheter-och-vagforeningar,0,text/html; charset=utf-8,,,
falkenberg.yaml,falkenberg-natur-miljovardsbidrag,Natur- och miljövårdsbidrag,https://kommun.falkenberg.se/bygga-bo-och-miljo/hallbar-omstallning/naturvard/natur-och-miljoevardsbidrag,200,https://kommun.falkenberg.se/bygga-bo-och-miljo/hallbar-omstallning/naturvard/natur-och-miljoevardsbidrag,0,text/html; charset=utf-8,,,
falkenberg.yaml,falkenberg-stiftelser-fonder,"Stiftelser, stipendier och fonder",https://kommun.falkenberg.se/om-kommunen/ekonomi-kvalitet-och-styrning/kommunens-ekonomi/stiftelser-stipendier-och-fonder,200,https://kommun.falkenberg.se/om-kommunen/ekonomi-kvalitet-och-styrning/kommunens-ekonomi/stiftelser-stipendier-och-fonder,0,text/html; charset=utf-8,,,
falkenberg.yaml,falkenberg-foreningsbidrag-social,Föreningsbidrag — social inriktning,https://kommun.falkenberg.se/omsorg-och-hjalp/stoed-till-foereningar-med-social-inriktning,200,https://kommun.falkenberg.se/omsorg-och-hjalp/stoed-till-foereningar-med-social-inriktning,0,text/html; charset=utf-8,,,
falkenberg.yaml,falkenberg-kulturpriset,Kulturpriset,https://kommun.falkenberg.se/om-kommunen/kommunens-priser/kulturpriset,200,https://kommun.falkenberg.se/om-kommunen/kommunens-priser/kulturpriset,0,text/html; charset=utf-8,,,
falkenberg.yaml,falkenberg-hallbarhetspriset,Hållbarhetspriset,https://kommun.falkenberg.se/om-kommunen/kommunens-priser/hallbarhetspriset,200,https://kommun.falkenberg.se/om-kommunen/kommunens-priser/hallbarhetspriset,0,text/html; charset=utf-8,,,
falkoping.yaml,falkoping-aktivitetsstod,Aktivitetsstöd,https://www.falkoping.se/uppleva--gora/foreningar/foreningsbidrag,200,https://www.falkoping.se/uppleva--gora/foreningar/foreningsbidrag,0,text/html;charset=UTF-8,,,
falkoping.yaml,falkoping-arrangemangsstod,Arrangemangsstöd,https://www.falkoping.se/uppleva--gora/foreningar/foreningsbidrag,200,https://www.falkoping.se/uppleva--gora/foreningar/foreningsbidrag,0,text/html;charset=UTF-8,,,
falkoping.yaml,falkoping-utvecklingsprojekt,Stöd till utvecklingsprojekt,https://www.falkoping.se/uppleva--gora/foreningar/foreningsbidrag,200,https://www.falkoping.se/uppleva--gora/foreningar/foreningsbidrag,0,text/html;charset=UTF-8,,,
falkoping.yaml,falkoping-anlaggningsbidrag,Anläggningsbidrag,https://www.falkoping.se/uppleva--gora/foreningar/foreningsbidrag,200,https://www.falkoping.se/uppleva--gora/foreningar/foreningsbidrag,0,text/html;charset=UTF-8,,,
falkoping.yaml,falkoping-lokalbidrag,Lokalbidrag,https://www.falkoping.se/uppleva--gora/foreningar/foreningsbidrag,200,https://www.falkoping.se/uppleva--gora/foreningar/foreningsbidrag,0,text/html;charset=UTF-8,,,
falkoping.yaml,falkoping-investeringsbidrag,Investeringsbidrag,https://www.falkoping.se/uppleva--gora/foreningar/foreningsbidrag,200,https://www.falkoping.se/uppleva--gora/foreningar/foreningsbidrag,0,text/html;charset=UTF-8,,,
falkoping.yaml,falkoping-boverket-medfinansiering,Boverket-medfinansiering,https://www.falkoping.se/uppleva--gora/foreningar/foreningsbidrag,200,https://www.falkoping.se/uppleva--gora/foreningar/foreningsbidrag,0,text/html;charset=UTF-8,,,
falkoping.yaml,falkoping-studieforbundsbidrag,Studieförbundsbidrag,https://www.falkoping.se/uppleva--gora/foreningar/foreningsbidrag,200,https://www.falkoping.se/uppleva--gora/foreningar/foreningsbidrag,0,text/html;charset=UTF-8,,,
falkoping.yaml,falkoping-vag-anslutningsbidrag,VA-anslutningsbidrag,https://www.falkoping.se/uppleva--gora/foreningar/foreningsbidrag,200,https://www.falkoping.se/uppleva--gora/foreningar/foreningsbidrag,0,text/html;charset=UTF-8,,,
falkoping.yaml,falkoping-folkhalsorad,Folkhälsoråd (samordning),https://www.falkoping.se/uppleva--gora/foreningar/foreningsbidrag,200,https://www.falkoping.se/uppleva--gora/foreningar/foreningsbidrag,0,text/html;charset=UTF-8,,,
falun.yaml,falun-lok-stod,Lokalt aktivitetsstöd (LOK-stöd),https://www.falun.se/gora--uppleva/foreningar-och-bidrag/bidrag-stod-och-stipendier/bidrag-till-kultur--idrotts--och-fritidsforeningar/bidragsregler-for-kultur--och-fritidsforvaltningen.html,200,https://www.falun.se/gora--uppleva/foreningar-och-bidrag/bidrag-stod-och-stipendier/bidrag-till-kultur--idrotts--och-fritidsforeningar/bidragsregler-for-kultur--och-fritidsforvaltningen.html,0,text/html;charset=UTF-8,,,
falun.yaml,falun-stod-lokaler-barn-ungdom,Stöd till lokaler (barn- och ungdomsverksamhet),https://www.falun.se/gora--uppleva/foreningar-och-bidrag/bidrag-stod-och-stipendier/bidrag-till-kultur--idrotts--och-fritidsforeningar/bidragsregler-for-kultur--och-fritidsforvaltningen.html,200,https://www.falun.se/gora--uppleva/foreningar-och-bidrag/bidrag-stod-och-stipendier/bidrag-till-kultur--idrotts--och-fritidsforeningar/bidragsregler-for-kultur--och-fritidsforvaltningen.html,0,text/html;charset=UTF-8,,,
falun.yaml,falun-investeringsbidrag-lokaler,Investerings- och renoveringsbidrag till föreningsägda lokaler och anläggningar,https://www.falun.se/gora--uppleva/foreningar-och-bidrag/bidrag-stod-och-stipendier/bidrag-till-kultur--idrotts--och-fritidsforeningar/bidragsregler-for-kultur--och-fritidsforvaltningen.html,200,https://www.falun.se/gora--uppleva/foreningar-och-bidrag/bidrag-stod-och-stipendier/bidrag-till-kultur--idrotts--och-fritidsforeningar/bidragsregler-for-kultur--och-fritidsforvaltningen.html,0,text/html;charset=UTF-8,,,
falun.yaml,falun-ung-leder-ung,Ung leder ung,https://www.falun.se/gora--uppleva/foreningar-och-bidrag/bidrag-stod-och-stipendier/bidrag-till-kultur--idrotts--och-fritidsforeningar/bidragsregler-for-kultur--och-fritidsforvaltningen.html,200,https://www.falun.se/gora--uppleva/foreningar-och-bidrag/bidrag-stod-och-stipendier/bidrag-till-kultur--idrotts--och-fritidsforeningar/bidragsregler-for-kultur--och-fritidsforvaltningen.html,0,text/html;charset=UTF-8,,,
falun.yaml,falun-projektbidrag-sarskilda-projekt,Projektbidrag för särskilda projekt och publika arrangemang,https://www.falun.se/gora--uppleva/foreningar-och-bidrag/bidrag-stod-och-stipendier/bidrag-till-kultur--idrotts--och-fritidsforeningar/bidragsregler-for-kultur--och-fritidsforvaltningen.html,200,https://www.falun.se/gora--uppleva/foreningar-och-bidrag/bidrag-stod-och-stipendier/bidrag-till-kultur--idrotts--och-fritidsforeningar/bidragsregler-for-kultur--och-fritidsforvaltningen.html,0,text/html;charset=UTF-8,,,
falun.yaml,falun-verksamhetsbidrag-entre,Verksamhetsbidrag för entrébelagd arrangemangsverksamhet,https://www.falun.se/gora--uppleva/foreningar-och-bidrag/bidrag-stod-och-stipendier/bidrag-till-kultur--idrotts--och-fritidsforeningar/bidragsregler-for-kultur--och-fritidsforvaltningen.html,200,https://www.falun.se/gora--uppleva/foreningar-och-bidrag/bidrag-stod-och-stipendier/bidrag-till-kultur--idrotts--och-fritidsforeningar/bidragsregler-for-kultur--och-fritidsforvaltningen.html,0,text/html;charset=UTF-8,,,
falun.yaml,falun-verksamhetsbidrag-avgiftsfri,Verksamhetsbidrag för avgiftsfri arrangemangsverksamhet,https://www.falun.se/gora--uppleva/foreningar-och-bidrag/bidrag-stod-och-stipendier/bidrag-till-kultur--idrotts--och-fritidsforeningar/bidragsregler-for-kultur--och-fritidsforvaltningen.html,200,https://www.falun.se/gora--uppleva/foreningar-och-bidrag/bidrag-stod-och-stipendier/bidrag-till-kultur--idrotts--och-fritidsforeningar/bidragsregler-for-kultur--och-fritidsforvaltningen.html,0,text/html;charset=UTF-8,,,
falun.yaml,falun-lokalbidrag-vavstugor-bygdegardar,"Lokalbidrag till föreningsägda vävstugor, folkets hus och bygdegårdar",https://www.falun.se/gora--uppleva/foreningar-och-bidrag/bidrag-stod-och-stipendier/bidrag-till-kultur--idrotts--och-fritidsforeningar/bidragsregler-for-kultur--och-fritidsforvaltningen.html,200,https://www.falun.se/gora--uppleva/foreningar-och-bidrag/bidrag-stod-och-stipendier/bidrag-till-kultur--idrotts--och-fritidsforeningar/bidragsregler-for-kultur--och-fritidsforvaltningen.html,0,text/html;charset=UTF-8,,,
falun.yaml,falun-lokalbidrag-hembygdsgardar,Lokalbidrag till föreningsägda hembygdsgårdar,https://www.falun.se/gora--uppleva/foreningar-och-bidrag/bidrag-stod-och-stipendier/bidrag-till-kultur--idrotts--och-fritidsforeningar/bidragsregler-for-kultur--och-fritidsforvaltningen.html,200,https://www.falun.se/gora--uppleva/foreningar-och-bidrag/bidrag-stod-och-stipendier/bidrag-till-kultur--idrotts--och-fritidsforeningar/bidragsregler-for-kultur--och-fritidsforvaltningen.html,0,text/html;charset=UTF-8,,,
falun.yaml,falun-lokalbidrag-hyrda-vavstugor,Lokalbidrag till hyrda kontraktsbundna vävstugor,https://www.falun.se/gora--uppleva/foreningar-och-bidrag/bidrag-stod-och-stipendier/bidrag-till-kultur--idrotts--och-fritidsforeningar/bidragsregler-for-kultur--och-fritidsforvaltningen.html,200,https://www.falun.se/gora--uppleva/foreningar-och-bidrag/bidrag-stod-och-stipendier/bidrag-till-kultur--idrotts--och-fritidsforeningar/bidragsregler-for-kultur--och-fritidsforvaltningen.html,0,text/html;charset=UTF-8,,,
falun.yaml,falun-start-av-forening,Start av förening,https://www.falun.se/gora--uppleva/foreningar-och-bidrag/bidrag-stod-och-stipendier/bidrag-till-kultur--idrotts--och-fritidsforeningar/bidragsregler-for-kultur--och-fritidsforvaltningen.html,200,https://www.falun.se/gora--uppleva/foreningar-och-bidrag/bidrag-stod-och-stipendier/bidrag-till-kultur--idrotts--och-fritidsforeningar/bidragsregler-for-kultur--och-fritidsforvaltningen.html,0,text/html;charset=UTF-8,,,
falun.yaml,falun-studieforbundsbidrag,Kommunbidrag till studieförbund,https://www.falun.se/gora--uppleva/foreningar-och-bidrag/bidrag-stod-och-stipendier/bidrag-till-kultur--idrotts--och-fritidsforeningar/bidragsregler-for-kultur--och-fritidsforvaltningen.html,200,https://www.falun.se/gora--uppleva/foreningar-och-bidrag/bidrag-stod-och-stipendier/bidrag-till-kultur--idrotts--och-fritidsforeningar/bidragsregler-for-kultur--och-fritidsforvaltningen.html,0,text/html;charset=UTF-8,,,
falun.yaml,falun-pensionar-grundbidrag,Grundbidrag för pensionärsorganisationer,https://www.falun.se/gora--uppleva/foreningar-och-bidrag/bidrag-stod-och-stipendier/pensionarsverksamhet.html,200,https://www.falun.se/gora--uppleva/foreningar-och-bidrag/bidrag-stod-och-stipendier/pensionarsverksamhet.html,0,text/html;charset=UTF-8,,,
falun.yaml,falun-funktionshinder-grundbidrag,Grundbidrag för funktionshinderorganisationer,https://www.falun.se/gora--uppleva/foreningar-och-bidrag/bidrag-stod-och-stipendier/funktionshinderorganisationer.html,200,https://www.falun.se/gora--uppleva/foreningar-och-bidrag/bidrag-stod-och-stipendier/funktionshinderorganisationer.html,0,text/html;charset=UTF-8,,,
falun.yaml,falun-evenemangsstod,Evenemangsstöd,https://www.falun.se/gora--uppleva/foreningar-och-bidrag/bidrag-stod-och-stipendier/evenemangsstod.html,200,https://www.falun.se/gora--uppleva/foreningar-och-bidrag/bidrag-stod-och-stipendier/evenemangsstod.html,0,text/html;charset=UTF-8,,,
falun.yaml,falun-stiftelsen-fritidens-framjande,Stiftelsen för fritidens främjande i Falu kommun,https://www.falun.se/gora--uppleva/foreningar-och-bidrag/bidrag-stod-och-stipendier/stiftelsen-for-fritidens-framjande.html,200,https://www.falun.se/gora--uppleva/foreningar-och-bidrag/bidrag-stod-och-stipendier/stiftelsen-for-fritidens-framjande.html,0,text/html;charset=UTF-8,,,
falun.yaml,falun-lonebidrag,Kommunalt lönebidrag för föreningar,https://www.falun.se/jobb--foretagande/jobb-och-praktik/arbetsmarknadsinsatser/for-foreningar---kommunalt-lonebidrag.html,200,https://www.falun.se/jobb--foretagande/jobb-och-praktik/arbetsmarknadsinsatser/for-foreningar---kommunalt-lonebidrag.html,0,text/html;charset=UTF-8,,,
falun.yaml,falun-feriearbete-stod,Ekonomiskt stöd till föreningar vid feriearbete,https://www.falun.se/jobb--foretagande/jobb-och-praktik/jobb-och-praktik-for-ungdomar/for-foreningar---ekonomiskt-stod-vid-feriearbete.html,200,https://www.falun.se/jobb--foretagande/jobb-och-praktik/jobb-och-praktik-for-ungdomar/for-foreningar---ekonomiskt-stod-vid-feriearbete.html,0,text/html;charset=UTF-8,,,
falun.yaml,falun-kommundelsutveckling,Kommundelsutveckling,https://www.falun.se/bygga-bo--miljo/landsbygd/stod-och-finansieringsmojligheter/kommundelsutveckling.html,200,https://www.falun.se/bygga-bo--miljo/landsbygd/stod-och-finansieringsmojligheter/kommundelsutveckling.html,0,text/html;charset=UTF-8,,,
falun.yaml,falun-vagbidrag-drift,Driftbidrag till enskilda vägar,https://www.falun.se/download/18.271bc952197582675f959406/1750063096354/Nya%20bidragsbest%C3%A4mmelsser%20f%C3%B6r%20driftbidrag.pdf,200,https://www.falun.se/download/18.271bc952197582675f959406/1750063096354/Nya%20bidragsbest%C3%A4mmelsser%20f%C3%B6r%20driftbidrag.pdf,0,application/pdf,,,
falun.yaml,falun-vagbidrag-upprustning,Upprustningsbidrag till enskilda vägar,https://www.falun.se/download/18.760ea7cb1775059b30c216de/1612166165558/Upprustningsbidragsmodell.pdf,200,https://www.falun.se/download/18.760ea7cb1775059b30c216de/1612166165558/Upprustningsbidragsmodell.pdf,0,application/pdf,,,
falun.yaml,falun-ks-stiftelser,Kommunstyrelsens stiftelser och fonder,https://www.falun.se/kommun--demokrati/kommunens-organisation/kommunstyrelsen/kommunstyrelsens-stiftelser-och-fonder.html,200,https://www.falun.se/kommun--demokrati/kommunens-organisation/kommunstyrelsen/kommunstyrelsens-stiftelser-och-fonder.html,0,text/html;charset=UTF-8,,,
falun.yaml,falun-socialnamnd-stiftelser,Arbetslivs- och socialnämndens stiftelser (sociala ändamål),https://www.falun.se/stod--omsorg/arbetslivs--och-socialnamndens-stiftelser.html,200,https://www.falun.se/stod--omsorg/arbetslivs--och-socialnamndens-stiftelser.html,0,text/html;charset=UTF-8,,,
fargelanda.yaml,fargelanda-startbidrag,Startbidrag,https://fargelanda.se/uppleva-och-gora/fritid/foreningsverksamhet/,200,https://fargelanda.se/uppleva-och-gora/fritid/foreningsverksamhet/,0,text/html; charset=utf-8,,,
fargelanda.yaml,fargelanda-aktivitetsbidrag,Aktivitetsbidrag,https://fargelanda.se/uppleva-och-gora/fritid/foreningsverksamhet/,200,https://fargelanda.se/uppleva-och-gora/fritid/foreningsverksamhet/,0,text/html; charset=utf-8,,,
fargelanda.yaml,fargelanda-anlaggningsbidrag,Anläggningsbidrag,https://fargelanda.se/uppleva-och-gora/fritid/foreningsverksamhet/,200,https://fargelanda.se/uppleva-och-gora/fritid/foreningsverksamhet/,0,text/html; charset=utf-8,,,
fargelanda.yaml,fargelanda-arrangemangsstod,Arrangemangsstöd,https://fargelanda.se/uppleva-och-gora/fritid/foreningsverksamhet/,200,https://fargelanda.se/uppleva-och-gora/fritid/foreningsverksamhet/,0,text/html; charset=utf-8,,,
fargelanda.yaml,fargelanda-bidrag-for-tillfallig-forening,Bidrag för tillfällig förening,https://fargelanda.se/uppleva-och-gora/fritid/foreningsverksamhet/,200,https://fargelanda.se/uppleva-och-gora/fritid/foreningsverksamhet/,0,text/html; charset=utf-8,,,
fargelanda.yaml,fargelanda-investeringsbidrag,Investeringsbidrag,https://fargelanda.se/uppleva-och-gora/fritid/foreningsverksamhet/,200,https://fargelanda.se/uppleva-och-gora/fritid/foreningsverksamhet/,0,text/html; charset=utf-8,,,
fargelanda.yaml,fargelanda-bidrag-till-studieforbund,Bidrag till studieförbund,https://fargelanda.se/uppleva-och-gora/fritid/foreningsverksamhet/,200,https://fargelanda.se/uppleva-och-gora/fritid/foreningsverksamhet/,0,text/html; charset=utf-8,,,
filipstad.yaml,filipstad-verksamhetsbidrag,Verksamhetsbidrag,https://www.filipstad.se/toppmeny/upplevaochgora/foreningsverksamhet/foreningsochverksamhetsbidrag.912.html,200,https://www.filipstad.se/toppmeny/upplevaochgora/foreningsverksamhet/foreningsochverksamhetsbidrag.912.html,0,text/html;charset=UTF-8,,,
filipstad.yaml,filipstad-socialbidrag,Socialt verksamhetsbidrag,https://www.filipstad.se/toppmeny/upplevaochgora/foreningsverksamhet/foreningsochverksamhetsbidrag.912.html,200,https://www.filipstad.se/toppmeny/upplevaochgora/foreningsverksamhet/foreningsochverksamhetsbidrag.912.html,0,text/html;charset=UTF-8,,,
filipstad.yaml,filipstad-studiebidrag,Studiebidrag,https://www.filipstad.se/toppmeny/upplevaochgora/foreningsverksamhet/foreningsochverksamhetsbidrag.912.html,200,https://www.filipstad.se/toppmeny/upplevaochgora/foreningsverksamhet/foreningsochverksamhetsbidrag.912.html,0,text/html;charset=UTF-8,,,
filipstad.yaml,filipstad-arrangemangsbidrag,Arrangemangsbidrag,https://www.filipstad.se/toppmeny/upplevaochgora/foreningsverksamhet/foreningsochverksamhetsbidrag.912.html,200,https://www.filipstad.se/toppmeny/upplevaochgora/foreningsverksamhet/foreningsochverksamhetsbidrag.912.html,0,text/html;charset=UTF-8,,,
filipstad.yaml,filipstad-investeringsbidrag,Investeringsbidrag,https://www.filipstad.se/toppmeny/upplevaochgora/foreningsverksamhet/foreningsochverksamhetsbidrag.912.html,200,https://www.filipstad.se/toppmeny/upplevaochgora/foreningsverksamhet/foreningsochverksamhetsbidrag.912.html,0,text/html;charset=UTF-8,,,
finspang.yaml,finspang-aktivitetsbidrag-barn-unga,Aktivitetsbidrag – barn och unga,https://finspang.se/kulturochfritid/foreningsliv-och-bidrag/foreningsbidrag,200,https://finspang.se/kulturochfritid/foreningsliv-och-bidrag/foreningsbidrag,0,text/html;charset=UTF-8,,,
finspang.yaml,finspang-aktivitetsbidrag-folkhalsa,Aktivitetsbidrag – folkhälsa,https://finspang.se/kulturochfritid/foreningsliv-och-bidrag/foreningsbidrag,200,https://finspang.se/kulturochfritid/foreningsliv-och-bidrag/foreningsbidrag,0,text/html;charset=UTF-8,,,
finspang.yaml,finspang-aktivitetsbidrag-socialt,Aktivitetsbidrag – sociala aktiviteter,https://finspang.se/kulturochfritid/foreningsliv-och-bidrag/foreningsbidrag,200,https://finspang.se/kulturochfritid/foreningsliv-och-bidrag/foreningsbidrag,0,text/html;charset=UTF-8,,,
finspang.yaml,finspang-arrangemangsstod,Arrangemangsstöd,https://finspang.se/kulturochfritid/foreningsliv-och-bidrag/foreningsbidrag,200,https://finspang.se/kulturochfritid/foreningsliv-och-bidrag/foreningsbidrag,0,text/html;charset=UTF-8,,,
finspang.yaml,finspang-investering-hallbarhet,Investerings- och hållbarhetsutvecklingsbidrag,https://finspang.se/kulturochfritid/foreningsliv-och-bidrag/foreningsbidrag,200,https://finspang.se/kulturochfritid/foreningsliv-och-bidrag/foreningsbidrag,0,text/html;charset=UTF-8,,,
finspang.yaml,finspang-ungdomscheck,Ungdomscheck,https://finspang.se/kulturochfritid/foreningsliv-och-bidrag,200,https://finspang.se/kulturochfritid/foreningsliv-och-bidrag,0,text/html;charset=UTF-8,,,
flen.yaml,flen-allmant-foreningsstod,Allmänt föreningsstöd,https://etjanster.flen.se/,200,https://etjanster.flen.se/,0,text/html;charset=ISO-8859-1,,,
flen.yaml,flen-arrangemangsbidrag,Arrangemangsbidrag,https://flen.se/uppleva--gora/foreningsliv,200,https://flen.se/uppleva--gora/foreningsliv,0,text/html;charset=UTF-8,,,
flen.yaml,flen-investeringsbidrag,Investeringsbidrag,https://flen.se/uppleva--gora/foreningsliv,200,https://flen.se/uppleva--gora/foreningsliv,0,text/html;charset=UTF-8,,,
forshaga.yaml,forshaga-anlaggnings-hyresstod,Anläggnings- och hyresstöd,https://www.forshaga.se/upplevaochgora/foreningarforeningsliv/stodtillforeningslivet.4.70c52033121865b13988000283.html,200,https://www.forshaga.se/upplevaochgora/foreningarforeningsliv/stodtillforeningslivet.4.70c52033121865b13988000283.html,0,text/html;charset=UTF-8,,,
forshaga.yaml,forshaga-arrangemangsstod,Arrangemangsstöd,https://www.forshaga.se/upplevaochgora/foreningarforeningsliv/stodtillforeningslivet.4.70c52033121865b13988000283.html,200,https://www.forshaga.se/upplevaochgora/foreningarforeningsliv/stodtillforeningslivet.4.70c52033121865b13988000283.html,0,text/html;charset=UTF-8,,,
forshaga.yaml,forshaga-aktivitetsstod,Kommunalt aktivitetsstöd,https://www.forshaga.se/upplevaochgora/foreningarforeningsliv/stodtillforeningslivet.4.70c52033121865b13988000283.html,200,https://www.forshaga.se/upplevaochgora/foreningarforeningsliv/stodtillforeningslivet.4.70c52033121865b13988000283.html,0,text/html;charset=UTF-8,,,
forshaga.yaml,forshaga-utbildningsstod,Utbildningsstöd,https://www.forshaga.se/upplevaochgora/foreningarforeningsliv/stodtillforeningslivet.4.70c52033121865b13988000283.html,200,https://www.forshaga.se/upplevaochgora/foreningarforeningsliv/stodtillforeningslivet.4.70c52033121865b13988000283.html,0,text/html;charset=UTF-8,,,
forshaga.yaml,forshaga-investeringsstod,Stöd till investering,https://www.forshaga.se/upplevaochgora/foreningarforeningsliv/stodtillforeningslivet.4.70c52033121865b13988000283.html,200,https://www.forshaga.se/upplevaochgora/foreningarforeningsliv/stodtillforeningslivet.4.70c52033121865b13988000283.html,0,text/html;charset=UTF-8,,,
forshaga.yaml,forshaga-ansokningshjalp,Stöd för ansökningshjälp,https://www.forshaga.se/upplevaochgora/foreningarforeningsliv/stodtillforeningslivet.4.70c52033121865b13988000283.html,200,https://www.forshaga.se/upplevaochgora/foreningarforeningsliv/stodtillforeningslivet.4.70c52033121865b13988000283.html,0,text/html;charset=UTF-8,,,
forshaga.yaml,forshaga-motesplatsstod,Mötesplatsstöd,https://www.forshaga.se/upplevaochgora/foreningarforeningsliv/stodtillforeningslivet.4.70c52033121865b13988000283.html,200,https://www.forshaga.se/upplevaochgora/foreningarforeningsliv/stodtillforeningslivet.4.70c52033121865b13988000283.html,0,text/html;charset=UTF-8,,,
forshaga.yaml,forshaga-projektstod,Projektstöd,https://www.forshaga.se/upplevaochgora/foreningarforeningsliv/stodtillforeningslivet.4.70c52033121865b13988000283.html,200,https://www.forshaga.se/upplevaochgora/foreningarforeningsliv/stodtillforeningslivet.4.70c52033121865b13988000283.html,0,text/html;charset=UTF-8,,,
forshaga.yaml,forshaga-studieforbund,Kommunbidrag till studieförbund,https://www.forshaga.se/upplevaochgora/studieforbund.4.166f07e319c6d70205f4da39.html,200,https://www.forshaga.se/upplevaochgora/studieforbund.4.166f07e319c6d70205f4da39.html,0,text/html;charset=UTF-8,,,
forshaga.yaml,forshaga-pensionarsfonder,Donationsfonder för pensionärsföreningar,https://www.forshaga.se/upplevaochgora/foreningarforeningsliv/fonder.4.2fe0654b17f44ad5adc18e79.html,200,https://www.forshaga.se/upplevaochgora/foreningarforeningsliv/fonder.4.2fe0654b17f44ad5adc18e79.html,0,text/html;charset=UTF-8,,,
gagnef.yaml,gagnef-arrangorbidrag,Arrangeörbidrag,https://www.gagnef.se/kultur-och-fritid/fritid-och-idrott/stod-och-bidrag-inom-kultur-fritids-och-idrottsverksamhet-2/,200,https://www.gagnef.se/kultur-och-fritid/fritid-och-idrott/stod-och-bidrag-inom-kultur-fritids-och-idrottsverksamhet-2/,0,text/html; charset=UTF-8,,,
gagnef.yaml,gagnef-fritidsidrott,"Föreningsbidrag fritid, idrott och kultur",https://www.gagnef.se/kultur-och-fritid/fritid-och-idrott/stod-och-bidrag-inom-kultur-fritids-och-idrottsverksamhet-2/,200,https://www.gagnef.se/kultur-och-fritid/fritid-och-idrott/stod-och-bidrag-inom-kultur-fritids-och-idrottsverksamhet-2/,0,text/html; charset=UTF-8,,,
gagnef.yaml,gagnef-socialt-foreningsbidrag,Föreningsbidrag inom socialt område,https://www.gagnef.se/stod-omsorg-och-vard/foreningsbidrag/,200,https://www.gagnef.se/stod-omsorg-och-vard/foreningsbidrag/,0,text/html; charset=UTF-8,,,
gallivare.yaml,gallivare-fritidkultur,Fritids- och kulturbidrag,https://gallivare.se/omsorg-och-stod/ekonomi---stod-och-radgivning/bidrag-stod-och-stipendier,200,https://gallivare.se/omsorg-och-stod/ekonomi---stod-och-radgivning/bidrag-stod-och-stipendier,0,text/html;charset=UTF-8,,,
gallivare.yaml,gallivare-kulturstod,Kulturstöd,https://gallivare.se/omsorg-och-stod/ekonomi---stod-och-radgivning/bidrag-stod-och-stipendier,200,https://gallivare.se/omsorg-och-stod/ekonomi---stod-och-radgivning/bidrag-stod-och-stipendier,0,text/html;charset=UTF-8,,,
gallivare.yaml,gallivare-socialbidrag,Socialt verksamhetsbidrag,https://gallivare.se/omsorg-och-stod/ekonomi---stod-och-radgivning/bidrag-stod-och-stipendier,200,https://gallivare.se/omsorg-och-stod/ekonomi---stod-och-radgivning/bidrag-stod-och-stipendier,0,text/html;charset=UTF-8,,,
gavle.yaml,gavle-medlemsstod,Medlemsstöd,https://www.gavle.se/kommunens-service/kultur-och-fritid/foreningar-och-organisationer/sok-foreningsstod/sok-medlemsstod/,200,https://www.gavle.se/kultur-och-fritid/foreningar-och-organisationer/sok-foreningsstod/sok-medlemsstod/,1,text/html; charset=UTF-8,,,
gavle.yaml,gavle-verksamhetsstod,Verksamhetsstöd,https://www.gavle.se/kultur-och-fritid/foreningar-och-organisationer/sok-foreningsstod/sok-verksamhetsstod/,200,https://www.gavle.se/kultur-och-fritid/foreningar-och-organisationer/sok-foreningsstod/sok-verksamhetsstod/,0,text/html; charset=UTF-8,,,
gavle.yaml,gavle-anlaggningsstod,Anläggningsstöd,https://www.gavle.se/kultur-och-fritid/foreningar-och-organisationer/sok-foreningsstod/sok-anlaggningsstod/,200,https://www.gavle.se/kultur-och-fritid/foreningar-och-organisationer/sok-foreningsstod/sok-anlaggningsstod/,0,text/html; charset=UTF-8,,,
gavle.yaml,gavle-arrangemangsstod,Arrangemangsstöd (kultur),https://www.gavle.se/kommunens-service/kultur-och-fritid/foreningar-och-organisationer/sok-foreningsstod/sok-arrangemangsstod/,200,https://www.gavle.se/kultur-och-fritid/foreningar-och-organisationer/sok-foreningsstod/sok-arrangemangsstod/,1,text/html; charset=UTF-8,,,
gavle.yaml,gavle-projektstod-kultur,Projektstöd (kultur),https://www.gavle.se/kommunens-service/kultur-och-fritid/foreningar-och-organisationer/sok-foreningsstod/sok-projektstod/,200,https://www.gavle.se/kultur-och-fritid/foreningar-och-organisationer/sok-foreningsstod/sok-projektstod/,1,text/html; charset=UTF-8,,,
gavle.yaml,gavle-lovstod,Lovstöd,https://www.gavle.se/kultur-och-fritid/foreningar-och-organisationer/sok-foreningsstod/,200,https://www.gavle.se/kultur-och-fritid/foreningar-och-organisationer/sok-foreningsstod/,0,text/html; charset=UTF-8,,,
gislaved.yaml,gislaved-startbidrag,Startbidrag,https://www.gislaved.se/uppleva-och-gora/foreningsliv/foreningsbidrag-fritid--och-kulturforeningar,200,https://www.gislaved.se/uppleva-och-gora/foreningsliv/foreningsbidrag-fritid--och-kulturforeningar,0,text/html;charset=UTF-8,,,
gislaved.yaml,gislaved-grundbidrag,Grundbidrag,https://www.gislaved.se/uppleva-och-gora/foreningsliv/foreningsbidrag-fritid--och-kulturforeningar,200,https://www.gislaved.se/uppleva-och-gora/foreningsliv/foreningsbidrag-fritid--och-kulturforeningar,0,text/html;charset=UTF-8,,,
gislaved.yaml,gislaved-aktivitetsbidrag,Lokalt aktivitetsbidrag,https://www.gislaved.se/uppleva-och-gora/foreningsliv/foreningsbidrag-fritid--och-kulturforeningar,200,https://www.gislaved.se/uppleva-och-gora/foreningsliv/foreningsbidrag-fritid--och-kulturforeningar,0,text/html;charset=UTF-8,,,
gislaved.yaml,gislaved-anlaggningsbidrag,Anläggningsbidrag,https://www.gislaved.se/uppleva-och-gora/foreningsliv/foreningsbidrag-fritid--och-kulturforeningar,200,https://www.gislaved.se/uppleva-och-gora/foreningsliv/foreningsbidrag-fritid--och-kulturforeningar,0,text/html;charset=UTF-8,,,
gislaved.yaml,gislaved-investeringsbidrag-litet,Litet investeringsbidrag,https://www.gislaved.se/uppleva-och-gora/foreningsliv/foreningsbidrag-fritid--och-kulturforeningar,200,https://www.gislaved.se/uppleva-och-gora/foreningsliv/foreningsbidrag-fritid--och-kulturforeningar,0,text/html;charset=UTF-8,,,
gislaved.yaml,gislaved-investeringsbidrag-stort,Stort investeringsbidrag,https://www.gislaved.se/uppleva-och-gora/foreningsliv/foreningsbidrag-fritid--och-kulturforeningar,200,https://www.gislaved.se/uppleva-och-gora/foreningsliv/foreningsbidrag-fritid--och-kulturforeningar,0,text/html;charset=UTF-8,,,
gislaved.yaml,gislaved-ledarutbildning,Ledarutbildningsbidrag,https://www.gislaved.se/uppleva-och-gora/foreningsliv/foreningsbidrag-fritid--och-kulturforeningar,200,https://www.gislaved.se/uppleva-och-gora/foreningsliv/foreningsbidrag-fritid--och-kulturforeningar,0,text/html;charset=UTF-8,,,
gislaved.yaml,gislaved-namndens-forfogande,Nämndens förfogande,https://www.gislaved.se/uppleva-och-gora/foreningsliv/foreningsbidrag-fritid--och-kulturforeningar,200,https://www.gislaved.se/uppleva-och-gora/foreningsliv/foreningsbidrag-fritid--och-kulturforeningar,0,text/html;charset=UTF-8,,,
gislaved.yaml,gislaved-kultur-verksamhet,Verksamhetsbidrag kultur,https://www.gislaved.se/uppleva-och-gora/foreningsliv/foreningsbidrag-fritid--och-kulturforeningar,200,https://www.gislaved.se/uppleva-och-gora/foreningsliv/foreningsbidrag-fritid--och-kulturforeningar,0,text/html;charset=UTF-8,,,
gislaved.yaml,gislaved-arrangemangsbidrag,Arrangemangsbidrag kultur,https://www.gislaved.se/uppleva-och-gora/foreningsliv/foreningsbidrag-fritid--och-kulturforeningar,200,https://www.gislaved.se/uppleva-och-gora/foreningsliv/foreningsbidrag-fritid--och-kulturforeningar,0,text/html;charset=UTF-8,,,
gislaved.yaml,gislaved-projektbidrag,Projektbidrag kultur,https://www.gislaved.se/uppleva-och-gora/foreningsliv/foreningsbidrag-fritid--och-kulturforeningar,200,https://www.gislaved.se/uppleva-och-gora/foreningsliv/foreningsbidrag-fritid--och-kulturforeningar,0,text/html;charset=UTF-8,,,
gislaved.yaml,gislaved-socialt,Föreningsbidrag social verksamhet,https://www.gislaved.se/omsorg-och-stod/anhorigstod/foreningsbidrag-social-verksamhet,200,https://www.gislaved.se/omsorg-och-stod/anhorigstod/foreningsbidrag-social-verksamhet,0,text/html;charset=UTF-8,,,
gnesta.yaml,gnesta-aktivitetsbidrag,Aktivitetsbidrag,https://www.gnesta.se/kulturfritid/foreningar/foreningsbidrag.4.233511f518beb6dc90023ca9.html,200,https://www.gnesta.se/kulturfritid/foreningar/foreningsbidrag.4.233511f518beb6dc90023ca9.html,0,text/html;charset=UTF-8,,,
gnesta.yaml,gnesta-ledarutbildning,Ledarutbildningsbidrag,https://www.gnesta.se/kulturfritid/foreningar/foreningsbidrag.4.233511f518beb6dc90023ca9.html,200,https://www.gnesta.se/kulturfritid/foreningar/foreningsbidrag.4.233511f518beb6dc90023ca9.html,0,text/html;charset=UTF-8,,,
gnesta.yaml,gnesta-anlaggningsbidrag,Anläggningsbidrag,https://www.gnesta.se/kulturfritid/foreningar/foreningsbidrag.4.233511f518beb6dc90023ca9.html,200,https://www.gnesta.se/kulturfritid/foreningar/foreningsbidrag.4.233511f518beb6dc90023ca9.html,0,text/html;charset=UTF-8,,,
gnesta.yaml,gnesta-utvecklingsbidrag,Utvecklingsbidrag,https://www.gnesta.se/kulturfritid/foreningar/foreningsbidrag.4.233511f518beb6dc90023ca9.html,200,https://www.gnesta.se/kulturfritid/foreningar/foreningsbidrag.4.233511f518beb6dc90023ca9.html,0,text/html;charset=UTF-8,,,
gnesta.yaml,gnesta-investeringsbidrag,Investeringsbidrag,https://www.gnesta.se/kulturfritid/foreningar/foreningsbidrag.4.233511f518beb6dc90023ca9.html,200,https://www.gnesta.se/kulturfritid/foreningar/foreningsbidrag.4.233511f518beb6dc90023ca9.html,0,text/html;charset=UTF-8,,,
gnesta.yaml,gnesta-arrangemangsbidrag,Arrangemangsbidrag,https://www.gnesta.se/kulturfritid/foreningar/foreningsbidrag.4.233511f518beb6dc90023ca9.html,200,https://www.gnesta.se/kulturfritid/foreningar/foreningsbidrag.4.233511f518beb6dc90023ca9.html,0,text/html;charset=UTF-8,,,
gnesta.yaml,gnesta-bygglovsbidrag,Bygglovsbidrag,https://www.gnesta.se/kulturfritid/foreningar/foreningsbidrag.4.233511f518beb6dc90023ca9.html,200,https://www.gnesta.se/kulturfritid/foreningar/foreningsbidrag.4.233511f518beb6dc90023ca9.html,0,text/html;charset=UTF-8,,,
gnosjo.yaml,gnosjo-grundbidrag,Grundbidrag,https://www.gnosjo.se/uppleva-och-gora/foreningar-foreningsliv/bidrag-och-stod-for-foreningar/grundbidrag,404,https://www.gnosjo.se/uppleva-och-gora/foreningar-foreningsliv/bidrag-och-stod-for-foreningar/grundbidrag,0,text/html;charset=UTF-8,,ja,
gnosjo.yaml,gnosjo-aktivitetsbidrag,Aktivitetsbidrag,https://www.gnosjo.se/uppleva-och-gora/foreningar-foreningsliv/bidrag-och-stod-for-foreningar/bidrag-for-aktiviteter,404,https://www.gnosjo.se/uppleva-och-gora/foreningar-foreningsliv/bidrag-och-stod-for-foreningar/bidrag-for-aktiviteter,0,text/html;charset=UTF-8,,ja,
gnosjo.yaml,gnosjo-startbidrag,Startbidrag/Etableringsstöd,https://www.gnosjo.se/uppleva-och-gora/foreningar-foreningsliv/bidrag-och-stod-for-foreningar/etableringsstod-startbidrag,404,https://www.gnosjo.se/uppleva-och-gora/foreningar-foreningsliv/bidrag-och-stod-for-foreningar/etableringsstod-startbidrag,0,text/html;charset=UTF-8,,ja,
gnosjo.yaml,gnosjo-lokalbidrag,Lokalbidrag,https://www.gnosjo.se/uppleva-och-gora/foreningar-foreningsliv/bidrag-och-stod-for-foreningar,404,https://www.gnosjo.se/uppleva-och-gora/foreningar-foreningsliv/bidrag-och-stod-for-foreningar,0,text/html;charset=UTF-8,,ja,
gnosjo.yaml,gnosjo-investeringsbidrag,Investeringsbidrag,https://www.gnosjo.se/uppleva-och-gora/foreningar-foreningsliv/bidrag-och-stod-for-foreningar,404,https://www.gnosjo.se/uppleva-och-gora/foreningar-foreningsliv/bidrag-och-stod-for-foreningar,0,text/html;charset=UTF-8,,ja,
goteborg.yaml,goteborg-aktivitetsbidrag,Aktivitetsbidrag,https://goteborg.se/wps/portal?uri=gbglnk%3AAktivitetsbidrag,200,https://goteborg.se/wps/portal/start/foretag-och-organisationer/foreningar/kulturstod-och-bidrag-till-foreningar/ansok-om-bidrag-till-foreningar-inom-idrott-och-fritid/aktivitetsbidrag,1,text/html; charset=UTF-8,,,
goteborg.yaml,goteborg-lokalbidrag,Lokalbidrag,https://goteborg.se/wps/portal?uri=gbglnk%3A2018222163749688,200,https://goteborg.se/wps/portal/start/foretag-och-organisationer/foreningar/kulturstod-och-bidrag-till-foreningar/ansok-om-bidrag-till-foreningar-inom-idrott-och-fritid/lokalbidrag,1,text/html; charset=UTF-8,,,
goteborg.yaml,goteborg-sarskilt-driftsbidrag,Särskilt driftsbidrag för egen anläggning,https://goteborg.se/wps/portal?uri=gbglnk%3A2022321162949614,200,https://goteborg.se/wps/portal/start/foretag-och-organisationer/foreningar/kulturstod-och-bidrag-till-foreningar/sa-soker-du-foreningsbidrag-och-kulturstod,1,text/html; charset=UTF-8,,,
goteborg.yaml,goteborg-kulturstod,Kulturstöd (kulturförvaltningen),https://etjanst.kulturstod.goteborg.se/,200,https://etjanst.kulturstod.goteborg.se/,0,text/html; charset=utf-8,,,
gotene.yaml,gotene-aktivitetsbidrag,Lokalt aktivitetsbidrag,https://www.gotene.se/kommunochpolitik/kommunalabestammelserochtillstand/kommunensforfattningar/dokument/f/foreningsbidrag.263933.html,200,https://www.gotene.se/kommunochpolitik/kommunalabestammelserochtillstand/kommunensforfattningar/dokument/f/foreningsbidrag.263933.html,0,text/html;charset=UTF-8,,,
gotene.yaml,gotene-lokalbidrag,Lokal- och anläggningsbidrag,https://www.gotene.se/kommunochpolitik/kommunalabestammelserochtillstand/kommunensforfattningar/dokument/f/foreningsbidrag.263933.html,200,https://www.gotene.se/kommunochpolitik/kommunalabestammelserochtillstand/kommunensforfattningar/dokument/f/foreningsbidrag.263933.html,0,text/html;charset=UTF-8,,,
gotene.yaml,gotene-projekt,Projekt- och investeringsbidrag,https://www.gotene.se/kommunochpolitik/kommunalabestammelserochtillstand/kommunensforfattningar/dokument/f/foreningsbidrag.263933.html,200,https://www.gotene.se/kommunochpolitik/kommunalabestammelserochtillstand/kommunensforfattningar/dokument/f/foreningsbidrag.263933.html,0,text/html;charset=UTF-8,,,
gotene.yaml,gotene-bygdegard,Hembygds-/bygdegårdsbidrag,https://www.gotene.se/kommunochpolitik/kommunalabestammelserochtillstand/kommunensforfattningar/dokument/f/foreningsbidrag.263933.html,200,https://www.gotene.se/kommunochpolitik/kommunalabestammelserochtillstand/kommunensforfattningar/dokument/f/foreningsbidrag.263933.html,0,text/html;charset=UTF-8,,,
gotene.yaml,gotene-funktionshinder,Funktionsnedsättningsbidrag,https://www.gotene.se/kommunochpolitik/kommunalabestammelserochtillstand/kommunensforfattningar/dokument/f/foreningsbidrag.263933.html,200,https://www.gotene.se/kommunochpolitik/kommunalabestammelserochtillstand/kommunensforfattningar/dokument/f/foreningsbidrag.263933.html,0,text/html;charset=UTF-8,,,
gotene.yaml,gotene-lonebidrag,Kommunalt lönebidrag,https://www.gotene.se/kommunochpolitik/kommunalabestammelserochtillstand/kommunensforfattningar/dokument/f/foreningsbidrag.263933.html,200,https://www.gotene.se/kommunochpolitik/kommunalabestammelserochtillstand/kommunensforfattningar/dokument/f/foreningsbidrag.263933.html,0,text/html;charset=UTF-8,,,
gotene.yaml,gotene-studieforbund,Studieförbundsbidrag,https://www.gotene.se/kommunochpolitik/kommunalabestammelserochtillstand/kommunensforfattningar/dokument/f/foreningsbidrag.263933.html,200,https://www.gotene.se/kommunochpolitik/kommunalabestammelserochtillstand/kommunensforfattningar/dokument/f/foreningsbidrag.263933.html,0,text/html;charset=UTF-8,,,
gotland.yaml,gotland-driftsstod-idrottsanlaggning,Driftsstöd för föreningsägd idrottsanläggning,https://gotland.se/kultur-och-fritid/bokning-bidrag-och-foreningsliv/stod-till-fritids--och-idrottsforeningar,200,https://gotland.se/kultur-och-fritid/bokning-bidrag-och-foreningsliv/stod-till-fritids--och-idrottsforeningar,0,text/html;charset=UTF-8,,,
gotland.yaml,gotland-hyresstod-idrottsanlaggning,Stöd för hyreskostnader för idrottsanläggning,https://gotland.se/kultur-och-fritid/bokning-bidrag-och-foreningsliv/stod-till-fritids--och-idrottsforeningar,200,https://gotland.se/kultur-och-fritid/bokning-bidrag-och-foreningsliv/stod-till-fritids--och-idrottsforeningar,0,text/html;charset=UTF-8,,,
gotland.yaml,gotland-investeringsstod-idrottsanlaggning,Investeringsstöd för föreningsägd idrottsanläggning,https://gotland.se/kultur-och-fritid/bokning-bidrag-och-foreningsliv/stod-till-fritids--och-idrottsforeningar,200,https://gotland.se/kultur-och-fritid/bokning-bidrag-och-foreningsliv/stod-till-fritids--och-idrottsforeningar,0,text/html;charset=UTF-8,,,
gotland.yaml,gotland-barn-ungdom-aktivitet,Aktivitetsstöd för barn- och ungdomsverksamhet,https://gotland.se/kultur-och-fritid/bokning-bidrag-och-foreningsliv/stod-till-fritids--och-idrottsforeningar,200,https://gotland.se/kultur-och-fritid/bokning-bidrag-och-foreningsliv/stod-till-fritids--och-idrottsforeningar,0,text/html;charset=UTF-8,,,
gotland.yaml,gotland-barn-ungdom-resor,Resestöd för barn- och ungdomsverksamhet,https://gotland.se/kultur-och-fritid/bokning-bidrag-och-foreningsliv/stod-till-fritids--och-idrottsforeningar,200,https://gotland.se/kultur-och-fritid/bokning-bidrag-och-foreningsliv/stod-till-fritids--och-idrottsforeningar,0,text/html;charset=UTF-8,,,
gotland.yaml,gotland-fritidsarrangemang,Stöd till fritidsarrangemang,https://gotland.se/kultur-och-fritid/bokning-bidrag-och-foreningsliv/stod-till-fritids--och-idrottsforeningar,200,https://gotland.se/kultur-och-fritid/bokning-bidrag-och-foreningsliv/stod-till-fritids--och-idrottsforeningar,0,text/html;charset=UTF-8,,,
gotland.yaml,gotland-funktionsratt-aktivitet-resa-medlem,"Aktivitets-, rese- och medlemsstöd till funktionsrättsföreningar",https://gotland.se/kultur-och-fritid/bokning-bidrag-och-foreningsliv/stod-till-fritids--och-idrottsforeningar,200,https://gotland.se/kultur-och-fritid/bokning-bidrag-och-foreningsliv/stod-till-fritids--och-idrottsforeningar,0,text/html;charset=UTF-8,,,
gotland.yaml,gotland-funktionsratt-samordning,Samordningsstöd inom funktionsrätt,https://gotland.se/kultur-och-fritid/bokning-bidrag-och-foreningsliv/stod-till-fritids--och-idrottsforeningar,200,https://gotland.se/kultur-och-fritid/bokning-bidrag-och-foreningsliv/stod-till-fritids--och-idrottsforeningar,0,text/html;charset=UTF-8,,,
gotland.yaml,gotland-pensionar-aktivitet-medlem,Aktivitets- och medlemsstöd till pensionärsföreningar och 65+,https://gotland.se/kultur-och-fritid/bokning-bidrag-och-foreningsliv/stod-till-fritids--och-idrottsforeningar,200,https://gotland.se/kultur-och-fritid/bokning-bidrag-och-foreningsliv/stod-till-fritids--och-idrottsforeningar,0,text/html;charset=UTF-8,,,
gotland.yaml,gotland-sociala-foreningar,Verksamhetsstöd till sociala föreningar,https://gotland.se/kultur-och-fritid/bokning-bidrag-och-foreningsliv/stod-till-fritids--och-idrottsforeningar,200,https://gotland.se/kultur-och-fritid/bokning-bidrag-och-foreningsliv/stod-till-fritids--och-idrottsforeningar,0,text/html;charset=UTF-8,,,
gotland.yaml,gotland-kultur-verksamhetsstod,Verksamhetsstöd till kulturorganisationer,https://gotland.se/kultur-och-fritid/kultur/stod-stipendier-och-priser/verksamhetsstod,200,https://gotland.se/kultur-och-fritid/kultur/stod-stipendier-och-priser/verksamhetsstod,0,text/html;charset=UTF-8,,,
gotland.yaml,gotland-projektstod,Projektstöd fritid och kultur,https://gotland.se/kultur-och-fritid/bokning-bidrag-och-foreningsliv,200,https://gotland.se/kultur-och-fritid/bokning-bidrag-och-foreningsliv,0,text/html;charset=UTF-8,,,
gotland.yaml,gotland-fritidskortet,Fritidskortet,https://gotland.se/kultur-och-fritid/bokning-bidrag-och-foreningsliv,200,https://gotland.se/kultur-och-fritid/bokning-bidrag-och-foreningsliv,0,text/html;charset=UTF-8,,,
grastorp.yaml,grastorp-foreningsbidrag,Föreningsbidrag,https://www.grastorp.se/uppleva-och-gora/fritid/foreningar/foreningsstod.html,200,https://www.grastorp.se/uppleva-och-gora/fritid/foreningar/foreningsstod.html,0,text/html;charset=UTF-8,,,
grastorp.yaml,grastorp-investeringsbidrag,Investeringsbidrag,https://www.grastorp.se/uppleva-och-gora/fritid/foreningar/foreningsstod.html,200,https://www.grastorp.se/uppleva-och-gora/fritid/foreningar/foreningsstod.html,0,text/html;charset=UTF-8,,,
grastorp.yaml,grastorp-renoveringsbidrag,Renoveringsbidrag,https://www.grastorp.se/uppleva-och-gora/fritid/foreningar/foreningsstod.html,200,https://www.grastorp.se/uppleva-och-gora/fritid/foreningar/foreningsstod.html,0,text/html;charset=UTF-8,,,
grastorp.yaml,grastorp-evenemangsbidrag,Evenemangsbidrag,https://www.grastorp.se/uppleva-och-gora/fritid/foreningar/foreningsstod.html,200,https://www.grastorp.se/uppleva-och-gora/fritid/foreningar/foreningsstod.html,0,text/html;charset=UTF-8,,,
grums.yaml,grums-socialbidrag,Socialt verksamhetsbidrag,https://www.grums.se/upplevagora/foreningsliv/foreningsbidrag.8246.html,200,https://www.grums.se/upplevagora/foreningsliv/foreningsbidrag.8246.html,0,text/html;charset=UTF-8,,,
grums.yaml,grums-anlaggningsbidrag,Anläggningsbidrag ungdom,https://www.grums.se/upplevagora/foreningsliv/foreningsbidrag.8246.html,200,https://www.grums.se/upplevagora/foreningsliv/foreningsbidrag.8246.html,0,text/html;charset=UTF-8,,,
grums.yaml,grums-lok,LOK-stöd,https://www.grums.se/upplevagora/foreningsliv/foreningsbidrag.8246.html,200,https://www.grums.se/upplevagora/foreningsliv/foreningsbidrag.8246.html,0,text/html;charset=UTF-8,,,
grums.yaml,grums-lokalhyra,Lokalhyra (Enhetstaxa),https://www.grums.se/upplevagora/foreningsliv/foreningsbidrag.8246.html,200,https://www.grums.se/upplevagora/foreningsliv/foreningsbidrag.8246.html,0,text/html;charset=UTF-8,,,
grums.yaml,grums-kulturverksamhet,Kulturverksamhetsbidrag,https://www.grums.se/upplevagora/foreningsliv/foreningsbidrag.8246.html,200,https://www.grums.se/upplevagora/foreningsliv/foreningsbidrag.8246.html,0,text/html;charset=UTF-8,,,
grums.yaml,grums-kulturarrangemang,Kulturarrangemangsbidrag,https://www.grums.se/upplevagora/foreningsliv/foreningsbidrag.8246.html,200,https://www.grums.se/upplevagora/foreningsliv/foreningsbidrag.8246.html,0,text/html;charset=UTF-8,,,
gullspang.yaml,gullspang-foreningsbidrag,Föreningsbidrag,https://gullspang.se/Gullspangs-kommun/Kultur--fritid/Foreningar-och-studieforbund/Foreningsbidrag,200,https://gullspang.se/uppleva-och-gora/foreningsliv-och-foreningar/foreningsbidrag-och-investeringsbidrag,1,text/html;charset=UTF-8,,,
gullspang.yaml,gullspang-investeringsbidrag,Investeringsbidrag,https://gullspang.se/uppleva-och-gora/foreningsliv-och-foreningar/foreningsbidrag-och-investeringsbidrag,200,https://gullspang.se/uppleva-och-gora/foreningsliv-och-foreningar/foreningsbidrag-och-investeringsbidrag,0,text/html;charset=UTF-8,,,
gullspang.yaml,gullspang-arrangorsstod,Arrangörsstöd,https://gullspang.se/uppleva-och-gora/foreningsliv-och-foreningar/arrangorsstod,200,https://gullspang.se/uppleva-och-gora/foreningsliv-och-foreningar/arrangorsstod,0,text/html;charset=UTF-8,,,
habo-jonkoping.yaml,habo-jonkoping-aktivitetsbidrag,Aktivitetsbidrag,https://habokommun.se/uppleva-och-gora/foreningsliv,200,https://habokommun.se/uppleva-och-gora/foreningsliv,0,text/html;charset=UTF-8,,,
habo-jonkoping.yaml,habo-jonkoping-grundbidrag,Grundbidrag,https://habokommun.se/uppleva-och-gora/foreningsliv,200,https://habokommun.se/uppleva-och-gora/foreningsliv,0,text/html;charset=UTF-8,,,
habo-jonkoping.yaml,habo-jonkoping-driftsbidrag,Driftsbidrag,https://habokommun.se/uppleva-och-gora/foreningsliv,200,https://habokommun.se/uppleva-och-gora/foreningsliv,0,text/html;charset=UTF-8,,,
habo-jonkoping.yaml,habo-jonkoping-investeringsbidrag,Investeringsbidrag,https://habokommun.se/uppleva-och-gora/foreningsliv,200,https://habokommun.se/uppleva-och-gora/foreningsliv,0,text/html;charset=UTF-8,,,
habo-jonkoping.yaml,habo-jonkoping-projektbidrag,Projektbidrag,https://habokommun.se/uppleva-och-gora/foreningsliv,200,https://habokommun.se/uppleva-och-gora/foreningsliv,0,text/html;charset=UTF-8,,,
habo-jonkoping.yaml,habo-jonkoping-evenemangsstod,Evenemangsstöd,https://habokommun.se/uppleva-och-gora/foreningsliv,200,https://habokommun.se/uppleva-och-gora/foreningsliv,0,text/html;charset=UTF-8,,,
habo-jonkoping.yaml,habo-jonkoping-startbidrag,Startbidrag,https://habokommun.se/uppleva-och-gora/foreningsliv,200,https://habokommun.se/uppleva-och-gora/foreningsliv,0,text/html;charset=UTF-8,,,
habo-jonkoping.yaml,habo-jonkoping-foreningsanslag,Föreningsanslag,https://habokommun.se/uppleva-och-gora/foreningsliv,200,https://habokommun.se/uppleva-och-gora/foreningsliv,0,text/html;charset=UTF-8,,,
habo-jonkoping.yaml,habo-jonkoping-foreningsbidrag-fran-socialnamnden,Föreningsbidrag från socialnämnden,https://habokommun.se/uppleva-och-gora/foreningsliv,200,https://habokommun.se/uppleva-och-gora/foreningsliv,0,text/html;charset=UTF-8,,,
habo-uppsala.yaml,habo-uppsala-aktivitetsbidrag,Aktivitetsbidrag,https://www.habo.se/uppleva-och-gora/foreningar/bidrag-och-stod/aktivitetsbidrag.html,200,https://www.habo.se/uppleva-och-gora/foreningar/bidrag-och-stod/aktivitetsbidrag.html,0,text/html;charset=UTF-8,,,
habo-uppsala.yaml,habo-uppsala-pensionar-funktionsratt,Bidrag till pensionärs- och handikappföreningar,https://www.habo.se/uppleva-och-gora/foreningar/bidrag-och-stod/bidrag-till-pensionars--och-handikappforeningar.html,200,https://www.habo.se/uppleva-och-gora/foreningar/bidrag-och-stod/bidrag-till-pensionars--och-handikappforeningar.html,0,text/html;charset=UTF-8,,,
habo-uppsala.yaml,habo-uppsala-ungdomsbidrag,Ungdomsbidrag,https://www.habo.se/uppleva-och-gora/foreningar/bidrag-och-stod/ungdomsbidrag.html,200,https://www.habo.se/uppleva-och-gora/foreningar/bidrag-och-stod/ungdomsbidrag.html,0,text/html;charset=UTF-8,,,
habo-uppsala.yaml,habo-uppsala-projekt-publika-arrangemang,Projektbidrag för publika arrangemang,https://www.habo.se/uppleva-och-gora/foreningar/bidrag-och-stod/projektbidrag-for-publika-arrangemang.html,200,https://www.habo.se/uppleva-och-gora/foreningar/bidrag-och-stod/projektbidrag-for-publika-arrangemang.html,0,text/html;charset=UTF-8,,,
habo-uppsala.yaml,habo-uppsala-verksamhet-publika-arrangemang,Verksamhetsbidrag för publika arrangemang,https://www.habo.se/uppleva-och-gora/foreningar/bidrag-och-stod/verksamhetsbidrag-for-publika-arrangemang.html,200,https://www.habo.se/uppleva-och-gora/foreningar/bidrag-och-stod/verksamhetsbidrag-for-publika-arrangemang.html,0,text/html;charset=UTF-8,,,
habo-uppsala.yaml,habo-uppsala-lokal-drift,Lokal- och driftsbidrag,https://www.habo.se/uppleva-och-gora/foreningar/bidrag-och-stod/lokal--och-driftsbidrag.html,200,https://www.habo.se/uppleva-och-gora/foreningar/bidrag-och-stod/lokal--och-driftsbidrag.html,0,text/html;charset=UTF-8,,,
habo-uppsala.yaml,habo-uppsala-projektbidrag,Projektbidrag,https://www.habo.se/uppleva-och-gora/foreningar/bidrag-och-stod.html,200,https://www.habo.se/uppleva-och-gora/foreningar/bidrag-och-stod.html,0,text/html;charset=UTF-8,,,
habo-uppsala.yaml,habo-uppsala-nattvandring,Nattvandringsbidrag,https://www.habo.se/uppleva-och-gora/foreningar/bidrag-och-stod.html,200,https://www.habo.se/uppleva-och-gora/foreningar/bidrag-och-stod.html,0,text/html;charset=UTF-8,,,
hagfors.yaml,hagfors-lokalt-aktivitetsstod,Lokalt aktivitetsstöd,https://www.hagfors.se/undersidor/fritid-och-kultur/foreningsbidrag.html,200,https://www.hagfors.se/undersidor/fritid-och-kultur/foreningsbidrag.html,0,text/html;charset=UTF-8,,,
hagfors.yaml,hagfors-instruktorsbidrag,Instruktörsbidrag,https://www.hagfors.se/undersidor/fritid-och-kultur/foreningsbidrag.html,200,https://www.hagfors.se/undersidor/fritid-och-kultur/foreningsbidrag.html,0,text/html;charset=UTF-8,,,
hagfors.yaml,hagfors-anlaggningsbidrag,Anläggningsbidrag,https://www.hagfors.se/undersidor/fritid-och-kultur/foreningsbidrag.html,200,https://www.hagfors.se/undersidor/fritid-och-kultur/foreningsbidrag.html,0,text/html;charset=UTF-8,,,
hagfors.yaml,hagfors-ledarutbildningsbidrag,Ledarutbildningsbidrag,https://www.hagfors.se/undersidor/fritid-och-kultur/foreningsbidrag.html,200,https://www.hagfors.se/undersidor/fritid-och-kultur/foreningsbidrag.html,0,text/html;charset=UTF-8,,,
hagfors.yaml,hagfors-evenemangs-och-utvecklingsbidrag,Evenemangs- och utvecklingsbidrag,https://www.hagfors.se/undersidor/fritid-och-kultur/foreningsbidrag.html,200,https://www.hagfors.se/undersidor/fritid-och-kultur/foreningsbidrag.html,0,text/html;charset=UTF-8,,,
hagfors.yaml,hagfors-lokalbidrag-till-lokalhallande-foreningar,Lokalbidrag till lokalhållande föreningar,https://www.hagfors.se/undersidor/fritid-och-kultur/foreningsbidrag.html,200,https://www.hagfors.se/undersidor/fritid-och-kultur/foreningsbidrag.html,0,text/html;charset=UTF-8,,,
hagfors.yaml,hagfors-bevarandebidrag,Bevarandebidrag,https://www.hagfors.se/undersidor/fritid-och-kultur/foreningsbidrag.html,200,https://www.hagfors.se/undersidor/fritid-och-kultur/foreningsbidrag.html,0,text/html;charset=UTF-8,,,
hagfors.yaml,hagfors-bidrag-till-studieforbund,Bidrag till studieförbund,https://www.hagfors.se/undersidor/fritid-och-kultur/foreningsbidrag.html,200,https://www.hagfors.se/undersidor/fritid-och-kultur/foreningsbidrag.html,0,text/html;charset=UTF-8,,,
hallefors.yaml,hallefors-aktivitetsbidrag,Aktivitetsbidrag,https://www.hellefors.se/foreningsstod.html,200,https://www.hellefors.se/foreningsstod.html,0,text/html;charset=UTF-8,,,
hallefors.yaml,hallefors-bidrag-till-offentligt-arrangemang,Bidrag till offentligt arrangemang,https://www.hellefors.se/foreningsstod.html,200,https://www.hellefors.se/foreningsstod.html,0,text/html;charset=UTF-8,,,
hallefors.yaml,hallefors-bidrag-till-mindre-investeringar,Bidrag till mindre investeringar,https://www.hellefors.se/foreningsstod.html,200,https://www.hellefors.se/foreningsstod.html,0,text/html;charset=UTF-8,,,
hallefors.yaml,hallefors-bidrag-till-allmanna-samlingslokaler,Bidrag till allmänna samlingslokaler,https://www.hellefors.se/foreningsstod.html,200,https://www.hellefors.se/foreningsstod.html,0,text/html;charset=UTF-8,,,
hallefors.yaml,hallefors-startbidrag,Startbidrag för nybildad förening,https://www.hellefors.se/foreningsstod.html,200,https://www.hellefors.se/foreningsstod.html,0,text/html;charset=UTF-8,,,
hallefors.yaml,hallefors-evenemangsstod,Evenemangsstöd,https://www.hellefors.se/foreningsstod.html,200,https://www.hellefors.se/foreningsstod.html,0,text/html;charset=UTF-8,,,
hallsberg.yaml,hallsberg-startbidrag,Startbidrag,https://www.hallsberg.se/kultur-och-fritid/foreningsliv/foreningsbidrag.html,200,https://www.hallsberg.se/kultur-och-fritid/foreningsliv/foreningsbidrag.html,0,text/html;charset=UTF-8,,,
hallsberg.yaml,hallsberg-kommunalt-aktivitetsstod,Kommunalt aktivitetsstöd,https://www.hallsberg.se/kultur-och-fritid/foreningsliv/foreningsbidrag.html,200,https://www.hallsberg.se/kultur-och-fritid/foreningsliv/foreningsbidrag.html,0,text/html;charset=UTF-8,,,
hallsberg.yaml,hallsberg-projektbidrag,Projektbidrag,https://www.hallsberg.se/kultur-och-fritid/foreningsliv/foreningsbidrag.html,200,https://www.hallsberg.se/kultur-och-fritid/foreningsliv/foreningsbidrag.html,0,text/html;charset=UTF-8,,,
hallsberg.yaml,hallsberg-kulturforeningsbidrag,Kulturföreningsbidrag,https://www.hallsberg.se/kultur-och-fritid/foreningsliv/foreningsbidrag.html,200,https://www.hallsberg.se/kultur-och-fritid/foreningsliv/foreningsbidrag.html,0,text/html;charset=UTF-8,,,
hallsberg.yaml,hallsberg-evenemangsbidrag-for-kulturevenemang,Evenemangsbidrag för kulturevenemang,https://www.hallsberg.se/kultur-och-fritid/foreningsliv/foreningsbidrag.html,200,https://www.hallsberg.se/kultur-och-fritid/foreningsliv/foreningsbidrag.html,0,text/html;charset=UTF-8,,,
hallsberg.yaml,hallsberg-anlaggningsbidrag,Anläggningsbidrag,https://www.hallsberg.se/kultur-och-fritid/foreningsliv/foreningsbidrag.html,200,https://www.hallsberg.se/kultur-och-fritid/foreningsliv/foreningsbidrag.html,0,text/html;charset=UTF-8,,,
hallsberg.yaml,hallsberg-bidrag-till-studieforbund,Bidrag till studieförbund,https://www.hallsberg.se/kultur-och-fritid/foreningsliv/foreningsbidrag.html,200,https://www.hallsberg.se/kultur-och-fritid/foreningsliv/foreningsbidrag.html,0,text/html;charset=UTF-8,,,
hallsberg.yaml,hallsberg-sydnarkebidrag,Sydnärkebidrag,https://www.hallsberg.se/kultur-och-fritid/foreningsliv/foreningsbidrag.html,200,https://www.hallsberg.se/kultur-och-fritid/foreningsliv/foreningsbidrag.html,0,text/html;charset=UTF-8,,,
hallstahammar.yaml,hallstahammar-verksamhetsbidrag-for-barn-och-ungdomsorganisationer,Verksamhetsbidrag för barn- och ungdomsorganisationer,https://www.hallstahammar.se/uppleva-och-gora/foreningsliv/foreningsstod-och-bidrag,404,https://www.hallstahammar.se/uppleva-och-gora/foreningsliv/foreningsstod-och-bidrag,0,text/html;charset=UTF-8,,ja,
hallstahammar.yaml,hallstahammar-verksamhetsbidrag-for-kulturforeningar,Verksamhetsbidrag för kulturföreningar,https://www.hallstahammar.se/uppleva-och-gora/foreningsliv/foreningsstod-och-bidrag,404,https://www.hallstahammar.se/uppleva-och-gora/foreningsliv/foreningsstod-och-bidrag,0,text/html;charset=UTF-8,,ja,
hallstahammar.yaml,hallstahammar-riktat-verksamhetsbidrag-for-pensionars-och-funktionsrattsorganisationer,Riktat verksamhetsbidrag för pensionärs- och funktionsrättsorganisationer,https://www.hallstahammar.se/uppleva-och-gora/foreningsliv/foreningsstod-och-bidrag,404,https://www.hallstahammar.se/uppleva-och-gora/foreningsliv/foreningsstod-och-bidrag,0,text/html;charset=UTF-8,,ja,
hallstahammar.yaml,hallstahammar-stod-for-evenemang-eller-projekt,Stöd för evenemang eller projekt,https://www.hallstahammar.se/uppleva-och-gora/foreningsliv/foreningsstod-och-bidrag,404,https://www.hallstahammar.se/uppleva-och-gora/foreningsliv/foreningsstod-och-bidrag,0,text/html;charset=UTF-8,,ja,
hallstahammar.yaml,hallstahammar-stod-for-lokalkostnader,Stöd för lokalkostnader,https://www.hallstahammar.se/uppleva-och-gora/foreningsliv/foreningsstod-och-bidrag,404,https://www.hallstahammar.se/uppleva-och-gora/foreningsliv/foreningsstod-och-bidrag,0,text/html;charset=UTF-8,,ja,
hallstahammar.yaml,hallstahammar-riktat-bidrag-for-allmanna-lokaler,Riktat bidrag för allmänna lokaler,https://www.hallstahammar.se/uppleva-och-gora/foreningsliv/foreningsstod-och-bidrag,404,https://www.hallstahammar.se/uppleva-och-gora/foreningsliv/foreningsstod-och-bidrag,0,text/html;charset=UTF-8,,ja,
halmstad.yaml,halmstad-aktivitetsbidrag,Aktivitetsbidrag,https://www.halmstad.se/upplevaochgora/foreningarochforeningsliv/bidragochstodtillforeningar/aktivitetsbidrag.n1350.html,200,https://www.halmstad.se/upplevaochgora/foreningarochforeningsliv/bidragochstodtillforeningar/aktivitetsbidrag.n1350.html,0,text/html;charset=UTF-8,,,
halmstad.yaml,halmstad-anlaggningsbidrag,Anläggningsbidrag,https://www.halmstad.se/upplevaochgora/foreningarochforeningsliv/bidragochstodtillforeningar/anlaggningsbidrag.n1902.html,200,https://www.halmstad.se/upplevaochgora/foreningarochforeningsliv/bidragochstodtillforeningar/anlaggningsbidrag.n1902.html,0,text/html;charset=UTF-8,,,
halmstad.yaml,halmstad-driftbidrag-lokalhallande,Driftbidrag till lokalhållande föreningar,https://www.halmstad.se/upplevaochgora/foreningarochforeningsliv/bidragochstodtillforeningar/driftbidragtilllokalhallandeforeningar.n2364.html,200,https://www.halmstad.se/upplevaochgora/foreningarochforeningsliv/bidragochstodtillforeningar/driftbidragtilllokalhallandeforeningar.n2364.html,0,text/html;charset=UTF-8,,,
halmstad.yaml,halmstad-investeringsbidrag,Investeringsbidrag,https://www.halmstad.se/upplevaochgora/foreningarochforeningsliv/bidragochstodtillforeningar/investeringsbidrag.n1904.html,200,https://www.halmstad.se/upplevaochgora/foreningarochforeningsliv/bidragochstodtillforeningar/investeringsbidrag.n1904.html,0,text/html;charset=UTF-8,,,
halmstad.yaml,halmstad-ledarutbildningsbidrag,Ledarutbildningsbidrag,https://www.halmstad.se/upplevaochgora/foreningarochforeningsliv/bidragochstodtillforeningar/ledarutbildningsbidrag.n1906.html,200,https://www.halmstad.se/upplevaochgora/foreningarochforeningsliv/bidragochstodtillforeningar/ledarutbildningsbidrag.n1906.html,0,text/html;charset=UTF-8,,,
halmstad.yaml,halmstad-lokalbidrag,Lokalbidrag,https://www.halmstad.se/upplevaochgora/foreningarochforeningsliv/bidragochstodtillforeningar/lokalbidrag.n1908.html,200,https://www.halmstad.se/upplevaochgora/foreningarochforeningsliv/bidragochstodtillforeningar/lokalbidrag.n1908.html,0,text/html;charset=UTF-8,,,
halmstad.yaml,halmstad-nolltaxa,Nolltaxa – fri hyra för föreningar,https://www.halmstad.se/upplevaochgora/foreningarochforeningsliv/bidragochstodtillforeningar/nolltaxafrihyraforforeningar.n2328.html,200,https://www.halmstad.se/upplevaochgora/foreningarochforeningsliv/bidragochstodtillforeningar/nolltaxafrihyraforforeningar.n2328.html,0,text/html;charset=UTF-8,,,
halmstad.yaml,halmstad-spontanaktivitetsbidrag,Spontanaktivitetsbidrag,https://www.halmstad.se/upplevaochgora/foreningarochforeningsliv/bidragochstodtillforeningar/spontanaktivitetsbidrag.n1910.html,200,https://www.halmstad.se/upplevaochgora/foreningarochforeningsliv/bidragochstodtillforeningar/spontanaktivitetsbidrag.n1910.html,0,text/html;charset=UTF-8,,,
halmstad.yaml,halmstad-motesplatser-barn-unga,Stöd till föreningsdrivna mötesplatser för barn och unga,https://www.halmstad.se/upplevaochgora/foreningarochforeningsliv/bidragochstodtillforeningar/stodtillforeningsdrivnamotesplatserforbarnochunga.n2476.html,200,https://www.halmstad.se/upplevaochgora/foreningarochforeningsliv/bidragochstodtillforeningar/stodtillforeningsdrivnamotesplatserforbarnochunga.n2476.html,0,text/html;charset=UTF-8,,,
halmstad.yaml,halmstad-samhallsforeningar,Stöd till samhällsföreningar,https://www.halmstad.se/upplevaochgora/foreningarochforeningsliv/bidragochstodtillforeningar/stodtillsamhallsforeningar.6521.html,200,https://www.halmstad.se/upplevaochgora/foreningarochforeningsliv/bidragochstodtillforeningar/stodtillsamhallsforeningar.6521.html,0,text/html;charset=UTF-8,,,
halmstad.yaml,halmstad-seniorforeningar,Stöd till seniorföreningar,https://www.halmstad.se/upplevaochgora/foreningarochforeningsliv/bidragochstodtillforeningar/stodtillseniorforeningar.n2484.html,200,https://www.halmstad.se/upplevaochgora/foreningarochforeningsliv/bidragochstodtillforeningar/stodtillseniorforeningar.n2484.html,0,text/html;charset=UTF-8,,,
halmstad.yaml,halmstad-sociala-hjalp-funktionsratt,Stöd till sociala hjälp- och funktionsrättsorganisationer,https://www.halmstad.se/upplevaochgora/foreningarochforeningsliv/bidragochstodtillforeningar/stodtillsocialahjalpochfunktionsrattsorganisationer.n2482.html,200,https://www.halmstad.se/upplevaochgora/foreningarochforeningsliv/bidragochstodtillforeningar/stodtillsocialahjalpochfunktionsrattsorganisationer.n2482.html,0,text/html;charset=UTF-8,,,
halmstad.yaml,halmstad-arrangemangs-projektstod-kultur,Arrangemangs- och projektstöd inom kultur,https://www.halmstad.se/upplevaochgora/kultur/bidragochstodinomkulturochfolkbildning/arrangemangsochprojektstod.n2406.html,200,https://www.halmstad.se/upplevaochgora/kultur/bidragochstodinomkulturochfolkbildning/arrangemangsochprojektstod.n2406.html,0,text/html;charset=UTF-8,,,
halmstad.yaml,halmstad-verksamhetsstod-kultur,Verksamhetsstöd inom kultur,https://www.halmstad.se/upplevaochgora/kultur/bidragochstodinomkulturochfolkbildning/verksamhetsstodinomkultur.n2442.html,200,https://www.halmstad.se/upplevaochgora/kultur/bidragochstodinomkulturochfolkbildning/verksamhetsstodinomkultur.n2442.html,0,text/html;charset=UTF-8,,,
halmstad.yaml,halmstad-kulturstod-unga,Kulturstöd för unga,https://www.halmstad.se/upplevaochgora/kultur/bidragochstodinomkulturochfolkbildning/kulturstodforunga.n2391.html,200,https://www.halmstad.se/upplevaochgora/kultur/bidragochstodinomkulturochfolkbildning/kulturstodforunga.n2391.html,0,text/html;charset=UTF-8,,,
halmstad.yaml,halmstad-stod-studieforbund,Stöd till studieförbund,https://www.halmstad.se/upplevaochgora/kultur/bidragochstodinomkulturochfolkbildning/stodtillstudieforbund.n2452.html,200,https://www.halmstad.se/upplevaochgora/kultur/bidragochstodinomkulturochfolkbildning/stodtillstudieforbund.n2452.html,0,text/html;charset=UTF-8,,,
halmstad.yaml,halmstad-konstnarlig-utveckling,Stöd till konstnärlig utveckling,https://www.halmstad.se/upplevaochgora/kultur/bidragochstodinomkulturochfolkbildning/stodtillkonstnarligutveckling.n2460.html,200,https://www.halmstad.se/upplevaochgora/kultur/bidragochstodinomkulturochfolkbildning/stodtillkonstnarligutveckling.n2460.html,0,text/html;charset=UTF-8,,,
halmstad.yaml,halmstad-administrationsbidrag-vagforeningar,Administrationsbidrag till vägföreningar,https://www.halmstad.se/trafikochinfrastruktur/vagarochgator/vagforeningarochvagsamfalligheter.n640.html,200,https://www.halmstad.se/trafikochinfrastruktur/vagarochgator/vagforeningarochvagsamfalligheter.n640.html,0,text/html;charset=UTF-8,,,
halmstad.yaml,halmstad-generellt-bidrag-vagsamfalligheter,Generellt bidrag till vägsamfälligheter,https://www.halmstad.se/trafikochinfrastruktur/vagarochgator/vagforeningarochvagsamfalligheter.n640.html,200,https://www.halmstad.se/trafikochinfrastruktur/vagarochgator/vagforeningarochvagsamfalligheter.n640.html,0,text/html;charset=UTF-8,,,
halmstad.yaml,halmstad-sarskilt-bidrag-vagsamfalligheter,Särskilt bidrag till vägsamfälligheter,https://www.halmstad.se/trafikochinfrastruktur/vagarochgator/vagforeningarochvagsamfalligheter.n640.html,200,https://www.halmstad.se/trafikochinfrastruktur/vagarochgator/vagforeningarochvagsamfalligheter.n640.html,0,text/html;charset=UTF-8,,,
halmstad.yaml,halmstad-stiftelser-fonder,Stiftelser och fonder,https://www.halmstad.se/omsorgochstod/ekonomiochforsorjningsstod/sokapengarfranstiftelserochfonder.7474.html,200,https://www.halmstad.se/omsorgochstod/ekonomiochforsorjningsstod/sokapengarfranstiftelserochfonder.7474.html,0,text/html;charset=UTF-8,,,
hammaro.yaml,hammaro-kommunalt-aktivitetsstod,Kommunalt aktivitetsstöd,https://hammaro.se/uppleva-och-gora/foreningar-foreningsliv/bidrag-stod-och-stipendier,200,https://hammaro.se/uppleva-och-gora/foreningar-foreningsliv/bidrag-stod-och-stipendier,0,text/html;charset=UTF-8,,,
hammaro.yaml,hammaro-lokalbidrag,Lokalbidrag,https://hammaro.se/uppleva-och-gora/foreningar-foreningsliv/bidrag-stod-och-stipendier,200,https://hammaro.se/uppleva-och-gora/foreningar-foreningsliv/bidrag-stod-och-stipendier,0,text/html;charset=UTF-8,,,
hammaro.yaml,hammaro-anlaggningsstod,Anläggningsstöd,https://hammaro.se/uppleva-och-gora/foreningar-foreningsliv/bidrag-stod-och-stipendier,200,https://hammaro.se/uppleva-och-gora/foreningar-foreningsliv/bidrag-stod-och-stipendier,0,text/html;charset=UTF-8,,,
hammaro.yaml,hammaro-foreningsbidrag-av-sarskilda-skal,Föreningsbidrag av särskilda skäl,https://hammaro.se/uppleva-och-gora/foreningar-foreningsliv/bidrag-stod-och-stipendier,200,https://hammaro.se/uppleva-och-gora/foreningar-foreningsliv/bidrag-stod-och-stipendier,0,text/html;charset=UTF-8,,,
hammaro.yaml,hammaro-foreningsbidrag-kulturforeningar,Föreningsbidrag till kulturföreningar,https://hammaro.se/uppleva-och-gora/foreningar-foreningsliv/bidrag-stod-och-stipendier,200,https://hammaro.se/uppleva-och-gora/foreningar-foreningsliv/bidrag-stod-och-stipendier,0,text/html;charset=UTF-8,,,
hammaro.yaml,hammaro-foreningsbidrag-sociala-foreningar,Föreningsbidrag till sociala föreningar,https://hammaro.se/uppleva-och-gora/foreningar-foreningsliv/bidrag-stod-och-stipendier,200,https://hammaro.se/uppleva-och-gora/foreningar-foreningsliv/bidrag-stod-och-stipendier,0,text/html;charset=UTF-8,,,
hammaro.yaml,hammaro-bidrag-studieforbund,Bidrag till studieförbund,https://hammaro.se/uppleva-och-gora/foreningar-foreningsliv/bidrag-stod-och-stipendier,200,https://hammaro.se/uppleva-och-gora/foreningar-foreningsliv/bidrag-stod-och-stipendier,0,text/html;charset=UTF-8,,,
hammaro.yaml,hammaro-namndens-forfogande,Bidrag till bidragshandläggande nämnds förfogande,https://hammaro.se/uppleva-och-gora/foreningar-foreningsliv/bidrag-stod-och-stipendier,200,https://hammaro.se/uppleva-och-gora/foreningar-foreningsliv/bidrag-stod-och-stipendier,0,text/html;charset=UTF-8,,,
haninge.yaml,haninge-lokalt-aktivitetsstod,Lokalt aktivitetsstöd (LOK),https://www.haninge.se/uppleva-och-gora/foreningar/foreningsbidrag/idrott-och-ovrigabidrag-kultur-fritid/,200,https://www.haninge.se/uppleva-och-gora/foreningar/foreningsbidrag/idrott-och-ovrigabidrag-kultur-fritid/,0,text/html; charset=utf-8,,,
haninge.yaml,haninge-projekt-arrangemangsstod,Projekt- och arrangemangsstöd,https://www.haninge.se/uppleva-och-gora/foreningar/foreningsbidrag/idrott-och-ovrigabidrag-kultur-fritid/,200,https://www.haninge.se/uppleva-och-gora/foreningar/foreningsbidrag/idrott-och-ovrigabidrag-kultur-fritid/,0,text/html; charset=utf-8,,,
haninge.yaml,haninge-oppen-idrott-skoldagens-slut,Föreningsdriven öppen idrottsverksamhet i anslutning till skoldagens slut,https://www.haninge.se/uppleva-och-gora/foreningar/foreningsbidrag/idrott-och-ovrigabidrag-kultur-fritid/,200,https://www.haninge.se/uppleva-och-gora/foreningar/foreningsbidrag/idrott-och-ovrigabidrag-kultur-fritid/,0,text/html; charset=utf-8,,,
haninge.yaml,haninge-nattidrott,Föreningsdriven öppen verksamhet – nattidrott,https://www.haninge.se/uppleva-och-gora/foreningar/foreningsbidrag/idrott-och-ovrigabidrag-kultur-fritid/,200,https://www.haninge.se/uppleva-och-gora/foreningar/foreningsbidrag/idrott-och-ovrigabidrag-kultur-fritid/,0,text/html; charset=utf-8,,,
haninge.yaml,haninge-forstarkt-ridbidrag,Förstärkt ridbidrag,https://www.haninge.se/uppleva-och-gora/foreningar/foreningsbidrag/idrott-och-ovrigabidrag-kultur-fritid/,200,https://www.haninge.se/uppleva-och-gora/foreningar/foreningsbidrag/idrott-och-ovrigabidrag-kultur-fritid/,0,text/html; charset=utf-8,,,
haninge.yaml,haninge-forstarkt-scoutbidrag,Förstärkt scoutbidrag,https://www.haninge.se/uppleva-och-gora/foreningar/foreningsbidrag/idrott-och-ovrigabidrag-kultur-fritid/,200,https://www.haninge.se/uppleva-och-gora/foreningar/foreningsbidrag/idrott-och-ovrigabidrag-kultur-fritid/,0,text/html; charset=utf-8,,,
haninge.yaml,haninge-kultur-grundbidrag,Grundbidrag (kultur),https://www.haninge.se/uppleva-och-gora/foreningar/foreningsbidrag/kulturbidrag/,200,https://www.haninge.se/uppleva-och-gora/foreningar/foreningsbidrag/kulturbidrag/,0,text/html; charset=utf-8,,,
haninge.yaml,haninge-kultur-arrangemang-projekt,Stöd för kulturarrangemang och -projekt,https://www.haninge.se/uppleva-och-gora/foreningar/foreningsbidrag/kulturbidrag/,200,https://www.haninge.se/uppleva-och-gora/foreningar/foreningsbidrag/kulturbidrag/,0,text/html; charset=utf-8,,,
haninge.yaml,haninge-studieforbundsbidrag,Studieförbundsbidrag,https://www.haninge.se/uppleva-och-gora/foreningar/foreningsbidrag/kulturbidrag/,200,https://www.haninge.se/uppleva-och-gora/foreningar/foreningsbidrag/kulturbidrag/,0,text/html; charset=utf-8,,,
haninge.yaml,haninge-skollovsaktiviteter,Stöd till fritidsaktiviteter under skollov (Lovmedel),https://www.haninge.se/uppleva-och-gora/foreningar/foreningsbidrag/lovmedel/,200,https://www.haninge.se/uppleva-och-gora/foreningar/foreningsbidrag/lovmedel/,0,text/html; charset=utf-8,,,
haninge.yaml,haninge-trivselvandring,Föreningsdriven trivselvandring,https://www.haninge.se/4aecaf/contentassets/172843824c51415f8daf4569716b55b3/riktlinje-for-ekonomiskt-stod-ikfn-2025.pdf,200,https://www.haninge.se/4aecaf/contentassets/172843824c51415f8daf4569716b55b3/riktlinje-for-ekonomiskt-stod-ikfn-2025.pdf,0,application/pdf,,,
haninge.yaml,haninge-social-verksamhetsbidrag,Socialnämndens verksamhetsbidrag,https://www.haninge.se/uppleva-och-gora/foreningar/foreningsbidrag/ovriga-bidrag-socialnamnden/,200,https://www.haninge.se/uppleva-och-gora/foreningar/foreningsbidrag/ovriga-bidrag-socialnamnden/,0,text/html; charset=utf-8,,,
haninge.yaml,haninge-aldre-verksamhetsbidrag,Äldrenämndens verksamhetsbidrag,https://www.haninge.se/uppleva-och-gora/foreningar/foreningsbidrag/Bidrag-for-pensionarsverksamhet/,200,https://www.haninge.se/uppleva-och-gora/foreningar/foreningsbidrag/Bidrag-for-pensionarsverksamhet/,0,text/html; charset=utf-8,,,
haparanda.yaml,haparanda-lokalt-aktivitetsstod,Lokalt aktivitetsstöd,https://www.haparanda.se/fritid-och-kultur/foreningsliv/bidrag-och-stod-till-foreningar,404,https://www.haparanda.se/fritid-och-kultur/foreningsliv/bidrag-och-stod-till-foreningar,0,text/html;charset=UTF-8,,ja,
haparanda.yaml,haparanda-stimulansbidrag,Stimulansbidrag,https://www.haparanda.se/fritid-och-kultur/foreningsliv/bidrag-och-stod-till-foreningar,404,https://www.haparanda.se/fritid-och-kultur/foreningsliv/bidrag-och-stod-till-foreningar,0,text/html;charset=UTF-8,,ja,
haparanda.yaml,haparanda-anlaggningsbidrag,Anläggningsbidrag,https://www.haparanda.se/fritid-och-kultur/foreningsliv/bidrag-och-stod-till-foreningar,404,https://www.haparanda.se/fritid-och-kultur/foreningsliv/bidrag-och-stod-till-foreningar,0,text/html;charset=UTF-8,,ja,
haparanda.yaml,haparanda-samlingslokal,Driftbidrag till samlingslokal,https://www.haparanda.se/fritid-och-kultur/foreningsliv/bidrag-och-stod-till-foreningar,404,https://www.haparanda.se/fritid-och-kultur/foreningsliv/bidrag-och-stod-till-foreningar,0,text/html;charset=UTF-8,,ja,
haparanda.yaml,haparanda-sarskilt,Särskilt bidrag,https://www.haparanda.se/fritid-och-kultur/foreningsliv/bidrag-och-stod-till-foreningar,404,https://www.haparanda.se/fritid-och-kultur/foreningsliv/bidrag-och-stod-till-foreningar,0,text/html;charset=UTF-8,,ja,
haparanda.yaml,haparanda-mindre-investeringar,Bidrag till mindre investeringar,https://www.haparanda.se/fritid-och-kultur/foreningsliv/bidrag-och-stod-till-foreningar,404,https://www.haparanda.se/fritid-och-kultur/foreningsliv/bidrag-och-stod-till-foreningar,0,text/html;charset=UTF-8,,ja,
haparanda.yaml,haparanda-anstallningsstod,Kommunalt anställningsstöd,https://www.haparanda.se/fritid-och-kultur/foreningsliv/bidrag-och-stod-till-foreningar,404,https://www.haparanda.se/fritid-och-kultur/foreningsliv/bidrag-och-stod-till-foreningar,0,text/html;charset=UTF-8,,ja,
haparanda.yaml,haparanda-studieforbund,Stöd till studieförbund,https://www.haparanda.se/fritid-och-kultur/foreningsliv/bidrag-och-stod-till-foreningar,404,https://www.haparanda.se/fritid-och-kultur/foreningsliv/bidrag-och-stod-till-foreningar,0,text/html;charset=UTF-8,,ja,
haparanda.yaml,haparanda-pensionarsforeningar,Stöd till pensionärsföreningar,https://www.haparanda.se/fritid-och-kultur/foreningsliv/bidrag-och-stod-till-foreningar,404,https://www.haparanda.se/fritid-och-kultur/foreningsliv/bidrag-och-stod-till-foreningar,0,text/html;charset=UTF-8,,ja,
haparanda.yaml,haparanda-funktionsratt,Stöd till verksamhet för personer med funktionsnedsättning,https://www.haparanda.se/fritid-och-kultur/foreningsliv/bidrag-och-stod-till-foreningar,404,https://www.haparanda.se/fritid-och-kultur/foreningsliv/bidrag-och-stod-till-foreningar,0,text/html;charset=UTF-8,,ja,
harjedalen.yaml,harjedalen-lokalt-aktivitetsstod,Kommunalt lokalt aktivitetsstöd,https://www.herjedalen.se/kommun-och-politik/styrdokument-och-regler/bidrag-och-stod-for-evenemang-foreningar-lokaler-och-studieforbund/foreningsstod.html,200,https://www.herjedalen.se/kommun-och-politik/styrdokument-och-regler/bidrag-och-stod-for-evenemang-foreningar-lokaler-och-studieforbund/foreningsstod.html,0,text/html;charset=UTF-8,,,
harjedalen.yaml,harjedalen-driftbidrag,Driftbidrag,https://www.herjedalen.se/kommun-och-politik/styrdokument-och-regler/bidrag-och-stod-for-evenemang-foreningar-lokaler-och-studieforbund/foreningsstod.html,200,https://www.herjedalen.se/kommun-och-politik/styrdokument-och-regler/bidrag-och-stod-for-evenemang-foreningar-lokaler-och-studieforbund/foreningsstod.html,0,text/html;charset=UTF-8,,,
harjedalen.yaml,harjedalen-kursbidrag,Kursbidrag,https://www.herjedalen.se/kommun-och-politik/styrdokument-och-regler/bidrag-och-stod-for-evenemang-foreningar-lokaler-och-studieforbund/foreningsstod.html,200,https://www.herjedalen.se/kommun-och-politik/styrdokument-och-regler/bidrag-och-stod-for-evenemang-foreningar-lokaler-och-studieforbund/foreningsstod.html,0,text/html;charset=UTF-8,,,
harjedalen.yaml,harjedalen-lokalbidrag,Lokalbidrag,https://www.herjedalen.se/kommun-och-politik/styrdokument-och-regler/bidrag-och-stod-for-evenemang-foreningar-lokaler-och-studieforbund/foreningsstod.html,200,https://www.herjedalen.se/kommun-och-politik/styrdokument-och-regler/bidrag-och-stod-for-evenemang-foreningar-lokaler-och-studieforbund/foreningsstod.html,0,text/html;charset=UTF-8,,,
harjedalen.yaml,harjedalen-anstallningsstod,Anställningsstöd,https://www.herjedalen.se/kommun-och-politik/styrdokument-och-regler/bidrag-och-stod-for-evenemang-foreningar-lokaler-och-studieforbund/foreningsstod.html,200,https://www.herjedalen.se/kommun-och-politik/styrdokument-och-regler/bidrag-och-stod-for-evenemang-foreningar-lokaler-och-studieforbund/foreningsstod.html,0,text/html;charset=UTF-8,,,
harjedalen.yaml,harjedalen-kulturarrangemang,Kulturarrangemang,https://www.herjedalen.se/kommun-och-politik/styrdokument-och-regler/bidrag-och-stod-for-evenemang-foreningar-lokaler-och-studieforbund/foreningsstod.html,200,https://www.herjedalen.se/kommun-och-politik/styrdokument-och-regler/bidrag-och-stod-for-evenemang-foreningar-lokaler-och-studieforbund/foreningsstod.html,0,text/html;charset=UTF-8,,,
harjedalen.yaml,harjedalen-dokumentationsbidrag,Bidrag till dokumentation,https://www.herjedalen.se/kommun-och-politik/styrdokument-och-regler/bidrag-och-stod-for-evenemang-foreningar-lokaler-och-studieforbund/foreningsstod.html,200,https://www.herjedalen.se/kommun-och-politik/styrdokument-och-regler/bidrag-och-stod-for-evenemang-foreningar-lokaler-och-studieforbund/foreningsstod.html,0,text/html;charset=UTF-8,,,
harjedalen.yaml,harjedalen-ovriga-stod,Övriga stöd,https://www.herjedalen.se/kommun-och-politik/styrdokument-och-regler/bidrag-och-stod-for-evenemang-foreningar-lokaler-och-studieforbund/foreningsstod.html,200,https://www.herjedalen.se/kommun-och-politik/styrdokument-och-regler/bidrag-och-stod-for-evenemang-foreningar-lokaler-och-studieforbund/foreningsstod.html,0,text/html;charset=UTF-8,,,
harnosand.yaml,harnosand-projektstod-till-kulturaktiviteter,Projektstöd till kulturaktiviteter,https://fri.harnosand.se/bidrag/default.aspx,200,https://fri.harnosand.se/bidrag/default.aspx,0,text/html; charset=utf-8,,,
harnosand.yaml,harnosand-arligt-verksamhetsstod-kultur,Årligt verksamhetsstöd kultur,https://fri.harnosand.se/bidrag/default.aspx,200,https://fri.harnosand.se/bidrag/default.aspx,0,text/html; charset=utf-8,,,
harnosand.yaml,harnosand-aktivitetsbidrag,Aktivitetsbidrag,https://fri.harnosand.se/bidrag/default.aspx,200,https://fri.harnosand.se/bidrag/default.aspx,0,text/html; charset=utf-8,,,
harnosand.yaml,harnosand-hyresbidrag-barn-och-ungdomsforeningar,Hyresbidrag barn- och ungdomsföreningar,https://fri.harnosand.se/bidrag/default.aspx,200,https://fri.harnosand.se/bidrag/default.aspx,0,text/html; charset=utf-8,,,
harnosand.yaml,harnosand-organisationsbidrag-funktionsrattsforeningar,Organisationsbidrag funktionsrättsföreningar,https://fri.harnosand.se/bidrag/default.aspx,200,https://fri.harnosand.se/bidrag/default.aspx,0,text/html; charset=utf-8,,,
harnosand.yaml,harnosand-grundbidrag-pensionarsforeningar,Grundbidrag pensionärsföreningar,https://fri.harnosand.se/bidrag/default.aspx,200,https://fri.harnosand.se/bidrag/default.aspx,0,text/html; charset=utf-8,,,
harnosand.yaml,harnosand-bidrag-till-samlingslokalforeningar,Bidrag till samlingslokalföreningar,https://fri.harnosand.se/bidrag/default.aspx,200,https://fri.harnosand.se/bidrag/default.aspx,0,text/html; charset=utf-8,,,
harnosand.yaml,harnosand-anlaggningsbidrag,Anläggningsbidrag,https://fri.harnosand.se/bidrag/default.aspx,200,https://fri.harnosand.se/bidrag/default.aspx,0,text/html; charset=utf-8,,,
harnosand.yaml,harnosand-bidrag-till-studieforbund,Bidrag till studieförbund,https://fri.harnosand.se/bidrag/default.aspx,200,https://fri.harnosand.se/bidrag/default.aspx,0,text/html; charset=utf-8,,,
harnosand.yaml,harnosand-grundbidrag-fiskevardsforeningar,Grundbidrag fiskevårdsföreningar,https://fri.harnosand.se/bidrag/default.aspx,200,https://fri.harnosand.se/bidrag/default.aspx,0,text/html; charset=utf-8,,,
harnosand.yaml,harnosand-skotselbidrag-fiskevardsforeningar,Skötselbidrag fiskevårdsföreningar,https://fri.harnosand.se/bidrag/default.aspx,200,https://fri.harnosand.se/bidrag/default.aspx,0,text/html; charset=utf-8,,,
harnosand.yaml,harnosand-bidrag-till-ovriga-fiskevardande-atgarder,Bidrag till övriga fiskevårdande åtgärder,https://fri.harnosand.se/bidrag/default.aspx,200,https://fri.harnosand.se/bidrag/default.aspx,0,text/html; charset=utf-8,,,
harryda.yaml,harryda-aktivitetsstod-deltagare,Aktivitetsstöd - deltagare,https://www.harryda.se/upplevaochgora/foreningar/stodtillideellaforeningar/reglerforstodtillideellaforeningar/aktivitetsstoddeltagare.4.446cba66182e9265b814f4c.html,200,https://www.harryda.se/upplevaochgora/foreningar/stodtillideellaforeningar/reglerforstodtillideellaforeningar/aktivitetsstoddeltagare.4.446cba66182e9265b814f4c.html,0,text/html;charset=UTF-8,,,
harryda.yaml,harryda-aktivitetsstod-arrangemang,Aktivitetsstöd - arrangemang,https://www.harryda.se/upplevaochgora/foreningar/stodtillideellaforeningar/reglerforstodtillideellaforeningar/aktivitetsstodarrangemang.4.446cba66182e9265b814f77.html,200,https://www.harryda.se/upplevaochgora/foreningar/stodtillideellaforeningar/reglerforstodtillideellaforeningar/aktivitetsstodarrangemang.4.446cba66182e9265b814f77.html,0,text/html;charset=UTF-8,,,
harryda.yaml,harryda-fobjudring-lokal-anlaggning,Stöd till förbättring av lokal eller anläggning,https://www.harryda.se/upplevaochgora/foreningar/stodtillideellaforeningar/reglerforstodtillideellaforeningar/stodtillforbattringavlokalelleranlaggning.4.446cba66182e9265b814fa2.html,200,https://www.harryda.se/upplevaochgora/foreningar/stodtillideellaforeningar/reglerforstodtillideellaforeningar/stodtillforbattringavlokalelleranlaggning.4.446cba66182e9265b814fa2.html,0,text/html;charset=UTF-8,,,
harryda.yaml,harryda-utvecklingsstod,Utvecklingsstöd,https://www.harryda.se/upplevaochgora/foreningar/stodtillideellaforeningar.4.42a851691818a5d975f1d88.html,200,https://www.harryda.se/upplevaochgora/foreningar/stodtillideellaforeningar.4.42a851691818a5d975f1d88.html,0,text/html;charset=UTF-8,,,
harryda.yaml,harryda-folkbildningsstod,Folkbildningsstöd,https://www.harryda.se/upplevaochgora/foreningar/stodtillideellaforeningar.4.42a851691818a5d975f1d88.html,200,https://www.harryda.se/upplevaochgora/foreningar/stodtillideellaforeningar.4.42a851691818a5d975f1d88.html,0,text/html;charset=UTF-8,,,
harryda.yaml,harryda-sarskilda-avtal,Särskilda avtal,https://www.harryda.se/upplevaochgora/foreningar/stodtillideellaforeningar.4.42a851691818a5d975f1d88.html,200,https://www.harryda.se/upplevaochgora/foreningar/stodtillideellaforeningar.4.42a851691818a5d975f1d88.html,0,text/html;charset=UTF-8,,,
hassleholm.yaml,hassleholm-aktivitetsbidrag,Aktivitetsbidrag,https://www.hassleholm.se/uppleva-och-gora/foreningar-och-foreningsliv/bidrag-stod-och-stipendier,200,https://www.hassleholm.se/uppleva-och-gora/foreningar-och-foreningsliv/bidrag-stod-och-stipendier,0,text/html;charset=UTF-8,,,
hassleholm.yaml,hassleholm-lokalbidrag,Lokalbidrag,https://www.hassleholm.se/uppleva-och-gora/foreningar-och-foreningsliv/bidrag-stod-och-stipendier,200,https://www.hassleholm.se/uppleva-och-gora/foreningar-och-foreningsliv/bidrag-stod-och-stipendier,0,text/html;charset=UTF-8,,,
hassleholm.yaml,hassleholm-bygdegard,Bygdegårdsbidrag,https://www.hassleholm.se/uppleva-och-gora/foreningar-och-foreningsliv/bidrag-stod-och-stipendier,200,https://www.hassleholm.se/uppleva-och-gora/foreningar-och-foreningsliv/bidrag-stod-och-stipendier,0,text/html;charset=UTF-8,,,
hassleholm.yaml,hassleholm-kulturverksamhet,Verksamhetsbidrag - kultur,https://www.hassleholm.se/uppleva-och-gora/foreningar-och-foreningsliv/bidrag-stod-och-stipendier,200,https://www.hassleholm.se/uppleva-och-gora/foreningar-och-foreningsliv/bidrag-stod-och-stipendier,0,text/html;charset=UTF-8,,,
hassleholm.yaml,hassleholm-arrangemangsbidrag,Arrangemangsbidrag,https://www.hassleholm.se/uppleva-och-gora/foreningar-och-foreningsliv/bidrag-stod-och-stipendier,200,https://www.hassleholm.se/uppleva-och-gora/foreningar-och-foreningsliv/bidrag-stod-och-stipendier,0,text/html;charset=UTF-8,,,
hassleholm.yaml,hassleholm-tatortsbidrag,Tätortsbidrag,https://www.hassleholm.se/uppleva-och-gora/foreningar-och-foreningsliv/bidrag-stod-och-stipendier,200,https://www.hassleholm.se/uppleva-och-gora/foreningar-och-foreningsliv/bidrag-stod-och-stipendier,0,text/html;charset=UTF-8,,,
heby.yaml,heby-foreningsstod,Föreningsstöd,https://www.heby.se/kultur-och-fritid/foreningsliv/information-till-foreningar/foreningsstod-och-annat-stod,200,https://www.heby.se/kultur-och-fritid/foreningsliv/information-till-foreningar/foreningsstod-och-annat-stod,0,text/html;charset=UTF-8,,,
heby.yaml,heby-evenemangsstod,Stöd för att arrangera evenemang,https://www.heby.se/kultur-och-fritid/foreningsliv/information-till-foreningar/foreningsstod-och-annat-stod,200,https://www.heby.se/kultur-och-fritid/foreningsliv/information-till-foreningar/foreningsstod-och-annat-stod,0,text/html;charset=UTF-8,,,
heby.yaml,heby-investeringsstod-samlingslokal,Investeringsstöd för samlingslokaler,https://www.heby.se/kultur-och-fritid/foreningsliv/information-till-foreningar/foreningsstod-och-annat-stod,200,https://www.heby.se/kultur-och-fritid/foreningsliv/information-till-foreningar/foreningsstod-och-annat-stod,0,text/html;charset=UTF-8,,,
hedemora.yaml,hedemora-startbidrag,Startbidrag,https://hedemora.se/se-och-uppleva/foreningsliv/bidrag-till-foreningar/,200,https://hedemora.se/se-och-uppleva/foreningsliv/bidrag-till-foreningar/,0,text/html; charset=UTF-8,,,
hedemora.yaml,hedemora-grundbidrag,Grundbidrag,https://hedemora.se/se-och-uppleva/foreningsliv/bidrag-till-foreningar/,200,https://hedemora.se/se-och-uppleva/foreningsliv/bidrag-till-foreningar/,0,text/html; charset=UTF-8,,,
hedemora.yaml,hedemora-lokal-drift-och-underhallsbidrag,"Lokal-, drift- och underhållsbidrag",https://hedemora.se/se-och-uppleva/foreningsliv/bidrag-till-foreningar/,200,https://hedemora.se/se-och-uppleva/foreningsliv/bidrag-till-foreningar/,0,text/html; charset=UTF-8,,,
hedemora.yaml,hedemora-aktivitetsbidrag,Aktivitetsbidrag,https://hedemora.se/se-och-uppleva/foreningsliv/bidrag-till-foreningar/,200,https://hedemora.se/se-och-uppleva/foreningsliv/bidrag-till-foreningar/,0,text/html; charset=UTF-8,,,
hedemora.yaml,hedemora-ledarutbildningsbidrag,Ledarutbildningsbidrag,https://hedemora.se/se-och-uppleva/foreningsliv/bidrag-till-foreningar/,200,https://hedemora.se/se-och-uppleva/foreningsliv/bidrag-till-foreningar/,0,text/html; charset=UTF-8,,,
hedemora.yaml,hedemora-feriebidrag,Feriebidrag,https://hedemora.se/se-och-uppleva/foreningsliv/bidrag-till-foreningar/,200,https://hedemora.se/se-och-uppleva/foreningsliv/bidrag-till-foreningar/,0,text/html; charset=UTF-8,,,
hedemora.yaml,hedemora-inventariebidrag,Inventariebidrag,https://hedemora.se/se-och-uppleva/foreningsliv/bidrag-till-foreningar/,200,https://hedemora.se/se-och-uppleva/foreningsliv/bidrag-till-foreningar/,0,text/html; charset=UTF-8,,,
hedemora.yaml,hedemora-investeringsbidrag,Investeringsbidrag,https://hedemora.se/se-och-uppleva/foreningsliv/bidrag-till-foreningar/,200,https://hedemora.se/se-och-uppleva/foreningsliv/bidrag-till-foreningar/,0,text/html; charset=UTF-8,,,
hedemora.yaml,hedemora-kulturarrangemangsbidrag,Kulturarrangemangsbidrag,https://hedemora.se/se-och-uppleva/foreningsliv/bidrag-till-foreningar/,200,https://hedemora.se/se-och-uppleva/foreningsliv/bidrag-till-foreningar/,0,text/html; charset=UTF-8,,,
hedemora.yaml,hedemora-evenemangsstod,Evenemangsstöd,https://hedemora.se/se-och-uppleva/foreningsliv/bidrag-till-foreningar/,200,https://hedemora.se/se-och-uppleva/foreningsliv/bidrag-till-foreningar/,0,text/html; charset=UTF-8,,,
helsingborg.yaml,helsingborg-aktivitetsstod,Aktivitetsstöd,https://helsingborg.se/uppleva-och-gora/foreningar/jag-ar-aktiv-i-en-forening/aktivitetsstod-i-rbok/,200,https://helsingborg.se/uppleva-och-gora/foreningar/jag-ar-aktiv-i-en-forening/aktivitetsstod-i-rbok/,0,text/html; charset=UTF-8,,,
helsingborg.yaml,helsingborg-medlemsstod-funktionshinder,Medlemsstöd (funktionshinderföreningar),https://media.helsingborg.se/uploads/networks/1/2022/12/bestammelser-2023.pdf,200,https://media.helsingborg.se/uploads/networks/1/2022/12/bestammelser-2023.pdf,0,application/pdf,,,
helsingborg.yaml,helsingborg-startbidrag,Startbidrag,https://media.helsingborg.se/uploads/networks/1/2022/12/bestammelser-2023.pdf,200,https://media.helsingborg.se/uploads/networks/1/2022/12/bestammelser-2023.pdf,0,application/pdf,,,
helsingborg.yaml,helsingborg-verksamhetsstod-kultur,Verksamhetsstöd (kulturnämnden),https://helsingborg.se/uppleva-och-gora/kultur-och-museer/kulturstod-i-helsingborg/verksamhetsstod/,200,https://helsingborg.se/uppleva-och-gora/kultur-och-museer/kulturstod-i-helsingborg/verksamhetsstod/,0,text/html; charset=UTF-8,,,
helsingborg.yaml,helsingborg-projektstod-kultur,Projektstöd (kulturnämnden),https://helsingborg.se/uppleva-och-gora/kultur-och-museer/kulturstod-i-helsingborg/projektstod/,200,https://helsingborg.se/uppleva-och-gora/kultur-och-museer/kulturstod-i-helsingborg/projektstod/,0,text/html; charset=UTF-8,,,
helsingborg.yaml,helsingborg-verksamhetsbidrag-social,Verksamhetsbidrag (socialnämnden),https://helsingborg.se/omsorg-och-stod/foreningar-med-social-verksamhet/bidrag-fran-socialnamnden/,200,https://helsingborg.se/omsorg-och-stod/foreningar-med-social-verksamhet/bidrag-fran-socialnamnden/,0,text/html; charset=UTF-8,,,
herrljunga.yaml,herrljunga-aktivitetsstod,Aktivitetsstöd,https://herrljunga.se/uppleva-och-gora/foreningsliv-stod-och-bidrag-till-civilsamhallet/stod-och-bidrag,200,https://herrljunga.se/uppleva-och-gora/foreningsliv-stod-och-bidrag-till-civilsamhallet/stod-och-bidrag,0,text/html;charset=UTF-8,,,
herrljunga.yaml,herrljunga-drift-och-lokalstod,Drift- och lokalstöd,https://herrljunga.se/uppleva-och-gora/foreningsliv-stod-och-bidrag-till-civilsamhallet/stod-och-bidrag,200,https://herrljunga.se/uppleva-och-gora/foreningsliv-stod-och-bidrag-till-civilsamhallet/stod-och-bidrag,0,text/html;charset=UTF-8,,,
herrljunga.yaml,herrljunga-stod-till-investeringar-och-satsningar,Stöd till investeringar och satsningar,https://herrljunga.se/uppleva-och-gora/foreningsliv-stod-och-bidrag-till-civilsamhallet/stod-och-bidrag,200,https://herrljunga.se/uppleva-och-gora/foreningsliv-stod-och-bidrag-till-civilsamhallet/stod-och-bidrag,0,text/html;charset=UTF-8,,,
herrljunga.yaml,herrljunga-socialt-foreningsstod,Socialt föreningsstöd,https://herrljunga.se/uppleva-och-gora/foreningsliv-stod-och-bidrag-till-civilsamhallet/stod-och-bidrag,200,https://herrljunga.se/uppleva-och-gora/foreningsliv-stod-och-bidrag-till-civilsamhallet/stod-och-bidrag,0,text/html;charset=UTF-8,,,
herrljunga.yaml,herrljunga-snabba-slanten,Snabba slanten,https://herrljunga.se/uppleva-och-gora/foreningsliv-stod-och-bidrag-till-civilsamhallet/stod-och-bidrag,200,https://herrljunga.se/uppleva-och-gora/foreningsliv-stod-och-bidrag-till-civilsamhallet/stod-och-bidrag,0,text/html;charset=UTF-8,,,
herrljunga.yaml,herrljunga-kulturarrangemang-projekt,Stöd till kulturarrangemang och projekt,https://herrljunga.se/uppleva-och-gora/foreningsliv-stod-och-bidrag-till-civilsamhallet/stod-och-bidrag,200,https://herrljunga.se/uppleva-och-gora/foreningsliv-stod-och-bidrag-till-civilsamhallet/stod-och-bidrag,0,text/html;charset=UTF-8,,,
herrljunga.yaml,herrljunga-sarskilda-overenskommelser,Särskilda överenskommelser,https://herrljunga.se/uppleva-och-gora/foreningsliv-stod-och-bidrag-till-civilsamhallet/stod-och-bidrag,200,https://herrljunga.se/uppleva-och-gora/foreningsliv-stod-och-bidrag-till-civilsamhallet/stod-och-bidrag,0,text/html;charset=UTF-8,,,
herrljunga.yaml,herrljunga-studieforbund,Bidrag till studieförbund,https://herrljunga.se/uppleva-och-gora/foreningsliv-stod-och-bidrag-till-civilsamhallet/stod-och-bidrag,200,https://herrljunga.se/uppleva-och-gora/foreningsliv-stod-och-bidrag-till-civilsamhallet/stod-och-bidrag,0,text/html;charset=UTF-8,,,
hjo.yaml,hjo-aktivitetsbidrag,Aktivitetsbidrag,https://www.hjo.se/Kultur_turism_fritid/foreningsliv/foreningsbidrag/,200,https://www.hjo.se/Kultur_turism_fritid/foreningsliv/foreningsbidrag/,0,text/html; charset=utf-8,,,
hjo.yaml,hjo-utvecklings-och-investeringsbidrag,Utvecklings- och investeringsbidrag,https://www.hjo.se/Kultur_turism_fritid/foreningsliv/foreningsbidrag/,200,https://www.hjo.se/Kultur_turism_fritid/foreningsliv/foreningsbidrag/,0,text/html; charset=utf-8,,,
hjo.yaml,hjo-anlaggningsbidrag,Anläggningsbidrag,https://www.hjo.se/Kultur_turism_fritid/foreningsliv/foreningsbidrag/,200,https://www.hjo.se/Kultur_turism_fritid/foreningsliv/foreningsbidrag/,0,text/html; charset=utf-8,,,
hofors.yaml,hofors-aktivitetsbidrag,Aktivitetsbidrag,https://www.hofors.se/kultur--fritid/foreningsbidrag.html,200,https://www.hofors.se/kultur--fritid/foreningsbidrag.html,0,text/html;charset=UTF-8,,,
hofors.yaml,hofors-grundbidrag,Grundbidrag,https://www.hofors.se/kultur--fritid/foreningsbidrag.html,200,https://www.hofors.se/kultur--fritid/foreningsbidrag.html,0,text/html;charset=UTF-8,,,
hofors.yaml,hofors-drift-och-hyresbidrag,Drift- och hyresbidrag,https://www.hofors.se/kultur--fritid/foreningsbidrag.html,200,https://www.hofors.se/kultur--fritid/foreningsbidrag.html,0,text/html;charset=UTF-8,,,
hofors.yaml,hofors-investeringsbidrag,Investeringsbidrag,https://www.hofors.se/kultur--fritid/foreningsbidrag.html,200,https://www.hofors.se/kultur--fritid/foreningsbidrag.html,0,text/html;charset=UTF-8,,,
hofors.yaml,hofors-ovrigt-bidrag,Övrigt bidrag,https://www.hofors.se/kultur--fritid/foreningsbidrag.html,200,https://www.hofors.se/kultur--fritid/foreningsbidrag.html,0,text/html;charset=UTF-8,,,
hoganas.yaml,hoganas-aktivitetsstod,Aktivitetsstöd ungdom,https://www.hoganas.se/besok--upplev/foreningar-och-foreningsliv/sokbara-stod-i-hoganas.html,200,https://www.hoganas.se/besok--upplev/foreningar-och-foreningsliv/sokbara-stod-i-hoganas.html,0,text/html;charset=UTF-8,,,
hoganas.yaml,hoganas-pensionarer,Pensionärsorganisationsbidrag,https://www.hoganas.se/besok--upplev/foreningar-och-foreningsliv/sokbara-stod-i-hoganas.html,200,https://www.hoganas.se/besok--upplev/foreningar-och-foreningsliv/sokbara-stod-i-hoganas.html,0,text/html;charset=UTF-8,,,
hoganas.yaml,hoganas-lokalstod,Lokalstöd,https://www.hoganas.se/besok--upplev/foreningar-och-foreningsliv/sokbara-stod-i-hoganas.html,200,https://www.hoganas.se/besok--upplev/foreningar-och-foreningsliv/sokbara-stod-i-hoganas.html,0,text/html;charset=UTF-8,,,
hoganas.yaml,hoganas-utvecklingsstod,Utvecklingsstöd,https://www.hoganas.se/besok--upplev/foreningar-och-foreningsliv/sokbara-stod-i-hoganas.html,200,https://www.hoganas.se/besok--upplev/foreningar-och-foreningsliv/sokbara-stod-i-hoganas.html,0,text/html;charset=UTF-8,,,
hoganas.yaml,hoganas-funktionsnedsattning,Funktionsnedsättningsstöd,https://www.hoganas.se/besok--upplev/foreningar-och-foreningsliv/sokbara-stod-i-hoganas.html,200,https://www.hoganas.se/besok--upplev/foreningar-och-foreningsliv/sokbara-stod-i-hoganas.html,0,text/html;charset=UTF-8,,,
hoganas.yaml,hoganas-startbidrag,Startbidrag,https://www.hoganas.se/besok--upplev/foreningar-och-foreningsliv/sokbara-stod-i-hoganas/startbidrag.html,200,https://www.hoganas.se/besok--upplev/foreningar-och-foreningsliv/sokbara-stod-i-hoganas/startbidrag.html,0,text/html;charset=UTF-8,,,
hoganas.yaml,hoganas-socialtjanstens-verksamhet,Föreningsbidrag inom socialtjänstens verksamhet,https://www.hoganas.se/besok--upplev/foreningar-och-foreningsliv/sokbara-stod-i-hoganas/socialtjanstens-verksamhet.html,200,https://www.hoganas.se/besok--upplev/foreningar-och-foreningsliv/sokbara-stod-i-hoganas/socialtjanstens-verksamhet.html,0,text/html;charset=UTF-8,,,
hogsby.yaml,hogsby-grundbidrag,Grundbidrag,https://hogsby.se/uppleva-och-goera/kultur-och-fritid/foereningsliv/bidragsregler/,200,https://hogsby.se/uppleva-och-goera/kultur-och-fritid/foereningsliv/bidragsregler/,0,text/html; charset=UTF-8,,,
hogsby.yaml,hogsby-hemmansbidrag,Hemmansbidrag,https://hogsby.se/uppleva-och-goera/kultur-och-fritid/foereningsliv/bidragsregler/,200,https://hogsby.se/uppleva-och-goera/kultur-och-fritid/foereningsliv/bidragsregler/,0,text/html; charset=UTF-8,,,
hogsby.yaml,hogsby-integrationsproject,Integrationsprojektbidrag,https://hogsby.se/uppleva-och-goera/kultur-och-fritid/foereningsliv/bidragsregler/,200,https://hogsby.se/uppleva-och-goera/kultur-och-fritid/foereningsliv/bidragsregler/,0,text/html; charset=UTF-8,,,
hoor.yaml,hoor-startbidrag,Startbidrag,https://etjanster.hoor.se/oversikt/overview/191,200,https://etjanster.hoor.se/oversikt/overview/191,0,text/html;charset=ISO-8859-1,,,
hoor.yaml,hoor-aktivitetsbidrag,Aktivitetsbidrag,https://www.hoor.se/uppleva-gora/foreningar-foreningsliv/,200,https://www.hoor.se/uppleva-gora/foreningar-foreningsliv/,0,text/html; charset=UTF-8,,,
hoor.yaml,hoor-lokalbidrag,Lokalbidrag,https://www.hoor.se/uppleva-gora/foreningar-foreningsliv/,200,https://www.hoor.se/uppleva-gora/foreningar-foreningsliv/,0,text/html; charset=UTF-8,,,
hoor.yaml,hoor-kulturverksamhet,Verksamhetsbidrag - kultur,https://www.hoor.se/uppleva-gora/foreningar-foreningsliv/,200,https://www.hoor.se/uppleva-gora/foreningar-foreningsliv/,0,text/html; charset=UTF-8,,,
hoor.yaml,hoor-studieförbund,Studieförbundsbidrag,https://www.hoor.se/uppleva-gora/foreningar-foreningsliv/,200,https://www.hoor.se/uppleva-gora/foreningar-foreningsliv/,0,text/html; charset=UTF-8,,,
hoor.yaml,hoor-evenemang,Evenemangsbidrag,https://www.hoor.se/uppleva-gora/foreningar-foreningsliv/,200,https://www.hoor.se/uppleva-gora/foreningar-foreningsliv/,0,text/html; charset=UTF-8,,,
horby.yaml,horby-evenemangsbidrag,Evenemangsbidrag,https://fri.horby.se/bidrag/ansokaninfo.aspx?type=39&year=2025,200,https://fri.horby.se/bidrag/default.aspx,1,text/html; charset=utf-8,,,
horby.yaml,horby-aktivitetsbidrag,Lokalt aktivitetsstöd 7-25 år,https://fri.horby.se/bidrag/default.aspx,200,https://fri.horby.se/bidrag/default.aspx,0,text/html; charset=utf-8,,,
horby.yaml,horby-pensionarstod,Lokalt aktivitetsstöd pensionärer,https://fri.horby.se/bidrag/default.aspx,200,https://fri.horby.se/bidrag/default.aspx,0,text/html; charset=utf-8,,,
horby.yaml,horby-verksamhetsbidrag,Verksamhetsbidrag,https://fri.horby.se/bidrag/ansokaninfo.aspx?type=32&year=2025,200,https://fri.horby.se/bidrag/default.aspx,1,text/html; charset=utf-8,,,
horby.yaml,horby-studieförbund,Studieförbundsbidrag,https://fri.horby.se/bidrag/ansokaninfo.aspx?type=48&year=2025,200,https://fri.horby.se/bidrag/default.aspx,1,text/html; charset=utf-8,,,
huddinge.yaml,huddinge-utvecklingsbidrag,Utvecklingsbidrag,https://www.huddinge.se/fritid-natur-och-kultur/foreningar-och-bidrag/bidrag-stod-och-stipendier/bidrag-till-foreningar-och-studieforbund/,200,https://www.huddinge.se/fritid-natur-och-kultur/foreningar-och-bidrag/bidrag-stod-och-stipendier/bidrag-till-foreningar-och-studieforbund/,0,text/html;charset=UTF-8,,,
huddinge.yaml,huddinge-lovbidrag,Lovbidrag,https://www.huddinge.se/fritid-natur-och-kultur/foreningar-och-bidrag/bidrag-stod-och-stipendier/bidrag-till-foreningar-och-studieforbund/,200,https://www.huddinge.se/fritid-natur-och-kultur/foreningar-och-bidrag/bidrag-stod-och-stipendier/bidrag-till-foreningar-och-studieforbund/,0,text/html;charset=UTF-8,,,
huddinge.yaml,huddinge-aktivitetsbidrag,Aktivitetsbidrag,https://www.huddinge.se/fritid-natur-och-kultur/foreningar-och-bidrag/bidrag-stod-och-stipendier/bidrag-till-foreningar-och-studieforbund/,200,https://www.huddinge.se/fritid-natur-och-kultur/foreningar-och-bidrag/bidrag-stod-och-stipendier/bidrag-till-foreningar-och-studieforbund/,0,text/html;charset=UTF-8,,,
huddinge.yaml,huddinge-pensionarsbidrag,Bidrag till pensionärsföreningar,https://www.huddinge.se/fritid-natur-och-kultur/foreningar-och-bidrag/bidrag-stod-och-stipendier/bidrag-till-foreningar-och-studieforbund/,200,https://www.huddinge.se/fritid-natur-och-kultur/foreningar-och-bidrag/bidrag-stod-och-stipendier/bidrag-till-foreningar-och-studieforbund/,0,text/html;charset=UTF-8,,,
huddinge.yaml,huddinge-arrangemangsbidrag,Bidrag till arrangemang,https://www.huddinge.se/fritid-natur-och-kultur/foreningar-och-bidrag/bidrag-stod-och-stipendier/bidrag-till-foreningar-och-studieforbund/,200,https://www.huddinge.se/fritid-natur-och-kultur/foreningar-och-bidrag/bidrag-stod-och-stipendier/bidrag-till-foreningar-och-studieforbund/,0,text/html;charset=UTF-8,,,
huddinge.yaml,huddinge-fritidsaktiviteter-funktionsnedsattning-kultur,Bidrag till fritidsaktiviteter för personer med funktionsnedsättning,https://www.huddinge.se/fritid-natur-och-kultur/foreningar-och-bidrag/bidrag-stod-och-stipendier/bidrag-till-foreningar-och-studieforbund/,200,https://www.huddinge.se/fritid-natur-och-kultur/foreningar-och-bidrag/bidrag-stod-och-stipendier/bidrag-till-foreningar-och-studieforbund/,0,text/html;charset=UTF-8,,,
huddinge.yaml,huddinge-verksamhetsbidrag-kultur,Verksamhetsbidrag till kulturföreningar,https://www.huddinge.se/fritid-natur-och-kultur/foreningar-och-bidrag/bidrag-stod-och-stipendier/bidrag-till-foreningar-och-studieforbund/,200,https://www.huddinge.se/fritid-natur-och-kultur/foreningar-och-bidrag/bidrag-stod-och-stipendier/bidrag-till-foreningar-och-studieforbund/,0,text/html;charset=UTF-8,,,
huddinge.yaml,huddinge-verksamhetsbidrag-idrott-fritid,Verksamhetsbidrag till idrotts- och fritidsföreningar,https://www.huddinge.se/fritid-natur-och-kultur/foreningar-och-bidrag/bidrag-stod-och-stipendier/bidrag-till-foreningar-och-studieforbund/,200,https://www.huddinge.se/fritid-natur-och-kultur/foreningar-och-bidrag/bidrag-stod-och-stipendier/bidrag-till-foreningar-och-studieforbund/,0,text/html;charset=UTF-8,,,
huddinge.yaml,huddinge-hyresersattningsbidrag,Hyresersättningsbidrag,https://www.huddinge.se/fritid-natur-och-kultur/foreningar-och-bidrag/bidrag-stod-och-stipendier/bidrag-till-foreningar-och-studieforbund/,200,https://www.huddinge.se/fritid-natur-och-kultur/foreningar-och-bidrag/bidrag-stod-och-stipendier/bidrag-till-foreningar-och-studieforbund/,0,text/html;charset=UTF-8,,,
huddinge.yaml,huddinge-lokalbidrag-oppen-kulturverksamhet,Bidrag till lokaler för öppen kulturverksamhet,https://www.huddinge.se/fritid-natur-och-kultur/foreningar-och-bidrag/bidrag-stod-och-stipendier/bidrag-till-foreningar-och-studieforbund/,200,https://www.huddinge.se/fritid-natur-och-kultur/foreningar-och-bidrag/bidrag-stod-och-stipendier/bidrag-till-foreningar-och-studieforbund/,0,text/html;charset=UTF-8,,,
huddinge.yaml,huddinge-anlaggningsbidrag,Anläggningsbidrag,https://www.huddinge.se/fritid-natur-och-kultur/foreningar-och-bidrag/bidrag-stod-och-stipendier/bidrag-till-foreningar-och-studieforbund/,200,https://www.huddinge.se/fritid-natur-och-kultur/foreningar-och-bidrag/bidrag-stod-och-stipendier/bidrag-till-foreningar-och-studieforbund/,0,text/html;charset=UTF-8,,,
huddinge.yaml,huddinge-vanortsutbyte,Vänortsutbyte,https://sammantraden.huddinge.se/welcome-sv/namnder-styrelser/kommunfullmaktige/kommunfullmaktige/agenda/rev-bilaga-hkf-8020-foreningsbidragpdf?downloadMode=open,200,https://sammantraden.huddinge.se/welcome-sv/namnder-styrelser/kommunfullmaktige/kommunfullmaktige/agenda/rev-bilaga-hkf-8020-foreningsbidragpdf?downloadMode=open,0,application/pdf,,,
huddinge.yaml,huddinge-grundbidrag-funktionsnedsattning,Grundbidrag till föreningar för personer med funktionsnedsättning,https://www.huddinge.se/fritid-natur-och-kultur/foreningar-och-bidrag/bidrag-stod-och-stipendier/foreningsbidrag-for-foreningar-for-personer-med-funktionsnedsattning-och-sociala-stod--och-hjalporganisationer/,200,https://www.huddinge.se/fritid-natur-och-kultur/foreningar-och-bidrag/bidrag-stod-och-stipendier/foreningsbidrag-for-sociala-stod--och-hjalporganisationer,1,text/html;charset=UTF-8,,,
huddinge.yaml,huddinge-verksamhetsbidrag-funktionsnedsattning,Verksamhetsbidrag till föreningar för personer med funktionsnedsättning,https://www.huddinge.se/fritid-natur-och-kultur/foreningar-och-bidrag/bidrag-stod-och-stipendier/foreningsbidrag-for-foreningar-for-personer-med-funktionsnedsattning-och-sociala-stod--och-hjalporganisationer/,200,https://www.huddinge.se/fritid-natur-och-kultur/foreningar-och-bidrag/bidrag-stod-och-stipendier/foreningsbidrag-for-sociala-stod--och-hjalporganisationer,1,text/html;charset=UTF-8,,,
huddinge.yaml,huddinge-hyresbidrag-funktionsnedsattning,Hyresbidrag till föreningar för personer med funktionsnedsättning,https://www.huddinge.se/fritid-natur-och-kultur/foreningar-och-bidrag/bidrag-stod-och-stipendier/foreningsbidrag-for-foreningar-for-personer-med-funktionsnedsattning-och-sociala-stod--och-hjalporganisationer/,200,https://www.huddinge.se/fritid-natur-och-kultur/foreningar-och-bidrag/bidrag-stod-och-stipendier/foreningsbidrag-for-sociala-stod--och-hjalporganisationer,1,text/html;charset=UTF-8,,,
huddinge.yaml,huddinge-startbidrag-funktionsnedsattning,Startbidrag till nystartad förening för personer med funktionsnedsättning,https://service.huddinge.se/Web/FAQList.aspx?service=AFG,200,https://service.huddinge.se/Web/FAQList.aspx?service=AFG,0,text/html; charset=utf-8,,,
huddinge.yaml,huddinge-grundbidrag-social,Grundbidrag till sociala stöd- och hjälporganisationer,https://www.huddinge.se/fritid-natur-och-kultur/foreningar-och-bidrag/bidrag-stod-och-stipendier/foreningsbidrag-for-sociala-stod--och-hjalporganisationer,200,https://www.huddinge.se/fritid-natur-och-kultur/foreningar-och-bidrag/bidrag-stod-och-stipendier/foreningsbidrag-for-sociala-stod--och-hjalporganisationer,0,text/html;charset=UTF-8,,,
huddinge.yaml,huddinge-verksamhetsbidrag-social,Verksamhetsbidrag till sociala stöd- och hjälporganisationer,https://www.huddinge.se/fritid-natur-och-kultur/foreningar-och-bidrag/bidrag-stod-och-stipendier/foreningsbidrag-for-sociala-stod--och-hjalporganisationer,200,https://www.huddinge.se/fritid-natur-och-kultur/foreningar-och-bidrag/bidrag-stod-och-stipendier/foreningsbidrag-for-sociala-stod--och-hjalporganisationer,0,text/html;charset=UTF-8,,,
huddinge.yaml,huddinge-hyresbidrag-social,Hyresbidrag till sociala stöd- och hjälporganisationer,https://www.huddinge.se/fritid-natur-och-kultur/foreningar-och-bidrag/bidrag-stod-och-stipendier/foreningsbidrag-for-sociala-stod--och-hjalporganisationer,200,https://www.huddinge.se/fritid-natur-och-kultur/foreningar-och-bidrag/bidrag-stod-och-stipendier/foreningsbidrag-for-sociala-stod--och-hjalporganisationer,0,text/html;charset=UTF-8,,,
huddinge.yaml,huddinge-startbidrag-social,Startbidrag till nystartad social stöd- och hjälporganisation,https://service.huddinge.se/Web/FAQList.aspx?service=AFG,200,https://service.huddinge.se/Web/FAQList.aspx?service=AFG,0,text/html; charset=utf-8,,,
huddinge.yaml,huddinge-verksamhetsbidrag-ks,"Verksamhetsbidrag (kommunstyrelsen, övriga bidrag)",https://sammantraden.huddinge.se/welcome-sv/namnder-styrelser/kommunfullmaktige/kommunfullmaktige/agenda/rev-bilaga-hkf-8020-foreningsbidragpdf?downloadMode=open,200,https://sammantraden.huddinge.se/welcome-sv/namnder-styrelser/kommunfullmaktige/kommunfullmaktige/agenda/rev-bilaga-hkf-8020-foreningsbidragpdf?downloadMode=open,0,application/pdf,,,
huddinge.yaml,huddinge-sarskilda-atgarder,Bidrag för särskilda åtgärder,https://sammantraden.huddinge.se/welcome-sv/namnder-styrelser/kommunfullmaktige/kommunfullmaktige/agenda/rev-bilaga-hkf-8020-foreningsbidragpdf?downloadMode=open,200,https://sammantraden.huddinge.se/welcome-sv/namnder-styrelser/kommunfullmaktige/kommunfullmaktige/agenda/rev-bilaga-hkf-8020-foreningsbidragpdf?downloadMode=open,0,application/pdf,,,
huddinge.yaml,huddinge-startbidrag-generellt,"Startbidrag (kommunstyrelsen, generellt för nystartad förening)",https://sammantraden.huddinge.se/welcome-sv/namnder-styrelser/kommunfullmaktige/kommunfullmaktige/agenda/rev-bilaga-hkf-8020-foreningsbidragpdf?downloadMode=open,200,https://sammantraden.huddinge.se/welcome-sv/namnder-styrelser/kommunfullmaktige/kommunfullmaktige/agenda/rev-bilaga-hkf-8020-foreningsbidragpdf?downloadMode=open,0,application/pdf,,,
huddinge.yaml,huddinge-miljobidrag,Föreningsbidrag för miljöförbättrande insatser,https://www.huddinge.se/fritid-natur-och-kultur/foreningar-och-bidrag/bidrag-stod-och-stipendier/foreningsbidrag-for-miljoforbattrande-insatser/,200,https://www.huddinge.se/fritid-natur-och-kultur/foreningar-och-bidrag/bidrag-stod-och-stipendier/foreningsbidrag-for-miljoforbattrande-insatser/,0,text/html;charset=UTF-8,,,
huddinge.yaml,huddinge-studieforbund-grundbidrag,Grundbidrag till studieförbund,https://www.huddinge.se/fritid-natur-och-kultur/foreningar-och-bidrag/bidrag-stod-och-stipendier/bidrag-till-foreningar-och-studieforbund/,200,https://www.huddinge.se/fritid-natur-och-kultur/foreningar-och-bidrag/bidrag-stod-och-stipendier/bidrag-till-foreningar-och-studieforbund/,0,text/html;charset=UTF-8,,,
huddinge.yaml,huddinge-studieforbund-arrangemangsbidrag,Arrangemangsbidrag till studieförbund,https://www.huddinge.se/fritid-natur-och-kultur/foreningar-och-bidrag/bidrag-stod-och-stipendier/bidrag-till-foreningar-och-studieforbund/,200,https://www.huddinge.se/fritid-natur-och-kultur/foreningar-och-bidrag/bidrag-stod-och-stipendier/bidrag-till-foreningar-och-studieforbund/,0,text/html;charset=UTF-8,,,
huddinge.yaml,huddinge-studieforbund-projektbidrag,Projektbidrag till studieförbund,https://www.huddinge.se/fritid-natur-och-kultur/foreningar-och-bidrag/bidrag-stod-och-stipendier/bidrag-till-foreningar-och-studieforbund/,200,https://www.huddinge.se/fritid-natur-och-kultur/foreningar-och-bidrag/bidrag-stod-och-stipendier/bidrag-till-foreningar-och-studieforbund/,0,text/html;charset=UTF-8,,,
huddinge.yaml,huddinge-studieforbund-fritidsaktiviteter,Bidrag till fritidsaktiviteter för personer med funktionsnedsättning (studieförbund),https://www.huddinge.se/fritid-natur-och-kultur/foreningar-och-bidrag/bidrag-stod-och-stipendier/bidrag-till-foreningar-och-studieforbund/,200,https://www.huddinge.se/fritid-natur-och-kultur/foreningar-och-bidrag/bidrag-stod-och-stipendier/bidrag-till-foreningar-och-studieforbund/,0,text/html;charset=UTF-8,,,
hudiksvall.yaml,hudiksvall-driftsbidrag-foreningsagd-anlaggning,Driftsbidrag föreningsägd anläggning,https://hudiksvall.se/Sidor/Uppleva-och-gora/Foreningar/Foreningsbidrag.html,200,https://hudiksvall.se/Sidor/Uppleva-och-gora/Foreningar/Foreningsbidrag.html,0,text/html;charset=UTF-8,,,
hudiksvall.yaml,hudiksvall-hyresbidrag-barn-och-ungdomsverksamhet,Hyresbidrag barn- och ungdomsverksamhet,https://hudiksvall.se/Sidor/Uppleva-och-gora/Foreningar/Foreningsbidrag.html,200,https://hudiksvall.se/Sidor/Uppleva-och-gora/Foreningar/Foreningsbidrag.html,0,text/html;charset=UTF-8,,,
hudiksvall.yaml,hudiksvall-investeringsbidrag-foreningsagd-anlaggning,Investeringsbidrag föreningsägd anläggning,https://hudiksvall.se/Sidor/Uppleva-och-gora/Foreningar/Foreningsbidrag.html,200,https://hudiksvall.se/Sidor/Uppleva-och-gora/Foreningar/Foreningsbidrag.html,0,text/html;charset=UTF-8,,,
hudiksvall.yaml,hudiksvall-lokalt-aktivitetsstod,Lokalt aktivitetsstöd,https://hudiksvall.se/Sidor/Uppleva-och-gora/Foreningar/Foreningsbidrag.html,200,https://hudiksvall.se/Sidor/Uppleva-och-gora/Foreningar/Foreningsbidrag.html,0,text/html;charset=UTF-8,,,
hudiksvall.yaml,hudiksvall-tillfalligt-arrangorsforeningsbidrag,Tillfälligt arrangörsföreningsbidrag,https://hudiksvall.se/Sidor/Uppleva-och-gora/Foreningar/Foreningsbidrag.html,200,https://hudiksvall.se/Sidor/Uppleva-och-gora/Foreningar/Foreningsbidrag.html,0,text/html;charset=UTF-8,,,
hudiksvall.yaml,hudiksvall-ungkulturpengar,Ungkulturpengar,https://hudiksvall.se/Sidor/Uppleva-och-gora/Foreningar/Foreningsbidrag.html,200,https://hudiksvall.se/Sidor/Uppleva-och-gora/Foreningar/Foreningsbidrag.html,0,text/html;charset=UTF-8,,,
hudiksvall.yaml,hudiksvall-arligt-arrangorsforeningsbidrag,Årligt arrangörsföreningsbidrag,https://hudiksvall.se/Sidor/Uppleva-och-gora/Foreningar/Foreningsbidrag.html,200,https://hudiksvall.se/Sidor/Uppleva-och-gora/Foreningar/Foreningsbidrag.html,0,text/html;charset=UTF-8,,,
hudiksvall.yaml,hudiksvall-studieforbundsbidrag,Studieförbundsbidrag,https://hudiksvall.se/Sidor/Uppleva-och-gora/Foreningar/Foreningsbidrag.html,200,https://hudiksvall.se/Sidor/Uppleva-och-gora/Foreningar/Foreningsbidrag.html,0,text/html;charset=UTF-8,,,
hudiksvall.yaml,hudiksvall-bidrag-vandrings-och-cykelleder,Bidrag vandrings- och cykelleder,https://hudiksvall.se/Sidor/Uppleva-och-gora/Foreningar/Foreningsbidrag.html,200,https://hudiksvall.se/Sidor/Uppleva-och-gora/Foreningar/Foreningsbidrag.html,0,text/html;charset=UTF-8,,,
hudiksvall.yaml,hudiksvall-sommarlovsaktiviteter,Sommarlovsaktiviteter,https://hudiksvall.se/Sidor/Uppleva-och-gora/Foreningar/Foreningsbidrag.html,200,https://hudiksvall.se/Sidor/Uppleva-och-gora/Foreningar/Foreningsbidrag.html,0,text/html;charset=UTF-8,,,
hultsfred.yaml,hultsfred-foreningsbidrag,Föreningsbidrag,https://minasidor.hultsfred.se/oversikt/overview/216,200,https://minasidor.hultsfred.se/oversikt/overview/216,0,text/html;charset=ISO-8859-1,,,
hultsfred.yaml,hultsfred-startbidrag,Startbidrag,https://minasidor.hultsfred.se/oversikt/overview/415,200,https://minasidor.hultsfred.se/oversikt/overview/415,0,text/html;charset=ISO-8859-1,,,
hylte.yaml,hylte-investeringsbidrag-till-idrottsforeningar,Investeringsbidrag till idrottsföreningar,https://www.hylte.se/uppleva-och-gora/forening-och-arrangor/bidrag-och-stod,200,https://www.hylte.se/uppleva-och-gora/forening-och-arrangor/bidrag-och-stod,0,text/html;charset=UTF-8,,,
hylte.yaml,hylte-ledarutbildningsbidrag,Ledarutbildningsbidrag,https://www.hylte.se/uppleva-och-gora/forening-och-arrangor/bidrag-och-stod,200,https://www.hylte.se/uppleva-och-gora/forening-och-arrangor/bidrag-och-stod,0,text/html;charset=UTF-8,,,
hylte.yaml,hylte-lokal--och-anlaggningsbidrag,Lokal- och anläggningsbidrag,https://www.hylte.se/uppleva-och-gora/forening-och-arrangor/bidrag-och-stod,200,https://www.hylte.se/uppleva-och-gora/forening-och-arrangor/bidrag-och-stod,0,text/html;charset=UTF-8,,,
hylte.yaml,hylte-lokalt-aktivitetsstod-(lok-stod),Lokalt aktivitetsstöd (LOK-stöd),https://www.hylte.se/uppleva-och-gora/forening-och-arrangor/bidrag-och-stod,200,https://www.hylte.se/uppleva-och-gora/forening-och-arrangor/bidrag-och-stod,0,text/html;charset=UTF-8,,,
hylte.yaml,hylte-arsbidrag-till-kulturforening,Årsbidrag till kulturförening,https://www.hylte.se/uppleva-och-gora/forening-och-arrangor/bidrag-och-stod,200,https://www.hylte.se/uppleva-och-gora/forening-och-arrangor/bidrag-och-stod,0,text/html;charset=UTF-8,,,
hylte.yaml,hylte-startbidrag,Startbidrag,https://www.hylte.se/uppleva-och-gora/forening-och-arrangor/bidrag-och-stod,200,https://www.hylte.se/uppleva-och-gora/forening-och-arrangor/bidrag-och-stod,0,text/html;charset=UTF-8,,,
hylte.yaml,hylte-bidrag-till-samlingslokaler,Bidrag till samlingslokaler,https://www.hylte.se/uppleva-och-gora/forening-och-arrangor/bidrag-och-stod,200,https://www.hylte.se/uppleva-och-gora/forening-och-arrangor/bidrag-och-stod,0,text/html;charset=UTF-8,,,
hylte.yaml,hylte-bidrag-till-funktionshinderorganisationer-och-sociala-stodorganisationer,Bidrag till funktionshinderorganisationer och sociala stödorganisationer,https://www.hylte.se/uppleva-och-gora/forening-och-arrangor/bidrag-och-stod,200,https://www.hylte.se/uppleva-och-gora/forening-och-arrangor/bidrag-och-stod,0,text/html;charset=UTF-8,,,
hylte.yaml,hylte-bidrag-till-pensionarsforeningar,Bidrag till pensionärsföreningar,https://www.hylte.se/uppleva-och-gora/forening-och-arrangor/bidrag-och-stod,200,https://www.hylte.se/uppleva-och-gora/forening-och-arrangor/bidrag-och-stod,0,text/html;charset=UTF-8,,,
hylte.yaml,hylte-kulturstod-for-arrangemang-och-projekt,Kulturstöd för arrangemang och projekt,https://www.hylte.se/uppleva-och-gora/forening-och-arrangor/bidrag-och-stod,200,https://www.hylte.se/uppleva-och-gora/forening-och-arrangor/bidrag-och-stod,0,text/html;charset=UTF-8,,,
jarfalla.yaml,jarfalla-aktivitetsstod,Aktivitetsstöd,https://www.jarfalla.se/download/18.b36ca0d198976683f521992/1755082571008/Beslutade%20Riktlinjer%20f%C3%B6r%20kultur-%20och%20fritidsst%C3%B6d%20i%20J%C3%A4rf%C3%A4lla%20kommun%20250610.pdf,200,https://www.jarfalla.se/download/18.b36ca0d198976683f521992/1755082571008/Beslutade%20Riktlinjer%20f%C3%B6r%20kultur-%20och%20fritidsst%C3%B6d%20i%20J%C3%A4rf%C3%A4lla%20kommun%20250610.pdf,0,application/pdf,,,
jarfalla.yaml,jarfalla-lovstod,Lovstöd,https://www.jarfalla.se/download/18.b36ca0d198976683f521992/1755082571008/Beslutade%20Riktlinjer%20f%C3%B6r%20kultur-%20och%20fritidsst%C3%B6d%20i%20J%C3%A4rf%C3%A4lla%20kommun%20250610.pdf,200,https://www.jarfalla.se/download/18.b36ca0d198976683f521992/1755082571008/Beslutade%20Riktlinjer%20f%C3%B6r%20kultur-%20och%20fritidsst%C3%B6d%20i%20J%C3%A4rf%C3%A4lla%20kommun%20250610.pdf,0,application/pdf,,,
jarfalla.yaml,jarfalla-oppen-verksamhet,Stöd till öppen verksamhet,https://www.jarfalla.se/download/18.b36ca0d198976683f521992/1755082571008/Beslutade%20Riktlinjer%20f%C3%B6r%20kultur-%20och%20fritidsst%C3%B6d%20i%20J%C3%A4rf%C3%A4lla%20kommun%20250610.pdf,200,https://www.jarfalla.se/download/18.b36ca0d198976683f521992/1755082571008/Beslutade%20Riktlinjer%20f%C3%B6r%20kultur-%20och%20fritidsst%C3%B6d%20i%20J%C3%A4rf%C3%A4lla%20kommun%20250610.pdf,0,application/pdf,,,
jarfalla.yaml,jarfalla-utbildningsstod,Utbildningsstöd,https://www.jarfalla.se/download/18.b36ca0d198976683f521992/1755082571008/Beslutade%20Riktlinjer%20f%C3%B6r%20kultur-%20och%20fritidsst%C3%B6d%20i%20J%C3%A4rf%C3%A4lla%20kommun%20250610.pdf,200,https://www.jarfalla.se/download/18.b36ca0d198976683f521992/1755082571008/Beslutade%20Riktlinjer%20f%C3%B6r%20kultur-%20och%20fritidsst%C3%B6d%20i%20J%C3%A4rf%C3%A4lla%20kommun%20250610.pdf,0,application/pdf,,,
jarfalla.yaml,jarfalla-lokalstod-fritid,Lokalstöd (fritid),https://www.jarfalla.se/download/18.b36ca0d198976683f521992/1755082571008/Beslutade%20Riktlinjer%20f%C3%B6r%20kultur-%20och%20fritidsst%C3%B6d%20i%20J%C3%A4rf%C3%A4lla%20kommun%20250610.pdf,200,https://www.jarfalla.se/download/18.b36ca0d198976683f521992/1755082571008/Beslutade%20Riktlinjer%20f%C3%B6r%20kultur-%20och%20fritidsst%C3%B6d%20i%20J%C3%A4rf%C3%A4lla%20kommun%20250610.pdf,0,application/pdf,,,
jarfalla.yaml,jarfalla-utvecklingsstod,Utvecklingsstöd,https://www.jarfalla.se/download/18.b36ca0d198976683f521992/1755082571008/Beslutade%20Riktlinjer%20f%C3%B6r%20kultur-%20och%20fritidsst%C3%B6d%20i%20J%C3%A4rf%C3%A4lla%20kommun%20250610.pdf,200,https://www.jarfalla.se/download/18.b36ca0d198976683f521992/1755082571008/Beslutade%20Riktlinjer%20f%C3%B6r%20kultur-%20och%20fritidsst%C3%B6d%20i%20J%C3%A4rf%C3%A4lla%20kommun%20250610.pdf,0,application/pdf,,,
jarfalla.yaml,jarfalla-verksamhetsstod-fritid,Verksamhetsstöd fritid,https://www.jarfalla.se/download/18.b36ca0d198976683f521992/1755082571008/Beslutade%20Riktlinjer%20f%C3%B6r%20kultur-%20och%20fritidsst%C3%B6d%20i%20J%C3%A4rf%C3%A4lla%20kommun%20250610.pdf,200,https://www.jarfalla.se/download/18.b36ca0d198976683f521992/1755082571008/Beslutade%20Riktlinjer%20f%C3%B6r%20kultur-%20och%20fritidsst%C3%B6d%20i%20J%C3%A4rf%C3%A4lla%20kommun%20250610.pdf,0,application/pdf,,,
jarfalla.yaml,jarfalla-verksamhetsstod-kultur,Verksamhetsstöd kultur,https://www.jarfalla.se/fritidochkultur/foreningochlokaler/foreningsstod.4.640dac6b1300db73e7c800010756.html,200,https://www.jarfalla.se/fritidochkultur/foreningochlokaler/foreningsstod.4.640dac6b1300db73e7c800010756.html,0,text/html;charset=UTF-8,,,
jarfalla.yaml,jarfalla-projektstod-kultur,Projektstöd kultur,https://www.jarfalla.se/fritidochkultur/foreningochlokaler/foreningsstod.4.640dac6b1300db73e7c800010756.html,200,https://www.jarfalla.se/fritidochkultur/foreningochlokaler/foreningsstod.4.640dac6b1300db73e7c800010756.html,0,text/html;charset=UTF-8,,,
jarfalla.yaml,jarfalla-kulturmanadsstod,Programstöd under kulturmånaden,https://www.jarfalla.se/fritidochkultur/foreningochlokaler/foreningsstod.4.640dac6b1300db73e7c800010756.html,200,https://www.jarfalla.se/fritidochkultur/foreningochlokaler/foreningsstod.4.640dac6b1300db73e7c800010756.html,0,text/html;charset=UTF-8,,,
jarfalla.yaml,jarfalla-lokalstod-bygdegardar,Lokalstöd till bygdegårdar,https://www.jarfalla.se/download/18.b36ca0d198976683f521992/1755082571008/Beslutade%20Riktlinjer%20f%C3%B6r%20kultur-%20och%20fritidsst%C3%B6d%20i%20J%C3%A4rf%C3%A4lla%20kommun%20250610.pdf,200,https://www.jarfalla.se/download/18.b36ca0d198976683f521992/1755082571008/Beslutade%20Riktlinjer%20f%C3%B6r%20kultur-%20och%20fritidsst%C3%B6d%20i%20J%C3%A4rf%C3%A4lla%20kommun%20250610.pdf,0,application/pdf,,,
jarfalla.yaml,jarfalla-foreningsstod-socialt-arbete,Föreningsstöd för socialt arbete,https://www.jarfalla.se/download/18.b32ba811938aeff1787a8cf/1733920857327/Riktlinje-for-handlagggning-av-foreningsstod-i-Jarfalla-kommun-socialforvaltningen.pdf,200,https://www.jarfalla.se/download/18.b32ba811938aeff1787a8cf/1733920857327/Riktlinje-for-handlagggning-av-foreningsstod-i-Jarfalla-kommun-socialforvaltningen.pdf,0,application/pdf,,,
jokkmokk.yaml,jokkmokk-verksamhetsbidrag,Verksamhetsbidrag,https://www.jokkmokk.se/kultur-och-fritid/foereningar-och-foereningsliv/stoed-till-fritids-och-idrottsfoereningar/,200,https://www.jokkmokk.se/kultur-och-fritid/foereningar-och-foereningsliv/stoed-till-fritids-och-idrottsfoereningar/,0,text/html; charset=utf-8,,,
jokkmokk.yaml,jokkmokk-ideell-kreativitet,Ideell kreativitet – aktiviteter och projekt,https://www.jokkmokk.se/kultur-och-fritid/foereningar-och-foereningsliv/stoed-till-fritids-och-idrottsfoereningar/,200,https://www.jokkmokk.se/kultur-och-fritid/foereningar-och-foereningsliv/stoed-till-fritids-och-idrottsfoereningar/,0,text/html; charset=utf-8,,,
jokkmokk.yaml,jokkmokk-investeringsstod-bygdemedel,Investeringsstöd för föreningar – bygdemedel,https://www.jokkmokk.se/kultur-och-fritid/foereningar-och-foereningsliv/stoed-till-fritids-och-idrottsfoereningar/,200,https://www.jokkmokk.se/kultur-och-fritid/foereningar-och-foereningsliv/stoed-till-fritids-och-idrottsfoereningar/,0,text/html; charset=utf-8,,,
jokkmokk.yaml,jokkmokk-lovaktiviteter,Bidrag till lovaktiviteter,https://www.jokkmokk.se/kultur-och-fritid/foereningar-och-foereningsliv/lovaktiviteter/,200,https://www.jokkmokk.se/kultur-och-fritid/foereningar-och-foereningsliv/lovaktiviteter/,0,text/html; charset=utf-8,,,
jonkoping.yaml,jonkoping-aktivitetsbidrag,Aktivitetsbidrag,https://www.jonkoping.se/fritid-kultur--natur/forening-och-foreningsstod/bidrag-till-foreningar-och-studieforbund/bidrag-och-regler-for-fritidsforeningar,200,https://www.jonkoping.se/fritid-kultur--natur/forening-och-foreningsstod/bidrag-till-foreningar-och-studieforbund/bidrag-och-regler-for-fritidsforeningar,0,text/html;charset=UTF-8,,,
jonkoping.yaml,jonkoping-social-verksamhet,Bidrag till föreningar med social verksamhet,https://www.jonkoping.se/fritid-kultur--natur/forening-och-foreningsstod/bidrag-till-foreningar-och-studieforbund/bidrag-och-regler-for-fritidsforeningar,200,https://www.jonkoping.se/fritid-kultur--natur/forening-och-foreningsstod/bidrag-till-foreningar-och-studieforbund/bidrag-och-regler-for-fritidsforeningar,0,text/html;charset=UTF-8,,,
jonkoping.yaml,jonkoping-foreningsallians,Bidrag till föreningsallians,https://www.jonkoping.se/fritid-kultur--natur/forening-och-foreningsstod/bidrag-till-foreningar-och-studieforbund/bidrag-och-regler-for-fritidsforeningar,200,https://www.jonkoping.se/fritid-kultur--natur/forening-och-foreningsstod/bidrag-till-foreningar-och-studieforbund/bidrag-och-regler-for-fritidsforeningar,0,text/html;charset=UTF-8,,,
jonkoping.yaml,jonkoping-extern-kompetensutveckling,Bidrag till extern kompetensutveckling,https://www.jonkoping.se/fritid-kultur--natur/forening-och-foreningsstod/bidrag-till-foreningar-och-studieforbund/bidrag-och-regler-for-fritidsforeningar,200,https://www.jonkoping.se/fritid-kultur--natur/forening-och-foreningsstod/bidrag-till-foreningar-och-studieforbund/bidrag-och-regler-for-fritidsforeningar,0,text/html;charset=UTF-8,,,
jonkoping.yaml,jonkoping-kompetensutveckling-egen-regi,Bidrag till kompetensutveckling i egen regi,https://www.jonkoping.se/fritid-kultur--natur/forening-och-foreningsstod/bidrag-till-foreningar-och-studieforbund/bidrag-och-regler-for-fritidsforeningar,200,https://www.jonkoping.se/fritid-kultur--natur/forening-och-foreningsstod/bidrag-till-foreningar-och-studieforbund/bidrag-och-regler-for-fritidsforeningar,0,text/html;charset=UTF-8,,,
jonkoping.yaml,jonkoping-koloniverksamhet,Bidrag till koloniverksamhet,https://www.jonkoping.se/fritid-kultur--natur/forening-och-foreningsstod/bidrag-till-foreningar-och-studieforbund/bidrag-och-regler-for-fritidsforeningar,200,https://www.jonkoping.se/fritid-kultur--natur/forening-och-foreningsstod/bidrag-till-foreningar-och-studieforbund/bidrag-och-regler-for-fritidsforeningar,0,text/html;charset=UTF-8,,,
jonkoping.yaml,jonkoping-koloniverksamhet-pensionarer,Bidrag till koloniverksamhet för pensionärer,https://www.jonkoping.se/fritid-kultur--natur/forening-och-foreningsstod/bidrag-till-foreningar-och-studieforbund/bidrag-och-regler-for-fritidsforeningar,200,https://www.jonkoping.se/fritid-kultur--natur/forening-och-foreningsstod/bidrag-till-foreningar-och-studieforbund/bidrag-och-regler-for-fritidsforeningar,0,text/html;charset=UTF-8,,,
jonkoping.yaml,jonkoping-driftbidrag-lokal-anlaggning,"Driftbidrag, lokal och anläggning",https://www.jonkoping.se/fritid-kultur--natur/forening-och-foreningsstod/bidrag-till-foreningar-och-studieforbund/bidrag-och-regler-for-fritidsforeningar,200,https://www.jonkoping.se/fritid-kultur--natur/forening-och-foreningsstod/bidrag-till-foreningar-och-studieforbund/bidrag-och-regler-for-fritidsforeningar,0,text/html;charset=UTF-8,,,
jonkoping.yaml,jonkoping-ide-jkpg,IdéJkpg – bidrag till ungdomsinitiativ,https://www.jonkoping.se/fritid-kultur--natur/forening-och-foreningsstod/bidrag-till-foreningar-och-studieforbund/bidrag-och-regler-for-fritidsforeningar,200,https://www.jonkoping.se/fritid-kultur--natur/forening-och-foreningsstod/bidrag-till-foreningar-och-studieforbund/bidrag-och-regler-for-fritidsforeningar,0,text/html;charset=UTF-8,,,
jonkoping.yaml,jonkoping-investeringsbidrag,Investeringsbidrag,https://www.jonkoping.se/fritid-kultur--natur/forening-och-foreningsstod/bidrag-till-foreningar-och-studieforbund/bidrag-och-regler-for-fritidsforeningar,200,https://www.jonkoping.se/fritid-kultur--natur/forening-och-foreningsstod/bidrag-till-foreningar-och-studieforbund/bidrag-och-regler-for-fritidsforeningar,0,text/html;charset=UTF-8,,,
jonkoping.yaml,jonkoping-arrangemangsbidrag-kultur,Arrangemangsbidrag för kulturföreningar,https://www.jonkoping.se/fritid-kultur--natur/forening-och-foreningsstod/bidrag-till-foreningar-och-studieforbund/bidrag-och-regler-for-kulturforeningar,200,https://www.jonkoping.se/fritid-kultur--natur/forening-och-foreningsstod/bidrag-till-foreningar-och-studieforbund/bidrag-och-regler-for-kulturforeningar,0,text/html;charset=UTF-8,,,
jonkoping.yaml,jonkoping-projektbidrag-kultur,Projektbidrag för kulturföreningar,https://www.jonkoping.se/fritid-kultur--natur/forening-och-foreningsstod/bidrag-till-foreningar-och-studieforbund/bidrag-och-regler-for-kulturforeningar,200,https://www.jonkoping.se/fritid-kultur--natur/forening-och-foreningsstod/bidrag-till-foreningar-och-studieforbund/bidrag-och-regler-for-kulturforeningar,0,text/html;charset=UTF-8,,,
jonkoping.yaml,jonkoping-driftbidrag-kultur,Driftbidrag för kulturföreningars lokal och anläggning,https://www.jonkoping.se/fritid-kultur--natur/forening-och-foreningsstod/bidrag-till-foreningar-och-studieforbund/bidrag-och-regler-for-kulturforeningar,200,https://www.jonkoping.se/fritid-kultur--natur/forening-och-foreningsstod/bidrag-till-foreningar-och-studieforbund/bidrag-och-regler-for-kulturforeningar,0,text/html;charset=UTF-8,,,
jonkoping.yaml,jonkoping-langsiktigt-verksamhetsbidrag-kultur,Långsiktigt verksamhetsbidrag för kulturföreningar,https://www.jonkoping.se/fritid-kultur--natur/forening-och-foreningsstod/bidrag-till-foreningar-och-studieforbund/bidrag-och-regler-for-kulturforeningar,200,https://www.jonkoping.se/fritid-kultur--natur/forening-och-foreningsstod/bidrag-till-foreningar-och-studieforbund/bidrag-och-regler-for-kulturforeningar,0,text/html;charset=UTF-8,,,
kalix.yaml,kalix-stod-idrottsforeningar,Stöd till idrottsföreningar (verksamhets- och anläggningsstöd),https://www.kalix.se/contentassets/c36364d7a9e44ab698f3dee0c34cec6e/bidragsregler--2026.pdf,200,https://www.kalix.se/contentassets/c36364d7a9e44ab698f3dee0c34cec6e/bidragsregler--2026.pdf,0,application/pdf,,,
kalix.yaml,kalix-utbildningsbidrag,Utbildningsbidrag för ledare och funktionärer,https://www.kalix.se/contentassets/c36364d7a9e44ab698f3dee0c34cec6e/bidragsregler--2026.pdf,200,https://www.kalix.se/contentassets/c36364d7a9e44ab698f3dee0c34cec6e/bidragsregler--2026.pdf,0,application/pdf,,,
kalix.yaml,kalix-bidrag-studieforbund,Bidrag till studieförbund,https://www.kalix.se/contentassets/c36364d7a9e44ab698f3dee0c34cec6e/bidragsregler--2026.pdf,200,https://www.kalix.se/contentassets/c36364d7a9e44ab698f3dee0c34cec6e/bidragsregler--2026.pdf,0,application/pdf,,,
kalix.yaml,kalix-stod-samlingslokaler,"Stöd till samlingslokaler (bygdegårdar, museer, Folkets Hus)",https://www.kalix.se/contentassets/c36364d7a9e44ab698f3dee0c34cec6e/bidragsregler--2026.pdf,200,https://www.kalix.se/contentassets/c36364d7a9e44ab698f3dee0c34cec6e/bidragsregler--2026.pdf,0,application/pdf,,,
kalix.yaml,kalix-stod-skoterleder,Stöd till skoterleder,https://www.kalix.se/contentassets/c36364d7a9e44ab698f3dee0c34cec6e/bidragsregler--2026.pdf,200,https://www.kalix.se/contentassets/c36364d7a9e44ab698f3dee0c34cec6e/bidragsregler--2026.pdf,0,application/pdf,,,
kalix.yaml,kalix-stod-isbanor,Stöd till isbanor (ishockey- och bandybanor),https://www.kalix.se/contentassets/c36364d7a9e44ab698f3dee0c34cec6e/bidragsregler--2026.pdf,200,https://www.kalix.se/contentassets/c36364d7a9e44ab698f3dee0c34cec6e/bidragsregler--2026.pdf,0,application/pdf,,,
kalix.yaml,kalix-grundbidrag-kulturforeningar,Grundbidrag till kulturföreningar,https://www.kalix.se/contentassets/c36364d7a9e44ab698f3dee0c34cec6e/bidragsregler--2026.pdf,200,https://www.kalix.se/contentassets/c36364d7a9e44ab698f3dee0c34cec6e/bidragsregler--2026.pdf,0,application/pdf,,,
kalix.yaml,kalix-samtalsmodellen,Stöd via samtalsmodellen (namngivna föreningar),https://www.kalix.se/contentassets/c36364d7a9e44ab698f3dee0c34cec6e/bidragsregler--2026.pdf,200,https://www.kalix.se/contentassets/c36364d7a9e44ab698f3dee0c34cec6e/bidragsregler--2026.pdf,0,application/pdf,,,
kalix.yaml,kalix-stod-pensionarsforeningar,Stöd till pensionärsföreningar,https://www.kalix.se/contentassets/c36364d7a9e44ab698f3dee0c34cec6e/bidragsregler--2026.pdf,200,https://www.kalix.se/contentassets/c36364d7a9e44ab698f3dee0c34cec6e/bidragsregler--2026.pdf,0,application/pdf,,,
kalix.yaml,kalix-stod-funktionshindersforeningar,Stöd till funktionshindersföreningar,https://www.kalix.se/contentassets/c36364d7a9e44ab698f3dee0c34cec6e/bidragsregler--2026.pdf,200,https://www.kalix.se/contentassets/c36364d7a9e44ab698f3dee0c34cec6e/bidragsregler--2026.pdf,0,application/pdf,,,
kalix.yaml,kalix-startbidrag,Startbidrag för nybildad förening,https://www.kalix.se/contentassets/c36364d7a9e44ab698f3dee0c34cec6e/bidragsregler--2026.pdf,200,https://www.kalix.se/contentassets/c36364d7a9e44ab698f3dee0c34cec6e/bidragsregler--2026.pdf,0,application/pdf,,,
kalix.yaml,kalix-kommunalt-lonebidrag,Kommunalt lönebidrag,https://www.kalix.se/contentassets/c36364d7a9e44ab698f3dee0c34cec6e/bidragsregler--2026.pdf,200,https://www.kalix.se/contentassets/c36364d7a9e44ab698f3dee0c34cec6e/bidragsregler--2026.pdf,0,application/pdf,,,
kalix.yaml,kalix-sarskilt-bidrag,Särskilt bidrag till fritids- och kulturarrangemang,https://www.kalix.se/contentassets/c36364d7a9e44ab698f3dee0c34cec6e/bidragsregler--2026.pdf,200,https://www.kalix.se/contentassets/c36364d7a9e44ab698f3dee0c34cec6e/bidragsregler--2026.pdf,0,application/pdf,,,
kalix.yaml,kalix-idrottsstipendium,Kalix kommuns idrottsstipendium,https://www.kalix.se/link/5d595702eab0417ab1c008e2675a46a9.aspx,200,https://www.kalix.se/globalassets/uppleva/omradesovergripande-dokument/dokument/stadgar-idrottsstipendium-2026.pdf,1,application/pdf,,,
kalix.yaml,kalix-kulturstipendium,Kalix kommuns kulturstipendium,https://www.kalix.se/link/06c21629c9a04b0fb8e2752624bb3ee2.aspx,200,https://www.kalix.se/globalassets/uppleva/omradesovergripande-dokument/dokument/stadgar-kulturstipendium-2026.pdf,1,application/pdf,,,
kalix.yaml,kalix-bidrag-enskild-vag,Kommunalt bidrag till underhåll av enskild väg utan statsbidrag,https://www.kalix.se/contentassets/ef19f824652c4d879e1e01682984ac72/bidragsregler_riktlinjer-enskild-vaghallning.pdf,200,https://www.kalix.se/contentassets/ef19f824652c4d879e1e01682984ac72/bidragsregler_riktlinjer-enskild-vaghallning.pdf,0,application/pdf,,,
kalix.yaml,kalix-elitsponsring,Elitsponsring,https://www.kalix.se/contentassets/51479d6ba0834f0881145b3257d6fff9/riktlinjer-for-elitsponsring.pdf,200,https://www.kalix.se/contentassets/51479d6ba0834f0881145b3257d6fff9/riktlinjer-for-elitsponsring.pdf,0,application/pdf,,,
kalmar.yaml,kalmar-aktivitets-ledarstod,Aktivitets- och ledarstöd,https://kalmar.se/uppleva-och-gora/foreningar-och-foreningsliv/foreningsstod/barn--och-ungdomsforeningar/aktivitets--och-ledarstod.html,200,https://kalmar.se/uppleva-och-gora/foreningar-och-foreningsliv/foreningsstod/barn--och-ungdomsforeningar/aktivitets--och-ledarstod.html,0,text/html;charset=UTF-8,,,
kalmar.yaml,kalmar-driftstod,Driftstöd,https://kalmar.se/uppleva-och-gora/foreningar-och-foreningsliv/foreningsstod/barn--och-ungdomsforeningar/driftstod.html,200,https://kalmar.se/uppleva-och-gora/foreningar-och-foreningsliv/foreningsstod/barn--och-ungdomsforeningar/driftstod.html,0,text/html;charset=UTF-8,,,
kalmar.yaml,kalmar-lokalstod-barn-ungdom,Lokalstöd (barn- och ungdomsföreningar),https://kalmar.se/uppleva-och-gora/foreningar-och-foreningsliv/foreningsstod/barn--och-ungdomsforeningar/lokalstod.html,200,https://kalmar.se/uppleva-och-gora/foreningar-och-foreningsliv/foreningsstod/barn--och-ungdomsforeningar/lokalstod.html,0,text/html;charset=UTF-8,,,
kalmar.yaml,kalmar-investeringsstod,Investeringsstöd (anläggningsägande föreningar),https://kalmar.se/uppleva-och-gora/foreningar-och-foreningsliv/foreningsstod/barn--och-ungdomsforeningar/investeringsstod.html,200,https://kalmar.se/uppleva-och-gora/foreningar-och-foreningsliv/foreningsstod/barn--och-ungdomsforeningar/investeringsstod.html,0,text/html;charset=UTF-8,,,
kalmar.yaml,kalmar-nystartad-forening,Stöd till nystartad förening,https://kalmar.se/uppleva-och-gora/foreningar-och-foreningsliv/foreningsstod/barn--och-ungdomsforeningar/stod-till-nystartad-forening.html,200,https://kalmar.se/uppleva-och-gora/foreningar-och-foreningsliv/foreningsstod/barn--och-ungdomsforeningar/stod-till-nystartad-forening.html,0,text/html;charset=UTF-8,,,
kalmar.yaml,kalmar-saker-trygg-forening,Stöd till säker och trygg förening,https://kalmar.se/uppleva-och-gora/foreningar-och-foreningsliv/foreningsstod/barn--och-ungdomsforeningar/stod-till-saker-och-trygg-forening.html,200,https://kalmar.se/uppleva-och-gora/foreningar-och-foreningsliv/foreningsstod/barn--och-ungdomsforeningar/stod-till-saker-och-trygg-forening.html,0,text/html;charset=UTF-8,,,
kalmar.yaml,kalmar-elitidrottsstod,Elitidrottsstöd,https://kalmar.se/uppleva-och-gora/foreningar-och-foreningsliv/foreningsstod/elitidrottstod.html,200,https://kalmar.se/uppleva-och-gora/foreningar-och-foreningsliv/foreningsstod/elitidrottstod.html,0,text/html;charset=UTF-8,,,
kalmar.yaml,kalmar-projektstod-flick-damidrott,Projektstöd flick- och damidrott,https://kalmar.se/uppleva-och-gora/foreningar-och-foreningsliv/foreningsstod/projekstod-flick--och-damidrott.html,200,https://kalmar.se/uppleva-och-gora/foreningar-och-foreningsliv/foreningsstod/projekstod-flick--och-damidrott.html,0,text/html;charset=UTF-8,,,
kalmar.yaml,kalmar-verksamhetsstod-kultur,Verksamhetsstöd till kulturföreningar,https://kalmar.se/uppleva-och-gora/foreningar-och-foreningsliv/foreningsstod/kulturforeningar/stod-till-kulturforeningar---verksamhetsstod.html,200,https://kalmar.se/uppleva-och-gora/foreningar-och-foreningsliv/foreningsstod/kulturforeningar/stod-till-kulturforeningar---verksamhetsstod.html,0,text/html;charset=UTF-8,,,
kalmar.yaml,kalmar-lokalstod-kultur,Lokalstöd till kulturföreningar,https://kalmar.se/uppleva-och-gora/foreningar-och-foreningsliv/foreningsstod/kulturforeningar/stod-till-kulturforeningar---lokalstod.html,200,https://kalmar.se/uppleva-och-gora/foreningar-och-foreningsliv/foreningsstod/kulturforeningar/stod-till-kulturforeningar---lokalstod.html,0,text/html;charset=UTF-8,,,
kalmar.yaml,kalmar-arrangemangsstod,Arrangemangsstöd till ideella föreningar,https://kalmar.se/uppleva-och-gora/foreningar-och-foreningsliv/foreningsstod/kulturforeningar/arrangemangsstod.html,200,https://kalmar.se/uppleva-och-gora/foreningar-och-foreningsliv/foreningsstod/kulturforeningar/arrangemangsstod.html,0,text/html;charset=UTF-8,,,
kalmar.yaml,kalmar-projektstod,Projektstöd till ideella föreningar,https://kalmar.se/uppleva-och-gora/foreningar-och-foreningsliv/foreningsstod/kulturforeningar/projektstod.html,200,https://kalmar.se/uppleva-och-gora/foreningar-och-foreningsliv/foreningsstod/kulturforeningar/projektstod.html,0,text/html;charset=UTF-8,,,
kalmar.yaml,kalmar-projektstod-ovriga-kulturaktorer,Projektstöd — kulturprojekt för övriga kulturaktörer,https://kalmar.se/uppleva-och-gora/foreningar-och-foreningsliv/foreningsstod/ovrig-kulturaktor/stod-till-projekt---kulturprojekt-for-ovriga-kulturaktorer.html,200,https://kalmar.se/uppleva-och-gora/foreningar-och-foreningsliv/foreningsstod/ovrig-kulturaktor/stod-till-projekt---kulturprojekt-for-ovriga-kulturaktorer.html,0,text/html;charset=UTF-8,,,
kalmar.yaml,kalmar-verksamhetsstod-hembygd,Verksamhetsstöd till hembygdsföreningar,https://kalmar.se/uppleva-och-gora/foreningar-och-foreningsliv/foreningsstod/hembygdsforeningar/stod-till-hembygdsforeningar---verksamhetsstod.html,200,https://kalmar.se/uppleva-och-gora/foreningar-och-foreningsliv/foreningsstod/hembygdsforeningar/stod-till-hembygdsforeningar---verksamhetsstod.html,0,text/html;charset=UTF-8,,,
kalmar.yaml,kalmar-bygdegardar-folkets-hus,"Stöd till bygdegårdar, Folkets hus och parkföreningar",https://kalmar.se/uppleva-och-gora/foreningar-och-foreningsliv/foreningsstod/folkets-hus-och-bygdegardar/stod-till-bygdegardar-folkets-hus-och-parkforeningar.html,200,https://kalmar.se/uppleva-och-gora/foreningar-och-foreningsliv/foreningsstod/folkets-hus-och-bygdegardar/stod-till-bygdegardar-folkets-hus-och-parkforeningar.html,0,text/html;charset=UTF-8,,,
kalmar.yaml,kalmar-funktionsnedsattning,Stöd till föreningar för funktionsnedsatta,https://kalmar.se/uppleva-och-gora/foreningar-och-foreningsliv/foreningsstod/foreningar-for-funktionsnedsatta/stod-till-foreningar-for-funktionsnedsatta.html,200,https://kalmar.se/uppleva-och-gora/foreningar-och-foreningsliv/foreningsstod/foreningar-for-funktionsnedsatta/stod-till-foreningar-for-funktionsnedsatta.html,0,text/html;charset=UTF-8,,,
kalmar.yaml,kalmar-senior,Stöd till föreningar för seniorer,https://kalmar.se/uppleva-och-gora/foreningar-och-foreningsliv/foreningsstod/seniorforeningar/stod-till-foreningar-for-seniorer.html,200,https://kalmar.se/uppleva-och-gora/foreningar-och-foreningsliv/foreningsstod/seniorforeningar/stod-till-foreningar-for-seniorer.html,0,text/html;charset=UTF-8,,,
kalmar.yaml,kalmar-studieforbund,Stöd till studieförbund,https://kalmar.se/uppleva-och-gora/foreningar-och-foreningsliv/foreningsstod/studieforbund/stod-till-studieforbund.html,200,https://kalmar.se/uppleva-och-gora/foreningar-och-foreningsliv/foreningsstod/studieforbund/stod-till-studieforbund.html,0,text/html;charset=UTF-8,,,
kalmar.yaml,kalmar-tkt,TKT – Trygga Kalmar Tillsammans,https://kalmar.se/uppleva-och-gora/foreningar-och-foreningsliv/foreningsstod/tkt---trygga-kalmar-tillsammans.html,200,https://kalmar.se/uppleva-och-gora/foreningar-och-foreningsliv/foreningsstod/tkt---trygga-kalmar-tillsammans.html,0,text/html;charset=UTF-8,,,
kalmar.yaml,kalmar-bygdepeng,Bygdepeng,https://kalmar.se/bygga-bo-och-miljo/samhallsutveckling/landsbygd/bygdepeng.html,200,https://kalmar.se/bygga-bo-och-miljo/samhallsutveckling/landsbygd/bygdepeng.html,0,text/html;charset=UTF-8,,,
kalmar.yaml,kalmar-miljopeng,Miljöpeng,https://kalmar.se/bygga-bo-och-miljo/samhallsutveckling/landsbygd/miljopeng---bidragsstod-till-foreningar.html,200,https://kalmar.se/bygga-bo-och-miljo/samhallsutveckling/landsbygd/miljopeng---bidragsstod-till-foreningar.html,0,text/html;charset=UTF-8,,,
kalmar.yaml,kalmar-hjartsakrare-landsbygd,Hjärtsäkrare landsbygd,https://kalmar.se/bygga-bo-och-miljo/samhallsutveckling/landsbygd/hjartsakrare-landsbygd.html,200,https://kalmar.se/bygga-bo-och-miljo/samhallsutveckling/landsbygd/hjartsakrare-landsbygd.html,0,text/html;charset=UTF-8,,,
kalmar.yaml,kalmar-enskilda-vagar,Bidrag till enskilda vägar,https://kalmar.se/trafik-och-resor/gator-och-vagar/bidrag-enskilda-vagar.html,200,https://kalmar.se/trafik-och-resor/gator-och-vagar/bidrag-enskilda-vagar.html,0,text/html;charset=UTF-8,,,
karlsborg.yaml,karlsborg-aktivitetsbidrag,Aktivitetsbidrag,https://www.karlsborg.se/link/54b8f2830e3349f8afb549a0abf711e4.aspx,200,https://www.karlsborg.se/globalassets/documents/forvaltningarna/kultur--och-fritidsforvaltningen/fritid-ovrigt/beslutad---regel-for-foreningsbidrag-samt-ovriga-bidragsformer.pub-1.pdf,1,application/pdf,,,
karlsborg.yaml,karlsborg-kulturbidrag,Kulturbidrag,https://www.karlsborg.se/link/54b8f2830e3349f8afb549a0abf711e4.aspx,200,https://www.karlsborg.se/globalassets/documents/forvaltningarna/kultur--och-fritidsforvaltningen/fritid-ovrigt/beslutad---regel-for-foreningsbidrag-samt-ovriga-bidragsformer.pub-1.pdf,1,application/pdf,,,
karlsborg.yaml,karlsborg-investeringsbidrag,Investeringsbidrag,https://www.karlsborg.se/link/54b8f2830e3349f8afb549a0abf711e4.aspx,200,https://www.karlsborg.se/globalassets/documents/forvaltningarna/kultur--och-fritidsforvaltningen/fritid-ovrigt/beslutad---regel-for-foreningsbidrag-samt-ovriga-bidragsformer.pub-1.pdf,1,application/pdf,,,
karlsborg.yaml,karlsborg-projektstod-barn-och-ungdom,Projektstöd barn och ungdom,https://www.karlsborg.se/link/54b8f2830e3349f8afb549a0abf711e4.aspx,200,https://www.karlsborg.se/globalassets/documents/forvaltningarna/kultur--och-fritidsforvaltningen/fritid-ovrigt/beslutad---regel-for-foreningsbidrag-samt-ovriga-bidragsformer.pub-1.pdf,1,application/pdf,,,
karlsborg.yaml,karlsborg-driftsbidrag-eller-driftsavtal,Driftsbidrag eller driftsavtal,https://www.karlsborg.se/link/54b8f2830e3349f8afb549a0abf711e4.aspx,200,https://www.karlsborg.se/globalassets/documents/forvaltningarna/kultur--och-fritidsforvaltningen/fritid-ovrigt/beslutad---regel-for-foreningsbidrag-samt-ovriga-bidragsformer.pub-1.pdf,1,application/pdf,,,
karlsborg.yaml,karlsborg-bidrag-till-pensionarsforeningar,Bidrag till pensionärsföreningar,https://www.karlsborg.se/link/54b8f2830e3349f8afb549a0abf711e4.aspx,200,https://www.karlsborg.se/globalassets/documents/forvaltningarna/kultur--och-fritidsforvaltningen/fritid-ovrigt/beslutad---regel-for-foreningsbidrag-samt-ovriga-bidragsformer.pub-1.pdf,1,application/pdf,,,
karlsborg.yaml,karlsborg-evenemangsbidrag,Evenemangsbidrag,https://www.karlsborg.se/link/54b8f2830e3349f8afb549a0abf711e4.aspx,200,https://www.karlsborg.se/globalassets/documents/forvaltningarna/kultur--och-fritidsforvaltningen/fritid-ovrigt/beslutad---regel-for-foreningsbidrag-samt-ovriga-bidragsformer.pub-1.pdf,1,application/pdf,,,
karlsborg.yaml,karlsborg-bidrag-till-studieforbund,Bidrag till studieförbund,https://www.karlsborg.se/kultur--fritid/foreningsliv/bidragsregler-for-studieforbund/,200,https://www.karlsborg.se/kultur--fritid/foreningsliv/bidragsregler-for-studieforbund/,0,text/html; charset=utf-8,,,
karlshamn.yaml,karlshamn-ungdom-grundbidrag,Grundbidrag för ungdomsföreningar,https://www.karlshamn.se/uppleva-och-gora/foreningar-foreningsliv/bidrag-och-stod/,200,https://www.karlshamn.se/uppleva-och-gora/foreningar-foreningsliv/bidrag-och-stod/,0,text/html; charset=UTF-8,,,
karlshamn.yaml,karlshamn-ungdom-aktivitetsbidrag,Aktivitetsbidrag för ungdomsföreningar,https://www.karlshamn.se/uppleva-och-gora/foreningar-foreningsliv/bidrag-och-stod/,200,https://www.karlshamn.se/uppleva-och-gora/foreningar-foreningsliv/bidrag-och-stod/,0,text/html; charset=UTF-8,,,
karlshamn.yaml,karlshamn-ungdom-lokalbidrag,Lokalbidrag för ungdomsföreningar,https://www.karlshamn.se/uppleva-och-gora/foreningar-foreningsliv/bidrag-och-stod/,200,https://www.karlshamn.se/uppleva-och-gora/foreningar-foreningsliv/bidrag-och-stod/,0,text/html; charset=UTF-8,,,
karlshamn.yaml,karlshamn-funktionsnedsattning-verksamhetsbidrag,Verksamhetsbidrag för funktionsnedsättningsföreningar,https://www.karlshamn.se/uppleva-och-gora/foreningar-foreningsliv/bidrag-och-stod/,200,https://www.karlshamn.se/uppleva-och-gora/foreningar-foreningsliv/bidrag-och-stod/,0,text/html; charset=UTF-8,,,
karlshamn.yaml,karlshamn-funktionsnedsattning-aktivitetsbidrag,Aktivitetsbidrag för funktionsnedsättningsföreningar,https://www.karlshamn.se/uppleva-och-gora/foreningar-foreningsliv/bidrag-och-stod/,200,https://www.karlshamn.se/uppleva-och-gora/foreningar-foreningsliv/bidrag-och-stod/,0,text/html; charset=UTF-8,,,
karlshamn.yaml,karlshamn-funktionsnedsattning-grundbidrag,Grundbidrag för funktionsnedsättningsföreningar,https://www.karlshamn.se/uppleva-och-gora/foreningar-foreningsliv/bidrag-och-stod/,200,https://www.karlshamn.se/uppleva-och-gora/foreningar-foreningsliv/bidrag-och-stod/,0,text/html; charset=UTF-8,,,
karlshamn.yaml,karlshamn-funktionsnedsattning-lokalbidrag,Lokalbidrag för funktionsnedsättningsföreningar,https://www.karlshamn.se/uppleva-och-gora/foreningar-foreningsliv/bidrag-och-stod/,200,https://www.karlshamn.se/uppleva-och-gora/foreningar-foreningsliv/bidrag-och-stod/,0,text/html; charset=UTF-8,,,
karlshamn.yaml,karlshamn-pensionar-verksamhetsbidrag,Verksamhetsbidrag för pensionärsföreningar,https://www.karlshamn.se/uppleva-och-gora/foreningar-foreningsliv/bidrag-och-stod/,200,https://www.karlshamn.se/uppleva-och-gora/foreningar-foreningsliv/bidrag-och-stod/,0,text/html; charset=UTF-8,,,
karlshamn.yaml,karlshamn-pensionar-lokalbidrag,Lokalbidrag för pensionärsföreningar,https://www.karlshamn.se/uppleva-och-gora/foreningar-foreningsliv/bidrag-och-stod/,200,https://www.karlshamn.se/uppleva-och-gora/foreningar-foreningsliv/bidrag-och-stod/,0,text/html; charset=UTF-8,,,
karlshamn.yaml,karlshamn-kultur-verksamhetsbidrag,Verksamhetsbidrag för kulturföreningar,https://www.karlshamn.se/uppleva-och-gora/foreningar-foreningsliv/bidrag-och-stod/,200,https://www.karlshamn.se/uppleva-och-gora/foreningar-foreningsliv/bidrag-och-stod/,0,text/html; charset=UTF-8,,,
karlshamn.yaml,karlshamn-kultur-arrangemangsbidrag,Arrangemangsbidrag för kulturföreningar,https://www.karlshamn.se/uppleva-och-gora/foreningar-foreningsliv/bidrag-och-stod/,200,https://www.karlshamn.se/uppleva-och-gora/foreningar-foreningsliv/bidrag-och-stod/,0,text/html; charset=UTF-8,,,
karlshamn.yaml,karlshamn-kultur-ung-kultur,Bidrag till Ung kultur,https://www.karlshamn.se/uppleva-och-gora/foreningar-foreningsliv/bidrag-och-stod/,200,https://www.karlshamn.se/uppleva-och-gora/foreningar-foreningsliv/bidrag-och-stod/,0,text/html; charset=UTF-8,,,
karlshamn.yaml,karlshamn-samhalle-administrationsbidrag,Administrationsbidrag för samhällsföreningar,https://www.karlshamn.se/uppleva-och-gora/foreningar-foreningsliv/bidrag-och-stod/,200,https://www.karlshamn.se/uppleva-och-gora/foreningar-foreningsliv/bidrag-och-stod/,0,text/html; charset=UTF-8,,,
karlshamn.yaml,karlshamn-samhalle-lokalbidrag,Lokalbidrag för samhällsföreningar,https://www.karlshamn.se/uppleva-och-gora/foreningar-foreningsliv/bidrag-och-stod/,200,https://www.karlshamn.se/uppleva-och-gora/foreningar-foreningsliv/bidrag-och-stod/,0,text/html; charset=UTF-8,,,
karlshamn.yaml,karlshamn-samhalle-projektbidrag,Projektbidrag för samhällsföreningar,https://www.karlshamn.se/uppleva-och-gora/foreningar-foreningsliv/bidrag-och-stod/,200,https://www.karlshamn.se/uppleva-och-gora/foreningar-foreningsliv/bidrag-och-stod/,0,text/html; charset=UTF-8,,,
karlshamn.yaml,karlshamn-kommunalt-aktivitetsstod,Kommunalt aktivitetsstöd,https://www.karlshamn.se/uppleva-och-gora/foreningar-foreningsliv/bidrag-och-stod/,200,https://www.karlshamn.se/uppleva-och-gora/foreningar-foreningsliv/bidrag-och-stod/,0,text/html; charset=UTF-8,,,
karlskoga.yaml,karlskoga-ordinarie-foreningsbidrag,Ordinarie föreningsbidrag,https://karlskoga.se/uppleva--gora/foreningar-och-foreningsliv/foreningsbidrag-och-stod.html,200,https://karlskoga.se/uppleva--gora/foreningar-och-foreningsliv/foreningsbidrag-och-stod.html,0,text/html;charset=UTF-8,,,
karlskoga.yaml,karlskoga-extra-foreningsbidrag,Extra föreningsbidrag,https://karlskoga.se/arkiv/nyheter/nyheter/2026-03-06-nya-riktlinjer-for-ansokan-om-extra-foreningsbidrag.html,200,https://karlskoga.se/arkiv/nyheter/nyheter/2026-03-06-nya-riktlinjer-for-ansokan-om-extra-foreningsbidrag.html,0,text/html;charset=UTF-8,,,
karlskoga.yaml,karlskoga-idrottsbidrag,Idrottsbidrag,https://karlskoga.se/uppleva--gora/foreningar-och-foreningsliv/foreningsbidrag-och-stod.html,200,https://karlskoga.se/uppleva--gora/foreningar-och-foreningsliv/foreningsbidrag-och-stod.html,0,text/html;charset=UTF-8,,,
karlskoga.yaml,karlskoga-kulturbidrag,Kulturbidrag,https://karlskoga.se/uppleva--gora/foreningar-och-foreningsliv/foreningsbidrag-och-stod.html,200,https://karlskoga.se/uppleva--gora/foreningar-och-foreningsliv/foreningsbidrag-och-stod.html,0,text/html;charset=UTF-8,,,
karlskoga.yaml,karlskoga-socialbidrag,Socialbidrag,https://karlskoga.se/uppleva--gora/foreningar-och-foreningsliv/foreningsbidrag-och-stod.html,200,https://karlskoga.se/uppleva--gora/foreningar-och-foreningsliv/foreningsbidrag-och-stod.html,0,text/html;charset=UTF-8,,,
karlskoga.yaml,karlskoga-studieverbundsbidrag,Studieförbundsbidrag,https://karlskoga.se/uppleva--gora/foreningar-och-foreningsliv/foreningsbidrag-och-stod.html,200,https://karlskoga.se/uppleva--gora/foreningar-och-foreningsliv/foreningsbidrag-och-stod.html,0,text/html;charset=UTF-8,,,
karlskoga.yaml,karlskoga-sisu-bidrag,SISU-bidrag,https://karlskoga.se/uppleva--gora/foreningar-och-foreningsliv/foreningsbidrag-och-stod.html,200,https://karlskoga.se/uppleva--gora/foreningar-och-foreningsliv/foreningsbidrag-och-stod.html,0,text/html;charset=UTF-8,,,
karlskoga.yaml,karlskoga-sarskilt-bidrag,Särskilt bidrag,https://karlskoga.se/uppleva--gora/foreningar-och-foreningsliv/foreningsbidrag-och-stod.html,200,https://karlskoga.se/uppleva--gora/foreningar-och-foreningsliv/foreningsbidrag-och-stod.html,0,text/html;charset=UTF-8,,,
karlskrona.yaml,karlskrona-lokal-driftstod,Lokal- och driftstöd,https://www.karlskrona.se/globalassets/kultur-och-fritid/foreningar/dokument/belopp-och-ansokningstider-for-stod-inom-kultur-och-fritidsomradet-2026.pdf,200,https://www.karlskrona.se/globalassets/kultur-och-fritid/foreningar/dokument/belopp-och-ansokningstider-for-stod-inom-kultur-och-fritidsomradet-2026.pdf,0,application/pdf,,,
karlskrona.yaml,karlskrona-snabbt-och-latt,Snabbt och lätt,https://www.karlskrona.se/globalassets/kommun-och-politik/forfattningssamling/ersattningar-och-bidrag/riktlinjer-for-stod-priser-och-stipendier-inom-kultur--och-fritidsomradet.pdf,200,https://www.karlskrona.se/globalassets/kommun-och-politik/forfattningssamling/ersattningar-och-bidrag/riktlinjer-for-stod-priser-och-stipendier-inom-kultur--och-fritidsomradet.pdf,0,application/pdf,,,
karlskrona.yaml,karlskrona-projektstod-sarskilda-insatser,Projektstöd — särskilda insatser,https://www.karlskrona.se/globalassets/kommun-och-politik/forfattningssamling/ersattningar-och-bidrag/riktlinjer-for-stod-priser-och-stipendier-inom-kultur--och-fritidsomradet.pdf,200,https://www.karlskrona.se/globalassets/kommun-och-politik/forfattningssamling/ersattningar-och-bidrag/riktlinjer-for-stod-priser-och-stipendier-inom-kultur--och-fritidsomradet.pdf,0,application/pdf,,,
karlskrona.yaml,karlskrona-projektstod-lovaktiviteter,Projektstöd — lovaktiviteter,https://www.karlskrona.se/globalassets/kultur-och-fritid/foreningar/dokument/belopp-och-ansokningstider-for-stod-inom-kultur-och-fritidsomradet-2026.pdf,200,https://www.karlskrona.se/globalassets/kultur-och-fritid/foreningar/dokument/belopp-och-ansokningstider-for-stod-inom-kultur-och-fritidsomradet-2026.pdf,0,application/pdf,,,
karlskrona.yaml,karlskrona-aktivitetsstod,Kommunalt aktivitetsstöd,https://www.karlskrona.se/globalassets/kultur-och-fritid/foreningar/dokument/belopp-och-ansokningstider-for-stod-inom-kultur-och-fritidsomradet-2026.pdf,200,https://www.karlskrona.se/globalassets/kultur-och-fritid/foreningar/dokument/belopp-och-ansokningstider-for-stod-inom-kultur-och-fritidsomradet-2026.pdf,0,application/pdf,,,
karlskrona.yaml,karlskrona-medlemsstod-funktionsnedsattning,Medlemsstöd för förening för funktionsnedsatta,https://www.karlskrona.se/globalassets/kultur-och-fritid/foreningar/dokument/belopp-och-ansokningstider-for-stod-inom-kultur-och-fritidsomradet-2026.pdf,200,https://www.karlskrona.se/globalassets/kultur-och-fritid/foreningar/dokument/belopp-och-ansokningstider-for-stod-inom-kultur-och-fritidsomradet-2026.pdf,0,application/pdf,,,
karlskrona.yaml,karlskrona-simskolestod,Simskolestöd,https://www.karlskrona.se/globalassets/kultur-och-fritid/foreningar/dokument/belopp-och-ansokningstider-for-stod-inom-kultur-och-fritidsomradet-2026.pdf,200,https://www.karlskrona.se/globalassets/kultur-och-fritid/foreningar/dokument/belopp-och-ansokningstider-for-stod-inom-kultur-och-fritidsomradet-2026.pdf,0,application/pdf,,,
karlskrona.yaml,karlskrona-internationellt-utbyte,Stöd till internationellt utbyte,https://www.karlskrona.se/globalassets/kommun-och-politik/forfattningssamling/ersattningar-och-bidrag/riktlinjer-for-stod-priser-och-stipendier-inom-kultur--och-fritidsomradet.pdf,200,https://www.karlskrona.se/globalassets/kommun-och-politik/forfattningssamling/ersattningar-och-bidrag/riktlinjer-for-stod-priser-och-stipendier-inom-kultur--och-fritidsomradet.pdf,0,application/pdf,,,
karlskrona.yaml,karlskrona-orienteringskartor,Stöd för orienteringskartor,https://www.karlskrona.se/globalassets/kultur-och-fritid/foreningar/dokument/belopp-och-ansokningstider-for-stod-inom-kultur-och-fritidsomradet-2026.pdf,200,https://www.karlskrona.se/globalassets/kultur-och-fritid/foreningar/dokument/belopp-och-ansokningstider-for-stod-inom-kultur-och-fritidsomradet-2026.pdf,0,application/pdf,,,
karlskrona.yaml,karlskrona-team-karlskrona,Team Karlskrona,https://www.karlskrona.se/globalassets/kultur-och-fritid/foreningar/dokument/belopp-och-ansokningstider-for-stod-inom-kultur-och-fritidsomradet-2026.pdf,200,https://www.karlskrona.se/globalassets/kultur-och-fritid/foreningar/dokument/belopp-och-ansokningstider-for-stod-inom-kultur-och-fritidsomradet-2026.pdf,0,application/pdf,,,
karlskrona.yaml,karlskrona-investeringsstod-idrott,Investeringsstöd (idrott och fritid),https://www.karlskrona.se/globalassets/kommun-och-politik/forfattningssamling/ersattningar-och-bidrag/riktlinjer-for-stod-priser-och-stipendier-inom-kultur--och-fritidsomradet.pdf,200,https://www.karlskrona.se/globalassets/kommun-och-politik/forfattningssamling/ersattningar-och-bidrag/riktlinjer-for-stod-priser-och-stipendier-inom-kultur--och-fritidsomradet.pdf,0,application/pdf,,,
karlskrona.yaml,karlskrona-idrotts-fritidsarrangemang,Stöd till idrotts- och fritidsarrangemang,https://www.karlskrona.se/globalassets/kommun-och-politik/forfattningssamling/ersattningar-och-bidrag/riktlinjer-for-stod-priser-och-stipendier-inom-kultur--och-fritidsomradet.pdf,200,https://www.karlskrona.se/globalassets/kommun-och-politik/forfattningssamling/ersattningar-och-bidrag/riktlinjer-for-stod-priser-och-stipendier-inom-kultur--och-fritidsomradet.pdf,0,application/pdf,,,
karlskrona.yaml,karlskrona-foreningsgardar,Stöd till föreningsgårdar,https://www.karlskrona.se/globalassets/kultur-och-fritid/foreningar/dokument/belopp-och-ansokningstider-for-stod-inom-kultur-och-fritidsomradet-2026.pdf,200,https://www.karlskrona.se/globalassets/kultur-och-fritid/foreningar/dokument/belopp-och-ansokningstider-for-stod-inom-kultur-och-fritidsomradet-2026.pdf,0,application/pdf,,,
karlskrona.yaml,karlskrona-uppstart-foreningsgard,Stöd till uppstart av föreningsgård,https://www.karlskrona.se/globalassets/kultur-och-fritid/foreningar/dokument/belopp-och-ansokningstider-for-stod-inom-kultur-och-fritidsomradet-2026.pdf,200,https://www.karlskrona.se/globalassets/kultur-och-fritid/foreningar/dokument/belopp-och-ansokningstider-for-stod-inom-kultur-och-fritidsomradet-2026.pdf,0,application/pdf,,,
karlskrona.yaml,karlskrona-elitidrottsstod,Elitidrottsstöd till föreningar,https://www.karlskrona.se/globalassets/kommun-och-politik/forfattningssamling/styrande-dokument/riktlinjer-for-elitidrottsstod.pdf,200,https://www.karlskrona.se/globalassets/kommun-och-politik/forfattningssamling/styrande-dokument/riktlinjer-for-elitidrottsstod.pdf,0,application/pdf,,,
karlskrona.yaml,karlskrona-publika-kulturarrangemang,Stöd till publika kulturarrangemang,https://www.karlskrona.se/globalassets/kultur-och-fritid/foreningar/dokument/belopp-och-ansokningstider-for-stod-inom-kultur-och-fritidsomradet-2026.pdf,200,https://www.karlskrona.se/globalassets/kultur-och-fritid/foreningar/dokument/belopp-och-ansokningstider-for-stod-inom-kultur-och-fritidsomradet-2026.pdf,0,application/pdf,,,
karlskrona.yaml,karlskrona-produktionsstod,Produktionsstöd,https://www.karlskrona.se/globalassets/kultur-och-fritid/foreningar/dokument/belopp-och-ansokningstider-for-stod-inom-kultur-och-fritidsomradet-2026.pdf,200,https://www.karlskrona.se/globalassets/kultur-och-fritid/foreningar/dokument/belopp-och-ansokningstider-for-stod-inom-kultur-och-fritidsomradet-2026.pdf,0,application/pdf,,,
karlskrona.yaml,karlskrona-utvecklingsstod-kultur,Utvecklingsstöd,https://www.karlskrona.se/globalassets/kultur-och-fritid/foreningar/dokument/belopp-och-ansokningstider-for-stod-inom-kultur-och-fritidsomradet-2026.pdf,200,https://www.karlskrona.se/globalassets/kultur-och-fritid/foreningar/dokument/belopp-och-ansokningstider-for-stod-inom-kultur-och-fritidsomradet-2026.pdf,0,application/pdf,,,
karlskrona.yaml,karlskrona-forluststod,Förluststöd,https://www.karlskrona.se/globalassets/kultur-och-fritid/foreningar/dokument/belopp-och-ansokningstider-for-stod-inom-kultur-och-fritidsomradet-2026.pdf,200,https://www.karlskrona.se/globalassets/kultur-och-fritid/foreningar/dokument/belopp-och-ansokningstider-for-stod-inom-kultur-och-fritidsomradet-2026.pdf,0,application/pdf,,,
karlskrona.yaml,karlskrona-social-verksamhetsbidrag,Bidrag för föreningar inom social verksamhet,https://www.karlskrona.se/globalassets/kultur-och-fritid/foreningar/dokument/riktlinjer-for-bidrag-till-foreningar-inom-socialtjanstens-omrade.pdf,200,https://www.karlskrona.se/globalassets/kultur-och-fritid/foreningar/dokument/riktlinjer-for-bidrag-till-foreningar-inom-socialtjanstens-omrade.pdf,0,application/pdf,,,
karlskrona.yaml,karlskrona-aldre-lokalbidrag,Lokalbidrag (äldreverksamhet),https://www.karlskrona.se/globalassets/kultur-och-fritid/foreningar/dokument/an_foreningsbidrag.pdf,200,https://www.karlskrona.se/globalassets/kultur-och-fritid/foreningar/dokument/an_foreningsbidrag.pdf,0,application/pdf,,,
karlskrona.yaml,karlskrona-aldre-aktivitetsbidrag,Aktivitetsbidrag (äldreverksamhet),https://www.karlskrona.se/globalassets/kultur-och-fritid/foreningar/dokument/an_foreningsbidrag.pdf,200,https://www.karlskrona.se/globalassets/kultur-och-fritid/foreningar/dokument/an_foreningsbidrag.pdf,0,application/pdf,,,
karlskrona.yaml,karlskrona-aldre-riktat-bidrag,Riktat bidrag (äldreverksamhet),https://www.karlskrona.se/globalassets/kultur-och-fritid/foreningar/dokument/an_foreningsbidrag.pdf,200,https://www.karlskrona.se/globalassets/kultur-och-fritid/foreningar/dokument/an_foreningsbidrag.pdf,0,application/pdf,,,
karlskrona.yaml,karlskrona-trygghetsvandrande,Trygghetsvandrande föreningar,https://www.karlskrona.se/kultur-fritid-och-turism/foreningar/trygghetsvandrande-f%C3%B6reningar/,200,https://www.karlskrona.se/kultur-fritid-och-turism/foreningar/trygghetsvandrande-f%C3%B6reningar/,0,text/html; charset=utf-8,,,
karlskrona.yaml,karlskrona-landsbygd-skargardsmiljonen,Landsbygds- och skärgårdsmiljonen,https://www.karlskrona.se/samhallsplanering-och-trafik/Landsbygd-och-skargard/landsbygds--och-skargardsmiljonen/,200,https://www.karlskrona.se/samhallsplanering-och-trafik/Landsbygd-och-skargard/landsbygds--och-skargardsmiljonen/,0,text/html; charset=utf-8,,,
karlskrona.yaml,karlskrona-vagbidrag,Kommunalt bidrag för underhåll av enskild utfartsväg,https://www.karlskrona.se/samhallsplanering-och-trafik/parkering-och-trafik/skotsel-av-vagar/,200,https://www.karlskrona.se/samhallsplanering-och-trafik/parkering-och-trafik/skotsel-av-vagar/,0,text/html; charset=utf-8,,,
karlstad.yaml,karlstad-aktivitetsstod,Aktivitetsstöd,https://karlstad.se/uppleva-och-gora/foreningsliv-stod-och-stipendier/bidrag-och-stod-till-foreningar/stod-till-barn--och-ungdomsverksamhet,200,https://karlstad.se/uppleva-och-gora/foreningsliv-stod-och-stipendier/bidrag-och-stod-till-foreningar/stod-till-barn--och-ungdomsverksamhet,0,text/html;charset=UTF-8,,,
karlstad.yaml,karlstad-medlemsstod,Medlemsstöd,https://karlstad.se/uppleva-och-gora/foreningsliv-stod-och-stipendier/bidrag-och-stod-till-foreningar/stod-till-barn--och-ungdomsverksamhet,200,https://karlstad.se/uppleva-och-gora/foreningsliv-stod-och-stipendier/bidrag-och-stod-till-foreningar/stod-till-barn--och-ungdomsverksamhet,0,text/html;charset=UTF-8,,,
karlstad.yaml,karlstad-anlaggningsstod,Anläggningsstöd,https://karlstad.se/uppleva-och-gora/foreningsliv-stod-och-stipendier/bidrag-och-stod-till-foreningar/stod-till-barn--och-ungdomsverksamhet,200,https://karlstad.se/uppleva-och-gora/foreningsliv-stod-och-stipendier/bidrag-och-stod-till-foreningar/stod-till-barn--och-ungdomsverksamhet,0,text/html;charset=UTF-8,,,
karlstad.yaml,karlstad-lokalstod,Lokalstöd,https://karlstad.se/uppleva-och-gora/foreningsliv-stod-och-stipendier/bidrag-och-stod-till-foreningar/stod-till-barn--och-ungdomsverksamhet,200,https://karlstad.se/uppleva-och-gora/foreningsliv-stod-och-stipendier/bidrag-och-stod-till-foreningar/stod-till-barn--och-ungdomsverksamhet,0,text/html;charset=UTF-8,,,
karlstad.yaml,karlstad-utbildningsstod,Utbildningsstöd,https://karlstad.se/uppleva-och-gora/foreningsliv-stod-och-stipendier/bidrag-och-stod-till-foreningar/stod-till-barn--och-ungdomsverksamhet,200,https://karlstad.se/uppleva-och-gora/foreningsliv-stod-och-stipendier/bidrag-och-stod-till-foreningar/stod-till-barn--och-ungdomsverksamhet,0,text/html;charset=UTF-8,,,
karlstad.yaml,karlstad-ridskolor,Stöd till föreningsdrivna ridskolor,https://karlstad.se/uppleva-och-gora/foreningsliv-stod-och-stipendier/bidrag-och-stod-till-foreningar/stod-till-barn--och-ungdomsverksamhet,200,https://karlstad.se/uppleva-och-gora/foreningsliv-stod-och-stipendier/bidrag-och-stod-till-foreningar/stod-till-barn--och-ungdomsverksamhet,0,text/html;charset=UTF-8,,,
karlstad.yaml,karlstad-sarskilt-stod-barn-ungdom,Särskilt stöd (barn- och ungdomsverksamhet),https://karlstad.se/uppleva-och-gora/foreningsliv-stod-och-stipendier/bidrag-och-stod-till-foreningar/stod-till-barn--och-ungdomsverksamhet,200,https://karlstad.se/uppleva-och-gora/foreningsliv-stod-och-stipendier/bidrag-och-stod-till-foreningar/stod-till-barn--och-ungdomsverksamhet,0,text/html;charset=UTF-8,,,
karlstad.yaml,karlstad-arrangemangsstod-idrott-fritid,Arrangemangsstöd idrott och fritid,https://karlstad.se/uppleva-och-gora/foreningsliv-stod-och-stipendier/bidrag-och-stod-till-foreningar/stod-till-barn--och-ungdomsverksamhet,200,https://karlstad.se/uppleva-och-gora/foreningsliv-stod-och-stipendier/bidrag-och-stod-till-foreningar/stod-till-barn--och-ungdomsverksamhet,0,text/html;charset=UTF-8,,,
karlstad.yaml,karlstad-hallbar-utveckling,Stöd till hållbar utveckling,https://karlstad.se/uppleva-och-gora/foreningsliv-stod-och-stipendier/bidrag-och-stod-till-foreningar/stod-till-barn--och-ungdomsverksamhet,200,https://karlstad.se/uppleva-och-gora/foreningsliv-stod-och-stipendier/bidrag-och-stod-till-foreningar/stod-till-barn--och-ungdomsverksamhet,0,text/html;charset=UTF-8,,,
karlstad.yaml,karlstad-barn-ungdomskulturprojekt,Stöd till barn- och ungdomskulturprojekt,https://karlstad.se/uppleva-och-gora/foreningsliv-stod-och-stipendier/bidrag-och-stod-till-foreningar/stod-till-kulturverksamhet,200,https://karlstad.se/uppleva-och-gora/foreningsliv-stod-och-stipendier/bidrag-och-stod-till-foreningar/stod-till-kulturverksamhet,0,text/html;charset=UTF-8,,,
karlstad.yaml,karlstad-kulturforeningsstod,Årligt stöd till kulturförening,https://karlstad.se/uppleva-och-gora/foreningsliv-stod-och-stipendier/bidrag-och-stod-till-foreningar/stod-till-kulturverksamhet,200,https://karlstad.se/uppleva-och-gora/foreningsliv-stod-och-stipendier/bidrag-och-stod-till-foreningar/stod-till-kulturverksamhet,0,text/html;charset=UTF-8,,,
karlstad.yaml,karlstad-hembygd-bygdegard,Stöd till hembygds- och bygdegårdsföreningar,https://karlstad.se/uppleva-och-gora/foreningsliv-stod-och-stipendier/bidrag-och-stod-till-foreningar/stod-till-kulturverksamhet,200,https://karlstad.se/uppleva-och-gora/foreningsliv-stod-och-stipendier/bidrag-och-stod-till-foreningar/stod-till-kulturverksamhet,0,text/html;charset=UTF-8,,,
karlstad.yaml,karlstad-arrangemangsstod-kultur,Arrangemangsstöd (kultur),https://karlstad.se/uppleva-och-gora/foreningsliv-stod-och-stipendier/bidrag-och-stod-till-foreningar/stod-till-kulturverksamhet,200,https://karlstad.se/uppleva-och-gora/foreningsliv-stod-och-stipendier/bidrag-och-stod-till-foreningar/stod-till-kulturverksamhet,0,text/html;charset=UTF-8,,,
karlstad.yaml,karlstad-studieforbund,Stöd till studieförbund,https://karlstad.se/uppleva-och-gora/foreningsliv-stod-och-stipendier/bidrag-och-stod-till-foreningar/stod-till-kulturverksamhet,200,https://karlstad.se/uppleva-och-gora/foreningsliv-stod-och-stipendier/bidrag-och-stod-till-foreningar/stod-till-kulturverksamhet,0,text/html;charset=UTF-8,,,
karlstad.yaml,karlstad-projektstod-kulturarbetare,Projektstöd för kulturarbetare,https://karlstad.se/uppleva-och-gora/foreningsliv-stod-och-stipendier/bidrag-och-stod-till-foreningar/stod-till-kulturverksamhet,200,https://karlstad.se/uppleva-och-gora/foreningsliv-stod-och-stipendier/bidrag-och-stod-till-foreningar/stod-till-kulturverksamhet,0,text/html;charset=UTF-8,,,
karlstad.yaml,karlstad-kultur-i-varden,Stöd till Kultur i vården,https://karlstad.se/uppleva-och-gora/foreningsliv-stod-och-stipendier/bidrag-och-stod-till-foreningar/stod-till-kulturverksamhet,200,https://karlstad.se/uppleva-och-gora/foreningsliv-stod-och-stipendier/bidrag-och-stod-till-foreningar/stod-till-kulturverksamhet,0,text/html;charset=UTF-8,,,
karlstad.yaml,karlstad-pensionar-foreningsbidrag,Föreningsbidrag till pensionärsverksamhet,https://karlstad.se/uppleva-och-gora/foreningsliv-stod-och-stipendier/bidrag-och-stod-till-foreningar/stod-till-pensionarsverksamhet,200,https://karlstad.se/uppleva-och-gora/foreningsliv-stod-och-stipendier/bidrag-och-stod-till-foreningar/stod-till-pensionarsverksamhet,0,text/html;charset=UTF-8,,,
karlstad.yaml,karlstad-gruppaktiviteter-65,Stöd till föreningar med gruppaktiviteter för 65+,https://karlstad.se/uppleva-och-gora/foreningsliv-stod-och-stipendier/bidrag-och-stod-till-foreningar/stod-till-foreningar-med-gruppaktiviteter-for-65-,200,https://karlstad.se/uppleva-och-gora/foreningsliv-stod-och-stipendier/bidrag-och-stod-till-foreningar/stod-till-foreningar-med-gruppaktiviteter-for-65-,0,text/html;charset=UTF-8,,,
karlstad.yaml,karlstad-folkhalsa,Stöd för folkhälsan,https://karlstad.se/uppleva-och-gora/foreningsliv-stod-och-stipendier/bidrag-och-stod-till-foreningar/stod-for-folkhalsan,200,https://karlstad.se/uppleva-och-gora/foreningsliv-stod-och-stipendier/bidrag-och-stod-till-foreningar/stod-for-folkhalsan,0,text/html;charset=UTF-8,,,
karlstad.yaml,karlstad-aktiva-lov,Stöd till lovaktiviteter – Aktiva lov,https://karlstad.se/uppleva-och-gora/foreningsliv-stod-och-stipendier/bidrag-och-stod-till-foreningar/stod-till-lovaktiviteter---aktiva-lov,200,https://karlstad.se/uppleva-och-gora/foreningsliv-stod-och-stipendier/bidrag-och-stod-till-foreningar/stod-till-lovaktiviteter---aktiva-lov,0,text/html;charset=UTF-8,,,
karlstad.yaml,karlstad-spontanidrott,Stöd till spontanidrott,https://karlstad.se/uppleva-och-gora/foreningsliv-stod-och-stipendier/bidrag-och-stod-till-foreningar/stod-till-spontanidrott,200,https://karlstad.se/uppleva-och-gora/foreningsliv-stod-och-stipendier/bidrag-och-stod-till-foreningar/stod-till-spontanidrott,0,text/html;charset=UTF-8,,,
karlstad.yaml,karlstad-engangsstod-2027,Engångsstöd för föreningar 2027,https://karlstad.se/uppleva-och-gora/foreningsliv-stod-och-stipendier/bidrag-och-stod-till-foreningar/engangsstod-for-foreningar-2027,200,https://karlstad.se/uppleva-och-gora/foreningsliv-stod-och-stipendier/bidrag-och-stod-till-foreningar/engangsstod-for-foreningar-2027,0,text/html;charset=UTF-8,,,
karlstad.yaml,karlstad-social-verksamhetsstod,Verksamhetsstöd till föreningar med särskild social inriktning,https://karlstad.se/uppleva-och-gora/foreningsliv-stod-och-stipendier/bidrag-och-stod-till-foreningar/stod-till-foreningar-med-sarskild-social-inriktning,200,https://karlstad.se/uppleva-och-gora/foreningsliv-stod-och-stipendier/bidrag-och-stod-till-foreningar/stod-till-foreningar-med-sarskild-social-inriktning,0,text/html;charset=UTF-8,,,
karlstad.yaml,karlstad-social-utvecklingsstod,Utvecklingsstöd till föreningar med särskild social inriktning,https://karlstad.se/uppleva-och-gora/foreningsliv-stod-och-stipendier/bidrag-och-stod-till-foreningar/stod-till-foreningar-med-sarskild-social-inriktning,200,https://karlstad.se/uppleva-och-gora/foreningsliv-stod-och-stipendier/bidrag-och-stod-till-foreningar/stod-till-foreningar-med-sarskild-social-inriktning,0,text/html;charset=UTF-8,,,
karlstad.yaml,karlstad-funktionsnedsattning-foreningsbidrag,Föreningsbidrag till verksamhet för personer med funktionsnedsättning,https://karlstad.se/uppleva-och-gora/foreningsliv-stod-och-stipendier/bidrag-och-stod-till-foreningar/stod-till-verksamhet-for-personer-med-funktionsnedsattning,200,https://karlstad.se/uppleva-och-gora/foreningsliv-stod-och-stipendier/bidrag-och-stod-till-foreningar/stod-till-verksamhet-for-personer-med-funktionsnedsattning,0,text/html;charset=UTF-8,,,
karlstad.yaml,karlstad-landsbygdsmedel,Landsbygdsmedel — pengar för landsbygdsutveckling,https://karlstad.se/Kommun-och-politik/Kommunens-organisation/Radgivande-organ/Landsbygdsradet/Sok-pengar-for-landsbygdsutveckling/,200,https://karlstad.se/kommun-och-politik/kommunens-organisation/radgivande-organ/lokala-utvecklingsforum/sok-pengar-for-landsbygdsutveckling,1,text/html;charset=UTF-8,,,
karlstad.yaml,karlstad-stiftelser-fonder,Stiftelser och fonder öppna för föreningar,https://karlstad.se/uppleva-och-gora/foreningsliv-stod-och-stipendier/stipendier-och-fonder,200,https://karlstad.se/uppleva-och-gora/foreningsliv-stod-och-stipendier/stipendier-och-fonder,0,text/html;charset=UTF-8,,,
katrineholm.yaml,katrineholm-grundbidrag-idrott,Grundbidrag (idrott och fritid),https://www.katrineholm.se/uppleva-och-gora/foreningar/foreningsbidrag/foreningsbidrag-idrott-och-fritid.html,200,https://www.katrineholm.se/uppleva-och-gora/foreningar/foreningsbidrag/foreningsbidrag-idrott-och-fritid.html,0,text/html;charset=UTF-8,,,
katrineholm.yaml,katrineholm-verksamhetsbidrag-idrott,Verksamhetsbidrag (idrott och fritid),https://www.katrineholm.se/uppleva-och-gora/foreningar/foreningsbidrag/foreningsbidrag-idrott-och-fritid.html,200,https://www.katrineholm.se/uppleva-och-gora/foreningar/foreningsbidrag/foreningsbidrag-idrott-och-fritid.html,0,text/html;charset=UTF-8,,,
katrineholm.yaml,katrineholm-arrangemangsbidrag-idrott,Arrangemangsbidrag (idrott och fritid),https://www.katrineholm.se/uppleva-och-gora/foreningar/foreningsbidrag/foreningsbidrag-idrott-och-fritid.html,200,https://www.katrineholm.se/uppleva-och-gora/foreningar/foreningsbidrag/foreningsbidrag-idrott-och-fritid.html,0,text/html;charset=UTF-8,,,
katrineholm.yaml,katrineholm-driftbidrag-idrott,Driftbidrag (idrott och fritid),https://www.katrineholm.se/uppleva-och-gora/foreningar/foreningsbidrag/foreningsbidrag-idrott-och-fritid.html,200,https://www.katrineholm.se/uppleva-och-gora/foreningar/foreningsbidrag/foreningsbidrag-idrott-och-fritid.html,0,text/html;charset=UTF-8,,,
katrineholm.yaml,katrineholm-grundbidrag-kultur,Grundbidrag (kultur),https://www.katrineholm.se/uppleva-och-gora/foreningar/foreningsbidrag/foreningsbidrag-kultur.html,200,https://www.katrineholm.se/uppleva-och-gora/foreningar/foreningsbidrag/foreningsbidrag-kultur.html,0,text/html;charset=UTF-8,,,
katrineholm.yaml,katrineholm-arrangemangsbidrag-kultur,Arrangemangsbidrag (kultur),https://www.katrineholm.se/uppleva-och-gora/foreningar/foreningsbidrag/foreningsbidrag-kultur.html,200,https://www.katrineholm.se/uppleva-och-gora/foreningar/foreningsbidrag/foreningsbidrag-kultur.html,0,text/html;charset=UTF-8,,,
katrineholm.yaml,katrineholm-verksamhetsbidrag-kultur,Verksamhetsbidrag (kultur),https://www.katrineholm.se/uppleva-och-gora/foreningar/foreningsbidrag/foreningsbidrag-kultur.html,200,https://www.katrineholm.se/uppleva-och-gora/foreningar/foreningsbidrag/foreningsbidrag-kultur.html,0,text/html;charset=UTF-8,,,
katrineholm.yaml,katrineholm-snabba-stalar,Snabba stålar,https://www.katrineholm.se/uppleva-och-gora/foreningar/foreningsbidrag/snabba-stalar.html,200,https://www.katrineholm.se/uppleva-och-gora/foreningar/foreningsbidrag/snabba-stalar.html,0,text/html;charset=UTF-8,,,
katrineholm.yaml,katrineholm-grundbidrag-senior-funktionsvariation,Grundbidrag (seniorer och funktionsvariation),https://www.katrineholm.se/uppleva-och-gora/foreningar/foreningsbidrag/foreningsbidrag-seniorer-och-funktionsvariation.html,200,https://www.katrineholm.se/uppleva-och-gora/foreningar/foreningsbidrag/foreningsbidrag-seniorer-och-funktionsvariation.html,0,text/html;charset=UTF-8,,,
katrineholm.yaml,katrineholm-grundbidrag-social,Grundbidrag (social verksamhet),https://www.katrineholm.se/uppleva-och-gora/foreningar/foreningsbidrag/foreningsbidrag-social-verksamhet.html,200,https://www.katrineholm.se/uppleva-och-gora/foreningar/foreningsbidrag/foreningsbidrag-social-verksamhet.html,0,text/html;charset=UTF-8,,,
katrineholm.yaml,katrineholm-verksamhetsbidrag-social,Verksamhetsbidrag (social verksamhet),https://www.katrineholm.se/uppleva-och-gora/foreningar/foreningsbidrag/foreningsbidrag-social-verksamhet.html,200,https://www.katrineholm.se/uppleva-och-gora/foreningar/foreningsbidrag/foreningsbidrag-social-verksamhet.html,0,text/html;charset=UTF-8,,,
katrineholm.yaml,katrineholm-bidrag-kommunstyrelsen,Bidrag från kommunstyrelsen,https://www.katrineholm.se/uppleva-och-gora/foreningar/foreningsbidrag/sponsring-och-andra-bidrag.html,200,https://www.katrineholm.se/uppleva-och-gora/foreningar/foreningsbidrag/sponsring-och-andra-bidrag.html,0,text/html;charset=UTF-8,,,
katrineholm.yaml,katrineholm-bidrag-enskilda-vagar,Bidrag till enskilda vägar,https://www.katrineholm.se/trafik-och-gator/bidrag-till-enskilda-vagar.html,200,https://www.katrineholm.se/trafik-och-gator/bidrag-till-enskilda-vagar.html,0,text/html;charset=UTF-8,,,
kavlinge.yaml,kavlinge-lokalt-aktivitetsstod,Lokalt aktivitetsstöd,https://www.kavlinge.se/uppleva-och-gora/foreningar/soka-foreningsbidrag/bidragsbestammelser,200,https://www.kavlinge.se/uppleva-och-gora/foreningar/soka-foreningsbidrag/bidragsbestammelser,0,text/html;charset=UTF-8,,,
kavlinge.yaml,kavlinge-lokalbidrag-hyrd,Lokalbidrag – Hyrd lokal,https://www.kavlinge.se/uppleva-och-gora/foreningar/soka-foreningsbidrag/bidragsbestammelser,200,https://www.kavlinge.se/uppleva-och-gora/foreningar/soka-foreningsbidrag/bidragsbestammelser,0,text/html;charset=UTF-8,,,
kavlinge.yaml,kavlinge-lokalbidrag-drift,Lokalbidrag – Drift (egen lokal),https://www.kavlinge.se/uppleva-och-gora/foreningar/soka-foreningsbidrag/bidragsbestammelser,200,https://www.kavlinge.se/uppleva-och-gora/foreningar/soka-foreningsbidrag/bidragsbestammelser,0,text/html;charset=UTF-8,,,
kavlinge.yaml,kavlinge-startbidrag,Startbidrag,https://www.kavlinge.se/uppleva-och-gora/foreningar/soka-foreningsbidrag/bidragsbestammelser,200,https://www.kavlinge.se/uppleva-och-gora/foreningar/soka-foreningsbidrag/bidragsbestammelser,0,text/html;charset=UTF-8,,,
kavlinge.yaml,kavlinge-utvecklingsbidrag,Utvecklingsbidrag,https://www.kavlinge.se/uppleva-och-gora/foreningar/soka-foreningsbidrag/bidragsbestammelser,200,https://www.kavlinge.se/uppleva-och-gora/foreningar/soka-foreningsbidrag/bidragsbestammelser,0,text/html;charset=UTF-8,,,
kavlinge.yaml,kavlinge-verksamhetsbidrag-kultur,Verksamhetsbidrag för kulturföreningar,https://www.kavlinge.se/uppleva-och-gora/foreningar/soka-foreningsbidrag/bidragsbestammelser,200,https://www.kavlinge.se/uppleva-och-gora/foreningar/soka-foreningsbidrag/bidragsbestammelser,0,text/html;charset=UTF-8,,,
kavlinge.yaml,kavlinge-verksamhetsbidrag-social,Verksamhetsbidrag för sociala föreningar,https://www.kavlinge.se/uppleva-och-gora/foreningar/soka-foreningsbidrag/bidragsbestammelser,200,https://www.kavlinge.se/uppleva-och-gora/foreningar/soka-foreningsbidrag/bidragsbestammelser,0,text/html;charset=UTF-8,,,
kavlinge.yaml,kavlinge-verksamhetsbidrag-ovrig,Verksamhetsbidrag övrig förening,https://www.kavlinge.se/uppleva-och-gora/foreningar/soka-foreningsbidrag/bidragsbestammelser,200,https://www.kavlinge.se/uppleva-och-gora/foreningar/soka-foreningsbidrag/bidragsbestammelser,0,text/html;charset=UTF-8,,,
kavlinge.yaml,kavlinge-studieforbundsbidrag,Studieförbundsbidrag,https://www.kavlinge.se/uppleva-och-gora/foreningar/soka-foreningsbidrag/bidragsbestammelser,200,https://www.kavlinge.se/uppleva-och-gora/foreningar/soka-foreningsbidrag/bidragsbestammelser,0,text/html;charset=UTF-8,,,
kil.yaml,kil-startbidrag,Startbidrag,https://kil.se/uppleva-och-gora/foreningar-foreningsliv/bidrag-och-stod,200,https://kil.se/uppleva-och-gora/foreningar-foreningsliv/bidrag-och-stod,0,text/html;charset=UTF-8,,,
kil.yaml,kil-grundbidrag,Grundbidrag,https://kil.se/uppleva-och-gora/foreningar-foreningsliv/bidrag-och-stod,200,https://kil.se/uppleva-och-gora/foreningar-foreningsliv/bidrag-och-stod,0,text/html;charset=UTF-8,,,
kil.yaml,kil-hyresbidrag,Hyresbidrag,https://kil.se/uppleva-och-gora/foreningar-foreningsliv/bidrag-och-stod,200,https://kil.se/uppleva-och-gora/foreningar-foreningsliv/bidrag-och-stod,0,text/html;charset=UTF-8,,,
kil.yaml,kil-anlaggningsbidrag,Anläggningsbidrag,https://kil.se/uppleva-och-gora/foreningar-foreningsliv/bidrag-och-stod,200,https://kil.se/uppleva-och-gora/foreningar-foreningsliv/bidrag-och-stod,0,text/html;charset=UTF-8,,,
kil.yaml,kil-investeringsbidrag,Investeringsbidrag,https://kil.se/uppleva-och-gora/foreningar-foreningsliv/bidrag-och-stod,200,https://kil.se/uppleva-och-gora/foreningar-foreningsliv/bidrag-och-stod,0,text/html;charset=UTF-8,,,
kil.yaml,kil-verksamhetsbidrag,Verksamhetsbidrag,https://kil.se/uppleva-och-gora/foreningar-foreningsliv/bidrag-och-stod,200,https://kil.se/uppleva-och-gora/foreningar-foreningsliv/bidrag-och-stod,0,text/html;charset=UTF-8,,,
kil.yaml,kil-aktivitetsbidrag,Aktivitetsbidrag,https://kil.se/uppleva-och-gora/foreningar-foreningsliv/bidrag-och-stod,200,https://kil.se/uppleva-och-gora/foreningar-foreningsliv/bidrag-och-stod,0,text/html;charset=UTF-8,,,
kil.yaml,kil-arrangemangsbidrag,Arrangemangsbidrag,https://kil.se/uppleva-och-gora/foreningar-foreningsliv/bidrag-och-stod,200,https://kil.se/uppleva-och-gora/foreningar-foreningsliv/bidrag-och-stod,0,text/html;charset=UTF-8,,,
kil.yaml,kil-bidrag-till-forebyggande-socialt-arbete,Bidrag till förebyggande socialt arbete,https://kil.se/uppleva-och-gora/foreningar-foreningsliv/bidrag-och-stod,200,https://kil.se/uppleva-och-gora/foreningar-foreningsliv/bidrag-och-stod,0,text/html;charset=UTF-8,,,
kil.yaml,kil-ledarutbildningsbidrag,Ledarutbildningsbidrag,https://kil.se/uppleva-och-gora/foreningar-foreningsliv/bidrag-och-stod,200,https://kil.se/uppleva-och-gora/foreningar-foreningsliv/bidrag-och-stod,0,text/html;charset=UTF-8,,,
kil.yaml,kil-studieforbundsbidrag,Studieförbundsbidrag,https://kil.se/uppleva-och-gora/foreningar-foreningsliv/bidrag-och-stod,200,https://kil.se/uppleva-och-gora/foreningar-foreningsliv/bidrag-och-stod,0,text/html;charset=UTF-8,,,
kinda.yaml,kinda-idrott-fritid,Föreningsbidrag – idrott och fritid,https://www.kinda.se/upplevaochgora/foreningsliv/foreningsbidrag.4.15d59a7c151bb4254b7e713c.html,200,https://www.kinda.se/upplevaochgora/foreningsliv/foreningsbidrag.4.15d59a7c151bb4254b7e713c.html,0,text/html;charset=UTF-8,,,
kinda.yaml,kinda-kultur,Föreningsbidrag – kultur,https://www.kinda.se/upplevaochgora/foreningsliv/foreningsbidrag.4.15d59a7c151bb4254b7e713c.html,200,https://www.kinda.se/upplevaochgora/foreningsliv/foreningsbidrag.4.15d59a7c151bb4254b7e713c.html,0,text/html;charset=UTF-8,,,
kinda.yaml,kinda-omsorg,Föreningsbidrag – omsorg,https://www.kinda.se/upplevaochgora/foreningsliv/foreningsbidrag.4.15d59a7c151bb4254b7e713c.html,200,https://www.kinda.se/upplevaochgora/foreningsliv/foreningsbidrag.4.15d59a7c151bb4254b7e713c.html,0,text/html;charset=UTF-8,,,
kinda.yaml,kinda-samlingslokaler,Föreningsbidrag – samlingslokaler,https://www.kinda.se/upplevaochgora/foreningsliv/foreningsbidrag.4.15d59a7c151bb4254b7e713c.html,200,https://www.kinda.se/upplevaochgora/foreningsliv/foreningsbidrag.4.15d59a7c151bb4254b7e713c.html,0,text/html;charset=UTF-8,,,
kinda.yaml,kinda-studieforbund,Bidrag till studieförbund,https://www.kinda.se/upplevaochgora/foreningsliv/foreningsbidrag.4.15d59a7c151bb4254b7e713c.html,200,https://www.kinda.se/upplevaochgora/foreningsliv/foreningsbidrag.4.15d59a7c151bb4254b7e713c.html,0,text/html;charset=UTF-8,,,
kiruna.yaml,kiruna-aktivitetsstod,Aktivitetsstöd,https://kiruna.se/uppleva--gora/foreningsliv/bidrag.html,200,https://kiruna.se/uppleva--gora/foreningsliv-och-stod/bidrag.html,1,text/html;charset=UTF-8,,,
kiruna.yaml,kiruna-socialnamndens-foreningsbidrag,Socialnämndens föreningsbidrag,https://kiruna.se/uppleva--gora/foreningsliv/bidrag.html,200,https://kiruna.se/uppleva--gora/foreningsliv-och-stod/bidrag.html,1,text/html;charset=UTF-8,,,
kiruna.yaml,kiruna-arsanslag-kulturforeningar,Årsanslag för kulturföreningar,https://kiruna.se/uppleva--gora/foreningsliv/bidrag.html,200,https://kiruna.se/uppleva--gora/foreningsliv-och-stod/bidrag.html,1,text/html;charset=UTF-8,,,
kiruna.yaml,kiruna-trygghetsvandringar,Bidrag för trygghetsvandringar och bussvolontärer,https://kiruna.se/arkiv/nyhetsarkiv/nyheter/2026-05-08-ansok-om-bidrag-for-trygghetsvandringar.html,200,https://kiruna.se/arkiv/nyhetsarkiv/nyheter/2026-05-08-ansok-om-bidrag-for-trygghetsvandringar.html,0,text/html;charset=UTF-8,,,
kiruna.yaml,kiruna-ferieloner,Riktat bidrag till ferielöner,https://kiruna.se/naringsliv--arbete/arbeta-hos-oss/feriearbete-for-skolungdom-2026.html,200,https://kiruna.se/naringsliv--arbete/arbeta-hos-oss/feriearbete-for-skolungdom-2026.html,0,text/html;charset=UTF-8,,,
kiruna.yaml,kiruna-foreningslonebidrag,Föreningslönebidrag,https://kiruna.se/uppleva--gora/foreningsliv/bidrag.html,200,https://kiruna.se/uppleva--gora/foreningsliv-och-stod/bidrag.html,1,text/html;charset=UTF-8,,,
klippan.yaml,klippan-arrangemangs-och-projektbidrag,Arrangemangs- och projektbidrag,https://www.klippan.se/uppleva--gora/foreningar/bidrag--stod-for-foreningar,200,https://www.klippan.se/uppleva--gora/foreningar/bidrag--stod-for-foreningar,0,text/html;charset=UTF-8,,,
klippan.yaml,klippan-verksamhetsbidrag,Verksamhetsbidrag,https://www.klippan.se/uppleva--gora/foreningar/bidrag--stod-for-foreningar,200,https://www.klippan.se/uppleva--gora/foreningar/bidrag--stod-for-foreningar,0,text/html;charset=UTF-8,,,
klippan.yaml,klippan-investeringsbidrag,Investeringsbidrag,https://www.klippan.se/uppleva--gora/foreningar/bidrag--stod-for-foreningar,200,https://www.klippan.se/uppleva--gora/foreningar/bidrag--stod-for-foreningar,0,text/html;charset=UTF-8,,,
klippan.yaml,klippan-egna-initiativ-vuxna,Egna initiativ – vuxna,https://www.klippan.se/uppleva--gora/foreningar/bidrag--stod-for-foreningar,200,https://www.klippan.se/uppleva--gora/foreningar/bidrag--stod-for-foreningar,0,text/html;charset=UTF-8,,,
klippan.yaml,klippan-egna-initiativ-barn-och-ungdomar,Egna initiativ – barn och ungdomar,https://www.klippan.se/uppleva--gora/foreningar/bidrag--stod-for-foreningar,200,https://www.klippan.se/uppleva--gora/foreningar/bidrag--stod-for-foreningar,0,text/html;charset=UTF-8,,,
knivsta.yaml,knivsta-grundstod-barn-ungdom,Grundstöd – barn och ungdom,https://knivsta.se/uppleva-och-gora/foreningsliv/foreningsstod-och-stipendier/stod-till-barn--och-ungdomsforeningar,200,https://knivsta.se/uppleva-och-gora/foreningsliv/foreningsstod-och-stipendier/stod-till-barn--och-ungdomsforeningar,0,text/html;charset=UTF-8,,,
knivsta.yaml,knivsta-aktivitetsstod-barn-ungdom,Aktivitetsstöd – barn och ungdom,https://knivsta.se/uppleva-och-gora/foreningsliv/foreningsstod-och-stipendier/stod-till-barn--och-ungdomsforeningar,200,https://knivsta.se/uppleva-och-gora/foreningsliv/foreningsstod-och-stipendier/stod-till-barn--och-ungdomsforeningar,0,text/html;charset=UTF-8,,,
knivsta.yaml,knivsta-ledarutbildningsstod,Ledarutbildningsstöd,https://knivsta.se/uppleva-och-gora/foreningsliv/foreningsstod-och-stipendier/stod-till-barn--och-ungdomsforeningar,200,https://knivsta.se/uppleva-och-gora/foreningsliv/foreningsstod-och-stipendier/stod-till-barn--och-ungdomsforeningar,0,text/html;charset=UTF-8,,,
knivsta.yaml,knivsta-projektstod,Projektstöd,https://knivsta.se/uppleva-och-gora/foreningsliv/foreningsstod-och-stipendier/stod-till-barn--och-ungdomsforeningar,200,https://knivsta.se/uppleva-och-gora/foreningsliv/foreningsstod-och-stipendier/stod-till-barn--och-ungdomsforeningar,0,text/html;charset=UTF-8,,,
knivsta.yaml,knivsta-lovstod,Lovstöd,https://knivsta.se/uppleva-och-gora/foreningsliv/foreningsstod-och-stipendier/stod-till-barn--och-ungdomsforeningar,200,https://knivsta.se/uppleva-och-gora/foreningsliv/foreningsstod-och-stipendier/stod-till-barn--och-ungdomsforeningar,0,text/html;charset=UTF-8,,,
knivsta.yaml,knivsta-ridsportsstod,Ridsportsstöd,https://knivsta.se/uppleva-och-gora/foreningsliv/foreningsstod-och-stipendier/stod-till-barn--och-ungdomsforeningar,200,https://knivsta.se/uppleva-och-gora/foreningsliv/foreningsstod-och-stipendier/stod-till-barn--och-ungdomsforeningar,0,text/html;charset=UTF-8,,,
knivsta.yaml,knivsta-grundstod-pensionar,Grundstöd – pensionär,https://knivsta.se/uppleva-och-gora/foreningsliv/foreningsstod-och-stipendier/stod-till-pensionarsforeningar,200,https://knivsta.se/uppleva-och-gora/foreningsliv/foreningsstod-och-stipendier/stod-till-pensionarsforeningar,0,text/html;charset=UTF-8,,,
knivsta.yaml,knivsta-aktivitetsstod-pensionar,Aktivitetsstöd – pensionär,https://knivsta.se/uppleva-och-gora/foreningsliv/foreningsstod-och-stipendier/stod-till-pensionarsforeningar,200,https://knivsta.se/uppleva-och-gora/foreningsliv/foreningsstod-och-stipendier/stod-till-pensionarsforeningar,0,text/html;charset=UTF-8,,,
knivsta.yaml,knivsta-grundstod-bygdegard,Grundstöd – bygdegård,https://knivsta.se/uppleva-och-gora/foreningsliv/foreningsstod-och-stipendier/stod-till-bygdegardsforeningar,200,https://knivsta.se/uppleva-och-gora/foreningsliv/foreningsstod-och-stipendier/stod-till-bygdegardsforeningar,0,text/html;charset=UTF-8,,,
knivsta.yaml,knivsta-aktivitetsstod-bygdegard,Aktivitetsstöd – bygdegård,https://knivsta.se/uppleva-och-gora/foreningsliv/foreningsstod-och-stipendier/stod-till-bygdegardsforeningar,200,https://knivsta.se/uppleva-och-gora/foreningsliv/foreningsstod-och-stipendier/stod-till-bygdegardsforeningar,0,text/html;charset=UTF-8,,,
knivsta.yaml,knivsta-anlaggningsstod,Anläggningsstöd,https://knivsta.se/uppleva-och-gora/foreningsliv/foreningsstod-och-stipendier/stod-till-barn--och-ungdomsforeningar,200,https://knivsta.se/uppleva-och-gora/foreningsliv/foreningsstod-och-stipendier/stod-till-barn--och-ungdomsforeningar,0,text/html;charset=UTF-8,,,
knivsta.yaml,knivsta-underhallsstod,Underhållsstöd,https://knivsta.se/uppleva-och-gora/foreningsliv/foreningsstod-och-stipendier/stod-till-barn--och-ungdomsforeningar,200,https://knivsta.se/uppleva-och-gora/foreningsliv/foreningsstod-och-stipendier/stod-till-barn--och-ungdomsforeningar,0,text/html;charset=UTF-8,,,
knivsta.yaml,knivsta-startstod,Startstöd,https://knivsta.se/uppleva-och-gora/foreningsliv/foreningsstod-och-stipendier/foreningsgemensamma-stod,200,https://knivsta.se/uppleva-och-gora/foreningsliv/foreningsstod-och-stipendier/foreningsgemensamma-stod,0,text/html;charset=UTF-8,,,
knivsta.yaml,knivsta-funktionsstod,Funktionsstöd,https://knivsta.se/uppleva-och-gora/foreningsliv/foreningsstod-och-stipendier/foreningsgemensamma-stod,200,https://knivsta.se/uppleva-och-gora/foreningsliv/foreningsstod-och-stipendier/foreningsgemensamma-stod,0,text/html;charset=UTF-8,,,
koping.yaml,koping-verksamhetsbidrag-barn-och-ungdomsforeningar,Verksamhetsbidrag barn- och ungdomsföreningar,https://fribid.koping.se/bidrag/,200,https://fribid.koping.se/bidrag/,0,text/html; charset=utf-8,,,
koping.yaml,koping-investeringsbidrag,Investeringsbidrag,https://fribid.koping.se/bidrag/,200,https://fribid.koping.se/bidrag/,0,text/html; charset=utf-8,,,
koping.yaml,koping-driftbidrag,Driftbidrag,https://fribid.koping.se/bidrag/,200,https://fribid.koping.se/bidrag/,0,text/html; charset=utf-8,,,
kramfors.yaml,kramfors-driftbidrag-samlingslokaler,Driftbidrag samlingslokaler,https://www.kramfors.se/se--gora/bidrag.html,200,https://www.kramfors.se/se--gora/bidrag.html,0,text/html;charset=UTF-8,,,
kramfors.yaml,kramfors-lokalkostnadsbidrag,Lokalkostnadsbidrag,https://www.kramfors.se/se--gora/bidrag.html,200,https://www.kramfors.se/se--gora/bidrag.html,0,text/html;charset=UTF-8,,,
kramfors.yaml,kramfors-ledarutbildningsbidrag,Ledarutbildningsbidrag,https://www.kramfors.se/se--gora/bidrag.html,200,https://www.kramfors.se/se--gora/bidrag.html,0,text/html;charset=UTF-8,,,
kramfors.yaml,kramfors-lokalt-aktivitetsbidrag,Lokalt aktivitetsbidrag,https://www.kramfors.se/se--gora/bidrag.html,200,https://www.kramfors.se/se--gora/bidrag.html,0,text/html;charset=UTF-8,,,
kramfors.yaml,kramfors-drift-och-underhallsbidrag-anlaggning,Drift- och underhållsbidrag anläggning,https://www.kramfors.se/se--gora/bidrag.html,200,https://www.kramfors.se/se--gora/bidrag.html,0,text/html;charset=UTF-8,,,
kramfors.yaml,kramfors-foreningsdriven-fritidsgard,Föreningsdriven fritidsgård,https://www.kramfors.se/se--gora/bidrag.html,200,https://www.kramfors.se/se--gora/bidrag.html,0,text/html;charset=UTF-8,,,
kramfors.yaml,kramfors-ungdomsarrangemang,Ungdomsarrangemang,https://www.kramfors.se/se--gora/bidrag.html,200,https://www.kramfors.se/se--gora/bidrag.html,0,text/html;charset=UTF-8,,,
kramfors.yaml,kramfors-ovrigt-stod-anlaggning-och-verksamhet,Övrigt stöd anläggning och verksamhet,https://www.kramfors.se/se--gora/bidrag.html,200,https://www.kramfors.se/se--gora/bidrag.html,0,text/html;charset=UTF-8,,,
kramfors.yaml,kramfors-grundbidrag-fiskeforeningar,Grundbidrag fiskeföreningar,https://www.kramfors.se/se--gora/bidrag.html,200,https://www.kramfors.se/se--gora/bidrag.html,0,text/html;charset=UTF-8,,,
kramfors.yaml,kramfors-fiskevardsbidrag,Fiskevårdsbidrag,https://www.kramfors.se/se--gora/bidrag.html,200,https://www.kramfors.se/se--gora/bidrag.html,0,text/html;charset=UTF-8,,,
kramfors.yaml,kramfors-kulturarrangemangsbidrag,Kulturarrangemangsbidrag,https://www.kramfors.se/se--gora/bidrag.html,200,https://www.kramfors.se/se--gora/bidrag.html,0,text/html;charset=UTF-8,,,
kramfors.yaml,kramfors-studieforbundsbidrag,Studieförbundsbidrag,https://www.kramfors.se/se--gora/bidrag.html,200,https://www.kramfors.se/se--gora/bidrag.html,0,text/html;charset=UTF-8,,,
kramfors.yaml,kramfors-pensionars-och-funktionsrattsbidrag,Pensionärs- och funktionsrättsbidrag,https://www.kramfors.se/se--gora/bidrag.html,200,https://www.kramfors.se/se--gora/bidrag.html,0,text/html;charset=UTF-8,,,
kristianstad.yaml,kristianstad-aktivitetsstod,"Aktivitetsstöd, kommunalt",https://www.kristianstad.se/upplevaochgora/bidrag/aktivitetsstodkommunalt.5405.html,200,https://www.kristianstad.se/upplevaochgora/bidrag/aktivitetsstodkommunalt.5405.html,0,text/html;charset=UTF-8,,,
kristianstad.yaml,kristianstad-verksamhetsbidrag-kultur,"Verksamhetsbidrag, kultur",https://www.kristianstad.se/upplevaochgora/bidrag/verksamhetsbidragkultur.5421.html,200,https://www.kristianstad.se/upplevaochgora/bidrag/verksamhetsbidragkultur.5421.html,0,text/html;charset=UTF-8,,,
kristianstad.yaml,kristianstad-projektbidrag-kultur,"Projektbidrag, kultur",https://www.kristianstad.se/upplevaochgora/bidrag/projektbidragkultur.5420.html,200,https://www.kristianstad.se/upplevaochgora/bidrag/projektbidragkultur.5420.html,0,text/html;charset=UTF-8,,,
kristianstad.yaml,kristianstad-driftbidrag,Driftbidrag,https://www.kristianstad.se/upplevaochgora/bidrag/driftbidrag.5410.html,200,https://www.kristianstad.se/upplevaochgora/bidrag/driftbidrag.5410.html,0,text/html;charset=UTF-8,,,
kristianstad.yaml,kristianstad-hyresbidrag,Hyresbidrag,https://www.kristianstad.se/upplevaochgora/bidrag/hyresbidrag.5416.html,200,https://www.kristianstad.se/upplevaochgora/bidrag/hyresbidrag.5416.html,0,text/html;charset=UTF-8,,,
kristianstad.yaml,kristianstad-investeringsbidrag,Investeringsbidrag,https://www.kristianstad.se/upplevaochgora/bidrag/investeringsbidrag.5418.html,200,https://www.kristianstad.se/upplevaochgora/bidrag/investeringsbidrag.5418.html,0,text/html;charset=UTF-8,,,
kristianstad.yaml,kristianstad-projektbidrag-fritid,"Projektbidrag, fritid",https://www.kristianstad.se/upplevaochgora/bidrag/projektbidragfritid.5419.html,200,https://www.kristianstad.se/upplevaochgora/bidrag/projektbidragfritid.5419.html,0,text/html;charset=UTF-8,,,
kristianstad.yaml,kristianstad-elitbidrag,Elitbidrag,https://www.kristianstad.se/upplevaochgora/bidrag/elitbidrag.5411.html,200,https://www.kristianstad.se/upplevaochgora/bidrag/elitbidrag.5411.html,0,text/html;charset=UTF-8,,,
kristianstad.yaml,kristianstad-energieffektiviseringsbidrag,Energieffektiviseringsbidrag,https://www.kristianstad.se/upplevaochgora/bidrag/energieffektiviseringsbidrag.5413.html,200,https://www.kristianstad.se/upplevaochgora/bidrag/energieffektiviseringsbidrag.5413.html,0,text/html;charset=UTF-8,,,
kristianstad.yaml,kristianstad-arrangorsstod-kultur,"Arrangörsstöd, kultur",https://www.kristianstad.se/upplevaochgora/bidrag/arrangorsstodkultur.5408.html,200,https://www.kristianstad.se/upplevaochgora/bidrag/arrangorsstodkultur.5408.html,0,text/html;charset=UTF-8,,,
kristianstad.yaml,kristianstad-studieforbund,Bidrag till studieförbund,https://www.kristianstad.se/upplevaochgora/bidrag/bidragtillstudieforbund.5409.html,200,https://www.kristianstad.se/upplevaochgora/bidrag/bidragtillstudieforbund.5409.html,0,text/html;charset=UTF-8,,,
kristianstad.yaml,kristianstad-marknadsforingsstod,Marknadsföringsstöd,https://www.kristianstad.se/upplevaochgora/bidrag/marknadsforingsstod.6944.html,200,https://www.kristianstad.se/upplevaochgora/bidrag/marknadsforingsstod.6944.html,0,text/html;charset=UTF-8,,,
kristianstad.yaml,kristianstad-landsbygdsfonden,Landsbygdsfonden,https://www.kristianstad.se/omsorgochhjalp/ekonomiochpengar/stiftelserochfonder/landsbygdsfonden.1392.html,200,https://www.kristianstad.se/omsorgochhjalp/ekonomiochpengar/stiftelserochfonder/landsbygdsfonden.1392.html,0,text/html;charset=UTF-8,,,
kristianstad.yaml,kristianstad-stiftelser-fonder,Stiftelser och fonder,https://www.kristianstad.se/omsorgochhjalp/ekonomiochpengar/stiftelserochfonder.1387.html,200,https://www.kristianstad.se/omsorgochhjalp/ekonomiochpengar/stiftelserochfonder.1387.html,0,text/html;charset=UTF-8,,,
kristianstad.yaml,kristianstad-vagbidrag,Kommunalt bidrag till enskild väg,https://www.kristianstad.se/trafikochresor/trafikochgator/gator.1051.html,200,https://www.kristianstad.se/trafikochresor/trafikochgator/gator.1051.html,0,text/html;charset=UTF-8,,,
kristianstad.yaml,kristianstad-foreningsbidrag-omsorgen-grundmedlem,"Grund- och medlemsbidrag, omsorgen",https://www.kristianstad.se/download/18.4cc941c918c431c7acea823/1702376920775/Bidragsbest%C3%A4mmelser%20inom%20omsorgsf%C3%B6rvaltningens%20verksamhetsomr%C3%A5de%20231212.pdf,200,https://www.kristianstad.se/download/18.4cc941c918c431c7acea823/1702376920775/Bidragsbest%C3%A4mmelser%20inom%20omsorgsf%C3%B6rvaltningens%20verksamhetsomr%C3%A5de%20231212.pdf,0,application/pdf,,,
kristianstad.yaml,kristianstad-foreningsbidrag-omsorgen-sarskilt,"Särskilt bidrag, omsorgen",https://www.kristianstad.se/download/18.4cc941c918c431c7acea823/1702376920775/Bidragsbest%C3%A4mmelser%20inom%20omsorgsf%C3%B6rvaltningens%20verksamhetsomr%C3%A5de%20231212.pdf,200,https://www.kristianstad.se/download/18.4cc941c918c431c7acea823/1702376920775/Bidragsbest%C3%A4mmelser%20inom%20omsorgsf%C3%B6rvaltningens%20verksamhetsomr%C3%A5de%20231212.pdf,0,application/pdf,,,
kristianstad.yaml,kristianstad-foreningsstod-social-inkludering,Föreningsstöd till insatser för social inkludering,https://www.kristianstad.se/upplevaochgora/bidrag/foreningsstodtillinsatserforsocialinkludering.5423.html,200,https://www.kristianstad.se/upplevaochgora/bidrag/foreningsstodtillinsatserforsocialinkludering.5423.html,0,text/html;charset=UTF-8,,,
kristinehamn.yaml,kristinehamn-anlaggningsstod,Anläggningsstöd,https://www.kristinehamn.se/kultur-och-fritid/foreningar-och-studieforbund/bidrag-for-ideella-foreningar/,200,https://www.kristinehamn.se/kultur-och-fritid/foreningar-och-studieforbund/bidrag-for-ideella-foreningar/,0,text/html; charset=utf-8,,,
kristinehamn.yaml,kristinehamn-arrangemang-idrott,Arrangemangsbidrag för idrottsföreningar,https://www.kristinehamn.se/kultur-och-fritid/foreningar-och-studieforbund/bidrag-for-ideella-foreningar/,200,https://www.kristinehamn.se/kultur-och-fritid/foreningar-och-studieforbund/bidrag-for-ideella-foreningar/,0,text/html; charset=utf-8,,,
kristinehamn.yaml,kristinehamn-lokalt-aktivitetsstod,Lokalt aktivitetsstöd,https://www.kristinehamn.se/kultur-och-fritid/foreningar-och-studieforbund/bidrag-for-ideella-foreningar/,200,https://www.kristinehamn.se/kultur-och-fritid/foreningar-och-studieforbund/bidrag-for-ideella-foreningar/,0,text/html; charset=utf-8,,,
kristinehamn.yaml,kristinehamn-verksamhetsbidrag-ungdom,Verksamhetsbidrag för barn- och ungdomsverksamhet,https://www.kristinehamn.se/kultur-och-fritid/foreningar-och-studieforbund/bidrag-for-ideella-foreningar/,200,https://www.kristinehamn.se/kultur-och-fritid/foreningar-och-studieforbund/bidrag-for-ideella-foreningar/,0,text/html; charset=utf-8,,,
kristinehamn.yaml,kristinehamn-utbildningsbidrag,Utbildningsbidrag,https://www.kristinehamn.se/kultur-och-fritid/foreningar-och-studieforbund/bidrag-for-ideella-foreningar/,200,https://www.kristinehamn.se/kultur-och-fritid/foreningar-och-studieforbund/bidrag-for-ideella-foreningar/,0,text/html; charset=utf-8,,,
kristinehamn.yaml,kristinehamn-verksamhetsbidrag-kultur,Verksamhetsbidrag för kulturföreningar,https://www.kristinehamn.se/kultur-och-fritid/foreningar-och-studieforbund/bidrag-for-ideella-foreningar/,200,https://www.kristinehamn.se/kultur-och-fritid/foreningar-och-studieforbund/bidrag-for-ideella-foreningar/,0,text/html; charset=utf-8,,,
kristinehamn.yaml,kristinehamn-driftbidrag-kultur,Driftbidrag för kultur- och samlingslokaler,https://www.kristinehamn.se/kultur-och-fritid/foreningar-och-studieforbund/bidrag-for-ideella-foreningar/,200,https://www.kristinehamn.se/kultur-och-fritid/foreningar-och-studieforbund/bidrag-for-ideella-foreningar/,0,text/html; charset=utf-8,,,
kristinehamn.yaml,kristinehamn-arrangemang-kultur,Arrangemangsstöd för kulturföreningar,https://www.kristinehamn.se/kultur-och-fritid/foreningar-och-studieforbund/bidrag-for-ideella-foreningar/,200,https://www.kristinehamn.se/kultur-och-fritid/foreningar-och-studieforbund/bidrag-for-ideella-foreningar/,0,text/html; charset=utf-8,,,
kristinehamn.yaml,kristinehamn-startbidrag-allmant,Startbidrag för nystartade föreningar,https://www.kristinehamn.se/kultur-och-fritid/foreningar-och-studieforbund/bidrag-for-ideella-foreningar/,200,https://www.kristinehamn.se/kultur-och-fritid/foreningar-och-studieforbund/bidrag-for-ideella-foreningar/,0,text/html; charset=utf-8,,,
kristinehamn.yaml,kristinehamn-anlaggningsbidrag-pensionar,Anläggningsbidrag för pensionärsföreningar,https://www.kristinehamn.se/kultur-och-fritid/foreningar-och-studieforbund/bidrag-for-ideella-foreningar/,200,https://www.kristinehamn.se/kultur-och-fritid/foreningar-och-studieforbund/bidrag-for-ideella-foreningar/,0,text/html; charset=utf-8,,,
kristinehamn.yaml,kristinehamn-medlemsbidrag-pensionar,Medlemsbidrag för pensionärsföreningar,https://www.kristinehamn.se/kultur-och-fritid/foreningar-och-studieforbund/bidrag-for-ideella-foreningar/,200,https://www.kristinehamn.se/kultur-och-fritid/foreningar-och-studieforbund/bidrag-for-ideella-foreningar/,0,text/html; charset=utf-8,,,
kristinehamn.yaml,kristinehamn-projektbidrag-pensionar,Projektbidrag för pensionärsföreningar,https://www.kristinehamn.se/kultur-och-fritid/foreningar-och-studieforbund/bidrag-for-ideella-foreningar/,200,https://www.kristinehamn.se/kultur-och-fritid/foreningar-och-studieforbund/bidrag-for-ideella-foreningar/,0,text/html; charset=utf-8,,,
kristinehamn.yaml,kristinehamn-startbidrag-pensionar,Startbidrag för pensionärsföreningar,https://www.kristinehamn.se/kultur-och-fritid/foreningar-och-studieforbund/bidrag-for-ideella-foreningar/,200,https://www.kristinehamn.se/kultur-och-fritid/foreningar-och-studieforbund/bidrag-for-ideella-foreningar/,0,text/html; charset=utf-8,,,
kristinehamn.yaml,kristinehamn-verksamhetsbidrag-social,Verksamhetsbidrag för sociala föreningar,https://www.kristinehamn.se/kultur-och-fritid/foreningar-och-studieforbund/bidrag-for-ideella-foreningar/,200,https://www.kristinehamn.se/kultur-och-fritid/foreningar-och-studieforbund/bidrag-for-ideella-foreningar/,0,text/html; charset=utf-8,,,
kristinehamn.yaml,kristinehamn-anlaggningsbidrag-social,Anläggningsbidrag för sociala föreningar,https://www.kristinehamn.se/kultur-och-fritid/foreningar-och-studieforbund/bidrag-for-ideella-foreningar/,200,https://www.kristinehamn.se/kultur-och-fritid/foreningar-och-studieforbund/bidrag-for-ideella-foreningar/,0,text/html; charset=utf-8,,,
kristinehamn.yaml,kristinehamn-startbidrag-social,Startbidrag för sociala föreningar,https://www.kristinehamn.se/kultur-och-fritid/foreningar-och-studieforbund/bidrag-for-ideella-foreningar/,200,https://www.kristinehamn.se/kultur-och-fritid/foreningar-och-studieforbund/bidrag-for-ideella-foreningar/,0,text/html; charset=utf-8,,,
kristinehamn.yaml,kristinehamn-bidrag-studieforbund,Bidrag till studieförbund,https://www.kristinehamn.se/kultur-och-fritid/foreningar-och-studieforbund/bidrag-for-ideella-foreningar/,200,https://www.kristinehamn.se/kultur-och-fritid/foreningar-och-studieforbund/bidrag-for-ideella-foreningar/,0,text/html; charset=utf-8,,,
kristinehamn.yaml,kristinehamn-bidrag-ovriga,Bidrag för övriga föreningar,https://www.kristinehamn.se/kultur-och-fritid/foreningar-och-studieforbund/bidrag-for-ideella-foreningar/,200,https://www.kristinehamn.se/kultur-och-fritid/foreningar-och-studieforbund/bidrag-for-ideella-foreningar/,0,text/html; charset=utf-8,,,
krokom.yaml,krokom-aktivitetsbidrag,Aktivitetsbidrag,https://krokom.se/kultur-och-fritid/idrott-och-motion/stod-och-bidrag/stod-och-bidrag-till-foreningar.html,200,https://krokom.se/kultur-och-fritid/idrott-och-motion/stod-och-bidrag/stod-och-bidrag-till-foreningar.html,0,text/html;charset=UTF-8,,,
krokom.yaml,krokom-anlaggningsbidrag-sommaranlaggningar,Anläggningsbidrag sommaranläggningar,https://krokom.se/kultur-och-fritid/idrott-och-motion/stod-och-bidrag/stod-och-bidrag-till-foreningar.html,200,https://krokom.se/kultur-och-fritid/idrott-och-motion/stod-och-bidrag/stod-och-bidrag-till-foreningar.html,0,text/html;charset=UTF-8,,,
krokom.yaml,krokom-anlaggningsbidrag-vinteranlaggningar,Anläggningsbidrag vinteranläggningar,https://krokom.se/kultur-och-fritid/idrott-och-motion/stod-och-bidrag/stod-och-bidrag-till-foreningar.html,200,https://krokom.se/kultur-och-fritid/idrott-och-motion/stod-och-bidrag/stod-och-bidrag-till-foreningar.html,0,text/html;charset=UTF-8,,,
krokom.yaml,krokom-skoterledsbidrag,Skoterledsbidrag,https://krokom.se/kultur-och-fritid/idrott-och-motion/stod-och-bidrag/stod-och-bidrag-till-foreningar.html,200,https://krokom.se/kultur-och-fritid/idrott-och-motion/stod-och-bidrag/stod-och-bidrag-till-foreningar.html,0,text/html;charset=UTF-8,,,
krokom.yaml,krokom-lokalbidrag,Lokalbidrag,https://krokom.se/kultur-och-fritid/idrott-och-motion/stod-och-bidrag/stod-och-bidrag-till-foreningar.html,200,https://krokom.se/kultur-och-fritid/idrott-och-motion/stod-och-bidrag/stod-och-bidrag-till-foreningar.html,0,text/html;charset=UTF-8,,,
krokom.yaml,krokom-ledarutbildningsbidrag,Ledarutbildningsbidrag,https://krokom.se/kultur-och-fritid/idrott-och-motion/stod-och-bidrag/stod-och-bidrag-till-foreningar.html,200,https://krokom.se/kultur-och-fritid/idrott-och-motion/stod-och-bidrag/stod-och-bidrag-till-foreningar.html,0,text/html;charset=UTF-8,,,
krokom.yaml,krokom-lonebidrag-till-foreningar,Lönebidrag till föreningar,https://krokom.se/kultur-och-fritid/idrott-och-motion/stod-och-bidrag/stod-och-bidrag-till-foreningar.html,200,https://krokom.se/kultur-och-fritid/idrott-och-motion/stod-och-bidrag/stod-och-bidrag-till-foreningar.html,0,text/html;charset=UTF-8,,,
krokom.yaml,krokom-kulturbidrag,Kulturbidrag,https://krokom.se/kultur-och-fritid/kultur/stod-och-bidrag.html,200,https://krokom.se/kultur-och-fritid/kultur/stod-och-bidrag.html,0,text/html;charset=UTF-8,,,
kumla.yaml,kumla-startbidrag,Startbidrag,https://www.kumla.se/uppleva-och-gora/foreningar/bidrag.html,200,https://www.kumla.se/uppleva-och-gora/foreningar/bidrag.html,0,text/html;charset=UTF-8,,,
kumla.yaml,kumla-grundbidrag,Grundbidrag,https://www.kumla.se/uppleva-och-gora/foreningar/bidrag.html,200,https://www.kumla.se/uppleva-och-gora/foreningar/bidrag.html,0,text/html;charset=UTF-8,,,
kumla.yaml,kumla-lokal-och-anlaggningsbidrag,Lokal- och anläggningsbidrag,https://www.kumla.se/uppleva-och-gora/foreningar/bidrag.html,200,https://www.kumla.se/uppleva-och-gora/foreningar/bidrag.html,0,text/html;charset=UTF-8,,,
kumla.yaml,kumla-projektbidrag,Projektbidrag,https://www.kumla.se/uppleva-och-gora/foreningar/bidrag.html,200,https://www.kumla.se/uppleva-och-gora/foreningar/bidrag.html,0,text/html;charset=UTF-8,,,
kumla.yaml,kumla-bidrag-till-ridskoleverksamhet,Bidrag till ridskoleverksamhet,https://www.kumla.se/uppleva-och-gora/foreningar/bidrag.html,200,https://www.kumla.se/uppleva-och-gora/foreningar/bidrag.html,0,text/html;charset=UTF-8,,,
kumla.yaml,kumla-bidrag-for-sociala-aktiviteter,Bidrag för sociala aktiviteter,https://www.kumla.se/uppleva-och-gora/foreningar/bidrag.html,200,https://www.kumla.se/uppleva-och-gora/foreningar/bidrag.html,0,text/html;charset=UTF-8,,,
kumla.yaml,kumla-sydnarkebidrag,Sydnärkebidrag,https://www.kumla.se/uppleva-och-gora/foreningar/bidrag.html,200,https://www.kumla.se/uppleva-och-gora/foreningar/bidrag.html,0,text/html;charset=UTF-8,,,
kungalv.yaml,kungalv-lok-stod,Kommunalt lokalt aktivitetsstöd (LOK-stöd),https://www.kungalv.se/siteassets/dokument/kommun-och-politik/styrdokument/kultur-fritid-foreningar/riktlinje-for-forenings--och-studieforbundsstod.pdf,200,https://www.kungalv.se/siteassets/dokument/kommun-och-politik/styrdokument/kultur-fritid-foreningar/riktlinje-for-forenings--och-studieforbundsstod.pdf,0,application/pdf,,,
kungalv.yaml,kungalv-driftstod-idrott,Driftstöd för idrotts- och friluftslivsverksamhet,https://sjalvservice.kungalv.se/oversikt/overview/350,200,https://sjalvservice.kungalv.se/oversikt/overview/350,0,text/html;charset=ISO-8859-1,,,
kungalv.yaml,kungalv-investeringsstod-idrott,Investeringsstöd för idrotts- och friluftslivsverksamhet,https://sjalvservice.kungalv.se/oversikt/overview/352,200,https://sjalvservice.kungalv.se/oversikt/overview/352,0,text/html;charset=ISO-8859-1,,,
kungalv.yaml,kungalv-funktionshinder-diagnos,Stöd till funktionshinder- och diagnosföreningar,https://sjalvservice.kungalv.se/oversikt/overview/527,200,https://sjalvservice.kungalv.se/oversikt/overview/527,0,text/html;charset=ISO-8859-1,,,
kungalv.yaml,kungalv-pensionarsforeningar,Stöd till pensionärsföreningar,https://sjalvservice.kungalv.se/oversikt/overview/526,200,https://sjalvservice.kungalv.se/oversikt/overview/526,0,text/html;charset=ISO-8859-1,,,
kungalv.yaml,kungalv-socialt-stodjande,Stöd till socialt stödjande föreningar,https://sjalvservice.kungalv.se/oversikt/overview/528,200,https://sjalvservice.kungalv.se/oversikt/overview/528,0,text/html;charset=ISO-8859-1,,,
kungalv.yaml,kungalv-kultur-fritidsframjande,Stöd till kultur- och fritidsfrämjande verksamhet,https://sjalvservice.kungalv.se/oversikt/overview/355,200,https://sjalvservice.kungalv.se/oversikt/overview/355,0,text/html;charset=ISO-8859-1,,,
kungalv.yaml,kungalv-bygdegardar-hembygd,Stöd till bygdegårdar och hembygdsföreningar,https://sjalvservice.kungalv.se/oversikt/overview/354,200,https://sjalvservice.kungalv.se/oversikt/overview/354,0,text/html;charset=ISO-8859-1,,,
kungalv.yaml,kungalv-projekt-arrangemang-kultur,Projekt- och arrangemangsstöd för kulturverksamhet,https://sjalvservice.kungalv.se/oversikt/overview/353,200,https://sjalvservice.kungalv.se/oversikt/overview/353,0,text/html;charset=ISO-8859-1,,,
kungalv.yaml,kungalv-studieforbund,Kommunbidrag till studieförbund,https://sjalvservice.kungalv.se/oversikt/overview/698,200,https://sjalvservice.kungalv.se/oversikt/overview/698,0,text/html;charset=ISO-8859-1,,,
kungalv.yaml,kungalv-verksamhetsstod-kultur,Kulturbidrag i form av verksamhetsstöd till professionella kulturaktörer,https://www.kungalv.se/kultur--fritid/kulturbidrag/,200,https://www.kungalv.se/kultur--fritid/kulturbidrag/,0,text/html; charset=utf-8,,,
kungalv.yaml,kungalv-aktivitetsgruppen,Stöd till föreningar i Aktivitetsgruppen,https://sjalvservice.kungalv.se/oversikt/overview/954,200,https://sjalvservice.kungalv.se/oversikt/overview/954,0,text/html;charset=ISO-8859-1,,,
kungsbacka.yaml,kungsbacka-stod-badforeningar,Stöd till badföreningar,https://kungsbacka.se/uppleva-och-gora/foreningar/stod-for-foreningar/stod-till-badforeningar,200,https://kungsbacka.se/uppleva-och-gora/foreningar/stod-for-foreningar/stod-till-badforeningar,0,text/html;charset=UTF-8,,,
kungsbacka.yaml,kungsbacka-lok,Lokalt aktivitetsstöd (LOK),https://kungsbacka.se/uppleva-och-gora/foreningar/stod-for-foreningar/lokalt-aktivitetsstod-lok,200,https://kungsbacka.se/uppleva-och-gora/foreningar/stod-for-foreningar/lokalt-aktivitetsstod-lok,0,text/html;charset=UTF-8,,,
kungsbacka.yaml,kungsbacka-utvecklingsstod,Utvecklingsstöd,https://kungsbacka.se/uppleva-och-gora/foreningar/stod-for-foreningar/utvecklingsstod,200,https://kungsbacka.se/uppleva-och-gora/foreningar/stod-for-foreningar/utvecklingsstod,0,text/html;charset=UTF-8,,,
kungsbacka.yaml,kungsbacka-stod-arrangemang-kultur,"Stöd till arrangemang för kulturföreningar, grupper och personer",https://kungsbacka.se/uppleva-och-gora/foreningar/stod-for-foreningar/stod-till-arrangemang-for-kulturforeningar-grupper-och-personer,200,https://kungsbacka.se/uppleva-och-gora/foreningar/stod-for-foreningar/stod-till-arrangemang-for-kulturforeningar-grupper-och-personer,0,text/html;charset=UTF-8,,,
kungsbacka.yaml,kungsbacka-arligt-kulturprojektstod,Årligt kulturprojektstöd för kulturföreningar,https://kungsbacka.se/uppleva-och-gora/foreningar/stod-for-foreningar/arligt-kulturprojektstod-for-kulturforeningar,200,https://kungsbacka.se/uppleva-och-gora/foreningar/stod-for-foreningar/arligt-kulturprojektstod-for-kulturforeningar,0,text/html;charset=UTF-8,,,
kungsbacka.yaml,kungsbacka-stod-studieforbund,Stöd till studieförbund,https://kungsbacka.se/uppleva-och-gora/foreningar/stod-for-foreningar/stod-till-studieforbund,200,https://kungsbacka.se/uppleva-och-gora/foreningar/stod-for-foreningar/stod-till-studieforbund,0,text/html;charset=UTF-8,,,
kungsbacka.yaml,kungsbacka-ung-projektstod,Stöd till kultur- och fritidsaktiviteter för unga,https://kungsbacka.se/uppleva-och-gora/foreningar/stod-for-foreningar/stod-till-kultur--och-fritidsaktiviteter-for-unga,200,https://kungsbacka.se/uppleva-och-gora/foreningar/stod-for-foreningar/stod-till-kultur--och-fritidsaktiviteter-for-unga,0,text/html;charset=UTF-8,,,
kungsbacka.yaml,kungsbacka-verksamhetsbidrag-socialt-arbete,Verksamhetsbidrag till föreningar som bedriver socialt arbete,https://kungsbacka.se/uppleva-och-gora/foreningar/stod-for-foreningar/verksamhetsbidrag-till-foreningar-som-bedriver-socialt-arbete,200,https://kungsbacka.se/uppleva-och-gora/foreningar/stod-for-foreningar/verksamhetsbidrag-till-foreningar-som-bedriver-socialt-arbete,0,text/html;charset=UTF-8,,,
kungsbacka.yaml,kungsbacka-driftbidrag-samlingslokaler,Driftbidrag till samlingslokaler,"https://kungsbacka.se/download/18.4028632d1864b8f9bc313428/1676898790110/Anl%C3%A4ggningsst%C3%B6d%20till%20samlingslokaler,%20hembygdsg%C3%A5rdar%20och%20liknande.pdf",200,"https://kungsbacka.se/download/18.4028632d1864b8f9bc313428/1676898790110/Anl%C3%A4ggningsst%C3%B6d%20till%20samlingslokaler,%20hembygdsg%C3%A5rdar%20och%20liknande.pdf",0,application/pdf,,,
kungsbacka.yaml,kungsbacka-anlaggningsstod-samlingslokaler,"Anläggningsstöd till samlingslokaler (underhåll, investering och engångsbidrag)","https://kungsbacka.se/download/18.4028632d1864b8f9bc313428/1676898790110/Anl%C3%A4ggningsst%C3%B6d%20till%20samlingslokaler,%20hembygdsg%C3%A5rdar%20och%20liknande.pdf",200,"https://kungsbacka.se/download/18.4028632d1864b8f9bc313428/1676898790110/Anl%C3%A4ggningsst%C3%B6d%20till%20samlingslokaler,%20hembygdsg%C3%A5rdar%20och%20liknande.pdf",0,application/pdf,,,
kungsbacka.yaml,kungsbacka-stod-hembygdsgardar,Stöd till hembygdsgårdar och liknande byggnader,"https://kungsbacka.se/download/18.4028632d1864b8f9bc313428/1676898790110/Anl%C3%A4ggningsst%C3%B6d%20till%20samlingslokaler,%20hembygdsg%C3%A5rdar%20och%20liknande.pdf",200,"https://kungsbacka.se/download/18.4028632d1864b8f9bc313428/1676898790110/Anl%C3%A4ggningsst%C3%B6d%20till%20samlingslokaler,%20hembygdsg%C3%A5rdar%20och%20liknande.pdf",0,application/pdf,,,
kungsbacka.yaml,kungsbacka-vagbidrag,Vägbidrag,https://kungsbacka.se/trafik-resor-och-utemiljo/trafik-och-gator/gator/vem-ansvarar-for-vagen/enskild-vaghallare/vagbidrag,200,https://kungsbacka.se/trafik-resor-och-utemiljo/trafik-och-gator/gator/vem-ansvarar-for-vagen/enskild-vaghallare/vagbidrag,0,text/html;charset=UTF-8,,,
kungsbacka.yaml,kungsbacka-sarskilt-vagbidrag,Särskilt vägbidrag,https://kungsbacka.se/trafik-resor-och-utemiljo/trafik-och-gator/gator/vem-ansvarar-for-vagen/enskild-vaghallare/sarskilt-vagbidrag,200,https://kungsbacka.se/trafik-resor-och-utemiljo/trafik-och-gator/gator/vem-ansvarar-for-vagen/enskild-vaghallare/sarskilt-vagbidrag,0,text/html;charset=UTF-8,,,
kungsbacka.yaml,kungsbacka-lekplatsbidrag,Lekplatsbidrag,https://kungsbacka.se/trafik-resor-och-utemiljo/torg-och-allmanna-platser/bidrag-for-lekplatser,200,https://kungsbacka.se/trafik-resor-och-utemiljo/torg-och-allmanna-platser/bidrag-for-lekplatser,0,text/html;charset=UTF-8,,,
kungsbacka.yaml,kungsbacka-foreningsuppdrag,Föreningsuppdrag,https://kungsbacka.se/uppleva-och-gora/foreningar/stod-for-foreningar/foreningsuppdrag,200,https://kungsbacka.se/uppleva-och-gora/foreningar/stod-for-foreningar/foreningsuppdrag,0,text/html;charset=UTF-8,,,
kungsor.yaml,kungsor-verksamhetsbidrag,Verksamhetsbidrag,https://kungsor.se/uppleva-och-gora/foreningsliv/foreningsstod-och-bidrag.html,200,https://kungsor.se/uppleva-och-gora/foreningsliv/foreningsstod-och-bidrag.html,0,text/html;charset=UTF-8,,,
kungsor.yaml,kungsor-aktivitetsbidrag,Aktivitetsbidrag,https://kungsor.se/uppleva-och-gora/foreningsliv/foreningsstod-och-bidrag.html,200,https://kungsor.se/uppleva-och-gora/foreningsliv/foreningsstod-och-bidrag.html,0,text/html;charset=UTF-8,,,
kungsor.yaml,kungsor-ledarutbildningsbidrag,Ledarutbildningsbidrag,https://kungsor.se/uppleva-och-gora/foreningsliv/foreningsstod-och-bidrag.html,200,https://kungsor.se/uppleva-och-gora/foreningsliv/foreningsstod-och-bidrag.html,0,text/html;charset=UTF-8,,,
kungsor.yaml,kungsor-lovverksamhetsbidrag,Lovverksamhetsbidrag,https://kungsor.se/uppleva-och-gora/foreningsliv/foreningsstod-och-bidrag.html,200,https://kungsor.se/uppleva-och-gora/foreningsliv/foreningsstod-och-bidrag.html,0,text/html;charset=UTF-8,,,
kungsor.yaml,kungsor-arrangemangsbidrag,Arrangemangsbidrag,https://kungsor.se/uppleva-och-gora/foreningsliv/foreningsstod-och-bidrag.html,200,https://kungsor.se/uppleva-och-gora/foreningsliv/foreningsstod-och-bidrag.html,0,text/html;charset=UTF-8,,,
kungsor.yaml,kungsor-anlaggningsbidrag,Anläggningsbidrag,https://kungsor.se/uppleva-och-gora/foreningsliv/foreningsstod-och-bidrag.html,200,https://kungsor.se/uppleva-och-gora/foreningsliv/foreningsstod-och-bidrag.html,0,text/html;charset=UTF-8,,,
kungsor.yaml,kungsor-nybildningsbidrag,Nybildningsbidrag,https://kungsor.se/uppleva-och-gora/foreningsliv/foreningsstod-och-bidrag.html,200,https://kungsor.se/uppleva-och-gora/foreningsliv/foreningsstod-och-bidrag.html,0,text/html;charset=UTF-8,,,
laholm.yaml,laholm-lokalt-aktivitetsbidrag,Kommunalt lokalt aktivitetsbidrag,https://www.laholm.se/download/18.4325347919d9a4b4c3b83edb/1777459680138/LFS%207.8%20%282%29.pdf,200,https://www.laholm.se/download/18.4325347919d9a4b4c3b83edb/1777459680138/LFS%207.8%20%282%29.pdf,0,application/pdf,,,
laholm.yaml,laholm-lokal-driftbidrag,Lokal- och driftbidrag,https://www.laholm.se/download/18.4325347919d9a4b4c3b83edb/1777459680138/LFS%207.8%20%282%29.pdf,200,https://www.laholm.se/download/18.4325347919d9a4b4c3b83edb/1777459680138/LFS%207.8%20%282%29.pdf,0,application/pdf,,,
laholm.yaml,laholm-samlingslokaler,Bidrag till samlingslokaler,https://www.laholm.se/download/18.4325347919d9a4b4c3b83edb/1777459680138/LFS%207.8%20%282%29.pdf,200,https://www.laholm.se/download/18.4325347919d9a4b4c3b83edb/1777459680138/LFS%207.8%20%282%29.pdf,0,application/pdf,,,
laholm.yaml,laholm-utvecklings-investeringsbidrag,Utvecklings- och investeringsbidrag,https://www.laholm.se/download/18.4325347919d9a4b4c3b83edb/1777459680138/LFS%207.8%20%282%29.pdf,200,https://www.laholm.se/download/18.4325347919d9a4b4c3b83edb/1777459680138/LFS%207.8%20%282%29.pdf,0,application/pdf,,,
laholm.yaml,laholm-arrangemangsbidrag,Arrangemangsbidrag,https://www.laholm.se/download/18.4325347919d9a4b4c3b83edb/1777459680138/LFS%207.8%20%282%29.pdf,200,https://www.laholm.se/download/18.4325347919d9a4b4c3b83edb/1777459680138/LFS%207.8%20%282%29.pdf,0,application/pdf,,,
laholm.yaml,laholm-langsiktigt-arrangorsstod,Långsiktigt arrangörsstöd,https://www.laholm.se/download/18.4325347919d9a4b4c3b83edb/1777459680138/LFS%207.8%20%282%29.pdf,200,https://www.laholm.se/download/18.4325347919d9a4b4c3b83edb/1777459680138/LFS%207.8%20%282%29.pdf,0,application/pdf,,,
laholm.yaml,laholm-idepengar-unga,Idépengar för unga,https://www.laholm.se/download/18.4325347919d9a4b4c3b83edb/1777459680138/LFS%207.8%20%282%29.pdf,200,https://www.laholm.se/download/18.4325347919d9a4b4c3b83edb/1777459680138/LFS%207.8%20%282%29.pdf,0,application/pdf,,,
laholm.yaml,laholm-stod-byalag,Stöd till byalag,https://www.laholm.se/download/18.4325347919d9a4b4c3b83edb/1777459680138/LFS%207.8%20%282%29.pdf,200,https://www.laholm.se/download/18.4325347919d9a4b4c3b83edb/1777459680138/LFS%207.8%20%282%29.pdf,0,application/pdf,,,
laholm.yaml,laholm-tatortsbudget,Tätortsbudget,https://www.laholm.se/download/18.4325347919d9a4b4c3b83edb/1777459680138/LFS%207.8%20%282%29.pdf,200,https://www.laholm.se/download/18.4325347919d9a4b4c3b83edb/1777459680138/LFS%207.8%20%282%29.pdf,0,application/pdf,,,
landskrona.yaml,landskrona-verksamhetsstod-kultur,Verksamhetsstöd till kulturföreningar,https://www.landskrona.se/uppleva-och-gora/kultur/bidrag-stod-och-stipendier/verksamhetsstod-till-kulturforeningar/,200,https://www.landskrona.se/uppleva-och-gora/kultur/bidrag-stod-och-stipendier/verksamhetsstod-till-kulturforeningar/,0,text/html; charset=utf-8,,,
landskrona.yaml,landskrona-kulturprojektstod,Kulturprojektstöd,https://www.landskrona.se/uppleva-och-gora/kultur/bidrag-stod-och-stipendier/kulturprojektstod/,200,https://www.landskrona.se/uppleva-och-gora/kultur/bidrag-stod-och-stipendier/kulturprojektstod/,0,text/html; charset=utf-8,,,
landskrona.yaml,landskrona-kulturstipendium,Kulturstipendium,https://www.landskrona.se/uppleva-och-gora/kultur/bidrag-stod-och-stipendier/kulturstipendium/,200,https://www.landskrona.se/uppleva-och-gora/kultur/bidrag-stod-och-stipendier/kulturstipendium/,0,text/html; charset=utf-8,,,
landskrona.yaml,landskrona-nell-walden-stipendiet,Nell Walden-stipendiet,https://www.landskrona.se/uppleva-och-gora/kultur/bidrag-stod-och-stipendier/nell-walden-stipendiet/,200,https://www.landskrona.se/uppleva-och-gora/kultur/bidrag-stod-och-stipendier/nell-walden-stipendiet/,0,text/html; charset=utf-8,,,
landskrona.yaml,landskrona-unga-ideer,Unga idéer,https://www.landskrona.se/uppleva-och-gora/kultur/bidrag-stod-och-stipendier/unga-ideer/,200,https://www.landskrona.se/uppleva-och-gora/kultur/bidrag-stod-och-stipendier/unga-ideer/,0,text/html; charset=utf-8,,,
landskrona.yaml,landskrona-studieforbund-verksamhetsbidrag,Verksamhetsbidrag för studieförbund,https://www.landskrona.se/uppleva-och-gora/kultur/bidrag-stod-och-stipendier/verksamhetsbidrag-for-studieforbund/,200,https://www.landskrona.se/uppleva-och-gora/kultur/bidrag-stod-och-stipendier/verksamhetsbidrag-for-studieforbund/,0,text/html; charset=utf-8,,,
landskrona.yaml,landskrona-verksamhetsstod-individfamilj,Verksamhetsstöd (individ- och familjenämnden),https://cms.landskrona.se/wp-content/uploads/2024/12/sarskilda-regler-for-foreningsbidrag-som-delas-ut-av-individ-och-familjenamnden.pdf,200,https://cms.landskrona.se/wp-content/uploads/2024/12/sarskilda-regler-for-foreningsbidrag-som-delas-ut-av-individ-och-familjenamnden.pdf,0,application/pdf,,,
landskrona.yaml,landskrona-verksamhetsstod-omsorg,Verksamhetsstöd (omsorgsnämnden),https://cms.landskrona.se/wp-content/uploads/2024/12/sarskilda-regler-for-foreningsbidrag-som-delas-ut-av-omsorgsnamnden.pdf,200,https://cms.landskrona.se/wp-content/uploads/2024/12/sarskilda-regler-for-foreningsbidrag-som-delas-ut-av-omsorgsnamnden.pdf,0,application/pdf,,,
landskrona.yaml,landskrona-projektstod-individfamilj-omsorg,Projektstöd (individ- och familjenämnden samt omsorgsnämnden),https://cms.landskrona.se/wp-content/uploads/2024/12/sarskilda-regler-for-foreningsbidrag-som-delas-ut-av-individ-och-familjenamnden.pdf,200,https://cms.landskrona.se/wp-content/uploads/2024/12/sarskilda-regler-for-foreningsbidrag-som-delas-ut-av-individ-och-familjenamnden.pdf,0,application/pdf,,,
landskrona.yaml,landskrona-projektstod-start-ny-forening,Projektstöd — Start av ny förening,https://www.landskrona.se/uppleva-och-gora/foreningar-foreningsliv/bidrag-och-stod/,200,https://www.landskrona.se/uppleva-och-gora/foreningar-foreningsliv/bidrag-och-stod/,0,text/html; charset=utf-8,,,
landskrona.yaml,landskrona-utbildningsstod,Utbildningsstöd,https://www.landskrona.se/uppleva-och-gora/foreningar-foreningsliv/bidrag-och-stod/,200,https://www.landskrona.se/uppleva-och-gora/foreningar-foreningsliv/bidrag-och-stod/,0,text/html; charset=utf-8,,,
landskrona.yaml,landskrona-nolltaxa,Nolltaxa,https://www.landskrona.se/uppleva-och-gora/foreningar-foreningsliv/bidrag-och-stod/,200,https://www.landskrona.se/uppleva-och-gora/foreningar-foreningsliv/bidrag-och-stod/,0,text/html; charset=utf-8,,,
landskrona.yaml,landskrona-aktivitetsstod-7-25,Kommunalt aktivitetsstöd 7–25 år,https://cms.landskrona.se/wp-content/uploads/2024/12/sarskilda-regler-for-foreningsbidrag-som-delas-ut-av-teknik-och-fritidsnamnden.pdf,200,https://cms.landskrona.se/wp-content/uploads/2024/12/sarskilda-regler-for-foreningsbidrag-som-delas-ut-av-teknik-och-fritidsnamnden.pdf,0,application/pdf,,,
landskrona.yaml,landskrona-aktivitetsstod-70plus,Kommunalt aktivitetsstöd för äldre (70+),https://cms.landskrona.se/wp-content/uploads/2024/12/sarskilda-regler-for-foreningsbidrag-som-delas-ut-av-teknik-och-fritidsnamnden.pdf,200,https://cms.landskrona.se/wp-content/uploads/2024/12/sarskilda-regler-for-foreningsbidrag-som-delas-ut-av-teknik-och-fritidsnamnden.pdf,0,application/pdf,,,
landskrona.yaml,landskrona-lokal-anlaggningsstod,Lokal- och anläggningsstöd,https://cms.landskrona.se/wp-content/uploads/2024/12/sarskilda-regler-for-foreningsbidrag-som-delas-ut-av-teknik-och-fritidsnamnden.pdf,200,https://cms.landskrona.se/wp-content/uploads/2024/12/sarskilda-regler-for-foreningsbidrag-som-delas-ut-av-teknik-och-fritidsnamnden.pdf,0,application/pdf,,,
landskrona.yaml,landskrona-stod-till-arrangemang,Stöd till arrangemang (Arrangemangsstöd),https://etjanster.landskrona.se/oversikt/overview/555,200,https://etjanster.landskrona.se/oversikt/overview/555,0,text/html;charset=ISO-8859-1,,,
landskrona.yaml,landskrona-marknadsforingsstod,Marknadsföringsstöd,https://etjanster.landskrona.se/oversikt/overview/96,200,https://etjanster.landskrona.se/oversikt/overview/96,0,text/html;charset=ISO-8859-1,,,
laxa.yaml,laxa-aktivitetsbidrag,Aktivitetsbidrag,https://www.laxa.se/Kultur-och-fritid/Bidragsregler-for-foreningar-i-Laxa-kommun.html,200,https://www.laxa.se/Kultur-och-fritid/Bidragsregler-for-foreningar-i-Laxa-kommun.html,0,text/html;charset=UTF-8,,,
laxa.yaml,laxa-medlemsbidrag,Medlemsbidrag,https://www.laxa.se/Kultur-och-fritid/Bidragsregler-for-foreningar-i-Laxa-kommun.html,200,https://www.laxa.se/Kultur-och-fritid/Bidragsregler-for-foreningar-i-Laxa-kommun.html,0,text/html;charset=UTF-8,,,
laxa.yaml,laxa-kurs-och-lagerbidrag,Kurs- och lägerbidrag,https://www.laxa.se/Kultur-och-fritid/Bidragsregler-for-foreningar-i-Laxa-kommun.html,200,https://www.laxa.se/Kultur-och-fritid/Bidragsregler-for-foreningar-i-Laxa-kommun.html,0,text/html;charset=UTF-8,,,
laxa.yaml,laxa-sydnarkebidrag,Sydnärkebidrag,https://www.laxa.se/Kultur-och-fritid/Bidragsregler-for-foreningar-i-Laxa-kommun.html,200,https://www.laxa.se/Kultur-och-fritid/Bidragsregler-for-foreningar-i-Laxa-kommun.html,0,text/html;charset=UTF-8,,,
lekeberg.yaml,lekeberg-medlemsbidrag,Medlemsbidrag,https://lekeberg.se/upplevaochgora/foreningarforeningsliv/bidragstodochstipendier.4.711bc06b14820d116bc155b.html,200,https://lekeberg.se/upplevaochgora/foreningarforeningsliv/bidragstodochstipendier.4.711bc06b14820d116bc155b.html,0,text/html;charset=UTF-8,,,
lekeberg.yaml,lekeberg-lokalt-aktivitetsbidrag,Lokalt aktivitetsbidrag,https://lekeberg.se/upplevaochgora/foreningarforeningsliv/bidragstodochstipendier.4.711bc06b14820d116bc155b.html,200,https://lekeberg.se/upplevaochgora/foreningarforeningsliv/bidragstodochstipendier.4.711bc06b14820d116bc155b.html,0,text/html;charset=UTF-8,,,
lekeberg.yaml,lekeberg-skotselbidrag,Skötselbidrag,https://lekeberg.se/upplevaochgora/foreningarforeningsliv/bidragstodochstipendier.4.711bc06b14820d116bc155b.html,200,https://lekeberg.se/upplevaochgora/foreningarforeningsliv/bidragstodochstipendier.4.711bc06b14820d116bc155b.html,0,text/html;charset=UTF-8,,,
lekeberg.yaml,lekeberg-arrangorsbidrag,Arrangörsbidrag,https://lekeberg.se/upplevaochgora/foreningarforeningsliv/bidragstodochstipendier.4.711bc06b14820d116bc155b.html,200,https://lekeberg.se/upplevaochgora/foreningarforeningsliv/bidragstodochstipendier.4.711bc06b14820d116bc155b.html,0,text/html;charset=UTF-8,,,
lekeberg.yaml,lekeberg-utvecklingsbidrag,Utvecklingsbidrag,https://lekeberg.se/upplevaochgora/foreningarforeningsliv/bidragstodochstipendier.4.711bc06b14820d116bc155b.html,200,https://lekeberg.se/upplevaochgora/foreningarforeningsliv/bidragstodochstipendier.4.711bc06b14820d116bc155b.html,0,text/html;charset=UTF-8,,,
lekeberg.yaml,lekeberg-startbidrag,Startbidrag,https://lekeberg.se/upplevaochgora/foreningarforeningsliv/bidragstodochstipendier.4.711bc06b14820d116bc155b.html,200,https://lekeberg.se/upplevaochgora/foreningarforeningsliv/bidragstodochstipendier.4.711bc06b14820d116bc155b.html,0,text/html;charset=UTF-8,,,
lekeberg.yaml,lekeberg-bidrag-for-lokala-motesplatser-och-kulturcentrum,Bidrag för lokala mötesplatser och kulturcentrum,https://lekeberg.se/upplevaochgora/foreningarforeningsliv/bidragstodochstipendier.4.711bc06b14820d116bc155b.html,200,https://lekeberg.se/upplevaochgora/foreningarforeningsliv/bidragstodochstipendier.4.711bc06b14820d116bc155b.html,0,text/html;charset=UTF-8,,,
leksand.yaml,leksand-lokal-och-anlaggningsbidrag,Lokal- och anläggningsbidrag,https://leksand.se/foretag-och-foreningsliv/foreningar-och-foreningsliv/foreningsbidrag,200,https://leksand.se/foretag-och-foreningsliv/foreningar-och-foreningsliv/foreningsbidrag,0,text/html;charset=UTF-8,,,
leksand.yaml,leksand-driftbidrag-foreningsagd-anlaggning,Driftbidrag föreningsägd anläggning,https://leksand.se/foretag-och-foreningsliv/foreningar-och-foreningsliv/foreningsbidrag,200,https://leksand.se/foretag-och-foreningsliv/foreningar-och-foreningsliv/foreningsbidrag,0,text/html;charset=UTF-8,,,
leksand.yaml,leksand-ledarutbildningsbidrag,Ledarutbildningsbidrag,https://leksand.se/foretag-och-foreningsliv/foreningar-och-foreningsliv/foreningsbidrag,200,https://leksand.se/foretag-och-foreningsliv/foreningar-och-foreningsliv/foreningsbidrag,0,text/html;charset=UTF-8,,,
leksand.yaml,leksand-skidsparsbidrag,Skidspårsbidrag,https://leksand.se/foretag-och-foreningsliv/foreningar-och-foreningsliv/foreningsbidrag,200,https://leksand.se/foretag-och-foreningsliv/foreningar-och-foreningsliv/foreningsbidrag,0,text/html;charset=UTF-8,,,
leksand.yaml,leksand-motionssparsbidrag,Motionsspårsbidrag,https://leksand.se/foretag-och-foreningsliv/foreningar-och-foreningsliv/foreningsbidrag,200,https://leksand.se/foretag-och-foreningsliv/foreningar-och-foreningsliv/foreningsbidrag,0,text/html;charset=UTF-8,,,
leksand.yaml,leksand-orienteringskartbidrag,Orienteringskartbidrag,https://leksand.se/foretag-och-foreningsliv/foreningar-och-foreningsliv/foreningsbidrag,200,https://leksand.se/foretag-och-foreningsliv/foreningar-och-foreningsliv/foreningsbidrag,0,text/html;charset=UTF-8,,,
leksand.yaml,leksand-isbanebidrag,Isbanebidrag,https://leksand.se/foretag-och-foreningsliv/foreningar-och-foreningsliv/foreningsbidrag,200,https://leksand.se/foretag-och-foreningsliv/foreningar-och-foreningsliv/foreningsbidrag,0,text/html;charset=UTF-8,,,
leksand.yaml,leksand-lokalt-aktivitetsstod,Lokalt aktivitetsstöd,https://leksand.se/foretag-och-foreningsliv/foreningar-och-foreningsliv/foreningsbidrag,200,https://leksand.se/foretag-och-foreningsliv/foreningar-och-foreningsliv/foreningsbidrag,0,text/html;charset=UTF-8,,,
leksand.yaml,leksand-verksamhetsbidrag-kulturforeningar,Verksamhetsbidrag kulturföreningar,https://leksand.se/foretag-och-foreningsliv/foreningar-och-foreningsliv/foreningsbidrag,200,https://leksand.se/foretag-och-foreningsliv/foreningar-och-foreningsliv/foreningsbidrag,0,text/html;charset=UTF-8,,,
leksand.yaml,leksand-nyskapande-kulturprojekt,Nyskapande kulturprojekt,https://leksand.se/foretag-och-foreningsliv/foreningar-och-foreningsliv/foreningsbidrag,200,https://leksand.se/foretag-och-foreningsliv/foreningar-och-foreningsliv/foreningsbidrag,0,text/html;charset=UTF-8,,,
leksand.yaml,leksand-garantibelopp-och-punktbidrag-kulturevenemang,Garantibelopp och punktbidrag kulturevenemang,https://leksand.se/foretag-och-foreningsliv/foreningar-och-foreningsliv/foreningsbidrag,200,https://leksand.se/foretag-och-foreningsliv/foreningar-och-foreningsliv/foreningsbidrag,0,text/html;charset=UTF-8,,,
leksand.yaml,leksand-startbidrag-social-verksamhet,Startbidrag social verksamhet,https://leksand.se/foretag-och-foreningsliv/foreningar-och-foreningsliv/foreningsbidrag,200,https://leksand.se/foretag-och-foreningsliv/foreningar-och-foreningsliv/foreningsbidrag,0,text/html;charset=UTF-8,,,
leksand.yaml,leksand-verksamhetsbidrag-social-verksamhet,Verksamhetsbidrag social verksamhet,https://leksand.se/foretag-och-foreningsliv/foreningar-och-foreningsliv/foreningsbidrag,200,https://leksand.se/foretag-och-foreningsliv/foreningar-och-foreningsliv/foreningsbidrag,0,text/html;charset=UTF-8,,,
leksand.yaml,leksand-studieforbundsbidrag,Studieförbundsbidrag,https://leksand.se/foretag-och-foreningsliv/foreningar-och-foreningsliv/foreningsbidrag,200,https://leksand.se/foretag-och-foreningsliv/foreningar-och-foreningsliv/foreningsbidrag,0,text/html;charset=UTF-8,,,
lerum.yaml,lerum-aktivitetsstod,Kommunalt aktivitetsstöd,https://lerum.se/kultur-och-fritid/foreningar-och-foreningsliv/foreningsstod-och-stipendier/stod-till-foreningar-inom-idrott-och-fritid,200,https://lerum.se/kultur-och-fritid/foreningar-och-foreningsliv/foreningsstod-och-stipendier/stod-till-foreningar-inom-idrott-och-fritid,0,text/html;charset=UTF-8,,,
lerum.yaml,lerum-verksamhetslokal,Stöd verksamhetslokal,https://lerum.se/kultur-och-fritid/foreningar-och-foreningsliv/foreningsstod-och-stipendier/stod-till-foreningar-inom-idrott-och-fritid,200,https://lerum.se/kultur-och-fritid/foreningar-och-foreningsliv/foreningsstod-och-stipendier/stod-till-foreningar-inom-idrott-och-fritid,0,text/html;charset=UTF-8,,,
lerum.yaml,lerum-utvecklingsstod-fritid,Utvecklingsstöd (fritid),https://lerum.se/kultur-och-fritid/foreningar-och-foreningsliv/foreningsstod-och-stipendier/stod-till-foreningar-inom-idrott-och-fritid,200,https://lerum.se/kultur-och-fritid/foreningar-och-foreningsliv/foreningsstod-och-stipendier/stod-till-foreningar-inom-idrott-och-fritid,0,text/html;charset=UTF-8,,,
lerum.yaml,lerum-investeringsstod-fritid,Investeringsstöd (fritid),https://lerum.se/kultur-och-fritid/foreningar-och-foreningsliv/foreningsstod-och-stipendier/stod-till-foreningar-inom-idrott-och-fritid,200,https://lerum.se/kultur-och-fritid/foreningar-och-foreningsliv/foreningsstod-och-stipendier/stod-till-foreningar-inom-idrott-och-fritid,0,text/html;charset=UTF-8,,,
lerum.yaml,lerum-startstod-fritid,Startstöd (fritid),https://lerum.se/kultur-och-fritid/foreningar-och-foreningsliv/foreningsstod-och-stipendier/stod-till-foreningar-inom-idrott-och-fritid,200,https://lerum.se/kultur-och-fritid/foreningar-och-foreningsliv/foreningsstod-och-stipendier/stod-till-foreningar-inom-idrott-och-fritid,0,text/html;charset=UTF-8,,,
lerum.yaml,lerum-verksamhetsstod-kultur,Verksamhetsstöd (kultur),https://lerum.se/kultur-och-fritid/kultur/stod-till-kulturverksamhet,200,https://lerum.se/kultur-och-fritid/kultur/stod-till-kulturverksamhet,0,text/html;charset=UTF-8,,,
lerum.yaml,lerum-investeringsstod-kultur,Investeringsstöd (kultur),https://lerum.se/kultur-och-fritid/kultur/stod-till-kulturverksamhet,200,https://lerum.se/kultur-och-fritid/kultur/stod-till-kulturverksamhet,0,text/html;charset=UTF-8,,,
lerum.yaml,lerum-startstod-kultur,Startstöd (kultur),https://lerum.se/kultur-och-fritid/kultur/stod-till-kulturverksamhet,200,https://lerum.se/kultur-och-fritid/kultur/stod-till-kulturverksamhet,0,text/html;charset=UTF-8,,,
lerum.yaml,lerum-enskilda-kulturprojekt,Stöd till enskilda kulturprojekt,https://lerum.se/kultur-och-fritid/kultur/stod-till-kulturverksamhet,200,https://lerum.se/kultur-och-fritid/kultur/stod-till-kulturverksamhet,0,text/html;charset=UTF-8,,,
lerum.yaml,lerum-kulturpriset,Kulturpriset,https://lerum.se/nyheter/nyhetsarkiv---lerum.se/2026-06-24-nominera-till-kulturpriset-och-ansok-om-kulturstipendiet,200,https://lerum.se/nyheter/nyhetsarkiv---lerum.se/2026-06-24-nominera-till-kulturpriset-och-ansok-om-kulturstipendiet,0,text/html;charset=UTF-8,,,
lerum.yaml,lerum-kulturfonden,"Kulturfonden (kulturstipendium, tidigare Stiftelsen Skallsjö)",https://lerum.se/nyheter/nyhetsarkiv---lerum.se/2026-06-24-nominera-till-kulturpriset-och-ansok-om-kulturstipendiet,200,https://lerum.se/nyheter/nyhetsarkiv---lerum.se/2026-06-24-nominera-till-kulturpriset-och-ansok-om-kulturstipendiet,0,text/html;charset=UTF-8,,,
lerum.yaml,lerum-studieforbund,Kommunalt stöd till studieförbund,https://lerum.se/kultur-och-fritid/kultur/stod-till-kulturverksamhet/kommunalt-stod-till-studieforbund,200,https://lerum.se/kultur-och-fritid/kultur/stod-till-kulturverksamhet/kommunalt-stod-till-studieforbund,0,text/html;charset=UTF-8,,,
lerum.yaml,lerum-foreningsstod-samverkan-funktionsratt,Föreningsstöd till samverkansföreningar och lokala funktionsrättsföreningar,https://lerum.se/kultur-och-fritid/foreningar-och-foreningsliv/foreningsstod-och-stipendier/foreningsstod-fran-sektor-stod-och-omsorg,200,https://lerum.se/kultur-och-fritid/foreningar-och-foreningsliv/foreningsstod-och-stipendier/foreningsstod-fran-sektor-stod-och-omsorg,0,text/html;charset=UTF-8,,,
lerum.yaml,lerum-lokalkostnadsstod-so,Lokalkostnadsstöd (stöd och omsorg),https://lerum.se/kultur-och-fritid/foreningar-och-foreningsliv/foreningsstod-och-stipendier/foreningsstod-fran-sektor-stod-och-omsorg,200,https://lerum.se/kultur-och-fritid/foreningar-och-foreningsliv/foreningsstod-och-stipendier/foreningsstod-fran-sektor-stod-och-omsorg,0,text/html;charset=UTF-8,,,
lerum.yaml,lerum-verksamhetsstod-social,Verksamhetsstöd för social verksamhet,https://lerum.se/kultur-och-fritid/foreningar-och-foreningsliv/foreningsstod-och-stipendier/foreningsstod-fran-sektor-stod-och-omsorg,200,https://lerum.se/kultur-och-fritid/foreningar-och-foreningsliv/foreningsstod-och-stipendier/foreningsstod-fran-sektor-stod-och-omsorg,0,text/html;charset=UTF-8,,,
lerum.yaml,lerum-nystartad-so,Föreningsstöd till nystartad förening (stöd och omsorg),https://lerum.se/kultur-och-fritid/foreningar-och-foreningsliv/foreningsstod-och-stipendier/foreningsstod-fran-sektor-stod-och-omsorg,200,https://lerum.se/kultur-och-fritid/foreningar-och-foreningsliv/foreningsstod-och-stipendier/foreningsstod-fran-sektor-stod-och-omsorg,0,text/html;charset=UTF-8,,,
lerum.yaml,lerum-centrumforeningar,Ekonomiskt bidrag till centrumföreningar,https://lerum.se/download/18.2b036d193299d95352c18c/1732002419816/Antagen%20riktlinje%20om%20ekonomiskt%20bidrag%20till%20centrumf%C3%B6reningar.pdf,200,https://lerum.se/download/18.2b036d193299d95352c18c/1732002419816/Antagen%20riktlinje%20om%20ekonomiskt%20bidrag%20till%20centrumf%C3%B6reningar.pdf,0,application/pdf,,,
lerum.yaml,lerum-nattvandring,Föreningsbidrag för nattvandring,https://lerum.se/download/18.7a448f06196d70b2a691c22a/1747402421368/Riktlinje%20f%C3%B6r%20f%C3%B6reningsbidrag%20avseende%20nattvandring%20pdf,200,https://lerum.se/download/18.7a448f06196d70b2a691c22a/1747402421368/Riktlinje%20f%C3%B6r%20f%C3%B6reningsbidrag%20avseende%20nattvandring%20pdf,0,application/pdf,,,
lerum.yaml,lerum-valdsutsatta,Föreningsbidrag till ideella organisationers arbete för att stödja våldsutsatta,https://lerum.se/kommun-och-politik/overklaga-beslut-insyn-och-rattssakerhet/kommunal-forfattningssamling/riktlinje-for-foreningsbidrag-till-ideella-organisationers-arbete-for-att-stodja-valdsutsatta,200,https://lerum.se/kommun-och-politik/overklaga-beslut-insyn-och-rattssakerhet/kommunal-forfattningssamling/riktlinje-for-foreningsbidrag-till-ideella-organisationers-arbete-for-att-stodja-valdsutsatta,0,text/html;charset=UTF-8,,,
lerum.yaml,lerum-upprustning-vag,Upprustningsbidrag enskilda vägar,https://lerum.se/bygga-bo-och-trafik/trafik-och-gator/gator-och-vagar/upprustningsbidrag-enskilda-vagar,200,https://lerum.se/trafik-och-gator/upprustningsbidrag-for-enskilda-vagar,1,text/html;charset=UTF-8,,,
lerum.yaml,lerum-greta-bergs-minnesstiftelse,Greta Bergs minnesstiftelse,https://lerum.se/omsorg-och-stod/fonder-och-stiftelser-sektor-stod-och-omsorg,200,https://lerum.se/omsorg-och-stod/fonder-och-stiftelser-sektor-stod-och-omsorg,0,text/html;charset=UTF-8,,,
lessebo.yaml,lessebo-grundstod,Grundstöd,https://www.lessebo.se/uppleva-och-gora/foreningar-och-foreningsliv.html,200,https://www.lessebo.se/uppleva-och-gora/foreningar-och-foreningsliv.html,0,text/html;charset=UTF-8,,,
lessebo.yaml,lessebo-aktivitetsstod,Lokalt aktivitetsstöd 5–25 år,https://etjanster.lessebo.se/oversikt/overview/369,200,https://etjanster.lessebo.se/oversikt/overview/369,0,text/html;charset=ISO-8859-1,,,
lessebo.yaml,lessebo-kulturforening,Stöd för kulturföreningar,https://www.lessebo.se/uppleva-och-gora/foreningar-och-foreningsliv.html,200,https://www.lessebo.se/uppleva-och-gora/foreningar-och-foreningsliv.html,0,text/html;charset=UTF-8,,,
lessebo.yaml,lessebo-studieforbund,Stöd för studieförbund,https://www.lessebo.se/uppleva-och-gora/foreningar-och-foreningsliv.html,200,https://www.lessebo.se/uppleva-och-gora/foreningar-och-foreningsliv.html,0,text/html;charset=UTF-8,,,
lessebo.yaml,lessebo-startstod,Startstöd,https://www.lessebo.se/uppleva-och-gora/foreningar-och-foreningsliv.html,200,https://www.lessebo.se/uppleva-och-gora/foreningar-och-foreningsliv.html,0,text/html;charset=UTF-8,,,
lessebo.yaml,lessebo-lokal-anlaggning,Stöd för lokal eller anläggning,https://etjanster.lessebo.se/oversikt/overview/406,200,https://etjanster.lessebo.se/oversikt/overview/406,0,text/html;charset=ISO-8859-1,,,
lessebo.yaml,lessebo-pensionar-funktionsratt,Stöd till pensionärs- och funktionsrättsföreningar,https://www.lessebo.se/uppleva-och-gora/foreningar-och-foreningsliv.html,200,https://www.lessebo.se/uppleva-och-gora/foreningar-och-foreningsliv.html,0,text/html;charset=UTF-8,,,
lidingo.yaml,lidingo-aktivitetsbidrag,Aktivitetsbidrag,https://lidingo.se/kultur-fritid/foreningsliv/foreningsbidrag/,200,https://lidingo.se/kultur-fritid/foreningsliv/foreningsbidrag/,0,text/html; charset=UTF-8,,,
lidingo.yaml,lidingo-startbidrag,Startbidrag för nybildad förening eller sektion,https://lidingo.se/kultur-fritid/foreningsliv/foreningsbidrag/,200,https://lidingo.se/kultur-fritid/foreningsliv/foreningsbidrag/,0,text/html; charset=UTF-8,,,
lidingo.yaml,lidingo-utvecklingsbidrag,Utvecklingsbidrag,https://lidingo.se/kultur-fritid/foreningsliv/foreningsbidrag/,200,https://lidingo.se/kultur-fritid/foreningsliv/foreningsbidrag/,0,text/html; charset=UTF-8,,,
lidingo.yaml,lidingo-skollovsbidrag,Bidrag för verksamhet under skollov,https://lidingo.se/kultur-fritid/foreningsliv/foreningsbidrag/,200,https://lidingo.se/kultur-fritid/foreningsliv/foreningsbidrag/,0,text/html; charset=UTF-8,,,
lidingo.yaml,lidingo-lokalbidrag,Lokalbidrag,https://lidingo.se/kultur-fritid/foreningsliv/foreningsbidrag/,200,https://lidingo.se/kultur-fritid/foreningsliv/foreningsbidrag/,0,text/html; charset=UTF-8,,,
lidingo.yaml,lidingo-driftbidrag,Driftbidrag,https://lidingo.se/kultur-fritid/foreningsliv/foreningsbidrag/,200,https://lidingo.se/kultur-fritid/foreningsliv/foreningsbidrag/,0,text/html; charset=UTF-8,,,
lidingo.yaml,lidingo-verksamhetsstod-kulturforeningar,Verksamhetsstöd för kulturföreningar,https://lidingo.se/kultur-fritid/foreningsliv/stod-till-kulturforeningar/verksamhetsstod-for-kulturforeningar/,200,https://lidingo.se/kultur-fritid/foreningsliv/stod-till-kulturforeningar/verksamhetsstod-for-kulturforeningar/,0,text/html; charset=UTF-8,,,
lidingo.yaml,lidingo-stod-offentliga-kulturarrangemang,Stöd till offentliga kulturarrangemang,https://lidingo.se/kultur-fritid/foreningsliv/stod-till-kulturforeningar/stod-till-offentliga-kulturarrangemang/,200,https://lidingo.se/kultur-fritid/foreningsliv/stod-till-kulturforeningar/stod-till-offentliga-kulturarrangemang/,0,text/html; charset=UTF-8,,,
lidingo.yaml,lidingo-verksamhetsbidrag-socialt-arbete,Verksamhetsbidrag för frivilligt socialt arbete,https://lidingo.se/kultur-fritid/foreningsliv/bidrag-for-frivilligt-socialt-arbete/,200,https://lidingo.se/kultur-fritid/foreningsliv/bidrag-for-frivilligt-socialt-arbete/,0,text/html; charset=UTF-8,,,
lidingo.yaml,lidingo-aktivitetsbidrag-socialt-arbete,Aktivitetsbidrag för frivilligt socialt arbete,https://lidingo.se/kultur-fritid/foreningsliv/bidrag-for-frivilligt-socialt-arbete/,200,https://lidingo.se/kultur-fritid/foreningsliv/bidrag-for-frivilligt-socialt-arbete/,0,text/html; charset=UTF-8,,,
lidkoping.yaml,lidkoping-aktiva-medlemmar,Bidrag för aktiva medlemmar,https://sjalvservice.lidkoping.se/oversikt/overview/250,200,https://sjalvservice.lidkoping.se/oversikt/overview/250,0,text/html;charset=ISO-8859-1,,,
lidkoping.yaml,lidkoping-elitidrott,Bidrag för elitidrott,https://sjalvservice.lidkoping.se/oversikt/overview/598,200,https://sjalvservice.lidkoping.se/oversikt/overview/598,0,text/html;charset=ISO-8859-1,,,
lidkoping.yaml,lidkoping-friluftslivsutveckling,Bidrag för friluftslivsutveckling,https://sjalvservice.lidkoping.se/oversikt/overview/590,200,https://sjalvservice.lidkoping.se/oversikt/overview/590,0,text/html;charset=ISO-8859-1,,,
lidkoping.yaml,lidkoping-foreningsutveckling,Bidrag för föreningsutveckling,https://sjalvservice.lidkoping.se/oversikt/overview/247,200,https://sjalvservice.lidkoping.se/oversikt/overview/247,0,text/html;charset=ISO-8859-1,,,
lidkoping.yaml,lidkoping-investeringsstod,Bidrag för investeringsstöd,https://sjalvservice.lidkoping.se/oversikt/overview/662,200,https://sjalvservice.lidkoping.se/oversikt/overview/662,0,text/html;charset=ISO-8859-1,,,
lidkoping.yaml,lidkoping-kulturarrangemang,"Bidrag för kulturarrangemang, produktioner och program",https://sjalvservice.lidkoping.se/oversikt/overview/248,200,https://sjalvservice.lidkoping.se/oversikt/overview/248,0,text/html;charset=ISO-8859-1,,,
lidkoping.yaml,lidkoping-lokaler-anlaggningar,Bidrag för lokaler och anläggningar,https://sjalvservice.lidkoping.se/oversikt/overview/251,200,https://sjalvservice.lidkoping.se/oversikt/overview/251,0,text/html;charset=ISO-8859-1,,,
lidkoping.yaml,lidkoping-lokalt-kulturarv,Bidrag för lokalt kulturarv,https://sjalvservice.lidkoping.se/oversikt/overview/249,200,https://sjalvservice.lidkoping.se/oversikt/overview/249,0,text/html;charset=ISO-8859-1,,,
lidkoping.yaml,lidkoping-renoveringar,Bidrag för renoveringar,https://sjalvservice.lidkoping.se/oversikt/overview/137,200,https://sjalvservice.lidkoping.se/oversikt/overview/137,0,text/html;charset=ISO-8859-1,,,
lidkoping.yaml,lidkoping-samlingslokaler,Bidrag för samlingslokaler,https://sjalvservice.lidkoping.se/oversikt/overview/252,200,https://sjalvservice.lidkoping.se/oversikt/overview/252,0,text/html;charset=ISO-8859-1,,,
lidkoping.yaml,lidkoping-lovaktivitet,Bidrag lovaktivitet,https://sjalvservice.lidkoping.se/oversikt/overview/27,200,https://sjalvservice.lidkoping.se/oversikt/overview/27,0,text/html;charset=ISO-8859-1,,,
lidkoping.yaml,lidkoping-lovaktivitet-summer-move,Bidrag lovaktivitet på Summer Move,https://sjalvservice.lidkoping.se/oversikt/overview/696,200,https://sjalvservice.lidkoping.se/oversikt/overview/696,0,text/html;charset=ISO-8859-1,,,
lidkoping.yaml,lidkoping-namndens-prioriteringar,Kultur- och fritids- och föreningsnämndens prioriteringar,https://sjalvservice.lidkoping.se/oversikt/overview/606,200,https://sjalvservice.lidkoping.se/oversikt/overview/606,0,text/html;charset=ISO-8859-1,,,
lidkoping.yaml,lidkoping-socialt-arbete-foreningsbidrag,"Socialt arbete, föreningsbidrag",https://sjalvservice.lidkoping.se/oversikt/overview/189,200,https://sjalvservice.lidkoping.se/oversikt/overview/189,0,text/html;charset=ISO-8859-1,,,
lidkoping.yaml,lidkoping-utvecklingsmedel-social-hallbarhet,"Utvecklingsmedel, social hållbarhet",https://sjalvservice.lidkoping.se/oversikt/overview/357,200,https://sjalvservice.lidkoping.se/oversikt/overview/357,0,text/html;charset=ISO-8859-1,,,
lidkoping.yaml,lidkoping-hallbarhetspris-forening,Hållbarhetspriset (Lidköpings kommuns pris för hållbar utveckling) — föreningsnominering,https://sjalvservice.lidkoping.se/oversikt/overview/139,200,https://sjalvservice.lidkoping.se/oversikt/overview/139,0,text/html;charset=ISO-8859-1,,,
lidkoping.yaml,lidkoping-ungdomspeng,Ungdomspeng,https://sjalvservice.lidkoping.se/oversikt/overview/159,200,https://sjalvservice.lidkoping.se/oversikt/overview/159,0,text/html;charset=ISO-8859-1,,,
lidkoping.yaml,lidkoping-vag-utan-statsbidrag,Kommunalt bidrag till enskilda vägar utan statsbidrag,https://sjalvservice.lidkoping.se/oversikt/overview/44,200,https://sjalvservice.lidkoping.se/oversikt/overview/44,0,text/html;charset=ISO-8859-1,,,
lidkoping.yaml,lidkoping-folkbildning,Bidrag till folkbildningen,https://lidkoping.se/kommun-och-politik/bidrag-och-stipendier/bidrag-till-folkbildningen,200,https://lidkoping.se/kommun-och-politik/bidrag-och-stipendier/bidrag-till-folkbildningen,0,text/html;charset=UTF-8,,,
lidkoping.yaml,lidkoping-lokal-utveckling,Bidrag till lokal utveckling,https://lidkoping.se/kommun-och-politik/bidrag-och-stipendier/bidrag-till-lokal-utveckling,200,https://lidkoping.se/kommun-och-politik/bidrag-och-stipendier/bidrag-till-lokal-utveckling,0,text/html;charset=UTF-8,,,
lilla-edet.yaml,lilla-edet-grundbidrag,Grundbidrag,https://www.lillaedet.se/uppleva-och-gora/foreningar/bidrag-stod-och-stipendier,200,https://www.lillaedet.se/uppleva-och-gora/foreningar/bidrag-stod-och-stipendier,0,text/html;charset=UTF-8,,,
lilla-edet.yaml,lilla-edet-lokalbidrag,Lokalbidrag,https://www.lillaedet.se/uppleva-och-gora/foreningar/bidrag-stod-och-stipendier,200,https://www.lillaedet.se/uppleva-och-gora/foreningar/bidrag-stod-och-stipendier,0,text/html;charset=UTF-8,,,
lilla-edet.yaml,lilla-edet-utvecklings-och-arrangemangsbidrag,Utvecklings- och arrangemangsbidrag,https://www.lillaedet.se/uppleva-och-gora/foreningar/bidrag-stod-och-stipendier,200,https://www.lillaedet.se/uppleva-och-gora/foreningar/bidrag-stod-och-stipendier,0,text/html;charset=UTF-8,,,
lilla-edet.yaml,lilla-edet-ledarutbildningsbidrag,Ledarutbildningsbidrag,https://www.lillaedet.se/uppleva-och-gora/foreningar/bidrag-stod-och-stipendier,200,https://www.lillaedet.se/uppleva-och-gora/foreningar/bidrag-stod-och-stipendier,0,text/html;charset=UTF-8,,,
lilla-edet.yaml,lilla-edet-snabbslanten,Snabbslanten,https://www.lillaedet.se/uppleva-och-gora/foreningar/bidrag-stod-och-stipendier,200,https://www.lillaedet.se/uppleva-och-gora/foreningar/bidrag-stod-och-stipendier,0,text/html;charset=UTF-8,,,
lilla-edet.yaml,lilla-edet-bidrag-till-studieforbund,Bidrag till studieförbund,https://www.lillaedet.se/uppleva-och-gora/foreningar/bidrag-stod-och-stipendier,200,https://www.lillaedet.se/uppleva-och-gora/foreningar/bidrag-stod-och-stipendier,0,text/html;charset=UTF-8,,,
lilla-edet.yaml,lilla-edet-bidrag-till-bygdegardar,Bidrag till bygdegårdar,https://www.lillaedet.se/uppleva-och-gora/foreningar/bidrag-stod-och-stipendier,200,https://www.lillaedet.se/uppleva-och-gora/foreningar/bidrag-stod-och-stipendier,0,text/html;charset=UTF-8,,,
lilla-edet.yaml,lilla-edet-startbidrag,Startbidrag,https://www.lillaedet.se/uppleva-och-gora/foreningar/bidrag-stod-och-stipendier,200,https://www.lillaedet.se/uppleva-och-gora/foreningar/bidrag-stod-och-stipendier,0,text/html;charset=UTF-8,,,
lilla-edet.yaml,lilla-edet-bidrag-for-fysisk-aktivitet-bland-aldre,Bidrag för fysisk aktivitet bland äldre,https://www.lillaedet.se/uppleva-och-gora/foreningar/bidrag-stod-och-stipendier,200,https://www.lillaedet.se/uppleva-och-gora/foreningar/bidrag-stod-och-stipendier,0,text/html;charset=UTF-8,,,
lilla-edet.yaml,lilla-edet-aktivitetsbidrag-for-unga,Aktivitetsbidrag för unga,https://www.lillaedet.se/uppleva-och-gora/foreningar/bidrag-stod-och-stipendier,200,https://www.lillaedet.se/uppleva-och-gora/foreningar/bidrag-stod-och-stipendier,0,text/html;charset=UTF-8,,,
lilla-edet.yaml,lilla-edet-kommunalt-lonebidrag,Kommunalt lönebidrag,https://www.lillaedet.se/uppleva-och-gora/foreningar/bidrag-stod-och-stipendier,200,https://www.lillaedet.se/uppleva-och-gora/foreningar/bidrag-stod-och-stipendier,0,text/html;charset=UTF-8,,,
lindesberg.yaml,lindesberg-aktivitetsbidrag,Aktivitetsbidrag,https://www.lindesberg.se/download/18.4089c5481870839f4e9b55d/1679648136904/Regler%20och%20villkor%20f%C3%B6r%20f%C3%B6reningsbidrag.pdf,200,https://www.lindesberg.se/download/18.4089c5481870839f4e9b55d/1679648136904/Regler%20och%20villkor%20f%C3%B6r%20f%C3%B6reningsbidrag.pdf,0,application/pdf,,,
lindesberg.yaml,lindesberg-ledarutbildningsbidrag,Ledarutbildningsbidrag,https://www.lindesberg.se/download/18.4089c5481870839f4e9b55d/1679648136904/Regler%20och%20villkor%20f%C3%B6r%20f%C3%B6reningsbidrag.pdf,200,https://www.lindesberg.se/download/18.4089c5481870839f4e9b55d/1679648136904/Regler%20och%20villkor%20f%C3%B6r%20f%C3%B6reningsbidrag.pdf,0,application/pdf,,,
lindesberg.yaml,lindesberg-spontanaktivitetsbidrag,Spontanaktivitetsbidrag,https://www.lindesberg.se/download/18.4089c5481870839f4e9b55d/1679648136904/Regler%20och%20villkor%20f%C3%B6r%20f%C3%B6reningsbidrag.pdf,200,https://www.lindesberg.se/download/18.4089c5481870839f4e9b55d/1679648136904/Regler%20och%20villkor%20f%C3%B6r%20f%C3%B6reningsbidrag.pdf,0,application/pdf,,,
lindesberg.yaml,lindesberg-nystartsbidrag,Nystartsbidrag,https://www.lindesberg.se/download/18.4089c5481870839f4e9b55d/1679648136904/Regler%20och%20villkor%20f%C3%B6r%20f%C3%B6reningsbidrag.pdf,200,https://www.lindesberg.se/download/18.4089c5481870839f4e9b55d/1679648136904/Regler%20och%20villkor%20f%C3%B6r%20f%C3%B6reningsbidrag.pdf,0,application/pdf,,,
lindesberg.yaml,lindesberg-driftsbidrag,Driftsbidrag,https://www.lindesberg.se/download/18.4089c5481870839f4e9b55d/1679648136904/Regler%20och%20villkor%20f%C3%B6r%20f%C3%B6reningsbidrag.pdf,200,https://www.lindesberg.se/download/18.4089c5481870839f4e9b55d/1679648136904/Regler%20och%20villkor%20f%C3%B6r%20f%C3%B6reningsbidrag.pdf,0,application/pdf,,,
lindesberg.yaml,lindesberg-investeringsbidrag,Investeringsbidrag,https://www.lindesberg.se/download/18.4089c5481870839f4e9b55d/1679648136904/Regler%20och%20villkor%20f%C3%B6r%20f%C3%B6reningsbidrag.pdf,200,https://www.lindesberg.se/download/18.4089c5481870839f4e9b55d/1679648136904/Regler%20och%20villkor%20f%C3%B6r%20f%C3%B6reningsbidrag.pdf,0,application/pdf,,,
lindesberg.yaml,lindesberg-kultur-och-fritidsarrangemang,Bidrag till kultur- och fritidsarrangemang,https://www.lindesberg.se/download/18.4089c5481870839f4e9b55d/1679648136904/Regler%20och%20villkor%20f%C3%B6r%20f%C3%B6reningsbidrag.pdf,200,https://www.lindesberg.se/download/18.4089c5481870839f4e9b55d/1679648136904/Regler%20och%20villkor%20f%C3%B6r%20f%C3%B6reningsbidrag.pdf,0,application/pdf,,,
lindesberg.yaml,lindesberg-foreningsdrivna-motesplatser,Bidrag till föreningsdrivna mötesplatser,https://www.lindesberg.se/download/18.4089c5481870839f4e9b55d/1679648136904/Regler%20och%20villkor%20f%C3%B6r%20f%C3%B6reningsbidrag.pdf,200,https://www.lindesberg.se/download/18.4089c5481870839f4e9b55d/1679648136904/Regler%20och%20villkor%20f%C3%B6r%20f%C3%B6reningsbidrag.pdf,0,application/pdf,,,
lindesberg.yaml,lindesberg-studieforbund,Bidrag till studieförbund,https://www.lindesberg.se/download/18.4089c5481870839f4e9b55d/1679648136904/Regler%20och%20villkor%20f%C3%B6r%20f%C3%B6reningsbidrag.pdf,200,https://www.lindesberg.se/download/18.4089c5481870839f4e9b55d/1679648136904/Regler%20och%20villkor%20f%C3%B6r%20f%C3%B6reningsbidrag.pdf,0,application/pdf,,,
linkoping.yaml,linkoping-verksamhetsbidrag-idrott-fritid,Verksamhetsbidrag (idrott och fritid),https://www.linkoping.se/uppleva-och-gora/foreningsliv-bidrag-och-tillstand/bidrag-till-foreningar-arrangemang-och-aktiviteter,200,https://www.linkoping.se/uppleva-och-gora/foreningsliv-bidrag-och-tillstand/bidrag-till-foreningar-arrangemang-och-aktiviteter,0,text/html;charset=UTF-8,,,
linkoping.yaml,linkoping-anlaggningsbidrag-motesplatser,Anläggningsbidrag för mötesplatser,https://www.linkoping.se/uppleva-och-gora/foreningsliv-bidrag-och-tillstand/bidrag-till-foreningar-arrangemang-och-aktiviteter,200,https://www.linkoping.se/uppleva-och-gora/foreningsliv-bidrag-och-tillstand/bidrag-till-foreningar-arrangemang-och-aktiviteter,0,text/html;charset=UTF-8,,,
linkoping.yaml,linkoping-ungdomsarrangemangsbidrag,Ungdomsarrangemangsbidrag,https://www.linkoping.se/uppleva-och-gora/foreningsliv-bidrag-och-tillstand/bidrag-till-foreningar-arrangemang-och-aktiviteter,200,https://www.linkoping.se/uppleva-och-gora/foreningsliv-bidrag-och-tillstand/bidrag-till-foreningar-arrangemang-och-aktiviteter,0,text/html;charset=UTF-8,,,
linkoping.yaml,linkoping-ungt-initiativ,Ungt initiativ,https://www.linkoping.se/uppleva-och-gora/foreningsliv-bidrag-och-tillstand/bidrag-till-foreningar-arrangemang-och-aktiviteter,200,https://www.linkoping.se/uppleva-och-gora/foreningsliv-bidrag-och-tillstand/bidrag-till-foreningar-arrangemang-och-aktiviteter,0,text/html;charset=UTF-8,,,
linkoping.yaml,linkoping-utvecklingsbidrag-idrott,Utvecklingsbidrag för idrottsföreningar,https://www.linkoping.se/uppleva-och-gora/foreningsliv-bidrag-och-tillstand/bidrag-till-foreningar-arrangemang-och-aktiviteter,200,https://www.linkoping.se/uppleva-och-gora/foreningsliv-bidrag-och-tillstand/bidrag-till-foreningar-arrangemang-och-aktiviteter,0,text/html;charset=UTF-8,,,
linkoping.yaml,linkoping-trygghetsskapande-insatser,Bidrag till trygghetsskapande insatser,https://www.linkoping.se/uppleva-och-gora/foreningsliv-bidrag-och-tillstand/bidrag-till-foreningar-arrangemang-och-aktiviteter,200,https://www.linkoping.se/uppleva-och-gora/foreningsliv-bidrag-och-tillstand/bidrag-till-foreningar-arrangemang-och-aktiviteter,0,text/html;charset=UTF-8,,,
linkoping.yaml,linkoping-kulturarrangemang,Kulturarrangemangsbidrag,https://www.linkoping.se/uppleva-och-gora/foreningsliv-bidrag-och-tillstand/bidrag-till-foreningar-arrangemang-och-aktiviteter,200,https://www.linkoping.se/uppleva-och-gora/foreningsliv-bidrag-och-tillstand/bidrag-till-foreningar-arrangemang-och-aktiviteter,0,text/html;charset=UTF-8,,,
linkoping.yaml,linkoping-son-grundbidrag,Grundbidrag – social- och omsorgsnämnden,https://www.linkoping.se/uppleva-och-gora/foreningsliv-bidrag-och-tillstand/bidrag-till-foreningar-arrangemang-och-aktiviteter,200,https://www.linkoping.se/uppleva-och-gora/foreningsliv-bidrag-och-tillstand/bidrag-till-foreningar-arrangemang-och-aktiviteter,0,text/html;charset=UTF-8,,,
linkoping.yaml,linkoping-son-aktivitetsbidrag,Aktivitetsbidrag – social- och omsorgsnämnden,https://www.linkoping.se/uppleva-och-gora/foreningsliv-bidrag-och-tillstand/bidrag-till-foreningar-arrangemang-och-aktiviteter,200,https://www.linkoping.se/uppleva-och-gora/foreningsliv-bidrag-och-tillstand/bidrag-till-foreningar-arrangemang-och-aktiviteter,0,text/html;charset=UTF-8,,,
linkoping.yaml,linkoping-vao-grund-medlemsbidrag,Grund- och medlemsbidrag – vård- och äldreomsorgsnämnden,https://www.linkoping.se/uppleva-och-gora/foreningsliv-bidrag-och-tillstand/bidrag-till-foreningar-arrangemang-och-aktiviteter,200,https://www.linkoping.se/uppleva-och-gora/foreningsliv-bidrag-och-tillstand/bidrag-till-foreningar-arrangemang-och-aktiviteter,0,text/html;charset=UTF-8,,,
linkoping.yaml,linkoping-vao-aktivitetsbidrag,Aktivitetsbidrag – vård- och äldreomsorgsnämnden,https://www.linkoping.se/uppleva-och-gora/foreningsliv-bidrag-och-tillstand/bidrag-till-foreningar-arrangemang-och-aktiviteter,200,https://www.linkoping.se/uppleva-och-gora/foreningsliv-bidrag-och-tillstand/bidrag-till-foreningar-arrangemang-och-aktiviteter,0,text/html;charset=UTF-8,,,
linkoping.yaml,linkoping-vao-sarskilt-aktivitetsbidrag,Särskilt aktivitetsbidrag – vård- och äldreomsorgsnämnden,https://www.linkoping.se/uppleva-och-gora/foreningsliv-bidrag-och-tillstand/bidrag-till-foreningar-arrangemang-och-aktiviteter,200,https://www.linkoping.se/uppleva-och-gora/foreningsliv-bidrag-och-tillstand/bidrag-till-foreningar-arrangemang-och-aktiviteter,0,text/html;charset=UTF-8,,,
ljungby.yaml,ljungby-anlaggningsstod,Anläggningsstöd,https://www.ljungby.se/uppleva-och-gora/foreningar-foreningsliv/bidrag-och-stod,200,https://www.ljungby.se/uppleva-och-gora/foreningar-foreningsliv/bidrag-och-stod,0,text/html;charset=UTF-8,,,
ljungby.yaml,ljungby-hyresstod,Hyresstöd,https://www.ljungby.se/uppleva-och-gora/foreningar-foreningsliv/bidrag-och-stod,200,https://www.ljungby.se/uppleva-och-gora/foreningar-foreningsliv/bidrag-och-stod,0,text/html;charset=UTF-8,,,
ljungby.yaml,ljungby-investeringsstod,Investeringsbidrag,https://www.ljungby.se/uppleva-och-gora/foreningar-foreningsliv/bidrag-och-stod,200,https://www.ljungby.se/uppleva-och-gora/foreningar-foreningsliv/bidrag-och-stod,0,text/html;charset=UTF-8,,,
ljungby.yaml,ljungby-ledarbidrag,Ledarutbildningsstöd,https://www.ljungby.se/uppleva-och-gora/foreningar-foreningsliv/bidrag-och-stod,200,https://www.ljungby.se/uppleva-och-gora/foreningar-foreningsliv/bidrag-och-stod,0,text/html;charset=UTF-8,,,
ljungby.yaml,ljungby-aktivitetsstod,Lokalt aktivitetsstöd,https://www.ljungby.se/uppleva-och-gora/foreningar-foreningsliv/bidrag-och-stod,200,https://www.ljungby.se/uppleva-och-gora/foreningar-foreningsliv/bidrag-och-stod,0,text/html;charset=UTF-8,,,
ljungby.yaml,ljungby-social-organisation,Bidrag till social organisation,https://www.ljungby.se/uppleva-och-gora/foreningar-foreningsliv/bidrag-och-stod,200,https://www.ljungby.se/uppleva-och-gora/foreningar-foreningsliv/bidrag-och-stod,0,text/html;charset=UTF-8,,,
ljungby.yaml,ljungby-funktionsnedsatta,Bidrag för funktionsnedsatta och patientföreningar,https://www.ljungby.se/uppleva-och-gora/foreningar-foreningsliv/bidrag-och-stod,200,https://www.ljungby.se/uppleva-och-gora/foreningar-foreningsliv/bidrag-och-stod,0,text/html;charset=UTF-8,,,
ljungby.yaml,ljungby-pensionar,Pensionärsföreningsstöd,https://www.ljungby.se/uppleva-och-gora/foreningar-foreningsliv/bidrag-och-stod,200,https://www.ljungby.se/uppleva-och-gora/foreningar-foreningsliv/bidrag-och-stod,0,text/html;charset=UTF-8,,,
ljungby.yaml,ljungby-jubileum,Stöd till jubilerande förening,https://www.ljungby.se/uppleva-och-gora/foreningar-foreningsliv/bidrag-och-stod,200,https://www.ljungby.se/uppleva-och-gora/foreningar-foreningsliv/bidrag-och-stod,0,text/html;charset=UTF-8,,,
ljungby.yaml,ljungby-arrangemang-stort,Större arrangemang,https://www.ljungby.se/uppleva-och-gora/foreningar-foreningsliv/bidrag-och-stod,200,https://www.ljungby.se/uppleva-och-gora/foreningar-foreningsliv/bidrag-och-stod,0,text/html;charset=UTF-8,,,
ljungby.yaml,ljungby-snabbstod,Snabbstöd arrangemang,https://www.ljungby.se/uppleva-och-gora/foreningar-foreningsliv/bidrag-och-stod,200,https://www.ljungby.se/uppleva-och-gora/foreningar-foreningsliv/bidrag-och-stod,0,text/html;charset=UTF-8,,,
ljusdal.yaml,ljusdal-ordinarie-foreningsbidrag,Ordinarie föreningsbidrag,https://www.ljusdal.se/upplevagora/foreningslivstodochstipendier/bidragochstod.4.4b396cf614e46c4923cbcf59.html,200,https://www.ljusdal.se/upplevagora/foreningslivstodochstipendier/bidragochstod.4.4b396cf614e46c4923cbcf59.html,0,text/html;charset=UTF-8,,,
ljusdal.yaml,ljusdal-tillfalligt-foreningsbidrag-2026,Tillfälligt föreningsbidrag 2026,https://www.ljusdal.se/upplevagora/foreningslivstodochstipendier/bidragochstod.4.4b396cf614e46c4923cbcf59.html,200,https://www.ljusdal.se/upplevagora/foreningslivstodochstipendier/bidragochstod.4.4b396cf614e46c4923cbcf59.html,0,text/html;charset=UTF-8,,,
ljusdal.yaml,ljusdal-foreningsbidrag-omsorgsnamnden,Föreningsbidrag omsorgsnämnden,https://www.ljusdal.se/upplevagora/foreningslivstodochstipendier/bidragochstod.4.4b396cf614e46c4923cbcf59.html,200,https://www.ljusdal.se/upplevagora/foreningslivstodochstipendier/bidragochstod.4.4b396cf614e46c4923cbcf59.html,0,text/html;charset=UTF-8,,,
ljusnarsberg.yaml,ljusnarsberg-verksamhetsbidrag,Verksamhetsbidrag,https://ljusnarsberg.se/uppleva-och-gora/foreningar-och-foreningsliv/foreningsbidrag,200,https://ljusnarsberg.se/uppleva-och-gora/foreningar-och-foreningsliv/foreningsbidrag,0,text/html;charset=UTF-8,,,
ljusnarsberg.yaml,ljusnarsberg-foreningslokalbidrag,Föreningslokalbidrag,https://ljusnarsberg.se/uppleva-och-gora/foreningar-och-foreningsliv/foreningsbidrag,200,https://ljusnarsberg.se/uppleva-och-gora/foreningar-och-foreningsliv/foreningsbidrag,0,text/html;charset=UTF-8,,,
ljusnarsberg.yaml,ljusnarsberg-investeringsbidrag,Investeringsbidrag,https://ljusnarsberg.se/uppleva-och-gora/foreningar-och-foreningsliv/foreningsbidrag,200,https://ljusnarsberg.se/uppleva-och-gora/foreningar-och-foreningsliv/foreningsbidrag,0,text/html;charset=UTF-8,,,
lomma.yaml,lomma-verksamhetsstod-till-idrotts-och-friluftsforeningar,Verksamhetsstöd till idrotts- och friluftsföreningar,https://lomma.se/uppleva-och-gora/foreningar-foreningsliv/bidrag-och-stipendier.html,200,https://lomma.se/upplevaochgora/foreningarforeningsliv/stodbidragochstipendier.1151.html,1,text/html;charset=UTF-8,,,
lomma.yaml,lomma-verksamhetsstod-till-kulturforeningar,Verksamhetsstöd till kulturföreningar,https://lomma.se/uppleva-och-gora/foreningar-foreningsliv/bidrag-och-stipendier.html,200,https://lomma.se/upplevaochgora/foreningarforeningsliv/stodbidragochstipendier.1151.html,1,text/html;charset=UTF-8,,,
lomma.yaml,lomma-projekt-och-evenemangsbidrag,Projekt- och evenemangsbidrag,https://lomma.se/uppleva-och-gora/foreningar-foreningsliv/bidrag-och-stipendier.html,200,https://lomma.se/upplevaochgora/foreningarforeningsliv/stodbidragochstipendier.1151.html,1,text/html;charset=UTF-8,,,
lomma.yaml,lomma-sociala-bidrag-foreningsbidrag,Sociala bidrag – föreningsbidrag,https://lomma.se/uppleva-och-gora/foreningar-foreningsliv/bidrag-och-stipendier.html,200,https://lomma.se/upplevaochgora/foreningarforeningsliv/stodbidragochstipendier.1151.html,1,text/html;charset=UTF-8,,,
lomma.yaml,lomma-verksamhetsstod-till-studieforbund,Verksamhetsstöd till studieförbund,https://lomma.se/uppleva-och-gora/foreningar-foreningsliv/bidrag-och-stipendier.html,200,https://lomma.se/upplevaochgora/foreningarforeningsliv/stodbidragochstipendier.1151.html,1,text/html;charset=UTF-8,,,
ludvika.yaml,ludvika-verksamhetsbidrag-samhallsnytta,Verksamhetsbidrag för samhällsnyttig verksamhet,https://www.ludvika.se/e-tjanster/e-tjanster-och-blanketter/uppleva-och-gora/foreningar/foreningsbidrag---verksamhetsbidrag-for-samhallsnyttig-verksamhet,200,https://www.ludvika.se/e-tjanster/e-tjanster-och-blanketter/uppleva-och-gora/foreningar/foreningsbidrag---verksamhetsbidrag-for-samhallsnyttig-verksamhet,0,text/html;charset=UTF-8,,,
ludvika.yaml,ludvika-verksamhet-anlaggning-drift,"Verksamhets-, anläggnings- och driftbidrag för fritids- och idrottsföreningar",https://www.ludvika.se/e-tjanster/e-tjanster-och-blanketter/uppleva-och-gora/foreningar/foreningsbidrag---verksamhet-anlaggning-och-drift-for-fritids--och-idrottsforeningar,200,https://www.ludvika.se/e-tjanster/e-tjanster-och-blanketter/uppleva-och-gora/foreningar/foreningsbidrag---verksamhet-anlaggning-och-drift-for-fritids--och-idrottsforeningar,0,text/html;charset=UTF-8,,,
ludvika.yaml,ludvika-grundbidrag-lokalagande,Grundbidrag till lokalägande föreningar,https://www.ludvika.se/e-tjanster/e-tjanster-och-blanketter/uppleva-och-gora/foreningar/foreningsbidrag---grundbidrag-lokalagande-foreningar,200,https://www.ludvika.se/e-tjanster/e-tjanster-och-blanketter/uppleva-och-gora/foreningar/foreningsbidrag---grundbidrag-lokalagande-foreningar,0,text/html;charset=UTF-8,,,
ludvika.yaml,ludvika-vard-omsorg-verksamhetsstod,Verksamhetsstöd till pensionärs- och funktionsrättsföreningar,https://www.ludvika.se/e-tjanster/e-tjanster-och-blanketter/uppleva-och-gora/foreningar/foreningsbidrag---for-pensionarsforeningar-och-foreningar-for-personer-med-funktionshinder,200,https://www.ludvika.se/e-tjanster/e-tjanster-och-blanketter/uppleva-och-gora/foreningar/foreningsbidrag---for-pensionarsforeningar-och-foreningar-for-personer-med-funktionshinder,0,text/html;charset=UTF-8,,,
ludvika.yaml,ludvika-vard-omsorg-lokalstod,Lokalstöd till pensionärs- och funktionsrättsföreningar,https://www.ludvika.se/e-tjanster/e-tjanster-och-blanketter/uppleva-och-gora/foreningar/foreningsbidrag---for-pensionarsforeningar-och-foreningar-for-personer-med-funktionshinder,200,https://www.ludvika.se/e-tjanster/e-tjanster-och-blanketter/uppleva-och-gora/foreningar/foreningsbidrag---for-pensionarsforeningar-och-foreningar-for-personer-med-funktionshinder,0,text/html;charset=UTF-8,,,
ludvika.yaml,ludvika-arrangemangs-projektbidrag,Arrangemangs- och projektbidrag för fritids- och idrottsföreningar,https://www.ludvika.se/e-tjanster/e-tjanster-och-blanketter/uppleva-och-gora/foreningar/foreningsbidrag----arrangemangs--och-projektbidrag-for--fritids--och-idrottsforeningar,200,https://www.ludvika.se/e-tjanster/e-tjanster-och-blanketter/uppleva-och-gora/foreningar/foreningsbidrag----arrangemangs--och-projektbidrag-for--fritids--och-idrottsforeningar,0,text/html;charset=UTF-8,,,
ludvika.yaml,ludvika-lovverksamhet,Bidrag till lovverksamhet,https://www.ludvika.se/e-tjanster/e-tjanster-och-blanketter/uppleva-och-gora/foreningar/foreningsbidrag---lovverksamhet,200,https://www.ludvika.se/e-tjanster/e-tjanster-och-blanketter/uppleva-och-gora/foreningar/foreningsbidrag---lovverksamhet,0,text/html;charset=UTF-8,,,
ludvika.yaml,ludvika-kommunalt-lonebidrag,Kommunalt bidrag för lönebidragsanställda,https://www.ludvika.se/uppleva-och-gora/foreningar/kommunalt-bidrag-till-foreningar-med-lonebidragsanstallda,200,https://www.ludvika.se/uppleva-och-gora/foreningar/kommunalt-bidrag-till-foreningar-med-lonebidragsanstallda,0,text/html;charset=UTF-8,,,
lulea.yaml,lulea-verksamhetsbidrag-kultur,Verksamhetsbidrag kultur,https://www.lulea.se/uppleva--gora/foreningar-och-organisationer/stod-och-bidrag-i-lulea-kommun/verksamhetsbidrag-kultur-och-fritid.html,200,https://www.lulea.se/uppleva--gora/foreningar-och-organisationer/stod-och-bidrag-i-lulea-kommun/verksamhetsbidrag-kultur-och-fritid.html,0,text/html;charset=UTF-8,,,
lulea.yaml,lulea-verksamhetsbidrag-fritid,Verksamhetsbidrag fritid,https://www.lulea.se/uppleva--gora/foreningar-och-organisationer/stod-och-bidrag-i-lulea-kommun/verksamhetsbidrag-kultur-och-fritid.html,200,https://www.lulea.se/uppleva--gora/foreningar-och-organisationer/stod-och-bidrag-i-lulea-kommun/verksamhetsbidrag-kultur-och-fritid.html,0,text/html;charset=UTF-8,,,
lulea.yaml,lulea-lok-stod,"Lokalt aktivitetsstöd, LOK-stöd",https://www.lulea.se/uppleva--gora/foreningar-och-organisationer/stod-och-bidrag-i-lulea-kommun/lokalt-aktivitetsstod-lok-stod.html,200,https://www.lulea.se/uppleva--gora/foreningar-och-organisationer/stod-och-bidrag-i-lulea-kommun/lokalt-aktivitetsstod-lok-stod.html,0,text/html;charset=UTF-8,,,
lulea.yaml,lulea-lilla-evenemangsstodet,Lilla evenemangsstödet,https://www.lulea.se/uppleva--gora/foreningar-och-organisationer/stod-och-bidrag-i-lulea-kommun/evenemangsstod.html,200,https://www.lulea.se/uppleva--gora/foreningar-och-organisationer/stod-och-bidrag-i-lulea-kommun/evenemangsstod.html,0,text/html;charset=UTF-8,,,
lulea.yaml,lulea-stora-evenemangsstodet,Stora evenemangsstödet,https://www.lulea.se/uppleva--gora/foreningar-och-organisationer/stod-och-bidrag-i-lulea-kommun/evenemangsstod.html,200,https://www.lulea.se/uppleva--gora/foreningar-och-organisationer/stod-och-bidrag-i-lulea-kommun/evenemangsstod.html,0,text/html;charset=UTF-8,,,
lulea.yaml,lulea-offentliga-julgranar,Bidrag till offentliga julgranar,https://www.lulea.se/uppleva--gora/foreningar-och-organisationer/stod-och-bidrag-i-lulea-kommun/bidrag-till-offentliga-julgranar.html,200,https://www.lulea.se/uppleva--gora/foreningar-och-organisationer/stod-och-bidrag-i-lulea-kommun/bidrag-till-offentliga-julgranar.html,0,text/html;charset=UTF-8,,,
lulea.yaml,lulea-tradgardsforeningar,Bidrag till trädgårdsföreningar,https://www.lulea.se/uppleva--gora/foreningar-och-organisationer/stod-och-bidrag-i-lulea-kommun/bidrag-till-tradgardsforeingar.html,200,https://www.lulea.se/uppleva--gora/foreningar-och-organisationer/stod-och-bidrag-i-lulea-kommun/bidrag-till-tradgardsforeingar.html,0,text/html;charset=UTF-8,,,
lulea.yaml,lulea-organisationsstadning,Organisationsstädning,https://www.lulea.se/uppleva--gora/foreningar-och-organisationer/stod-och-bidrag-i-lulea-kommun/organisationsstadning.html,200,https://www.lulea.se/uppleva--gora/foreningar-och-organisationer/stod-och-bidrag-i-lulea-kommun/organisationsstadning.html,0,text/html;charset=UTF-8,,,
lulea.yaml,lulea-verksamhetslokaler,Bidrag till hyrda och egna verksamhetslokaler,https://www.lulea.se/uppleva--gora/foreningar-och-organisationer/stod-och-bidrag-i-lulea-kommun/fritidsbidrag.html,200,https://www.lulea.se/uppleva--gora/foreningar-och-organisationer/stod-och-bidrag-i-lulea-kommun/fritidsbidrag.html,0,text/html;charset=UTF-8,,,
lulea.yaml,lulea-pensionarsforeningar,Bidrag till pensionärsföreningar,https://www.lulea.se/uppleva--gora/foreningar-och-organisationer/stod-och-bidrag-i-lulea-kommun/fritidsbidrag.html,200,https://www.lulea.se/uppleva--gora/foreningar-och-organisationer/stod-och-bidrag-i-lulea-kommun/fritidsbidrag.html,0,text/html;charset=UTF-8,,,
lulea.yaml,lulea-driftsbidrag-anlaggningar,Driftsbidrag anläggningar,https://www.lulea.se/uppleva--gora/foreningar-och-organisationer/stod-och-bidrag-i-lulea-kommun/fritidsbidrag.html,200,https://www.lulea.se/uppleva--gora/foreningar-och-organisationer/stod-och-bidrag-i-lulea-kommun/fritidsbidrag.html,0,text/html;charset=UTF-8,,,
lulea.yaml,lulea-driftsbidrag-snoskoterleder,Driftsbidrag snöskoterleder,https://www.lulea.se/uppleva--gora/foreningar-och-organisationer/stod-och-bidrag-i-lulea-kommun/fritidsbidrag.html,200,https://www.lulea.se/uppleva--gora/foreningar-och-organisationer/stod-och-bidrag-i-lulea-kommun/fritidsbidrag.html,0,text/html;charset=UTF-8,,,
lulea.yaml,lulea-startbidrag-nya-foreningar,Startbidrag nya föreningar,https://www.lulea.se/uppleva--gora/foreningar-och-organisationer/stod-och-bidrag-i-lulea-kommun/fritidsbidrag.html,200,https://www.lulea.se/uppleva--gora/foreningar-och-organisationer/stod-och-bidrag-i-lulea-kommun/fritidsbidrag.html,0,text/html;charset=UTF-8,,,
lulea.yaml,lulea-sommarskola,Sommarskola,https://www.lulea.se/uppleva--gora/foreningar-och-organisationer/stod-och-bidrag-i-lulea-kommun/fritidsbidrag.html,200,https://www.lulea.se/uppleva--gora/foreningar-och-organisationer/stod-och-bidrag-i-lulea-kommun/fritidsbidrag.html,0,text/html;charset=UTF-8,,,
lulea.yaml,lulea-ovrigt-bidrag-fritid,Övrigt bidrag fritid,https://www.lulea.se/uppleva--gora/foreningar-och-organisationer/stod-och-bidrag-i-lulea-kommun/fritidsbidrag.html,200,https://www.lulea.se/uppleva--gora/foreningar-och-organisationer/stod-och-bidrag-i-lulea-kommun/fritidsbidrag.html,0,text/html;charset=UTF-8,,,
lulea.yaml,lulea-socialforvaltningen,Föreningsbidrag från socialförvaltningen,https://www.lulea.se/uppleva--gora/foreningar-och-organisationer/stod-och-bidrag-i-lulea-kommun/bidrag-till-foreningar-fran-socialforvaltningen.html,200,https://www.lulea.se/uppleva--gora/foreningar-och-organisationer/stod-och-bidrag-i-lulea-kommun/bidrag-till-foreningar-fran-socialforvaltningen.html,0,text/html;charset=UTF-8,,,
lulea.yaml,lulea-bygdemedel,Bygdemedel,https://www.lulea.se/uppleva--gora/foreningar-och-organisationer/stod-och-bidrag-i-lulea-kommun/bygdemedel.html,200,https://www.lulea.se/uppleva--gora/foreningar-och-organisationer/stod-och-bidrag-i-lulea-kommun/bygdemedel.html,0,text/html;charset=UTF-8,,,
lulea.yaml,lulea-byapeng,Byapeng,https://www.lulea.se/uppleva--gora/foreningar-och-organisationer/stod-och-bidrag-i-lulea-kommun/bidrag-till-landsbygden.html,200,https://www.lulea.se/uppleva--gora/foreningar-och-organisationer/stod-och-bidrag-i-lulea-kommun/bidrag-till-landsbygden.html,0,text/html;charset=UTF-8,,,
lulea.yaml,lulea-landsbygdsstod,Landsbygdsstöd,https://www.lulea.se/uppleva--gora/foreningar-och-organisationer/stod-och-bidrag-i-lulea-kommun/bidrag-till-landsbygden.html,200,https://www.lulea.se/uppleva--gora/foreningar-och-organisationer/stod-och-bidrag-i-lulea-kommun/bidrag-till-landsbygden.html,0,text/html;charset=UTF-8,,,
lulea.yaml,lulea-kultur-pa-landsbygden,Kultur på landsbygden,https://www.lulea.se/uppleva--gora/foreningar-och-organisationer/stod-och-bidrag-i-lulea-kommun/bidrag-till-landsbygden.html,200,https://www.lulea.se/uppleva--gora/foreningar-och-organisationer/stod-och-bidrag-i-lulea-kommun/bidrag-till-landsbygden.html,0,text/html;charset=UTF-8,,,
lulea.yaml,lulea-driftsbidrag-samlingslokaler,Driftsbidrag till samlingslokaler på landsbygden,https://www.lulea.se/uppleva--gora/foreningar-och-organisationer/stod-och-bidrag-i-lulea-kommun/bidrag-till-landsbygden.html,200,https://www.lulea.se/uppleva--gora/foreningar-och-organisationer/stod-och-bidrag-i-lulea-kommun/bidrag-till-landsbygden.html,0,text/html;charset=UTF-8,,,
lulea.yaml,lulea-investeringsbidrag-samlingslokaler,Investeringsbidrag till samlingslokaler på landsbygden,https://www.lulea.se/uppleva--gora/foreningar-och-organisationer/stod-och-bidrag-i-lulea-kommun/bidrag-till-landsbygden.html,200,https://www.lulea.se/uppleva--gora/foreningar-och-organisationer/stod-och-bidrag-i-lulea-kommun/bidrag-till-landsbygden.html,0,text/html;charset=UTF-8,,,
lulea.yaml,lulea-utfartsbidrag-enskilda-vagar,Utfartsbidrag enskilda vägar,https://www.lulea.se/boende--gator/gator-och-trafik/utfartsbidrag-enskilda-vagar.html,200,https://www.lulea.se/boende--gator/gator-och-trafik/utfartsbidrag-enskilda-vagar.html,0,text/html;charset=UTF-8,,,
lund.yaml,lund-startstod,Startstöd,https://lund.se/uppleva-och-gora/foreningslotsen/forenings--och-projektbidrag,200,https://lund.se/uppleva-och-gora/foreningslotsen/forenings--och-projektbidrag,0,text/html;charset=UTF-8,,,
lund.yaml,lund-lokalt-aktivitetsstod,Kommunalt lokalt aktivitetsstöd (LOK),https://lund.se/uppleva-och-gora/foreningslotsen/forenings--och-projektbidrag,200,https://lund.se/uppleva-och-gora/foreningslotsen/forenings--och-projektbidrag,0,text/html;charset=UTF-8,,,
lund.yaml,lund-utvecklingsstod-barn-unga,Utvecklingsstöd för barn- och ungdomsverksamhet,https://lund.se/uppleva-och-gora/foreningslotsen/forenings--och-projektbidrag,200,https://lund.se/uppleva-och-gora/foreningslotsen/forenings--och-projektbidrag,0,text/html;charset=UTF-8,,,
lund.yaml,lund-lokalkompensationsstod,Lokalkompensationsstöd,https://lund.se/uppleva-och-gora/foreningslotsen/forenings--och-projektbidrag,200,https://lund.se/uppleva-och-gora/foreningslotsen/forenings--och-projektbidrag,0,text/html;charset=UTF-8,,,
lund.yaml,lund-anlaggningsstod,Anläggningsstöd,https://lund.se/uppleva-och-gora/foreningslotsen/forenings--och-projektbidrag,200,https://lund.se/uppleva-och-gora/foreningslotsen/forenings--och-projektbidrag,0,text/html;charset=UTF-8,,,
lund.yaml,lund-lov-i-lund,Lov i Lund – stöd till lovaktiviteter,https://lund.se/uppleva-och-gora/foreningslotsen/forenings--och-projektbidrag,200,https://lund.se/uppleva-och-gora/foreningslotsen/forenings--och-projektbidrag,0,text/html;charset=UTF-8,,,
lund.yaml,lund-unga-leder-unga,Unga leder unga,https://lund.se/uppleva-och-gora/foreningslotsen/forenings--och-projektbidrag,200,https://lund.se/uppleva-och-gora/foreningslotsen/forenings--och-projektbidrag,0,text/html;charset=UTF-8,,,
lund.yaml,lund-naromradesstod-kultur,"Närområdesstöd till kultur, traditioner och högtider",https://lund.se/uppleva-och-gora/foreningslotsen/forenings--och-projektbidrag,200,https://lund.se/uppleva-och-gora/foreningslotsen/forenings--och-projektbidrag,0,text/html;charset=UTF-8,,,
lund.yaml,lund-projektstod-kultur,Projektstöd för publika kulturarrangemang,https://lund.se/uppleva-och-gora/foreningslotsen/forenings--och-projektbidrag,200,https://lund.se/uppleva-och-gora/foreningslotsen/forenings--och-projektbidrag,0,text/html;charset=UTF-8,,,
lund.yaml,lund-utvecklingsstod-kultur,"Utvecklingsstöd mini, midi och maxi",https://lund.se/uppleva-och-gora/foreningslotsen/forenings--och-projektbidrag,200,https://lund.se/uppleva-och-gora/foreningslotsen/forenings--och-projektbidrag,0,text/html;charset=UTF-8,,,
lund.yaml,lund-verksamhetsstod-kultur,Verksamhetsstöd till kulturverksamhet,https://lund.se/uppleva-och-gora/foreningslotsen/forenings--och-projektbidrag,200,https://lund.se/uppleva-och-gora/foreningslotsen/forenings--och-projektbidrag,0,text/html;charset=UTF-8,,,
lund.yaml,lund-publika-idrottsarrangemang,Stöd till publika idrottsarrangemang,https://lund.se/uppleva-och-gora/foreningslotsen/forenings--och-projektbidrag,200,https://lund.se/uppleva-och-gora/foreningslotsen/forenings--och-projektbidrag,0,text/html;charset=UTF-8,,,
lund.yaml,lund-hallbarhetsstod,Hållbarhetsstöd till civilsamhället,https://lund.se/uppleva-och-gora/foreningslotsen/forenings--och-projektbidrag,200,https://lund.se/uppleva-och-gora/foreningslotsen/forenings--och-projektbidrag,0,text/html;charset=UTF-8,,,
lund.yaml,lund-miljoanslag,Miljöanslag för föreningar,https://lund.se/uppleva-och-gora/foreningslotsen/forenings--och-projektbidrag,200,https://lund.se/uppleva-och-gora/foreningslotsen/forenings--och-projektbidrag,0,text/html;charset=UTF-8,,,
lund.yaml,lund-folkbildande-kultur,Stöd till folkbildande kulturverksamhet och ideella föreningar,https://lund.se/uppleva-och-gora/foreningslotsen/forenings--och-projektbidrag,200,https://lund.se/uppleva-och-gora/foreningslotsen/forenings--och-projektbidrag,0,text/html;charset=UTF-8,,,
lycksele.yaml,lycksele-verksamhetsbidrag-kultur,Verksamhetsbidrag till kulturföreningar,https://fri.lycksele.se/bidrag/,200,https://fri.lycksele.se/bidrag/,0,text/html; charset=utf-8,,,
lycksele.yaml,lycksele-kulturarrangemang,Bidrag till enstaka offentliga kulturarrangemang,https://fri.lycksele.se/bidrag/,200,https://fri.lycksele.se/bidrag/,0,text/html; charset=utf-8,,,
lycksele.yaml,lycksele-studieforbund-grund-volym,Grund- och volymbidrag till studieförbund,https://fri.lycksele.se/bidrag/,200,https://fri.lycksele.se/bidrag/,0,text/html; charset=utf-8,,,
lycksele.yaml,lycksele-studieforbund-kulturprogram,Bidrag till kulturprogram för studieförbund,https://fri.lycksele.se/bidrag/,200,https://fri.lycksele.se/bidrag/,0,text/html; charset=utf-8,,,
lycksele.yaml,lycksele-lonebidrag-ansokan,Bidrag för lönebidragsanställd,https://fri.lycksele.se/bidrag/,200,https://fri.lycksele.se/bidrag/,0,text/html; charset=utf-8,,,
lycksele.yaml,lycksele-lonebidrag-rekvisition,Rekvisition av bidrag för lönebidragsanställd,https://fri.lycksele.se/bidrag/,200,https://fri.lycksele.se/bidrag/,0,text/html; charset=utf-8,,,
lycksele.yaml,lycksele-hyrd-lokal,Lokalbidrag för hyrd lokal,https://fri.lycksele.se/bidrag/,200,https://fri.lycksele.se/bidrag/,0,text/html; charset=utf-8,,,
lycksele.yaml,lycksele-egen-lokal,Lokalbidrag för driftkostnader i egen lokal,https://fri.lycksele.se/bidrag/,200,https://fri.lycksele.se/bidrag/,0,text/html; charset=utf-8,,,
lycksele.yaml,lycksele-samlingslokal,Driftbidrag till samlingslokal,https://fri.lycksele.se/bidrag/,200,https://fri.lycksele.se/bidrag/,0,text/html; charset=utf-8,,,
lycksele.yaml,lycksele-stimulansbidrag,Stimulansbidrag,https://fri.lycksele.se/bidrag/,200,https://fri.lycksele.se/bidrag/,0,text/html; charset=utf-8,,,
lycksele.yaml,lycksele-grasfotbollsplan,Skötsel- och anläggningsbidrag – gräsfotbollsplan,https://fri.lycksele.se/bidrag/,200,https://fri.lycksele.se/bidrag/,0,text/html; charset=utf-8,,,
lycksele.yaml,lycksele-golfanlaggning,Skötsel- och anläggningsbidrag – golfanläggning,https://fri.lycksele.se/bidrag/,200,https://fri.lycksele.se/bidrag/,0,text/html; charset=utf-8,,,
lycksele.yaml,lycksele-motoranlaggning,Skötsel- och anläggningsbidrag – motoranläggning,https://fri.lycksele.se/bidrag/,200,https://fri.lycksele.se/bidrag/,0,text/html; charset=utf-8,,,
lycksele.yaml,lycksele-slalomanlaggning,Skötsel- och anläggningsbidrag – slalomanläggning,https://fri.lycksele.se/bidrag/,200,https://fri.lycksele.se/bidrag/,0,text/html; charset=utf-8,,,
lycksele.yaml,lycksele-skidspar,Skötsel- och anläggningsbidrag – skidspår,https://fri.lycksele.se/bidrag/,200,https://fri.lycksele.se/bidrag/,0,text/html; charset=utf-8,,,
lycksele.yaml,lycksele-isbana,Skötsel- och anläggningsbidrag – isbana,https://fri.lycksele.se/bidrag/,200,https://fri.lycksele.se/bidrag/,0,text/html; charset=utf-8,,,
lycksele.yaml,lycksele-skoterleder,Skötsel- och anläggningsbidrag – skoterleder,https://fri.lycksele.se/bidrag/,200,https://fri.lycksele.se/bidrag/,0,text/html; charset=utf-8,,,
lysekil.yaml,lysekil-lokalt-aktivitetsstod,Lokalt aktivitetsstöd,https://www.lysekil.se/download/18.4238e10118c6050f88aaf2fe/1773999849216/Regler%20f%C3%B6r%20f%C3%B6reningsst%C3%B6d%20i%20Lysekils%20kommun.pdf,200,https://www.lysekil.se/download/18.4238e10118c6050f88aaf2fe/1773999849216/Regler%20f%C3%B6r%20f%C3%B6reningsst%C3%B6d%20i%20Lysekils%20kommun.pdf,0,application/pdf,,,
lysekil.yaml,lysekil-grundbidrag,Grundbidrag,https://www.lysekil.se/download/18.4238e10118c6050f88aaf2fe/1773999849216/Regler%20f%C3%B6r%20f%C3%B6reningsst%C3%B6d%20i%20Lysekils%20kommun.pdf,200,https://www.lysekil.se/download/18.4238e10118c6050f88aaf2fe/1773999849216/Regler%20f%C3%B6r%20f%C3%B6reningsst%C3%B6d%20i%20Lysekils%20kommun.pdf,0,application/pdf,,,
lysekil.yaml,lysekil-subvention-av-kommunens-lokaler,Subvention av kommunens lokaler,https://www.lysekil.se/download/18.4238e10118c6050f88aaf2fe/1773999849216/Regler%20f%C3%B6r%20f%C3%B6reningsst%C3%B6d%20i%20Lysekils%20kommun.pdf,200,https://www.lysekil.se/download/18.4238e10118c6050f88aaf2fe/1773999849216/Regler%20f%C3%B6r%20f%C3%B6reningsst%C3%B6d%20i%20Lysekils%20kommun.pdf,0,application/pdf,,,
lysekil.yaml,lysekil-driftbidrag,Driftbidrag,https://www.lysekil.se/download/18.4238e10118c6050f88aaf2fe/1773999849216/Regler%20f%C3%B6r%20f%C3%B6reningsst%C3%B6d%20i%20Lysekils%20kommun.pdf,200,https://www.lysekil.se/download/18.4238e10118c6050f88aaf2fe/1773999849216/Regler%20f%C3%B6r%20f%C3%B6reningsst%C3%B6d%20i%20Lysekils%20kommun.pdf,0,application/pdf,,,
lysekil.yaml,lysekil-verksamhetsstimulerande-bidrag,Verksamhetsstimulerande bidrag,https://www.lysekil.se/download/18.4238e10118c6050f88aaf2fe/1773999849216/Regler%20f%C3%B6r%20f%C3%B6reningsst%C3%B6d%20i%20Lysekils%20kommun.pdf,200,https://www.lysekil.se/download/18.4238e10118c6050f88aaf2fe/1773999849216/Regler%20f%C3%B6r%20f%C3%B6reningsst%C3%B6d%20i%20Lysekils%20kommun.pdf,0,application/pdf,,,
lysekil.yaml,lysekil-verksamhetsbidrag-till-pensionarsforeningar,Verksamhetsbidrag till pensionärsföreningar,https://www.lysekil.se/download/18.4238e10118c6050f88aaf2fe/1773999849216/Regler%20f%C3%B6r%20f%C3%B6reningsst%C3%B6d%20i%20Lysekils%20kommun.pdf,200,https://www.lysekil.se/download/18.4238e10118c6050f88aaf2fe/1773999849216/Regler%20f%C3%B6r%20f%C3%B6reningsst%C3%B6d%20i%20Lysekils%20kommun.pdf,0,application/pdf,,,
lysekil.yaml,lysekil-verksamhetsbidrag-till-funktionsrattsforeningar,Verksamhetsbidrag till funktionsrättsföreningar,https://www.lysekil.se/download/18.4238e10118c6050f88aaf2fe/1773999849216/Regler%20f%C3%B6r%20f%C3%B6reningsst%C3%B6d%20i%20Lysekils%20kommun.pdf,200,https://www.lysekil.se/download/18.4238e10118c6050f88aaf2fe/1773999849216/Regler%20f%C3%B6r%20f%C3%B6reningsst%C3%B6d%20i%20Lysekils%20kommun.pdf,0,application/pdf,,,
lysekil.yaml,lysekil-verksamhetsbidrag-till-kulturforeningar,Verksamhetsbidrag till kulturföreningar,https://www.lysekil.se/uppleva-och-gora/foreningar-foreningsliv/bidrag-stod-och-stipendier,200,https://www.lysekil.se/uppleva-och-gora/foreningar-foreningsliv/bidrag-stod-och-stipendier,0,text/html;charset=UTF-8,,,
lysekil.yaml,lysekil-verksamhetsbidrag-till-ovriga-foreningar,Verksamhetsbidrag till övriga föreningar,https://www.lysekil.se/download/18.4238e10118c6050f88aaf2fe/1773999849216/Regler%20f%C3%B6r%20f%C3%B6reningsst%C3%B6d%20i%20Lysekils%20kommun.pdf,200,https://www.lysekil.se/download/18.4238e10118c6050f88aaf2fe/1773999849216/Regler%20f%C3%B6r%20f%C3%B6reningsst%C3%B6d%20i%20Lysekils%20kommun.pdf,0,application/pdf,,,
mala.yaml,mala-kultur-utveckling,Kulturbidrag – utvecklingsbidrag,https://www.mala.se/kultur-och-fritid/foreningsinformation/foreningsbidrag/,200,https://www.mala.se/kultur-och-fritid/foreningsinformation/foreningsbidrag/,0,text/html; charset=utf-8,,,
mala.yaml,mala-anlaggning,Anläggningsbidrag,https://www.mala.se/kultur-och-fritid/foreningsinformation/foreningsbidrag/,200,https://www.mala.se/kultur-och-fritid/foreningsinformation/foreningsbidrag/,0,text/html; charset=utf-8,,,
mala.yaml,mala-lokal,Lokalbidrag,https://www.mala.se/kultur-och-fritid/foreningsinformation/foreningsbidrag/,200,https://www.mala.se/kultur-och-fritid/foreningsinformation/foreningsbidrag/,0,text/html; charset=utf-8,,,
mala.yaml,mala-aktivitet,Aktivitetsbidrag,https://www.mala.se/kultur-och-fritid/foreningsinformation/foreningsbidrag/,200,https://www.mala.se/kultur-och-fritid/foreningsinformation/foreningsbidrag/,0,text/html; charset=utf-8,,,
mala.yaml,mala-snabbkultur,Snabbkulturbidrag,https://www.mala.se/kultur-och-fritid/foreningsinformation/foreningsbidrag/,200,https://www.mala.se/kultur-och-fritid/foreningsinformation/foreningsbidrag/,0,text/html; charset=utf-8,,,
mala.yaml,mala-fritid,Fritidsbidrag,https://www.mala.se/kultur-och-fritid/foreningsinformation/foreningsbidrag/,200,https://www.mala.se/kultur-och-fritid/foreningsinformation/foreningsbidrag/,0,text/html; charset=utf-8,,,
mala.yaml,mala-studieforbund,Bidrag till studieförbund,https://www.mala.se/kultur-och-fritid/foreningsinformation/foreningsbidrag/,200,https://www.mala.se/kultur-och-fritid/foreningsinformation/foreningsbidrag/,0,text/html; charset=utf-8,,,
mala.yaml,mala-bygdemedel,Bygdemedel,https://www.mala.se/kultur-och-fritid/foreningsinformation/foreningsbidrag/,200,https://www.mala.se/kultur-och-fritid/foreningsinformation/foreningsbidrag/,0,text/html; charset=utf-8,,,
malmo.yaml,malmo-aktivitetsstod,Aktivitetsstöd,https://malmo.se/For-foreningar/Foreningsliv---Idrott-och-fritid/Viktiga-datum-att-ha-koll-pa.html,200,https://malmo.se/For-foreningar/Foreningsliv---Idrott-och-fritid/Viktiga-datum-att-ha-koll-pa.html,0,text/html;charset=UTF-8,,,
malmo.yaml,malmo-grundstod,Grundstöd,https://malmo.se/For-foreningar/Foreningsliv---Idrott-och-fritid/Bidrag-och-stod.html,200,https://malmo.se/For-foreningar/Foreningsliv---Idrott-och-fritid/Bidrag-och-stod.html,0,text/html;charset=UTF-8,,,
malmo.yaml,malmo-lokalstod,Lokalstöd,https://malmo.se/For-foreningar/Foreningsliv---Idrott-och-fritid/Bidrag-och-stod.html,200,https://malmo.se/For-foreningar/Foreningsliv---Idrott-och-fritid/Bidrag-och-stod.html,0,text/html;charset=UTF-8,,,
malmo.yaml,malmo-evenemangsbidrag,Evenemangsbidrag (mindre/större),https://malmo.se/For-foreningar/Foreningsliv---Idrott-och-fritid/Bidrag-och-stod.html,200,https://malmo.se/For-foreningar/Foreningsliv---Idrott-och-fritid/Bidrag-och-stod.html,0,text/html;charset=UTF-8,,,
malmo.yaml,malmo-projektstod-kultur,Projektstöd inom kultur (kulturförvaltningen),https://malmo.se/For-foretag-och-verksamheter/Stod-till-kulturskapare/Stod-till-kulturorganisationer-och-studieforbund/Projektstod-inom-kultur.html,200,https://malmo.se/For-foretag-och-verksamheter/Stod-till-kulturskapare/Stod-till-kulturorganisationer-och-studieforbund/Projektstod-inom-kultur.html,0,text/html;charset=UTF-8,,,
malmo.yaml,malmo-verksamhetsstod-kultur,Verksamhetsstöd till kulturorganisationer,https://sjalvservice.malmo.se/oversikt/overview/658,200,https://sjalvservice.malmo.se/oversikt/overview/658,0,text/html;charset=ISO-8859-1,,,
malmo.yaml,malmo-socialt-bidrag,Bidrag till idéburna organisationer inom det sociala området,https://malmo.se/For-foreningar/Bidrag-till-ideburna-organisationer-inom-det-sociala-omradet.html,200,https://malmo.se/For-foreningar/Bidrag-till-ideburna-organisationer-inom-det-sociala-omradet.html,0,text/html;charset=UTF-8,,,
malung-salen.yaml,malung-salen-lokal-anlaggnings-och-driftsbidrag,"Lokal-, anläggnings- och driftsbidrag",https://malung-salen.se/kultur-och-fritid/foreningar-stod-och-stipendier,200,https://malung-salen.se/kultur-och-fritid/foreningar-stod-och-stipendier,0,text/html;charset=UTF-8,,,
malung-salen.yaml,malung-salen-verksamhetsbidrag,Verksamhetsbidrag,https://malung-salen.se/kultur-och-fritid/foreningar-stod-och-stipendier,200,https://malung-salen.se/kultur-och-fritid/foreningar-stod-och-stipendier,0,text/html;charset=UTF-8,,,
malung-salen.yaml,malung-salen-investeringsbidrag,Investeringsbidrag,https://malung-salen.se/kultur-och-fritid/foreningar-stod-och-stipendier,200,https://malung-salen.se/kultur-och-fritid/foreningar-stod-och-stipendier,0,text/html;charset=UTF-8,,,
malung-salen.yaml,malung-salen-arrangemangsbidrag,Arrangemangsbidrag,https://malung-salen.se/kultur-och-fritid/foreningar-stod-och-stipendier,200,https://malung-salen.se/kultur-och-fritid/foreningar-stod-och-stipendier,0,text/html;charset=UTF-8,,,
malung-salen.yaml,malung-salen-utbildningsbidrag,Utbildningsbidrag,https://malung-salen.se/kultur-och-fritid/foreningar-stod-och-stipendier,200,https://malung-salen.se/kultur-och-fritid/foreningar-stod-och-stipendier,0,text/html;charset=UTF-8,,,
malung-salen.yaml,malung-salen-stod-extern-arrangor,Stöd till extern arrangör,https://malung-salen.se/kultur-och-fritid/foreningar-stod-och-stipendier,200,https://malung-salen.se/kultur-och-fritid/foreningar-stod-och-stipendier,0,text/html;charset=UTF-8,,,
mariestad.yaml,mariestad-verksamhetsbidrag,Verksamhetsbidrag,https://mariestad.se/uppleva-och-gora/idrott-motion-och-friluftsliv/foreningsliv-och-foreningar/foreningsbidrag,200,https://mariestad.se/uppleva-och-gora/idrott-motion-och-friluftsliv/foreningsliv-och-foreningar/foreningsbidrag,0,text/html;charset=UTF-8,,,
mariestad.yaml,mariestad-anlaggningsbidrag,Anläggningsbidrag,https://mariestad.se/uppleva-och-gora/idrott-motion-och-friluftsliv/foreningsliv-och-foreningar/foreningsbidrag,200,https://mariestad.se/uppleva-och-gora/idrott-motion-och-friluftsliv/foreningsliv-och-foreningar/foreningsbidrag,0,text/html;charset=UTF-8,,,
mariestad.yaml,mariestad-hyresbidrag,Hyresbidrag,https://mariestad.se/uppleva-och-gora/idrott-motion-och-friluftsliv/foreningsliv-och-foreningar/foreningsbidrag,200,https://mariestad.se/uppleva-och-gora/idrott-motion-och-friluftsliv/foreningsliv-och-foreningar/foreningsbidrag,0,text/html;charset=UTF-8,,,
mariestad.yaml,mariestad-startbidrag,Startbidrag,https://mariestad.se/uppleva-och-gora/idrott-motion-och-friluftsliv/foreningsliv-och-foreningar/foreningsbidrag,200,https://mariestad.se/uppleva-och-gora/idrott-motion-och-friluftsliv/foreningsliv-och-foreningar/foreningsbidrag,0,text/html;charset=UTF-8,,,
mariestad.yaml,mariestad-bidrag-for-tillfalliga-arrangemang,Bidrag för tillfälliga arrangemang,https://mariestad.se/uppleva-och-gora/idrott-motion-och-friluftsliv/foreningsliv-och-foreningar/foreningsbidrag,200,https://mariestad.se/uppleva-och-gora/idrott-motion-och-friluftsliv/foreningsliv-och-foreningar/foreningsbidrag,0,text/html;charset=UTF-8,,,
mariestad.yaml,mariestad-bidrag-for-bygdegardsforeningar,Bidrag för bygdegårdsföreningar,https://mariestad.se/uppleva-och-gora/idrott-motion-och-friluftsliv/foreningsliv-och-foreningar/foreningsbidrag,200,https://mariestad.se/uppleva-och-gora/idrott-motion-och-friluftsliv/foreningsliv-och-foreningar/foreningsbidrag,0,text/html;charset=UTF-8,,,
mark.yaml,mark-stod-och-bidrag-inom-kultur-och-fritidsomradet,Stöd och bidrag inom kultur- och fritidsområdet,https://www.mark.se/uppleva-och-gora/foreningsliv/stod-och-bidrag-inom-kultur--och-fritidsomradet-samt-sociala-foreningar,200,https://www.mark.se/uppleva-och-gora/foreningsliv/stod-och-bidrag-inom-kultur--och-fritidsomradet-samt-sociala-foreningar,0,text/html;charset=UTF-8,,,
mark.yaml,mark-stod-till-sociala-foreningar,Stöd till sociala föreningar,https://www.mark.se/uppleva-och-gora/foreningsliv/stod-och-bidrag-inom-kultur--och-fritidsomradet-samt-sociala-foreningar,200,https://www.mark.se/uppleva-och-gora/foreningsliv/stod-och-bidrag-inom-kultur--och-fritidsomradet-samt-sociala-foreningar,0,text/html;charset=UTF-8,,,
mark.yaml,mark-bidrag-till-studieforbund-och-sisu,Bidrag till studieförbund och SISU,https://www.mark.se/uppleva-och-gora/foreningsliv/stod-och-bidrag-inom-kultur--och-fritidsomradet-samt-sociala-foreningar,200,https://www.mark.se/uppleva-och-gora/foreningsliv/stod-och-bidrag-inom-kultur--och-fritidsomradet-samt-sociala-foreningar,0,text/html;charset=UTF-8,,,
mark.yaml,mark-stod-av-naturvardslaget,Stöd av Naturvårdslaget,https://www.mark.se/uppleva-och-gora/foreningsliv/stod-och-bidrag-inom-kultur--och-fritidsomradet-samt-sociala-foreningar,200,https://www.mark.se/uppleva-och-gora/foreningsliv/stod-och-bidrag-inom-kultur--och-fritidsomradet-samt-sociala-foreningar,0,text/html;charset=UTF-8,,,
mark.yaml,mark-utvecklingspeng-byalag,Utvecklingspeng för byalag,https://www.mark.se/kommun-och-politik/kommunfakta/regler-och-styrande-dokument/styrdokument-for-bidrag-och-sponsring,200,https://www.mark.se/kommun-och-politik/kommunfakta/regler-och-styrande-dokument/styrdokument-for-bidrag-och-sponsring,0,text/html;charset=UTF-8,,,
markaryd.yaml,markaryd-aktivitetsbidrag,Aktivitetsbidrag,https://www.markaryd.se/sidor/uppleva-och-gora/foreningsinformation/foreningsbidrag.html,404,https://www.markaryd.se/sidor/uppleva-och-gora/foreningsinformation/foreningsbidrag.html,0,text/html;charset=UTF-8,,ja,
markaryd.yaml,markaryd-driftsbidrag,Driftsbidrag,https://www.markaryd.se/sidor/uppleva-och-gora/foreningsinformation/foreningsbidrag.html,404,https://www.markaryd.se/sidor/uppleva-och-gora/foreningsinformation/foreningsbidrag.html,0,text/html;charset=UTF-8,,ja,
markaryd.yaml,markaryd-foreningarnas-forfogande,Föreningarnas förfogande,https://www.markaryd.se/sidor/uppleva-och-gora/foreningsinformation/foreningsbidrag.html,404,https://www.markaryd.se/sidor/uppleva-och-gora/foreningsinformation/foreningsbidrag.html,0,text/html;charset=UTF-8,,ja,
markaryd.yaml,markaryd-kulturbidrag,Kulturbidrag,https://www.markaryd.se/sidor/uppleva-och-gora/foreningsinformation/foreningsbidrag.html,404,https://www.markaryd.se/sidor/uppleva-och-gora/foreningsinformation/foreningsbidrag.html,0,text/html;charset=UTF-8,,ja,
markaryd.yaml,markaryd-ledarutbildningsbidrag,Ledarutbildningsbidrag,https://www.markaryd.se/sidor/uppleva-och-gora/foreningsinformation/foreningsbidrag.html,404,https://www.markaryd.se/sidor/uppleva-och-gora/foreningsinformation/foreningsbidrag.html,0,text/html;charset=UTF-8,,ja,
markaryd.yaml,markaryd-lokalhyresbidrag,Lokalhyresbidrag,https://www.markaryd.se/sidor/uppleva-och-gora/foreningsinformation/foreningsbidrag.html,404,https://www.markaryd.se/sidor/uppleva-och-gora/foreningsinformation/foreningsbidrag.html,0,text/html;charset=UTF-8,,ja,
markaryd.yaml,markaryd-lokalhallandebidrag,Lokalhållandebidrag,https://www.markaryd.se/sidor/uppleva-och-gora/foreningsinformation/foreningsbidrag.html,404,https://www.markaryd.se/sidor/uppleva-och-gora/foreningsinformation/foreningsbidrag.html,0,text/html;charset=UTF-8,,ja,
markaryd.yaml,markaryd-startbidrag,Startbidrag,https://www.markaryd.se/sidor/uppleva-och-gora/foreningsinformation/foreningsbidrag.html,404,https://www.markaryd.se/sidor/uppleva-och-gora/foreningsinformation/foreningsbidrag.html,0,text/html;charset=UTF-8,,ja,
markaryd.yaml,markaryd-evenemangsbidrag,Evenemangsbidrag,https://www.markaryd.se/sidor/uppleva-och-gora/foreningsinformation/foreningsbidrag.html,404,https://www.markaryd.se/sidor/uppleva-och-gora/foreningsinformation/foreningsbidrag.html,0,text/html;charset=UTF-8,,ja,
markaryd.yaml,markaryd-verksamhets-och-utvecklingsbidrag,Verksamhets- och utvecklingsbidrag,https://www.markaryd.se/sidor/uppleva-och-gora/foreningsinformation/foreningsbidrag.html,404,https://www.markaryd.se/sidor/uppleva-och-gora/foreningsinformation/foreningsbidrag.html,0,text/html;charset=UTF-8,,ja,
markaryd.yaml,markaryd-bidrag-till-studieforbund,Bidrag till studieförbund,https://www.markaryd.se/sidor/uppleva-och-gora/foreningsinformation/foreningsbidrag.html,404,https://www.markaryd.se/sidor/uppleva-och-gora/foreningsinformation/foreningsbidrag.html,0,text/html;charset=UTF-8,,ja,
markaryd.yaml,markaryd-bidrag-till-sociala-organisationer,Bidrag till sociala organisationer,https://www.markaryd.se/sidor/uppleva-och-gora/foreningsinformation/foreningsbidrag.html,404,https://www.markaryd.se/sidor/uppleva-och-gora/foreningsinformation/foreningsbidrag.html,0,text/html;charset=UTF-8,,ja,
markaryd.yaml,markaryd-integrationsbidrag,Integrationsbidrag,https://www.markaryd.se/sidor/uppleva-och-gora/foreningsinformation/foreningsbidrag.html,404,https://www.markaryd.se/sidor/uppleva-och-gora/foreningsinformation/foreningsbidrag.html,0,text/html;charset=UTF-8,,ja,
markaryd.yaml,markaryd-ridskolebidrag,Ridskolebidrag,https://www.markaryd.se/sidor/uppleva-och-gora/foreningsinformation/foreningsbidrag.html,404,https://www.markaryd.se/sidor/uppleva-och-gora/foreningsinformation/foreningsbidrag.html,0,text/html;charset=UTF-8,,ja,
markaryd.yaml,markaryd-pensionar-funktionsratt,Bidrag till pensionärs- och funktionsrättsföreningar,https://www.markaryd.se/sidor/stod-och-omsorg/foreningar-och-foreningsbidrag/bidrag-till-pensionars--och-handikappforeningar.html,200,https://www.markaryd.se/sidor/stod-och-omsorg/foreningar-och-foreningsbidrag/bidrag-till-pensionars--och-handikappforeningar.html,0,text/html;charset=UTF-8,,,
markaryd.yaml,markaryd-halkskydd,Bidrag till utdelning av halkskydd,https://www.markaryd.se/sidor/stod-och-omsorg/foreningar-och-foreningsbidrag/bidrag-till-pensionars--och-handikappforeningar.html,200,https://www.markaryd.se/sidor/stod-och-omsorg/foreningar-och-foreningsbidrag/bidrag-till-pensionars--och-handikappforeningar.html,0,text/html;charset=UTF-8,,,
markaryd.yaml,markaryd-barn-ungdomskultur-stromsnasbruk-traryd,Bidrag till barn- och ungdomskultur i Strömsnäsbruk och Traryd,https://www.markaryd.se/sidor/uppleva-och-gora/kultur/foreningsbidrag-inom-kultur.html,200,https://www.markaryd.se/sidor/uppleva-och-gora/kultur/foreningsbidrag-inom-kultur.html,0,text/html;charset=UTF-8,,,
mellerud.yaml,mellerud-stod-till-barn--och-ungdomsverksamhet,Stöd till barn- och ungdomsverksamhet,https://mellerud.se/uppleva-och-gora/foreningar/foreningsliv/foreningsbidrag/,200,https://mellerud.se/uppleva-och-gora/foreningar/foreningsliv/foreningsbidrag/,0,text/html; charset=utf-8,,,
mellerud.yaml,mellerud-bidrag-till-kulturverksamma,Bidrag till kulturverksamma,https://mellerud.se/uppleva-och-gora/foreningar/foreningsliv/foreningsbidrag/kulturverksamhet/,200,https://mellerud.se/uppleva-och-gora/foreningar/foreningsliv/foreningsbidrag/kulturverksamhet/,0,text/html; charset=utf-8,,,
mellerud.yaml,mellerud-foreningsbidrag-inom-socialnamndens-verksamhetsomrade,Föreningsbidrag inom socialnämndens verksamhetsområde,https://mellerud.se/uppleva-och-gora/foreningar/foreningsliv/foreningsbidrag/pensionarsverksamhet-och-verksamhet-for-personer-med-funktionsnedsattningar/,200,https://mellerud.se/uppleva-och-gora/foreningar/foreningsliv/foreningsbidrag/pensionarsverksamhet-och-verksamhet-for-personer-med-funktionsnedsattningar/,0,text/html; charset=utf-8,,,
mellerud.yaml,mellerud-microbidrag,Microbidrag,https://mellerud.se/uppleva-och-gora/foreningar/foreningsliv/foreningsbidrag/pensionarsverksamhet-och-verksamhet-for-personer-med-funktionsnedsattningar/,200,https://mellerud.se/uppleva-och-gora/foreningar/foreningsliv/foreningsbidrag/pensionarsverksamhet-och-verksamhet-for-personer-med-funktionsnedsattningar/,0,text/html; charset=utf-8,,,
mellerud.yaml,mellerud-bidrag-till-samlingslokalhallande-foreningar,Bidrag till samlingslokalhållande föreningar,https://mellerud.se/uppleva-och-gora/foreningar/foreningsliv/foreningsbidrag/samlingslokalhallandeforeningar/,200,https://mellerud.se/uppleva-och-gora/foreningar/foreningsliv/foreningsbidrag/samlingslokalhallandeforeningar/,0,text/html; charset=utf-8,,,
mellerud.yaml,mellerud-kommunalt-investeringsbidrag---bygdepeng,Kommunalt investeringsbidrag – bygdepeng,https://mellerud.se/uppleva-och-gora/foreningar/foreningsliv/foreningsbidrag/ovrigt/,200,https://mellerud.se/uppleva-och-gora/foreningar/foreningsliv/foreningsbidrag/ovrigt/,0,text/html; charset=utf-8,,,
mellerud.yaml,mellerud-bidrag-till-spontanidrottsplats-eller-motionsspar,Bidrag till spontanidrottsplats eller motionsspår,https://mellerud.se/uppleva-och-gora/foreningar/foreningsliv/foreningsbidrag/ovrigt/,200,https://mellerud.se/uppleva-och-gora/foreningar/foreningsliv/foreningsbidrag/ovrigt/,0,text/html; charset=utf-8,,,
mellerud.yaml,mellerud-stod-genom-sarskilda-avtal,Stöd genom särskilda avtal,https://mellerud.se/uppleva-och-gora/foreningar/foreningsliv/foreningsbidrag/ovrigt/,200,https://mellerud.se/uppleva-och-gora/foreningar/foreningsliv/foreningsbidrag/ovrigt/,0,text/html; charset=utf-8,,,
mjolby.yaml,mjolby-verksamhetsbidrag,Verksamhetsbidrag,https://www.mjolby.se/uppleva-och-gora/foreningar-foreningsliv/bidrag-till-foreningar,200,https://www.mjolby.se/uppleva-och-gora/foreningar-foreningsliv/bidrag-till-foreningar,0,text/html;charset=UTF-8,,,
mjolby.yaml,mjolby-hyresbidrag,Hyresbidrag,https://www.mjolby.se/uppleva-och-gora/foreningar-foreningsliv/bidrag-till-foreningar,200,https://www.mjolby.se/uppleva-och-gora/foreningar-foreningsliv/bidrag-till-foreningar,0,text/html;charset=UTF-8,,,
mjolby.yaml,mjolby-driftbidrag,Driftbidrag,https://www.mjolby.se/uppleva-och-gora/foreningar-foreningsliv/bidrag-till-foreningar,200,https://www.mjolby.se/uppleva-och-gora/foreningar-foreningsliv/bidrag-till-foreningar,0,text/html;charset=UTF-8,,,
mjolby.yaml,mjolby-funktionsratt-bidrag,Bidrag för funktionsnedsättningsföreningar,https://www.mjolby.se/uppleva-och-gora/foreningar-foreningsliv/bidrag-till-foreningar,200,https://www.mjolby.se/uppleva-och-gora/foreningar-foreningsliv/bidrag-till-foreningar,0,text/html;charset=UTF-8,,,
mjolby.yaml,mjolby-pensionar-bidrag,Bidrag för pensionärsföreningar,https://www.mjolby.se/uppleva-och-gora/foreningar-foreningsliv/bidrag-till-foreningar,200,https://www.mjolby.se/uppleva-och-gora/foreningar-foreningsliv/bidrag-till-foreningar,0,text/html;charset=UTF-8,,,
mjolby.yaml,mjolby-hembygd-bygdegard-bidrag,Bidrag för hembygds- och bygdegårdsföreningar,https://www.mjolby.se/uppleva-och-gora/foreningar-foreningsliv/bidrag-till-foreningar,200,https://www.mjolby.se/uppleva-och-gora/foreningar-foreningsliv/bidrag-till-foreningar,0,text/html;charset=UTF-8,,,
mjolby.yaml,mjolby-sverok-bidrag,Sverok-stöd,https://www.mjolby.se/uppleva-och-gora/foreningar-foreningsliv/bidrag-till-foreningar,200,https://www.mjolby.se/uppleva-och-gora/foreningar-foreningsliv/bidrag-till-foreningar,0,text/html;charset=UTF-8,,,
mjolby.yaml,mjolby-utvecklingsbidrag,Utvecklingsbidrag/Projektstöd,https://www.mjolby.se/uppleva-och-gora/foreningar-foreningsliv/bidrag-till-foreningar,200,https://www.mjolby.se/uppleva-och-gora/foreningar-foreningsliv/bidrag-till-foreningar,0,text/html;charset=UTF-8,,,
mjolby.yaml,mjolby-utrustningSbjudrag,Utrustnings- och inventariebidrag,https://www.mjolby.se/uppleva-och-gora/foreningar-foreningsliv/bidrag-till-foreningar,200,https://www.mjolby.se/uppleva-och-gora/foreningar-foreningsliv/bidrag-till-foreningar,0,text/html;charset=UTF-8,,,
mjolby.yaml,mjolby-arrangement-bidrag,Arrangemangsbidrag,https://www.mjolby.se/uppleva-och-gora/foreningar-foreningsliv/bidrag-till-foreningar,200,https://www.mjolby.se/uppleva-och-gora/foreningar-foreningsliv/bidrag-till-foreningar,0,text/html;charset=UTF-8,,,
mjolby.yaml,mjolby-lokalbidrag,Lokalbidrag/Anläggningsstöd,https://www.mjolby.se/uppleva-och-gora/foreningar-foreningsliv/bidrag-till-foreningar,200,https://www.mjolby.se/uppleva-och-gora/foreningar-foreningsliv/bidrag-till-foreningar,0,text/html;charset=UTF-8,,,
mjolby.yaml,mjolby-uppdragsbidrag,Uppdragsbidrag,https://www.mjolby.se/uppleva-och-gora/foreningar-foreningsliv/bidrag-till-foreningar,200,https://www.mjolby.se/uppleva-och-gora/foreningar-foreningsliv/bidrag-till-foreningar,0,text/html;charset=UTF-8,,,
molndal.yaml,molndal-medlemsbidrag-barn-ungdom,Medlemsbidrag för barn- och ungdomsverksamhet,https://www.molndal.se/uppleva-och-gora/foreningar-och-foreningsliv/foreningsbidrag-och-stipendier/stod-till-barn--och-ungdomsverksamhet,200,https://www.molndal.se/uppleva-och-gora/foreningar-och-foreningsliv/foreningsbidrag-och-stipendier/stod-till-barn--och-ungdomsverksamhet,0,text/html;charset=UTF-8,,,
molndal.yaml,molndal-aktivitetsbidrag-barn-ungdom,Aktivitetsbidrag för barn- och ungdomsverksamhet,https://www.molndal.se/uppleva-och-gora/foreningar-och-foreningsliv/foreningsbidrag-och-stipendier/stod-till-barn--och-ungdomsverksamhet,200,https://www.molndal.se/uppleva-och-gora/foreningar-och-foreningsliv/foreningsbidrag-och-stipendier/stod-till-barn--och-ungdomsverksamhet,0,text/html;charset=UTF-8,,,
molndal.yaml,molndal-lokalbidrag-barn-ungdom,Lokalbidrag för barn- och ungdomsverksamhet,https://www.molndal.se/uppleva-och-gora/foreningar-och-foreningsliv/foreningsbidrag-och-stipendier/stod-till-barn--och-ungdomsverksamhet,200,https://www.molndal.se/uppleva-och-gora/foreningar-och-foreningsliv/foreningsbidrag-och-stipendier/stod-till-barn--och-ungdomsverksamhet,0,text/html;charset=UTF-8,,,
molndal.yaml,molndal-snabba-kulturstodet,Snabba kulturstödet,https://www.molndal.se/uppleva-och-gora/kultur/kulturstod,200,https://www.molndal.se/uppleva-och-gora/kultur/kulturstod,0,text/html;charset=UTF-8,,,
molndal.yaml,molndal-projektstod-kultur,Projektstöd kultur,https://www.molndal.se/uppleva-och-gora/kultur/kulturstod,200,https://www.molndal.se/uppleva-och-gora/kultur/kulturstod,0,text/html;charset=UTF-8,,,
molndal.yaml,molndal-verksamhetsstod-kultur,Verksamhetsstöd kultur,https://www.molndal.se/uppleva-och-gora/kultur/kulturstod,200,https://www.molndal.se/uppleva-och-gora/kultur/kulturstod,0,text/html;charset=UTF-8,,,
molndal.yaml,molndal-kulturstrategiskt-uppdrag,Kulturstrategiskt uppdrag,https://www.molndal.se/uppleva-och-gora/kultur/kulturstod,200,https://www.molndal.se/uppleva-och-gora/kultur/kulturstod,0,text/html;charset=UTF-8,,,
molndal.yaml,molndal-utvecklingsstod,Utvecklingsstöd,https://www.molndal.se/uppleva-och-gora/foreningar-och-foreningsliv/foreningsbidrag-och-stipendier/stod-till-barn--och-ungdomsverksamhet,200,https://www.molndal.se/uppleva-och-gora/foreningar-och-foreningsliv/foreningsbidrag-och-stipendier/stod-till-barn--och-ungdomsverksamhet,0,text/html;charset=UTF-8,,,
molndal.yaml,molndal-nystartsbidrag,Nystartsbidrag,https://www.molndal.se/uppleva-och-gora/foreningar-och-foreningsliv/foreningsbidrag-och-stipendier/stod-till-barn--och-ungdomsverksamhet,200,https://www.molndal.se/uppleva-och-gora/foreningar-och-foreningsliv/foreningsbidrag-och-stipendier/stod-till-barn--och-ungdomsverksamhet,0,text/html;charset=UTF-8,,,
molndal.yaml,molndal-investeringsbidrag,Investeringsbidrag,https://www.molndal.se/uppleva-och-gora/foreningar-och-foreningsliv/foreningsbidrag-och-stipendier/stod-till-barn--och-ungdomsverksamhet,200,https://www.molndal.se/uppleva-och-gora/foreningar-och-foreningsliv/foreningsbidrag-och-stipendier/stod-till-barn--och-ungdomsverksamhet,0,text/html;charset=UTF-8,,,
molndal.yaml,molndal-arrangemangs-projektstod-fritid,Arrangemangs- och projektstöd fritid,https://www.molndal.se/uppleva-och-gora/foreningar-och-foreningsliv/foreningsbidrag-och-stipendier/stod-till-barn--och-ungdomsverksamhet,200,https://www.molndal.se/uppleva-och-gora/foreningar-och-foreningsliv/foreningsbidrag-och-stipendier/stod-till-barn--och-ungdomsverksamhet,0,text/html;charset=UTF-8,,,
molndal.yaml,molndal-stod-studieforbund,Stöd till studieförbund,https://www.molndal.se/uppleva-och-gora/foreningar-och-foreningsliv/foreningsbidrag-och-stipendier/stod-till-studieforbund,200,https://www.molndal.se/uppleva-och-gora/foreningar-och-foreningsliv/foreningsbidrag-och-stipendier/stod-till-studieforbund,0,text/html;charset=UTF-8,,,
molndal.yaml,molndal-roa-lan,Ränte- och amorteringsfritt lån (RoA-lån),https://www.molndal.se/uppleva-och-gora/foreningar-och-foreningsliv/foreningsbidrag-och-stipendier/rante--och-amorteringsfritt-lan,200,https://www.molndal.se/uppleva-och-gora/foreningar-och-foreningsliv/foreningsbidrag-och-stipendier/rante--och-amorteringsfritt-lan,0,text/html;charset=UTF-8,,,
molndal.yaml,molndal-foreningsbidrag-sociala-fragor,Föreningsbidrag sociala frågor,https://www.molndal.se/uppleva-och-gora/foreningar-och-foreningsliv/foreningsbidrag-och-stipendier/foreningsbidrag-sociala-fragor,200,https://www.molndal.se/uppleva-och-gora/foreningar-och-foreningsliv/foreningsbidrag-och-stipendier/foreningsbidrag-sociala-fragor,0,text/html;charset=UTF-8,,,
molndal.yaml,molndal-foreningsbidrag-aldre-funktionsnedsattning,Föreningsbidrag för äldre och personer med funktionsnedsättning,https://www.molndal.se/uppleva-och-gora/foreningar-och-foreningsliv/foreningsbidrag-och-stipendier/foreningsbidrag-for-aldre-och-personer-med-funktionsnedsattning,200,https://www.molndal.se/uppleva-och-gora/foreningar-och-foreningsliv/foreningsbidrag-och-stipendier/foreningsbidrag-for-aldre-och-personer-med-funktionsnedsattning,0,text/html;charset=UTF-8,,,
molndal.yaml,molndal-driftsbidrag-enskilda-vagar,Driftsbidrag till enskilda vägar,https://www.molndal.se/trafik-och-resor/trafik-och-gator/enskilda-vagar,200,https://www.molndal.se/trafik-och-resor/trafik-och-gator/enskilda-vagar,0,text/html;charset=UTF-8,,,
monsteras.yaml,monsteras-stod-till-fritidsforeningar,Stöd till fritidsföreningar,https://www.monsteras.se/uppleva-och-gora/foreningar-foreningsliv/foreningsbidrag-stod/,200,https://www.monsteras.se/uppleva-och-gora/foreningar-foreningsliv/foreningsbidrag-stod/,0,text/html; charset=UTF-8,,,
monsteras.yaml,monsteras-lokalt-aktivitetsstod,Lokalt aktivitetsstöd,https://www.monsteras.se/uppleva-och-gora/foreningar-foreningsliv/foreningsbidrag-stod/,200,https://www.monsteras.se/uppleva-och-gora/foreningar-foreningsliv/foreningsbidrag-stod/,0,text/html; charset=UTF-8,,,
monsteras.yaml,monsteras-stod-till-kulturforeningar,Stöd till kulturföreningar,https://www.monsteras.se/uppleva-och-gora/foreningar-foreningsliv/foreningsbidrag-stod/,200,https://www.monsteras.se/uppleva-och-gora/foreningar-foreningsliv/foreningsbidrag-stod/,0,text/html; charset=UTF-8,,,
monsteras.yaml,monsteras-bidrag-till-studieforbund,Bidrag till studieförbund,https://www.monsteras.se/uppleva-och-gora/foreningar-foreningsliv/foreningsbidrag-stod/,200,https://www.monsteras.se/uppleva-och-gora/foreningar-foreningsliv/foreningsbidrag-stod/,0,text/html; charset=UTF-8,,,
monsteras.yaml,monsteras-stod-till-pensionarsforeningar,Stöd till pensionärsföreningar,https://www.monsteras.se/uppleva-och-gora/foreningar-foreningsliv/foreningsbidrag-stod/,200,https://www.monsteras.se/uppleva-och-gora/foreningar-foreningsliv/foreningsbidrag-stod/,0,text/html; charset=UTF-8,,,
monsteras.yaml,monsteras-stod-till-funktionshinderorganisationer,Stöd till funktionshinderorganisationer,https://www.monsteras.se/uppleva-och-gora/foreningar-foreningsliv/foreningsbidrag-stod/,200,https://www.monsteras.se/uppleva-och-gora/foreningar-foreningsliv/foreningsbidrag-stod/,0,text/html; charset=UTF-8,,,
monsteras.yaml,monsteras-stod-till-byvards--och-samhallsforeningar,Stöd till byvårds- och samhällsföreningar,https://www.monsteras.se/uppleva-och-gora/foreningar-foreningsliv/foreningsbidrag-stod/,200,https://www.monsteras.se/uppleva-och-gora/foreningar-foreningsliv/foreningsbidrag-stod/,0,text/html; charset=UTF-8,,,
monsteras.yaml,monsteras-evenemangsbidrag,Evenemangsbidrag,https://www.monsteras.se/uppleva-och-gora/foreningar-foreningsliv/foreningsbidrag-stod/,200,https://www.monsteras.se/uppleva-och-gora/foreningar-foreningsliv/foreningsbidrag-stod/,0,text/html; charset=UTF-8,,,
mora.yaml,mora-arsbidrag,Årsbidrag,https://morakommun.se/uppleva-och-gora/foreningar-och-foreningsstod/soka-foreningsstod.html,200,https://morakommun.se/uppleva-och-gora/foreningar-och-foreningsstod/soka-foreningsstod.html,0,text/html;charset=UTF-8,,,
mora.yaml,mora-sarskilt-bidrag,Särskilt bidrag,https://morakommun.se/uppleva-och-gora/foreningar-och-foreningsstod/soka-foreningsstod.html,200,https://morakommun.se/uppleva-och-gora/foreningar-och-foreningsstod/soka-foreningsstod.html,0,text/html;charset=UTF-8,,,
mora.yaml,mora-arrangemangsbidrag,Arrangemangsbidrag,https://morakommun.se/uppleva-och-gora/foreningar-och-foreningsstod/soka-foreningsstod/arrangemangsbidrag.html,200,https://morakommun.se/uppleva-och-gora/foreningar-och-foreningsstod/soka-foreningsstod/arrangemangsbidrag.html,0,text/html;charset=UTF-8,,,
mora.yaml,mora-kulturarvsbidrag,Kulturarvsbidrag,https://morakommun.se/uppleva-och-gora/foreningar-och-foreningsstod/soka-foreningsstod.html,200,https://morakommun.se/uppleva-och-gora/foreningar-och-foreningsstod/soka-foreningsstod.html,0,text/html;charset=UTF-8,,,
mora.yaml,mora-skotselbidrag,Skötselbidrag,https://morakommun.se/uppleva-och-gora/foreningar-och-foreningsstod/soka-foreningsstod/skotselbidrag.html,200,https://morakommun.se/uppleva-och-gora/foreningar-och-foreningsstod/soka-foreningsstod/skotselbidrag.html,0,text/html;charset=UTF-8,,,
morbylanga.yaml,morbylanga-aktivitetsstod,Aktivitetsstöd,https://www.morbylanga.se/uppleva-och-gora/idrott-motion-natur-och-friluftsliv/foreningar/,200,https://www.morbylanga.se/uppleva-och-gora/idrott-motion-natur-och-friluftsliv/foreningar/,0,text/html; charset=UTF-8,,,
morbylanga.yaml,morbylanga-hyresbidrag-for-icke-kommunala-anlaggningar,Hyresbidrag för icke-kommunala anläggningar,https://www.morbylanga.se/uppleva-och-gora/idrott-motion-natur-och-friluftsliv/foreningar/,200,https://www.morbylanga.se/uppleva-och-gora/idrott-motion-natur-och-friluftsliv/foreningar/,0,text/html; charset=UTF-8,,,
morbylanga.yaml,morbylanga-driftbidrag-for-foreningsagd-anlaggning,Driftbidrag för föreningsägd anläggning,https://www.morbylanga.se/uppleva-och-gora/idrott-motion-natur-och-friluftsliv/foreningar/,200,https://www.morbylanga.se/uppleva-och-gora/idrott-motion-natur-och-friluftsliv/foreningar/,0,text/html; charset=UTF-8,,,
morbylanga.yaml,morbylanga-bidrag-for-samlingslokaler,Bidrag för samlingslokaler,https://www.morbylanga.se/uppleva-och-gora/idrott-motion-natur-och-friluftsliv/foreningar/,200,https://www.morbylanga.se/uppleva-och-gora/idrott-motion-natur-och-friluftsliv/foreningar/,0,text/html; charset=UTF-8,,,
morbylanga.yaml,morbylanga-bidrag-for-simskola,Bidrag för simskola,https://www.morbylanga.se/uppleva-och-gora/idrott-motion-natur-och-friluftsliv/foreningar/,200,https://www.morbylanga.se/uppleva-och-gora/idrott-motion-natur-och-friluftsliv/foreningar/,0,text/html; charset=UTF-8,,,
morbylanga.yaml,morbylanga-projektbidrag,Projektbidrag,https://www.morbylanga.se/uppleva-och-gora/idrott-motion-natur-och-friluftsliv/foreningar/,200,https://www.morbylanga.se/uppleva-och-gora/idrott-motion-natur-och-friluftsliv/foreningar/,0,text/html; charset=UTF-8,,,
morbylanga.yaml,morbylanga-arrangemangsbidrag,Arrangemangsbidrag,https://www.morbylanga.se/uppleva-och-gora/idrott-motion-natur-och-friluftsliv/foreningar/,200,https://www.morbylanga.se/uppleva-och-gora/idrott-motion-natur-och-friluftsliv/foreningar/,0,text/html; charset=UTF-8,,,
morbylanga.yaml,morbylanga-foreningsbidrag-inom-social-omsorg,Föreningsbidrag inom social omsorg,https://www.morbylanga.se/uppleva-och-gora/idrott-motion-natur-och-friluftsliv/foreningar/,200,https://www.morbylanga.se/uppleva-och-gora/idrott-motion-natur-och-friluftsliv/foreningar/,0,text/html; charset=UTF-8,,,
motala.yaml,motala-aktivitetsbidrag,Aktivitetsbidrag,https://www.motala.se/uppleva-och-gora/foreningar-och-foreningsbidrag/foreningsbidrag-till-barn-och-ungdomsforeningar/,200,https://www.motala.se/uppleva-och-gora/foreningar-och-foreningsbidrag/foreningsbidrag-till-barn-och-ungdomsforeningar/,0,text/html; charset=UTF-8,,,
motala.yaml,motala-driftsbidrag-anlaggning,Driftsbidrag / Anläggningsbidrag,https://www.motala.se/uppleva-och-gora/foreningar-och-foreningsbidrag/foreningsbidrag-till-barn-och-ungdomsforeningar/,200,https://www.motala.se/uppleva-och-gora/foreningar-och-foreningsbidrag/foreningsbidrag-till-barn-och-ungdomsforeningar/,0,text/html; charset=UTF-8,,,
motala.yaml,motala-driftsbidrag-skidspar,Driftsbidrag för maskinpreparerade skidspår,https://www.motala.se/uppleva-och-gora/foreningar-och-foreningsbidrag/foreningsbidrag-till-barn-och-ungdomsforeningar/,200,https://www.motala.se/uppleva-och-gora/foreningar-och-foreningsbidrag/foreningsbidrag-till-barn-och-ungdomsforeningar/,0,text/html; charset=UTF-8,,,
motala.yaml,motala-lokalbidrag,Lokalbidrag,https://www.motala.se/uppleva-och-gora/foreningar-och-foreningsbidrag/foreningsbidrag-till-barn-och-ungdomsforeningar/,200,https://www.motala.se/uppleva-och-gora/foreningar-och-foreningsbidrag/foreningsbidrag-till-barn-och-ungdomsforeningar/,0,text/html; charset=UTF-8,,,
motala.yaml,motala-investeringsbidrag,Investerings- och underhållsbidrag,https://www.motala.se/uppleva-och-gora/foreningar-och-foreningsbidrag/foreningsbidrag-till-barn-och-ungdomsforeningar/,200,https://www.motala.se/uppleva-och-gora/foreningar-och-foreningsbidrag/foreningsbidrag-till-barn-och-ungdomsforeningar/,0,text/html; charset=UTF-8,,,
motala.yaml,motala-kvalitativt-verksamhetsbidrag,Kvalitativt verksamhetsbidrag (utvecklande verksamhetsbidrag),https://www.motala.se/uppleva-och-gora/foreningar-och-foreningsbidrag/foreningsbidrag-till-barn-och-ungdomsforeningar/,200,https://www.motala.se/uppleva-och-gora/foreningar-och-foreningsbidrag/foreningsbidrag-till-barn-och-ungdomsforeningar/,0,text/html; charset=UTF-8,,,
motala.yaml,motala-grundbidrag-kultur,Grundbidrag (kulturföreningar),https://www.motala.se/uppleva-och-gora/foreningar-och-foreningsbidrag/foreningsbidrag-till-kulturforeningar/,200,https://www.motala.se/uppleva-och-gora/foreningar-och-foreningsbidrag/foreningsbidrag-till-kulturforeningar/,0,text/html; charset=UTF-8,,,
motala.yaml,motala-kulturbidrag-arligt,Kulturbidrag — årligt bidrag,https://www.motala.se/uppleva-och-gora/foreningar-och-foreningsbidrag/foreningsbidrag-till-kulturforeningar/,200,https://www.motala.se/uppleva-och-gora/foreningar-och-foreningsbidrag/foreningsbidrag-till-kulturforeningar/,0,text/html; charset=UTF-8,,,
motala.yaml,motala-kulturbidrag-extra,Extra kulturbidrag,https://www.motala.se/uppleva-och-gora/foreningar-och-foreningsbidrag/foreningsbidrag-till-kulturforeningar/,200,https://www.motala.se/uppleva-och-gora/foreningar-och-foreningsbidrag/foreningsbidrag-till-kulturforeningar/,0,text/html; charset=UTF-8,,,
motala.yaml,motala-social-frivilligt-arbete,Föreningsbidrag för föreningar/organisationer som bedriver frivilligt arbete inom det sociala området,https://www.motala.se/uppleva-och-gora/foreningar-och-foreningsbidrag/foreningsbidrag-inom-det-sociala-omradet/,200,https://www.motala.se/uppleva-och-gora/foreningar-och-foreningsbidrag/foreningsbidrag-inom-det-sociala-omradet/,0,text/html; charset=UTF-8,,,
motala.yaml,motala-social-pensionar-funktionsratt,Föreningsbidrag för pensionärsföreningar och föreningar för personer med funktionsnedsättning,https://www.motala.se/media/uploads/Riktlinjer-for-foreningsbidrag-pensionarsforeningar-och-foreningar-for-personer-med-funktionsnedsattning.pdf,200,https://www.motala.se/media/uploads/Riktlinjer-for-foreningsbidrag-pensionarsforeningar-och-foreningar-for-personer-med-funktionsnedsattning.pdf,0,application/pdf,,,
motala.yaml,motala-social-lokaler-traffpunkter,Bidrag för lokaler och driftskostnader (träffpunkter för äldre),https://www.motala.se/uppleva-och-gora/foreningar-och-foreningsbidrag/foreningsbidrag-inom-det-sociala-omradet/,200,https://www.motala.se/uppleva-och-gora/foreningar-och-foreningsbidrag/foreningsbidrag-inom-det-sociala-omradet/,0,text/html; charset=UTF-8,,,
motala.yaml,motala-vagbidrag,Vägbidrag till vägsamfälligheter,https://www.motala.se/stadsplanering-och-trafik/gator-och-vagar/enskilda-vagar-och-vagsamfalligheter/,200,https://www.motala.se/stadsplanering-och-trafik/gator-och-vagar/enskilda-vagar-och-vagsamfalligheter/,0,text/html; charset=UTF-8,,,
mullsjo.yaml,mullsjo-startbidrag,Startbidrag,https://www.mullsjo.se/uppleva-och-gora/foreningar-och-bidrag/foreningsstod,200,https://www.mullsjo.se/uppleva-och-gora/foreningar-och-bidrag/foreningsstod,0,text/html;charset=UTF-8,,,
mullsjo.yaml,mullsjo-verksamhetsbidrag,Verksamhetsbidrag,https://www.mullsjo.se/uppleva-och-gora/foreningar-och-bidrag/foreningsstod,200,https://www.mullsjo.se/uppleva-och-gora/foreningar-och-bidrag/foreningsstod,0,text/html;charset=UTF-8,,,
mullsjo.yaml,mullsjo-ledarutbildning,Ledarutbildningsbidrag,https://www.mullsjo.se/uppleva-och-gora/foreningar-och-bidrag/foreningsstod,200,https://www.mullsjo.se/uppleva-och-gora/foreningar-och-bidrag/foreningsstod,0,text/html;charset=UTF-8,,,
mullsjo.yaml,mullsjo-lokal-anlaggning,Lokal- och anläggningsbidrag,https://www.mullsjo.se/uppleva-och-gora/foreningar-och-bidrag/foreningsstod,200,https://www.mullsjo.se/uppleva-och-gora/foreningar-och-bidrag/foreningsstod,0,text/html;charset=UTF-8,,,
mullsjo.yaml,mullsjo-forfogande,Bidrag till kultur- och fritidsnämndens förfogande,https://www.mullsjo.se/uppleva-och-gora/foreningar-och-bidrag/foreningsstod,200,https://www.mullsjo.se/uppleva-och-gora/foreningar-och-bidrag/foreningsstod,0,text/html;charset=UTF-8,,,
mullsjo.yaml,mullsjo-investeringsbidrag,Investeringsbidrag 1 och 2,https://www.mullsjo.se/uppleva-och-gora/foreningar-och-bidrag/foreningsstod,200,https://www.mullsjo.se/uppleva-och-gora/foreningar-och-bidrag/foreningsstod,0,text/html;charset=UTF-8,,,
mullsjo.yaml,mullsjo-ovriga-bidrag,Övriga bidrag,https://www.mullsjo.se/uppleva-och-gora/foreningar-och-bidrag/foreningsstod,200,https://www.mullsjo.se/uppleva-och-gora/foreningar-och-bidrag/foreningsstod,0,text/html;charset=UTF-8,,,
munkedal.yaml,munkedal-aktivitetsbidrag,Aktivitetsbidrag,https://www.munkedal.se/uppleva-och-gora/foreningar-foreningsliv/bidrag-stod-och-stipendier,200,https://www.munkedal.se/uppleva-och-gora/foreningar-foreningsliv/bidrag-stod-och-stipendier,0,text/html;charset=UTF-8,,,
munkedal.yaml,munkedal-anlaggningsbidrag,Anläggningsbidrag,https://www.munkedal.se/uppleva-och-gora/foreningar-foreningsliv/bidrag-stod-och-stipendier,200,https://www.munkedal.se/uppleva-och-gora/foreningar-foreningsliv/bidrag-stod-och-stipendier,0,text/html;charset=UTF-8,,,
munkedal.yaml,munkedal-sarskilt-anlaggningsbidrag,Särskilt anläggningsbidrag,https://www.munkedal.se/uppleva-och-gora/foreningar-foreningsliv/bidrag-stod-och-stipendier,200,https://www.munkedal.se/uppleva-och-gora/foreningar-foreningsliv/bidrag-stod-och-stipendier,0,text/html;charset=UTF-8,,,
munkedal.yaml,munkedal-startbidrag,Startbidrag,https://www.munkedal.se/uppleva-och-gora/foreningar-foreningsliv/bidrag-stod-och-stipendier,200,https://www.munkedal.se/uppleva-och-gora/foreningar-foreningsliv/bidrag-stod-och-stipendier,0,text/html;charset=UTF-8,,,
munkedal.yaml,munkedal-grundbidrag,Grundbidrag,https://sjalvservice.munkedal.se/,200,https://sjalvservice.munkedal.se/,0,text/html;charset=ISO-8859-1,,,
munkedal.yaml,munkedal-evenemangsbidrag,Evenemangsbidrag,https://sjalvservice.munkedal.se/,200,https://sjalvservice.munkedal.se/,0,text/html;charset=ISO-8859-1,,,
munkedal.yaml,munkedal-lokalbidrag,Lokalbidrag,https://sjalvservice.munkedal.se/,200,https://sjalvservice.munkedal.se/,0,text/html;charset=ISO-8859-1,,,
munkfors.yaml,munkfors-aktivitetsbidrag,Aktivitetsbidrag,https://www.munkfors.se/uppleva-och-gora/foreningar/foreningsbidrag/,200,https://www.munkfors.se/uppleva-och-gora/foreningar/foreningsbidrag/,0,text/html; charset=UTF-8,,,
munkfors.yaml,munkfors-anlaggningsbidrag,Anläggningsbidrag,https://www.munkfors.se/uppleva-och-gora/foreningar/foreningsbidrag/,200,https://www.munkfors.se/uppleva-och-gora/foreningar/foreningsbidrag/,0,text/html; charset=UTF-8,,,
munkfors.yaml,munkfors-evenemangsbidrag,Evenemangsbidrag,https://www.munkfors.se/uppleva-och-gora/foreningar/foreningsbidrag/,200,https://www.munkfors.se/uppleva-och-gora/foreningar/foreningsbidrag/,0,text/html; charset=UTF-8,,,
munkfors.yaml,munkfors-grundbidrag,Grundbidrag,https://www.munkfors.se/uppleva-och-gora/foreningar/foreningsbidrag/,200,https://www.munkfors.se/uppleva-och-gora/foreningar/foreningsbidrag/,0,text/html; charset=UTF-8,,,
munkfors.yaml,munkfors-ledarutbildningsbidrag,Ledarutbildningsbidrag,https://www.munkfors.se/uppleva-och-gora/foreningar/foreningsbidrag/,200,https://www.munkfors.se/uppleva-och-gora/foreningar/foreningsbidrag/,0,text/html; charset=UTF-8,,,
munkfors.yaml,munkfors-lokalbidrag,Lokalbidrag,https://www.munkfors.se/uppleva-och-gora/foreningar/foreningsbidrag/,200,https://www.munkfors.se/uppleva-och-gora/foreningar/foreningsbidrag/,0,text/html; charset=UTF-8,,,
munkfors.yaml,munkfors-start-och-utvecklingsbidrag,Start- och utvecklingsbidrag,https://www.munkfors.se/uppleva-och-gora/foreningar/foreningsbidrag/,200,https://www.munkfors.se/uppleva-och-gora/foreningar/foreningsbidrag/,0,text/html; charset=UTF-8,,,
nacka.yaml,nacka-aktivitetsbidrag,Aktivitetsbidrag,https://www.nacka.se/48e389/globalassets/kommun-politik/dokument/styrdokument/riktlinjer/riktlinjer-for-foreningsbidrag.pdf,200,https://www.nacka.se/48e389/globalassets/kommun-politik/dokument/styrdokument/riktlinjer/riktlinjer-for-foreningsbidrag.pdf,0,application/pdf,,,
nacka.yaml,nacka-investeringsbidrag,Investeringsbidrag,https://www.nacka.se/48e389/globalassets/kommun-politik/dokument/styrdokument/riktlinjer/riktlinjer-for-foreningsbidrag.pdf,200,https://www.nacka.se/48e389/globalassets/kommun-politik/dokument/styrdokument/riktlinjer/riktlinjer-for-foreningsbidrag.pdf,0,application/pdf,,,
nacka.yaml,nacka-projektbidrag,Projektbidrag,https://www.nacka.se/48e389/globalassets/kommun-politik/dokument/styrdokument/riktlinjer/riktlinjer-for-foreningsbidrag.pdf,200,https://www.nacka.se/48e389/globalassets/kommun-politik/dokument/styrdokument/riktlinjer/riktlinjer-for-foreningsbidrag.pdf,0,application/pdf,,,
nacka.yaml,nacka-lovbidrag,Lovbidrag,https://www.nacka.se/uppleva--gora/foreningar/foreningsbidrag/bidrag-for-fritidsverksamhet/,200,https://www.nacka.se/uppleva--gora/foreningar/foreningsbidrag/bidrag-for-fritidsverksamhet/,0,text/html; charset=utf-8,,,
nacka.yaml,nacka-sarskilt-verksamhetsbidrag,Särskilt verksamhetsbidrag,https://www.nacka.se/48e389/globalassets/kommun-politik/dokument/styrdokument/riktlinjer/riktlinjer-for-foreningsbidrag.pdf,200,https://www.nacka.se/48e389/globalassets/kommun-politik/dokument/styrdokument/riktlinjer/riktlinjer-for-foreningsbidrag.pdf,0,application/pdf,,,
nacka.yaml,nacka-grundbidrag-funktionsrattsforeningar,Grundbidrag för funktionsrättsföreningar,https://www.nacka.se/48e389/globalassets/kommun-politik/dokument/styrdokument/riktlinjer/riktlinjer-for-foreningsbidrag.pdf,200,https://www.nacka.se/48e389/globalassets/kommun-politik/dokument/styrdokument/riktlinjer/riktlinjer-for-foreningsbidrag.pdf,0,application/pdf,,,
nacka.yaml,nacka-verksamhetsbidrag-frivilligt-socialt-arbete,Verksamhetsbidrag för frivilligt socialt arbete,https://www.nacka.se/uppleva--gora/foreningar/foreningsbidrag/bidrag-for-frivilligt-socialt-arbete/,200,https://www.nacka.se/uppleva--gora/foreningar/foreningsbidrag/bidrag-for-frivilligt-socialt-arbete/,0,text/html; charset=utf-8,,,
nacka.yaml,nacka-foreningsbidrag-pensionarer,Föreningsbidrag till pensionärsföreningar,https://www.nacka.se/uppleva--gora/foreningar/foreningsbidrag/foreningsbidrag-for-pensionarer/,200,https://www.nacka.se/uppleva--gora/foreningar/foreningsbidrag/foreningsbidrag-for-pensionarer/,0,text/html; charset=utf-8,,,
nacka.yaml,nacka-ovrigt-finansiellt-stod,Övrigt finansiellt stöd till ideella föreningar (avtal/IOP),https://www.nacka.se/uppleva--gora/foreningar/foreningsbidrag/ovrigt-finansiellt-stod-till-ideella-foreningar/,200,https://www.nacka.se/uppleva--gora/foreningar/foreningsbidrag/ovrigt-finansiellt-stod-till-ideella-foreningar/,0,text/html; charset=utf-8,,,
nacka.yaml,nacka-litet-projektstod-kultur,Litet projektstöd (kultur),https://www.nacka.se/underwebbar/for-anordnare-inom-kulturomradet/kulturstod-och-stipendier/kulturbidrag/litet-projektstod/,200,https://www.nacka.se/underwebbar/for-anordnare-inom-kulturomradet/kulturstod-och-stipendier/kulturbidrag/litet-projektstod/,0,text/html; charset=utf-8,,,
nacka.yaml,nacka-stort-projektstod-produktionsstod,Stort projektstöd och produktionsstöd (kultur),https://www.nacka.se/underwebbar/for-anordnare-inom-kulturomradet/kulturstod-och-stipendier/kulturbidrag/stort-projektstod-och-produktionsstod/,200,https://www.nacka.se/underwebbar/for-anordnare-inom-kulturomradet/kulturstod-och-stipendier/kulturbidrag/stort-projektstod-och-produktionsstod/,0,text/html; charset=utf-8,,,
nacka.yaml,nacka-verksamhetsstod-kultur,Verksamhetsstöd (kultur),https://www.nacka.se/underwebbar/for-anordnare-inom-kulturomradet/kulturstod-och-stipendier/kulturbidrag/verksamhetsstod/,200,https://www.nacka.se/underwebbar/for-anordnare-inom-kulturomradet/kulturstod-och-stipendier/kulturbidrag/verksamhetsstod/,0,text/html; charset=utf-8,,,
nacka.yaml,nacka-vagbidrag,Vägbidrag,https://www.nacka.se/stadsutveckling-trafik/skotsel-av-gator-och-vagar/vem-ansvarar-for-vagen/vag-och-gatubelysningsbidrag/,200,https://www.nacka.se/stadsutveckling-trafik/skotsel-av-gator-och-vagar/vem-ansvarar-for-vagen/vag-och-gatubelysningsbidrag/,0,text/html; charset=utf-8,,,
nacka.yaml,nacka-gatubelysningsbidrag,Gatubelysningsbidrag,https://www.nacka.se/stadsutveckling-trafik/skotsel-av-gator-och-vagar/vem-ansvarar-for-vagen/vag-och-gatubelysningsbidrag/,200,https://www.nacka.se/stadsutveckling-trafik/skotsel-av-gator-och-vagar/vem-ansvarar-for-vagen/vag-och-gatubelysningsbidrag/,0,text/html; charset=utf-8,,,
nassjo.yaml,nassjo-driftbidrag,Driftbidrag,https://nassjo.se/kultur-och-fritid/forening/foreningsbidrag.html,200,https://nassjo.se/kultur-och-fritid/forening/foreningsbidrag.html,0,text/html;charset=UTF-8,,,
nassjo.yaml,nassjo-arrangemangsbidrag,Arrangemangsbidrag,https://nassjo.se/kultur-och-fritid/forening/foreningsbidrag.html,200,https://nassjo.se/kultur-och-fritid/forening/foreningsbidrag.html,0,text/html;charset=UTF-8,,,
nassjo.yaml,nassjo-sociala-initiativ,Ansökan om sociala initiativ,https://sjalvservice.nassjo.se/oversikt/overview/636,200,https://sjalvservice.nassjo.se/oversikt/overview/636,0,text/html;charset=ISO-8859-1,,,
nassjo.yaml,nassjo-grundstod-pensionarer,Grundstöd till pensionärsföreningar,https://nassjo.se/kultur-och-fritid/forening/foreningsbidrag.html,200,https://nassjo.se/kultur-och-fritid/forening/foreningsbidrag.html,0,text/html;charset=UTF-8,,,
nassjo.yaml,nassjo-kommundelspeng,Kommundelspeng,https://nassjo.se/kultur-och-fritid/forening/foreningsbidrag.html,200,https://nassjo.se/kultur-och-fritid/forening/foreningsbidrag.html,0,text/html;charset=UTF-8,,,
nassjo.yaml,nassjo-offentlig-medfinansiering,Offentlig medfinansiering,https://nassjo.se/kultur-och-fritid/forening/foreningsbidrag.html,200,https://nassjo.se/kultur-och-fritid/forening/foreningsbidrag.html,0,text/html;charset=UTF-8,,,
nassjo.yaml,nassjo-administrationsbidrag,Administrationsbidrag,https://nassjo.se/kultur-och-fritid/forening/foreningsbidrag.html,200,https://nassjo.se/kultur-och-fritid/forening/foreningsbidrag.html,0,text/html;charset=UTF-8,,,
nassjo.yaml,nassjo-aktivitetsbidrag,Aktivitetsbidrag,https://nassjo.se/kultur-och-fritid/forening/foreningsbidrag.html,200,https://nassjo.se/kultur-och-fritid/forening/foreningsbidrag.html,0,text/html;charset=UTF-8,,,
nassjo.yaml,nassjo-investeringsbidrag,Investeringsbidrag,https://nassjo.se/kultur-och-fritid/forening/foreningsbidrag.html,200,https://nassjo.se/kultur-och-fritid/forening/foreningsbidrag.html,0,text/html;charset=UTF-8,,,
nora.yaml,nora-kommunalt-aktivitetsstod,Kommunalt aktivitetsstöd,https://etjanster.nora.se/oversikt/overview/311,200,https://etjanster.nora.se/oversikt/overview/311,0,text/html;charset=ISO-8859-1,,,
nora.yaml,nora-bidrag-for-ungdomsledarutbildning,Bidrag för ungdomsledarutbildning,https://etjanster.nora.se/oversikt/overview/311,200,https://etjanster.nora.se/oversikt/overview/311,0,text/html;charset=ISO-8859-1,,,
nora.yaml,nora-bidrag-for-kultur-och-fritidsverksamhet,Bidrag för kultur- och fritidsverksamhet,https://etjanster.nora.se/oversikt/overview/311,200,https://etjanster.nora.se/oversikt/overview/311,0,text/html;charset=ISO-8859-1,,,
nora.yaml,nora-bidrag-for-omsorg-aldre-och-socialt-omrade,"Bidrag för omsorg, äldre och socialt område",https://etjanster.nora.se/oversikt/overview/311,200,https://etjanster.nora.se/oversikt/overview/311,0,text/html;charset=ISO-8859-1,,,
nora.yaml,nora-bidrag-till-lovaktivitet,Bidrag till lovaktivitet,https://etjanster.nora.se/oversikt/overview/311,200,https://etjanster.nora.se/oversikt/overview/311,0,text/html;charset=ISO-8859-1,,,
nora.yaml,nora-bidrag-enligt-avtal,Bidrag enligt avtal,https://etjanster.nora.se/oversikt/overview/311,200,https://etjanster.nora.se/oversikt/overview/311,0,text/html;charset=ISO-8859-1,,,
nora.yaml,nora-flaggning-och-stadning,Bidrag för flaggning eller städning på stan,https://www.nora.se/upplevagora/foreningarochforeningsliv/bidragstodochstipendier/kommunalabidrag.4.539d1c491275e7d056480003962.html,200,https://www.nora.se/upplevagora/foreningarochforeningsliv/bidragstodochstipendier/kommunalabidrag.4.539d1c491275e7d056480003962.html,0,text/html;charset=UTF-8,,,
nora.yaml,nora-ungt-initiativ,Ungt initiativ,https://www.nora.se/upplevagora/foreningarochforeningsliv/bidragstodochstipendier/kommunalabidrag.4.539d1c491275e7d056480003962.html,200,https://www.nora.se/upplevagora/foreningarochforeningsliv/bidragstodochstipendier/kommunalabidrag.4.539d1c491275e7d056480003962.html,0,text/html;charset=UTF-8,,,
norberg.yaml,norberg-verksamhetsstod,Verksamhetsstöd,https://norberg.se/kultur--fritid/forening/foreningsbidrag.html,404,https://norberg.se/kultur--fritid/forening/foreningsbidrag.html,0,text/html;charset=UTF-8,,ja,
norberg.yaml,norberg-aktivitetsstod,Aktivitetsstöd,https://norberg.se/kultur--fritid/forening/foreningsbidrag.html,404,https://norberg.se/kultur--fritid/forening/foreningsbidrag.html,0,text/html;charset=UTF-8,,ja,
norberg.yaml,norberg-drift-och-underhallsstod,Drift- och underhållsstöd,https://norberg.se/kultur--fritid/forening/foreningsbidrag.html,404,https://norberg.se/kultur--fritid/forening/foreningsbidrag.html,0,text/html;charset=UTF-8,,ja,
norberg.yaml,norberg-oppet-evenemangsstod,Öppet evenemangsstöd,https://norberg.se/kultur--fritid/forening/foreningsbidrag.html,404,https://norberg.se/kultur--fritid/forening/foreningsbidrag.html,0,text/html;charset=UTF-8,,ja,
nordanstig.yaml,nordanstig-lokalt-aktivitetsstod,Lokalt aktivitetsstöd,https://nordanstig.se/startsida/sidor/uppleva-och-gora/foreningar-och-foreningsliv/bidrag.html,200,https://nordanstig.se/startsida/sidor/uppleva-och-gora/foreningar-och-foreningsliv/bidrag.html,0,text/html;charset=UTF-8,,,
nordanstig.yaml,nordanstig-driftbidrag,Driftbidrag,https://nordanstig.se/startsida/sidor/uppleva-och-gora/foreningar-och-foreningsliv/bidrag.html,200,https://nordanstig.se/startsida/sidor/uppleva-och-gora/foreningar-och-foreningsliv/bidrag.html,0,text/html;charset=UTF-8,,,
nordanstig.yaml,nordanstig-verksamhetsstod,Verksamhetsstöd,https://nordanstig.se/startsida/sidor/uppleva-och-gora/foreningar-och-foreningsliv/bidrag.html,200,https://nordanstig.se/startsida/sidor/uppleva-och-gora/foreningar-och-foreningsliv/bidrag.html,0,text/html;charset=UTF-8,,,
nordanstig.yaml,nordanstig-projektbidrag,Projektbidrag,https://nordanstig.se/startsida/sidor/uppleva-och-gora/foreningar-och-foreningsliv/bidrag.html,200,https://nordanstig.se/startsida/sidor/uppleva-och-gora/foreningar-och-foreningsliv/bidrag.html,0,text/html;charset=UTF-8,,,
nordanstig.yaml,nordanstig-bidrag-for-samlingslokaler,Bidrag för samlingslokaler,https://nordanstig.se/startsida/sidor/uppleva-och-gora/foreningar-och-foreningsliv/bidrag.html,200,https://nordanstig.se/startsida/sidor/uppleva-och-gora/foreningar-och-foreningsliv/bidrag.html,0,text/html;charset=UTF-8,,,
nordanstig.yaml,nordanstig-bidrag-till-bygglovsavgift,Bidrag till bygglovsavgift,https://nordanstig.se/startsida/sidor/uppleva-och-gora/foreningar-och-foreningsliv/bidrag.html,200,https://nordanstig.se/startsida/sidor/uppleva-och-gora/foreningar-och-foreningsliv/bidrag.html,0,text/html;charset=UTF-8,,,
nordanstig.yaml,nordanstig-aktivitetsstod-till-studieforbund,Aktivitetsstöd till studieförbund,https://nordanstig.se/startsida/sidor/uppleva-och-gora/foreningar-och-foreningsliv/bidrag.html,200,https://nordanstig.se/startsida/sidor/uppleva-och-gora/foreningar-och-foreningsliv/bidrag.html,0,text/html;charset=UTF-8,,,
nordanstig.yaml,nordanstig-kultur-och-foreningsledarstipendium,Kultur- och föreningsledarstipendium,https://nordanstig.se/startsida/sidor/uppleva-och-gora/foreningar-och-foreningsliv/bidrag.html,200,https://nordanstig.se/startsida/sidor/uppleva-och-gora/foreningar-och-foreningsliv/bidrag.html,0,text/html;charset=UTF-8,,,
nordmaling.yaml,nordmaling-aktivitetsstod-idrott,Aktivitetsstöd för idrottsföreningar,https://www.nordmaling.se/aktiv/stod-bidrag-och-stipendium,200,https://www.nordmaling.se/aktiv/stod-bidrag-och-stipendium,0,text/html;charset=UTF-8,,,
nordmaling.yaml,nordmaling-aktivitetsstod-ungdom,Aktivitetsstöd för allmänna ungdomsföreningar,https://www.nordmaling.se/aktiv/stod-bidrag-och-stipendium,200,https://www.nordmaling.se/aktiv/stod-bidrag-och-stipendium,0,text/html;charset=UTF-8,,,
nordmaling.yaml,nordmaling-projektstod,Projektstöd,https://www.nordmaling.se/aktiv/stod-bidrag-och-stipendium,200,https://www.nordmaling.se/aktiv/stod-bidrag-och-stipendium,0,text/html;charset=UTF-8,,,
nordmaling.yaml,nordmaling-investeringsbidrag-samlingslokaler,Investeringsbidrag för allmänna samlingslokaler,https://www.nordmaling.se/aktiv/stod-bidrag-och-stipendium,200,https://www.nordmaling.se/aktiv/stod-bidrag-och-stipendium,0,text/html;charset=UTF-8,,,
nordmaling.yaml,nordmaling-verksamhetsstod-kultur,Verksamhetsstöd till kulturföreningar,https://www.nordmaling.se/aktiv/stod-bidrag-och-stipendium,200,https://www.nordmaling.se/aktiv/stod-bidrag-och-stipendium,0,text/html;charset=UTF-8,,,
nordmaling.yaml,nordmaling-bygdegardsstod,Stöd till bygdegård och liknande föreningar,https://www.nordmaling.se/aktiv/stod-bidrag-och-stipendium,200,https://www.nordmaling.se/aktiv/stod-bidrag-och-stipendium,0,text/html;charset=UTF-8,,,
nordmaling.yaml,nordmaling-anlaggningsbidrag,Anläggningsbidrag,https://www.nordmaling.se/aktiv/stod-bidrag-och-stipendium,200,https://www.nordmaling.se/aktiv/stod-bidrag-och-stipendium,0,text/html;charset=UTF-8,,,
nordmaling.yaml,nordmaling-resebidrag,Resebidrag,https://www.nordmaling.se/aktiv/stod-bidrag-och-stipendium,200,https://www.nordmaling.se/aktiv/stod-bidrag-och-stipendium,0,text/html;charset=UTF-8,,,
nordmaling.yaml,nordmaling-ovrigt,Övrigt föreningsstöd,https://www.nordmaling.se/aktiv/stod-bidrag-och-stipendium,200,https://www.nordmaling.se/aktiv/stod-bidrag-och-stipendium,0,text/html;charset=UTF-8,,,
norrkoping.yaml,norrkoping-riktade-insatser-idrott-fritid,Bidrag till riktade insatser – idrott och fritid,https://norrkoping.se/se-och-gora/stod-bidrag-och-stipendier/bidrag-till-foreningar-och-andra-aktorer,200,https://norrkoping.se/se-och-gora/stod-bidrag-och-stipendier/bidrag-till-foreningar-och-andra-aktorer,0,text/html;charset=UTF-8,,,
norrkoping.yaml,norrkoping-medlemsbidrag-idrott-fritid,Medlemsbidrag – idrott och fritid,https://norrkoping.se/se-och-gora/stod-bidrag-och-stipendier/bidrag-till-foreningar-och-andra-aktorer,200,https://norrkoping.se/se-och-gora/stod-bidrag-och-stipendier/bidrag-till-foreningar-och-andra-aktorer,0,text/html;charset=UTF-8,,,
norrkoping.yaml,norrkoping-driftbidrag,Driftbidrag,https://norrkoping.se/se-och-gora/stod-bidrag-och-stipendier/bidrag-till-foreningar-och-andra-aktorer,200,https://norrkoping.se/se-och-gora/stod-bidrag-och-stipendier/bidrag-till-foreningar-och-andra-aktorer,0,text/html;charset=UTF-8,,,
norrkoping.yaml,norrkoping-investeringsbidrag,Investeringsbidrag,https://norrkoping.se/se-och-gora/stod-bidrag-och-stipendier/bidrag-till-foreningar-och-andra-aktorer,200,https://norrkoping.se/se-och-gora/stod-bidrag-och-stipendier/bidrag-till-foreningar-och-andra-aktorer,0,text/html;charset=UTF-8,,,
norrkoping.yaml,norrkoping-arrangemangsbidrag,Arrangemangsbidrag,https://norrkoping.se/se-och-gora/stod-bidrag-och-stipendier/bidrag-till-foreningar-och-andra-aktorer,200,https://norrkoping.se/se-och-gora/stod-bidrag-och-stipendier/bidrag-till-foreningar-och-andra-aktorer,0,text/html;charset=UTF-8,,,
norrkoping.yaml,norrkoping-evenemangsbidrag,Evenemangsbidrag,https://norrkoping.se/se-och-gora/stod-bidrag-och-stipendier/bidrag-till-foreningar-och-andra-aktorer,200,https://norrkoping.se/se-och-gora/stod-bidrag-och-stipendier/bidrag-till-foreningar-och-andra-aktorer,0,text/html;charset=UTF-8,,,
norrkoping.yaml,norrkoping-produktionsbidrag,Produktionsbidrag,https://norrkoping.se/se-och-gora/stod-bidrag-och-stipendier/bidrag-till-foreningar-och-andra-aktorer,200,https://norrkoping.se/se-och-gora/stod-bidrag-och-stipendier/bidrag-till-foreningar-och-andra-aktorer,0,text/html;charset=UTF-8,,,
norrkoping.yaml,norrkoping-verksamhetsbidrag-kultur,Verksamhetsbidrag – kultur- och publik verksamhet,https://norrkoping.se/se-och-gora/stod-bidrag-och-stipendier/bidrag-till-foreningar-och-andra-aktorer,200,https://norrkoping.se/se-och-gora/stod-bidrag-och-stipendier/bidrag-till-foreningar-och-andra-aktorer,0,text/html;charset=UTF-8,,,
norrkoping.yaml,norrkoping-riktade-insatser-demokrati,Bidrag till riktade insatser – demokrati och inkludering,https://norrkoping.se/se-och-gora/stod-bidrag-och-stipendier/bidrag-till-foreningar-och-andra-aktorer,200,https://norrkoping.se/se-och-gora/stod-bidrag-och-stipendier/bidrag-till-foreningar-och-andra-aktorer,0,text/html;charset=UTF-8,,,
norrkoping.yaml,norrkoping-bygdepeng,Bygdepeng,https://norrkoping.se/se-och-gora/stod-bidrag-och-stipendier/bidrag-till-foreningar-och-andra-aktorer,200,https://norrkoping.se/se-och-gora/stod-bidrag-och-stipendier/bidrag-till-foreningar-och-andra-aktorer,0,text/html;charset=UTF-8,,,
norrkoping.yaml,norrkoping-finskt-forvaltningsomrade,Bidrag inom finskt förvaltningsområde,https://norrkoping.se/se-och-gora/stod-bidrag-och-stipendier/bidrag-till-foreningar-och-andra-aktorer,200,https://norrkoping.se/se-och-gora/stod-bidrag-och-stipendier/bidrag-till-foreningar-och-andra-aktorer,0,text/html;charset=UTF-8,,,
norrkoping.yaml,norrkoping-medlemsbidrag-pensionarer,Medlemsbidrag – pensionärsföreningar,https://norrkoping.se/se-och-gora/stod-bidrag-och-stipendier/bidrag-till-foreningar-och-andra-aktorer,200,https://norrkoping.se/se-och-gora/stod-bidrag-och-stipendier/bidrag-till-foreningar-och-andra-aktorer,0,text/html;charset=UTF-8,,,
norrkoping.yaml,norrkoping-verksamhetsbidrag-demokrati,Verksamhetsbidrag – demokrati och inkludering,https://norrkoping.se/se-och-gora/stod-bidrag-och-stipendier/bidrag-till-foreningar-och-andra-aktorer,200,https://norrkoping.se/se-och-gora/stod-bidrag-och-stipendier/bidrag-till-foreningar-och-andra-aktorer,0,text/html;charset=UTF-8,,,
norrkoping.yaml,norrkoping-verksamhetsbidrag-funktionshinder,Verksamhetsbidrag – funktionshinderföreningar,https://norrkoping.se/se-och-gora/stod-bidrag-och-stipendier/bidrag-till-foreningar-och-andra-aktorer,200,https://norrkoping.se/se-och-gora/stod-bidrag-och-stipendier/bidrag-till-foreningar-och-andra-aktorer,0,text/html;charset=UTF-8,,,
norrkoping.yaml,norrkoping-vanortsbidrag,Vänortsbidrag,https://norrkoping.se/se-och-gora/stod-bidrag-och-stipendier/bidrag-till-foreningar-och-andra-aktorer,200,https://norrkoping.se/se-och-gora/stod-bidrag-och-stipendier/bidrag-till-foreningar-och-andra-aktorer,0,text/html;charset=UTF-8,,,
norrtalje.yaml,norrtalje-aktivitetsbidrag-barn-ungdom,Aktivitetsbidrag för barn- och ungdomsföreningar,https://www.norrtalje.se/info/kultur-och-fritid/bidrag-och-stipendier/barn-och-ungdomsforeningar/,200,https://www.norrtalje.se/info/kultur-och-fritid/bidrag-och-stipendier/,1,text/html; charset=utf-8,,,
norrtalje.yaml,norrtalje-aktivitetsbidrag-pensionar,Aktivitetsbidrag för pensionärsföreningar,https://www.norrtalje.se/info/kultur-och-fritid/bidrag-och-stipendier/pensionarsforeningar/,200,https://www.norrtalje.se/info/kultur-och-fritid/bidrag-och-stipendier/,1,text/html; charset=utf-8,,,
norrtalje.yaml,norrtalje-verksamhetsbidrag-funktionsratt,Verksamhetsbidrag för funktionsrättsföreningar,https://norrtalje.se/info/kultur-och-fritid/bidrag-och-stipendier/handikappforeningar,200,https://www.norrtalje.se/info/kultur-och-fritid/bidrag-och-stipendier/,2,text/html; charset=utf-8,,,
norrtalje.yaml,norrtalje-verksamhetsbidrag-kultur,Verksamhetsbidrag för kulturföreningar,https://www.norrtalje.se/info/kultur-och-fritid/bidrag-och-stipendier/kulturforeningar/,200,https://www.norrtalje.se/info/kultur-och-fritid/bidrag-och-stipendier/,1,text/html; charset=utf-8,,,
norrtalje.yaml,norrtalje-anlaggningsbidrag,Anläggningsbidrag,https://www.norrtalje.se/info/kultur-och-fritid/bidrag-och-stipendier/anlaggningsbidrag/,200,https://www.norrtalje.se/info/kultur-och-fritid/bidrag-och-stipendier/,1,text/html; charset=utf-8,,,
norrtalje.yaml,norrtalje-hyresbidrag-barn-ungdom,Hyresbidrag för barn- och ungdomsföreningar,https://www.norrtalje.se/info/kultur-och-fritid/bidrag-och-stipendier/bidrag-till-ideell-forening/,200,https://www.norrtalje.se/info/kultur-och-fritid/bidrag-och-stipendier/,1,text/html; charset=utf-8,,,
norrtalje.yaml,norrtalje-programbidrag,Programbidrag,https://www.norrtalje.se/info/kultur-och-fritid/bidrag-och-stipendier/programbidrag/,200,https://www.norrtalje.se/info/kultur-och-fritid/bidrag-och-stipendier/,1,text/html; charset=utf-8,,,
norrtalje.yaml,norrtalje-jubileumsbidrag,Jubileumsbidrag,https://www.norrtalje.se/info/kultur-och-fritid/bidrag-och-stipendier/bidrag-till-ideell-forening/,200,https://www.norrtalje.se/info/kultur-och-fritid/bidrag-och-stipendier/,1,text/html; charset=utf-8,,,
norrtalje.yaml,norrtalje-evenemangsbidrag,Evenemangsbidrag,https://www.norrtalje.se/sjalvservice/kultur-fritid/evenemangsbidrag/,200,https://www.norrtalje.se/sjalvservice/kultur-fritid/evenemangsbidrag/,0,text/html; charset=utf-8,,,
norrtalje.yaml,norrtalje-oppen-verksamhet-barn-ungdom,Öppen verksamhet för barn- och ungdomsföreningar,https://www.norrtalje.se/info/kultur-och-fritid/bidrag-och-stipendier/bidrag-till-ideell-forening/,200,https://www.norrtalje.se/info/kultur-och-fritid/bidrag-och-stipendier/,1,text/html; charset=utf-8,,,
norrtalje.yaml,norrtalje-snabb-peng,Snabb peng (ungdomsstipendium),https://www.norrtalje.se/sjalvservice/kultur-fritid/ungdomsstipendium-snabb-peng/,200,https://www.norrtalje.se/sjalvservice/kultur-fritid/ungdomsstipendium-snabb-peng/,0,text/html; charset=utf-8,,,
norrtalje.yaml,norrtalje-bidrag-studieforbund,Bidrag till studieförbund,https://www.norrtalje.se/info/kultur-och-fritid/bidrag-och-stipendier/studieforbund/,200,https://www.norrtalje.se/info/kultur-och-fritid/bidrag-och-stipendier/,1,text/html; charset=utf-8,,,
norrtalje.yaml,norrtalje-hallbarhetsbidrag,Hållbarhetsbidrag,https://www.norrtalje.se/info/bygga-bo-miljo/klimat-och-natur/hallbarhetsbidrag/,200,https://www.norrtalje.se/info/bygga-bo-miljo/klimat-och-natur/hallbarhetsbidrag/,0,text/html; charset=utf-8,,,
norrtalje.yaml,norrtalje-landsbygds-skargardspeng,Landsbygds- och skärgårdsutvecklingspeng,https://www.norrtalje.se/info/bygga-bo-miljo/norrtalje-vaxer/landsbygd-skargard/lokal-utvecklingspeng-for-landsbygd-och-skargard/riktlinjer-for-landsbygdspeng/,200,https://www.norrtalje.se/info/bygga-bo-miljo/norrtalje-vaxer/landsbygd-skargard/lokal-utvecklingspeng-for-landsbygd-och-skargard/riktlinjer-for-landsbygdspeng/,0,text/html; charset=utf-8,,,
norrtalje.yaml,norrtalje-trygghetsfonden,Trygghetsfonden,https://www.norrtalje.se/sjalvservice/trygghet-sakerhet/trygghetsfonden/,200,https://www.norrtalje.se/sjalvservice/trygghet-sakerhet/trygghetsfonden/,0,text/html; charset=utf-8,,,
norrtalje.yaml,norrtalje-anlaggningsbidrag-gang-cykelvag,Anläggningsbidrag för gång- och cykelvägar på landsbygden,https://www.norrtalje.se/info/trafik-gator-parker/ansokan-om-anlaggningsbidrag-for-gang--och-cykelvagar-pa-landsbygden/,200,https://www.norrtalje.se/info/trafik-gator-parker/anlaggningsbidrag-for-gang--och-cykelvagar/,1,text/html; charset=utf-8,,,
norrtalje.yaml,norrtalje-bredbandsstod,Lokalt bredbandsstöd,https://www.norrtalje.se/info/bygga-bo-miljo/bredband/soka-lokalt-bredbandsstod/,200,https://www.norrtalje.se/info/bygga-bo-miljo/bredband/soka-lokalt-bredbandsstod/,0,text/html; charset=utf-8,,,
norrtalje.yaml,norrtalje-stiftelser-fonder,Stiftelser och fonder (samlat),https://www.norrtalje.se/info/stod-vard-omsorg/fonder-och-stiftelser-som-kommunen-forvaltar/,200,https://www.norrtalje.se/info/stod-vard-omsorg/fonder-och-stiftelser-som-kommunen-forvaltar/,0,text/html; charset=utf-8,,,
norsjo.yaml,norsjo-startbidrag,Startbidrag,https://www.norsjo.se/kultur-fritid/foreningsservice/foreningsbidrag/,200,https://norsjo.se/kultur-fritid/foreningsservice/foreningsbidrag/,1,text/html; charset=UTF-8,,,
norsjo.yaml,norsjo-lokalt-aktivitetsst-d,Lokalt aktivitetsstöd,https://www.norsjo.se/kultur-fritid/foreningsservice/foreningsbidrag/,200,https://norsjo.se/kultur-fritid/foreningsservice/foreningsbidrag/,1,text/html; charset=UTF-8,,,
norsjo.yaml,norsjo-fr-mjande-och-korpbidrag,Främjande- och korpbidrag,https://www.norsjo.se/kultur-fritid/foreningsservice/foreningsbidrag/,200,https://norsjo.se/kultur-fritid/foreningsservice/foreningsbidrag/,1,text/html; charset=UTF-8,,,
norsjo.yaml,norsjo-lokalbidrag,Lokalbidrag,https://www.norsjo.se/kultur-fritid/foreningsservice/foreningsbidrag/,200,https://norsjo.se/kultur-fritid/foreningsservice/foreningsbidrag/,1,text/html; charset=UTF-8,,,
norsjo.yaml,norsjo-anl-ggningsbidrag,Anläggningsbidrag,https://www.norsjo.se/kultur-fritid/foreningsservice/foreningsbidrag/,200,https://norsjo.se/kultur-fritid/foreningsservice/foreningsbidrag/,1,text/html; charset=UTF-8,,,
norsjo.yaml,norsjo-fiskev-rdsbidrag,Fiskevårdsbidrag,https://www.norsjo.se/kultur-fritid/foreningsservice/foreningsbidrag/,200,https://norsjo.se/kultur-fritid/foreningsservice/foreningsbidrag/,1,text/html; charset=UTF-8,,,
norsjo.yaml,norsjo-bygdeavgiftsmedel,Bygdeavgiftsmedel,https://www.norsjo.se/kultur-fritid/foreningsservice/foreningsbidrag/,200,https://norsjo.se/kultur-fritid/foreningsservice/foreningsbidrag/,1,text/html; charset=UTF-8,,,
nybro.yaml,nybro-bidrag-till-allmanna-samlingslokaler,Bidrag till allmänna samlingslokaler,https://nybro.se/uppleva-gora/foreningsverksamhet/foreningsbidrag/,200,https://nybro.se/uppleva-gora/foreningsverksamhet/foreningsbidrag/,0,text/html; charset=UTF-8,,,
nybro.yaml,nybro-bidrag-till-samlingslokaler,Bidrag till samlingslokaler,https://nybro.se/uppleva-gora/foreningsverksamhet/foreningsbidrag/,200,https://nybro.se/uppleva-gora/foreningsverksamhet/foreningsbidrag/,0,text/html; charset=UTF-8,,,
nybro.yaml,nybro-investeringsbidrag,Investeringsbidrag,https://nybro.se/uppleva-gora/foreningsverksamhet/foreningsbidrag/,200,https://nybro.se/uppleva-gora/foreningsverksamhet/foreningsbidrag/,0,text/html; charset=UTF-8,,,
nybro.yaml,nybro-lokalbidrag,Lokalbidrag,https://nybro.se/uppleva-gora/foreningsverksamhet/foreningsbidrag/,200,https://nybro.se/uppleva-gora/foreningsverksamhet/foreningsbidrag/,0,text/html; charset=UTF-8,,,
nybro.yaml,nybro-lokalt-aktivitetsbidrag,Lokalt aktivitetsbidrag,https://nybro.se/uppleva-gora/foreningsverksamhet/foreningsbidrag/,200,https://nybro.se/uppleva-gora/foreningsverksamhet/foreningsbidrag/,0,text/html; charset=UTF-8,,,
nybro.yaml,nybro-bidrag-inom-funktions-och-tillganglighetsomradet,Bidrag inom funktions- och tillgänglighetsområdet,https://nybro.se/uppleva-gora/foreningsverksamhet/foreningsbidrag/,200,https://nybro.se/uppleva-gora/foreningsverksamhet/foreningsbidrag/,0,text/html; charset=UTF-8,,,
nybro.yaml,nybro-foreningsbidrag-inom-omsorgsforvaltningen,Föreningsbidrag inom omsorgsförvaltningen,https://nybro.se/uppleva-gora/foreningsverksamhet/foreningsbidrag/,200,https://nybro.se/uppleva-gora/foreningsverksamhet/foreningsbidrag/,0,text/html; charset=UTF-8,,,
nybro.yaml,nybro-kulturbidrag,Kulturbidrag,https://nybro.se/uppleva-gora/foreningsverksamhet/foreningsbidrag/,200,https://nybro.se/uppleva-gora/foreningsverksamhet/foreningsbidrag/,0,text/html; charset=UTF-8,,,
nykoping.yaml,nykoping-aktivitetsbidrag,Aktivitetsbidrag,https://www.nykoping.se/foreningsbidrag,200,https://www.nykoping.se/foreningsbidrag,0,text/html; charset=utf-8,,,
nykoping.yaml,nykoping-arrangemangsbidrag,Arrangemangsbidrag,https://www.nykoping.se/foreningsbidrag,200,https://www.nykoping.se/foreningsbidrag,0,text/html; charset=utf-8,,,
nykoping.yaml,nykoping-investeringsbidrag,Investeringsbidrag,https://www.nykoping.se/foreningsbidrag,200,https://www.nykoping.se/foreningsbidrag,0,text/html; charset=utf-8,,,
nykoping.yaml,nykoping-lovbidrag,Lovbidrag,https://www.nykoping.se/foreningsbidrag,200,https://www.nykoping.se/foreningsbidrag,0,text/html; charset=utf-8,,,
nykoping.yaml,nykoping-startbidrag,Startbidrag,https://www.nykoping.se/foreningsbidrag,200,https://www.nykoping.se/foreningsbidrag,0,text/html; charset=utf-8,,,
nykoping.yaml,nykoping-utbildningsbidrag,Utbildningsbidrag,https://www.nykoping.se/foreningsbidrag,200,https://www.nykoping.se/foreningsbidrag,0,text/html; charset=utf-8,,,
nykoping.yaml,nykoping-verksamhetsbidrag,Verksamhetsbidrag,https://www.nykoping.se/foreningsbidrag,200,https://www.nykoping.se/foreningsbidrag,0,text/html; charset=utf-8,,,
nykoping.yaml,nykoping-evenemangsbidrag,Evenemangsbidrag (Levande centrum),https://www.nykoping.se/trafik--resor/gator-och-torg/torg-och-allmanna-platser/levande-centrum/evenemangsbidrag/,200,https://www.nykoping.se/trafik--resor/gator-och-torg/torg-och-allmanna-platser/levande-centrum/evenemangsbidrag/,0,text/html; charset=utf-8,,,
nykoping.yaml,nykoping-subventionerad-lokalhyra,Subventionerad lokalhyra (Nyköpings Arenor),https://www.nykoping.se/foreningsbidrag,200,https://www.nykoping.se/foreningsbidrag,0,text/html; charset=utf-8,,,
nykoping.yaml,nykoping-driftbidrag-vagsamfalligheter,Driftbidrag till tätortsvägsamfälligheter,https://www.nykoping.se/globalassets/nykoping.se/dokument/styrande-dokument/reglerande/riktlinjer-for-kommunala-bidrag-till-tatortsvagsamfalligheter.pdf,200,https://www.nykoping.se/globalassets/nykoping.se/dokument/styrande-dokument/reglerande/riktlinjer-for-kommunala-bidrag-till-tatortsvagsamfalligheter.pdf,0,application/pdf,,,
nykoping.yaml,nykoping-gronytebidrag,Grönytebidrag,https://www.nykoping.se/trafik--resor/gator-och-torg/vagforeningar-och-enskilda-vagar/,200,https://www.nykoping.se/trafik--resor/gator-och-torg/vagforeningar-och-enskilda-vagar/,0,text/html; charset=utf-8,,,
nykoping.yaml,nykoping-idrottsstipendium,Idrottsstipendium,https://www.nykoping.se/uppleva--gora/stipendier-och-priser/idrottsstipendium,200,https://www.nykoping.se/uppleva--gora/stipendier-och-priser/idrottsstipendium,0,text/html; charset=utf-8,,,
nykvarn.yaml,nykvarn-startbidrag,Startbidrag,https://nykvarn.se/download/18.1cce16d319bb5486edc98bbc/1769681970250/Riktlinjer%20f%C3%B6r%20bidrag%20f%C3%B6r%20ideella%20f%C3%B6reningar%2C%20reviderad%202025-12-09.pdf,200,https://nykvarn.se/download/18.1cce16d319bb5486edc98bbc/1769681970250/Riktlinjer%20f%C3%B6r%20bidrag%20f%C3%B6r%20ideella%20f%C3%B6reningar%2C%20reviderad%202025-12-09.pdf,0,application/pdf,,,
nykvarn.yaml,nykvarn-lokal-anlaggningsbidrag,Lokal- och anläggningsbidrag,https://nykvarn.se/download/18.1cce16d319bb5486edc98bbc/1769681970250/Riktlinjer%20f%C3%B6r%20bidrag%20f%C3%B6r%20ideella%20f%C3%B6reningar%2C%20reviderad%202025-12-09.pdf,200,https://nykvarn.se/download/18.1cce16d319bb5486edc98bbc/1769681970250/Riktlinjer%20f%C3%B6r%20bidrag%20f%C3%B6r%20ideella%20f%C3%B6reningar%2C%20reviderad%202025-12-09.pdf,0,application/pdf,,,
nykvarn.yaml,nykvarn-verksamhetsbidrag,Verksamhetsbidrag,https://nykvarn.se/download/18.1cce16d319bb5486edc98bbc/1769681970250/Riktlinjer%20f%C3%B6r%20bidrag%20f%C3%B6r%20ideella%20f%C3%B6reningar%2C%20reviderad%202025-12-09.pdf,200,https://nykvarn.se/download/18.1cce16d319bb5486edc98bbc/1769681970250/Riktlinjer%20f%C3%B6r%20bidrag%20f%C3%B6r%20ideella%20f%C3%B6reningar%2C%20reviderad%202025-12-09.pdf,0,application/pdf,,,
nykvarn.yaml,nykvarn-aktivitetsbidrag,Aktivitetsbidrag,https://nykvarn.se/download/18.1cce16d319bb5486edc98bbc/1769681970250/Riktlinjer%20f%C3%B6r%20bidrag%20f%C3%B6r%20ideella%20f%C3%B6reningar%2C%20reviderad%202025-12-09.pdf,200,https://nykvarn.se/download/18.1cce16d319bb5486edc98bbc/1769681970250/Riktlinjer%20f%C3%B6r%20bidrag%20f%C3%B6r%20ideella%20f%C3%B6reningar%2C%20reviderad%202025-12-09.pdf,0,application/pdf,,,
nykvarn.yaml,nykvarn-arrangemangsbidrag,Arrangemangsbidrag,https://nykvarn.se/download/18.1cce16d319bb5486edc98bbc/1769681970250/Riktlinjer%20f%C3%B6r%20bidrag%20f%C3%B6r%20ideella%20f%C3%B6reningar%2C%20reviderad%202025-12-09.pdf,200,https://nykvarn.se/download/18.1cce16d319bb5486edc98bbc/1769681970250/Riktlinjer%20f%C3%B6r%20bidrag%20f%C3%B6r%20ideella%20f%C3%B6reningar%2C%20reviderad%202025-12-09.pdf,0,application/pdf,,,
nykvarn.yaml,nykvarn-utvecklingsbidrag,Utvecklingsbidrag,https://nykvarn.se/download/18.1cce16d319bb5486edc98bbc/1769681970250/Riktlinjer%20f%C3%B6r%20bidrag%20f%C3%B6r%20ideella%20f%C3%B6reningar%2C%20reviderad%202025-12-09.pdf,200,https://nykvarn.se/download/18.1cce16d319bb5486edc98bbc/1769681970250/Riktlinjer%20f%C3%B6r%20bidrag%20f%C3%B6r%20ideella%20f%C3%B6reningar%2C%20reviderad%202025-12-09.pdf,0,application/pdf,,,
nykvarn.yaml,nykvarn-idepeng,Idépeng,https://nykvarn.se/download/18.1cce16d319bb5486edc98bbc/1769681970250/Riktlinjer%20f%C3%B6r%20bidrag%20f%C3%B6r%20ideella%20f%C3%B6reningar%2C%20reviderad%202025-12-09.pdf,200,https://nykvarn.se/download/18.1cce16d319bb5486edc98bbc/1769681970250/Riktlinjer%20f%C3%B6r%20bidrag%20f%C3%B6r%20ideella%20f%C3%B6reningar%2C%20reviderad%202025-12-09.pdf,0,application/pdf,,,
nykvarn.yaml,nykvarn-elitbidrag,Elitbidrag,https://nykvarn.se/download/18.1cce16d319bb5486edc98bbc/1769681970250/Riktlinjer%20f%C3%B6r%20bidrag%20f%C3%B6r%20ideella%20f%C3%B6reningar%2C%20reviderad%202025-12-09.pdf,200,https://nykvarn.se/download/18.1cce16d319bb5486edc98bbc/1769681970250/Riktlinjer%20f%C3%B6r%20bidrag%20f%C3%B6r%20ideella%20f%C3%B6reningar%2C%20reviderad%202025-12-09.pdf,0,application/pdf,,,
nykvarn.yaml,nykvarn-jubileumsbidrag,Jubileumsbidrag,https://nykvarn.se/download/18.1cce16d319bb5486edc98bbc/1769681970250/Riktlinjer%20f%C3%B6r%20bidrag%20f%C3%B6r%20ideella%20f%C3%B6reningar%2C%20reviderad%202025-12-09.pdf,200,https://nykvarn.se/download/18.1cce16d319bb5486edc98bbc/1769681970250/Riktlinjer%20f%C3%B6r%20bidrag%20f%C3%B6r%20ideella%20f%C3%B6reningar%2C%20reviderad%202025-12-09.pdf,0,application/pdf,,,
nykvarn.yaml,nykvarn-lovbidrag,Lovbidrag,https://nykvarn.se/download/18.1cce16d319bb5486edc98bbc/1769681970250/Riktlinjer%20f%C3%B6r%20bidrag%20f%C3%B6r%20ideella%20f%C3%B6reningar%2C%20reviderad%202025-12-09.pdf,200,https://nykvarn.se/download/18.1cce16d319bb5486edc98bbc/1769681970250/Riktlinjer%20f%C3%B6r%20bidrag%20f%C3%B6r%20ideella%20f%C3%B6reningar%2C%20reviderad%202025-12-09.pdf,0,application/pdf,,,
nykvarn.yaml,nykvarn-investeringsbidrag,Investeringsbidrag,https://nykvarn.se/download/18.1cce16d319bb5486edc98bbc/1769681970250/Riktlinjer%20f%C3%B6r%20bidrag%20f%C3%B6r%20ideella%20f%C3%B6reningar%2C%20reviderad%202025-12-09.pdf,200,https://nykvarn.se/download/18.1cce16d319bb5486edc98bbc/1769681970250/Riktlinjer%20f%C3%B6r%20bidrag%20f%C3%B6r%20ideella%20f%C3%B6reningar%2C%20reviderad%202025-12-09.pdf,0,application/pdf,,,
nykvarn.yaml,nykvarn-renoveringsbidrag,Renoveringsbidrag,https://nykvarn.se/download/18.1cce16d319bb5486edc98bbc/1769681970250/Riktlinjer%20f%C3%B6r%20bidrag%20f%C3%B6r%20ideella%20f%C3%B6reningar%2C%20reviderad%202025-12-09.pdf,200,https://nykvarn.se/download/18.1cce16d319bb5486edc98bbc/1769681970250/Riktlinjer%20f%C3%B6r%20bidrag%20f%C3%B6r%20ideella%20f%C3%B6reningar%2C%20reviderad%202025-12-09.pdf,0,application/pdf,,,
nynashamn.yaml,nynashamn-lokalt-aktivitetsstod,Lokalt aktivitetsstöd,https://nynashamn.se/service/kultur--fritid/foreningsliv/foreningsbidrag-inom-kultur-och-fritid,200,https://nynashamn.se/service/kultur--fritid/foreningsliv/foreningsbidrag-inom-kultur-och-fritid,0,text/html;charset=UTF-8,,,
nynashamn.yaml,nynashamn-lokal-och-driftsbidrag,Lokal- och driftsbidrag,https://nynashamn.se/service/kultur--fritid/foreningsliv/foreningsbidrag-inom-kultur-och-fritid,200,https://nynashamn.se/service/kultur--fritid/foreningsliv/foreningsbidrag-inom-kultur-och-fritid,0,text/html;charset=UTF-8,,,
nynashamn.yaml,nynashamn-stod-publika-evenemang,Stöd till publika evenemang,https://nynashamn.se/service/kultur--fritid/foreningsliv/foreningsbidrag-inom-kultur-och-fritid,200,https://nynashamn.se/service/kultur--fritid/foreningsliv/foreningsbidrag-inom-kultur-och-fritid,0,text/html;charset=UTF-8,,,
nynashamn.yaml,nynashamn-startbidrag,Startbidrag,https://nynashamn.se/service/kultur--fritid/foreningsliv/foreningsbidrag-inom-kultur-och-fritid,200,https://nynashamn.se/service/kultur--fritid/foreningsliv/foreningsbidrag-inom-kultur-och-fritid,0,text/html;charset=UTF-8,,,
nynashamn.yaml,nynashamn-studieverbundsbidrag,Studieförbundsbidrag,https://nynashamn.se/service/kultur--fritid/foreningsliv/foreningsbidrag-inom-kultur-och-fritid,200,https://nynashamn.se/service/kultur--fritid/foreningsliv/foreningsbidrag-inom-kultur-och-fritid,0,text/html;charset=UTF-8,,,
nynashamn.yaml,nynashamn-sarskilt-bidrag,Särskilt bidrag,https://nynashamn.se/service/kultur--fritid/foreningsliv/foreningsbidrag-inom-kultur-och-fritid,200,https://nynashamn.se/service/kultur--fritid/foreningsliv/foreningsbidrag-inom-kultur-och-fritid,0,text/html;charset=UTF-8,,,
nynashamn.yaml,nynashamn-semesteraktiviteter,Stöd för semesteraktiviteter,https://nynashamn.se/service/kultur--fritid/foreningsliv/foreningsbidrag-inom-kultur-och-fritid,200,https://nynashamn.se/service/kultur--fritid/foreningsliv/foreningsbidrag-inom-kultur-och-fritid,0,text/html;charset=UTF-8,,,
ockelbo.yaml,ockelbo-anlaggningsbidrag,Anläggningsbidrag,https://ockelbo.se/kultur--fritid/foreningsbidrag,200,https://ockelbo.se/kultur--fritid/foreningsbidrag,0,text/html;charset=UTF-8,,,
ockelbo.yaml,ockelbo-verksamhetsbidrag,Verksamhetsbidrag,https://ockelbo.se/kultur--fritid/foreningsbidrag,200,https://ockelbo.se/kultur--fritid/foreningsbidrag,0,text/html;charset=UTF-8,,,
ockelbo.yaml,ockelbo-investeringsbidrag,Investeringsbidrag,https://ockelbo.se/kultur--fritid/foreningsbidrag,200,https://ockelbo.se/kultur--fritid/foreningsbidrag,0,text/html;charset=UTF-8,,,
ockelbo.yaml,ockelbo-aktivitetsstod,Aktivitetsstöd,https://ockelbo.se/kultur--fritid/foreningsbidrag,200,https://ockelbo.se/kultur--fritid/foreningsbidrag,0,text/html;charset=UTF-8,,,
ockelbo.yaml,ockelbo-allmankulturbidrag,Allmänkulturbidrag,https://ockelbo.se/kultur--fritid/foreningsbidrag,200,https://ockelbo.se/kultur--fritid/foreningsbidrag,0,text/html;charset=UTF-8,,,
ockero.yaml,ockero-lokal-och-anlaggningsbidrag,Lokal- och anläggningsbidrag,https://www.ockero.se/fritid-och-kultur/foreningar-och-foreningsliv/stod-bidrag-och-stipendier,200,https://www.ockero.se/fritid-och-kultur/foreningar-och-foreningsliv/stod-bidrag-och-stipendier,0,text/html;charset=UTF-8,,,
ockero.yaml,ockero-ledarutbildningsbidrag,Ledarutbildningsbidrag,https://www.ockero.se/fritid-och-kultur/foreningar-och-foreningsliv/stod-bidrag-och-stipendier,200,https://www.ockero.se/fritid-och-kultur/foreningar-och-foreningsliv/stod-bidrag-och-stipendier,0,text/html;charset=UTF-8,,,
ockero.yaml,ockero-riktat-bidrag,Riktat bidrag,https://www.ockero.se/fritid-och-kultur/foreningar-och-foreningsliv/stod-bidrag-och-stipendier,200,https://www.ockero.se/fritid-och-kultur/foreningar-och-foreningsliv/stod-bidrag-och-stipendier,0,text/html;charset=UTF-8,,,
ockero.yaml,ockero-bidrag-for-specifika-andamal,Bidrag för specifika ändamål,https://www.ockero.se/fritid-och-kultur/foreningar-och-foreningsliv/stod-bidrag-och-stipendier,200,https://www.ockero.se/fritid-och-kultur/foreningar-och-foreningsliv/stod-bidrag-och-stipendier,0,text/html;charset=UTF-8,,,
ockero.yaml,ockero-simskolebidrag,Simskolebidrag,https://www.ockero.se/fritid-och-kultur/foreningar-och-foreningsliv/stod-bidrag-och-stipendier,200,https://www.ockero.se/fritid-och-kultur/foreningar-och-foreningsliv/stod-bidrag-och-stipendier,0,text/html;charset=UTF-8,,,
ockero.yaml,ockero-bidrag-for-nattvandring,Bidrag för nattvandring,https://www.ockero.se/fritid-och-kultur/foreningar-och-foreningsliv/stod-bidrag-och-stipendier,200,https://www.ockero.se/fritid-och-kultur/foreningar-och-foreningsliv/stod-bidrag-och-stipendier,0,text/html;charset=UTF-8,,,
ockero.yaml,ockero-bidrag-for-strandstadning,Bidrag för strandstädning,https://www.ockero.se/fritid-och-kultur/foreningar-och-foreningsliv/stod-bidrag-och-stipendier,200,https://www.ockero.se/fritid-och-kultur/foreningar-och-foreningsliv/stod-bidrag-och-stipendier,0,text/html;charset=UTF-8,,,
odeshog.yaml,odeshog-startbidrag,Startbidrag,https://www.odeshog.se/upplevaochgora/foreningarforeningsliv/bidragstodstipendier.4.78ae827d1605526e94b6179c.html,200,https://www.odeshog.se/upplevaochgora/foreningarforeningsliv/bidragstodstipendier.4.78ae827d1605526e94b6179c.html,0,text/html;charset=UTF-8,,,
odeshog.yaml,odeshog-verksamhetsbidrag,Verksamhetsbidrag,https://www.odeshog.se/upplevaochgora/foreningarforeningsliv/bidragstodstipendier.4.78ae827d1605526e94b6179c.html,200,https://www.odeshog.se/upplevaochgora/foreningarforeningsliv/bidragstodstipendier.4.78ae827d1605526e94b6179c.html,0,text/html;charset=UTF-8,,,
odeshog.yaml,odeshog-hyresbidrag,Hyresbidrag,https://www.odeshog.se/upplevaochgora/foreningarforeningsliv/bidragstodstipendier.4.78ae827d1605526e94b6179c.html,200,https://www.odeshog.se/upplevaochgora/foreningarforeningsliv/bidragstodstipendier.4.78ae827d1605526e94b6179c.html,0,text/html;charset=UTF-8,,,
odeshog.yaml,odeshog-anlaggningsbidrag,Anläggningsbidrag,https://www.odeshog.se/upplevaochgora/foreningarforeningsliv/bidragstodstipendier.4.78ae827d1605526e94b6179c.html,200,https://www.odeshog.se/upplevaochgora/foreningarforeningsliv/bidragstodstipendier.4.78ae827d1605526e94b6179c.html,0,text/html;charset=UTF-8,,,
odeshog.yaml,odeshog-investeringsbidrag,Investeringsbidrag,https://www.odeshog.se/upplevaochgora/foreningarforeningsliv/bidragstodstipendier.4.78ae827d1605526e94b6179c.html,200,https://www.odeshog.se/upplevaochgora/foreningarforeningsliv/bidragstodstipendier.4.78ae827d1605526e94b6179c.html,0,text/html;charset=UTF-8,,,
odeshog.yaml,odeshog-arrangemangsbidrag,Arrangemangsbidrag,https://minasidor.odeshog.se/,200,https://minasidor.odeshog.se/,0,text/html;charset=ISO-8859-1,,,
odeshog.yaml,odeshog-foreningsbidrag-for-lokalforvaltande-organisation,Föreningsbidrag för lokalförvaltande organisation,https://minasidor.odeshog.se/,200,https://minasidor.odeshog.se/,0,text/html;charset=ISO-8859-1,,,
olofstrom.yaml,olofstrom-ung-slant,Ung slant,https://olofstrom.se/uppleva-och-gora/foreningar-foreningsliv/bidrag-och-stod,200,https://olofstrom.se/uppleva-och-gora/foreningar-foreningsliv/bidrag-och-stod,0,text/html;charset=UTF-8,,,
olofstrom.yaml,olofstrom-driftsbidrag,Driftsbidrag,https://olofstrom.se/uppleva-och-gora/foreningar-foreningsliv/bidrag-och-stod,200,https://olofstrom.se/uppleva-och-gora/foreningar-foreningsliv/bidrag-och-stod,0,text/html;charset=UTF-8,,,
olofstrom.yaml,olofstrom-hyresbidrag,Hyresbidrag,https://olofstrom.se/uppleva-och-gora/foreningar-foreningsliv/bidrag-och-stod,200,https://olofstrom.se/uppleva-och-gora/foreningar-foreningsliv/bidrag-och-stod,0,text/html;charset=UTF-8,,,
olofstrom.yaml,olofstrom-tavlingsbidrag,Tävlingsbidrag,https://olofstrom.se/uppleva-och-gora/foreningar-foreningsliv/bidrag-och-stod,200,https://olofstrom.se/uppleva-och-gora/foreningar-foreningsliv/bidrag-och-stod,0,text/html;charset=UTF-8,,,
olofstrom.yaml,olofstrom-investeringsbidrag,Investeringsbidrag,https://olofstrom.se/uppleva-och-gora/foreningar-foreningsliv/bidrag-och-stod,200,https://olofstrom.se/uppleva-och-gora/foreningar-foreningsliv/bidrag-och-stod,0,text/html;charset=UTF-8,,,
olofstrom.yaml,olofstrom-samlingslokaler,Driftsbidrag till samlingslokaler,https://olofstrom.se/uppleva-och-gora/foreningar-foreningsliv/bidrag-och-stod,200,https://olofstrom.se/uppleva-och-gora/foreningar-foreningsliv/bidrag-och-stod,0,text/html;charset=UTF-8,,,
olofstrom.yaml,olofstrom-namndens-forfogande,Medel till nämndens förfogande,https://olofstrom.se/uppleva-och-gora/foreningar-foreningsliv/bidrag-och-stod,200,https://olofstrom.se/uppleva-och-gora/foreningar-foreningsliv/bidrag-och-stod,0,text/html;charset=UTF-8,,,
olofstrom.yaml,olofstrom-arrangorsbidrag-kultur,Arrangörsbidrag för kulturföreningar,https://olofstrom.se/uppleva-och-gora/foreningar-foreningsliv/bidrag-och-stod,200,https://olofstrom.se/uppleva-och-gora/foreningar-foreningsliv/bidrag-och-stod,0,text/html;charset=UTF-8,,,
olofstrom.yaml,olofstrom-verksamhetsbidrag-kultur,Verksamhetsbidrag för kulturföreningar,https://olofstrom.se/uppleva-och-gora/foreningar-foreningsliv/bidrag-och-stod,200,https://olofstrom.se/uppleva-och-gora/foreningar-foreningsliv/bidrag-och-stod,0,text/html;charset=UTF-8,,,
olofstrom.yaml,olofstrom-pensionar-funktionsratt,Bidrag till pensionärs- och funktionsrättsorganisationer,https://olofstrom.se/uppleva-och-gora/foreningar-foreningsliv/bidrag-och-stod,200,https://olofstrom.se/uppleva-och-gora/foreningar-foreningsliv/bidrag-och-stod,0,text/html;charset=UTF-8,,,
orebro.yaml,orebro-verksamhetsbidrag-idrott,Verksamhetsbidrag för idrottsföreningar,https://www.orebro.se/kultur--fritid/foreningsstod/foreningsbidrag/bidrag-for-idrottsforeningar/verksamhetsbidrag-for-idrottsforeningar.html,200,https://www.orebro.se/kultur--fritid/foreningsstod/foreningsbidrag/bidrag-for-idrottsforeningar/verksamhetsbidrag-for-idrottsforeningar.html,0,text/html;charset=UTF-8,,,
orebro.yaml,orebro-kulturverksamhetsbidrag,Bidrag till kulturverksamhet,https://www.orebro.se/kultur--fritid/foreningsstod/foreningsbidrag/kulturforeningar/bidrag-till-kulturverksamhet.html,200,https://www.orebro.se/kultur--fritid/foreningsstod/foreningsbidrag/kulturforeningar/bidrag-till-kulturverksamhet.html,0,text/html;charset=UTF-8,,,
orebro.yaml,orebro-verksamhetsbidrag-ideburna,Verksamhetsbidrag till idéburna föreningar,https://www.orebro.se/kultur--fritid/foreningsstod/foreningsbidrag/ideburna-foreningar/verksamhetsbidrag-till-ideburna-foreningar.html,200,https://www.orebro.se/kultur--fritid/foreningsstod/foreningsbidrag/ideburna-foreningar/verksamhetsbidrag-till-ideburna-foreningar.html,0,text/html;charset=UTF-8,,,
orebro.yaml,orebro-lokal-anlaggningsbidrag,Lokal- och anläggningsbidrag till idéburna föreningar,https://www.orebro.se/kultur--fritid/foreningsstod/foreningsbidrag/ideburna-foreningar/lokal---anlaggningsbidrag-till-ideburna-foreningar.html,200,https://www.orebro.se/kultur--fritid/foreningsstod/foreningsbidrag/ideburna-foreningar/lokal---anlaggningsbidrag-till-ideburna-foreningar.html,0,text/html;charset=UTF-8,,,
orebro.yaml,orebro-aktivitet-aldre,Bidrag till aktivitet för äldre,https://www.orebro.se/kultur--fritid/foreningsstod/foreningsbidrag/bidrag-till-aktivitet-for-aldre.html,200,https://www.orebro.se/kultur--fritid/foreningsstod/foreningsbidrag/bidrag-till-aktivitet-for-aldre.html,0,text/html;charset=UTF-8,,,
orkelljunga.yaml,orkelljunga-aktivitetsstod,Aktivitetsstöd,https://www.orkelljunga.se/16/uppleva-och-gora/fritid-och-foreningar/foreningsstod.html,200,https://www.orkelljunga.se/16/uppleva-och-gora/fritid-och-foreningar/foreningsstod.html,0,text/html;charset=UTF-8,,,
orkelljunga.yaml,orkelljunga-kulturstod,Kulturstöd,https://www.orkelljunga.se/16/uppleva-och-gora/fritid-och-foreningar/foreningsstod.html,200,https://www.orkelljunga.se/16/uppleva-och-gora/fritid-och-foreningar/foreningsstod.html,0,text/html;charset=UTF-8,,,
orkelljunga.yaml,orkelljunga-lokal-och-driftstod,Lokal- och driftstöd,https://www.orkelljunga.se/16/uppleva-och-gora/fritid-och-foreningar/foreningsstod.html,200,https://www.orkelljunga.se/16/uppleva-och-gora/fritid-och-foreningar/foreningsstod.html,0,text/html;charset=UTF-8,,,
orkelljunga.yaml,orkelljunga-stod-till-anlaggning-och-verksamhet,Stöd till anläggning och verksamhet,https://www.orkelljunga.se/16/uppleva-och-gora/fritid-och-foreningar/foreningsstod.html,200,https://www.orkelljunga.se/16/uppleva-och-gora/fritid-och-foreningar/foreningsstod.html,0,text/html;charset=UTF-8,,,
orkelljunga.yaml,orkelljunga-stod-till-fastighet-och-tomtmark,Stöd till fastighet och tomtmark,https://www.orkelljunga.se/16/uppleva-och-gora/fritid-och-foreningar/foreningsstod.html,200,https://www.orkelljunga.se/16/uppleva-och-gora/fritid-och-foreningar/foreningsstod.html,0,text/html;charset=UTF-8,,,
orkelljunga.yaml,orkelljunga-arrangemangsstod,Arrangemangsstöd,https://www.orkelljunga.se/16/uppleva-och-gora/fritid-och-foreningar/foreningsstod.html,200,https://www.orkelljunga.se/16/uppleva-och-gora/fritid-och-foreningar/foreningsstod.html,0,text/html;charset=UTF-8,,,
orkelljunga.yaml,orkelljunga-lovaktivitetsstod,Lovaktivitetsstöd,https://www.orkelljunga.se/16/uppleva-och-gora/fritid-och-foreningar/foreningsstod.html,200,https://www.orkelljunga.se/16/uppleva-och-gora/fritid-och-foreningar/foreningsstod.html,0,text/html;charset=UTF-8,,,
ornskoldsvik.yaml,ornskoldsvik-sammankomstbidrag,Sammankomstbidrag,https://www.ornskoldsvik.se/fritid-och-kultur/foreningsliv/bidrag-till-ideella-foreningar/foreningsbidrag-som-gar-att-soka,200,https://www.ornskoldsvik.se/fritid-och-kultur/foreningsliv/bidrag-till-ideella-foreningar/foreningsbidrag-som-gar-att-soka,0,text/html;charset=UTF-8,,,
ornskoldsvik.yaml,ornskoldsvik-anlaggningsbidrag-idrott,Anläggningsbidrag (idrottsföreningar),https://www.ornskoldsvik.se/fritid-och-kultur/foreningsliv/bidrag-till-ideella-foreningar/foreningsbidrag-som-gar-att-soka,200,https://www.ornskoldsvik.se/fritid-och-kultur/foreningsliv/bidrag-till-ideella-foreningar/foreningsbidrag-som-gar-att-soka,0,text/html;charset=UTF-8,,,
ornskoldsvik.yaml,ornskoldsvik-anlaggningsbidrag-samlingslokal,Anläggningsbidrag (samlingslokal- och intresseföreningar),https://www.ornskoldsvik.se/fritid-och-kultur/foreningsliv/bidrag-till-ideella-foreningar/foreningsbidrag-som-gar-att-soka,200,https://www.ornskoldsvik.se/fritid-och-kultur/foreningsliv/bidrag-till-ideella-foreningar/foreningsbidrag-som-gar-att-soka,0,text/html;charset=UTF-8,,,
ornskoldsvik.yaml,ornskoldsvik-hyrd-lokal,Bidrag för hyrd lokal,https://www.ornskoldsvik.se/fritid-och-kultur/foreningsliv/bidrag-till-ideella-foreningar/foreningsbidrag-som-gar-att-soka,200,https://www.ornskoldsvik.se/fritid-och-kultur/foreningsliv/bidrag-till-ideella-foreningar/foreningsbidrag-som-gar-att-soka,0,text/html;charset=UTF-8,,,
ornskoldsvik.yaml,ornskoldsvik-ledarutbildningsbidrag,Ledarutbildningsbidrag,https://www.ornskoldsvik.se/fritid-och-kultur/foreningsliv/bidrag-till-ideella-foreningar/foreningsbidrag-som-gar-att-soka,200,https://www.ornskoldsvik.se/fritid-och-kultur/foreningsliv/bidrag-till-ideella-foreningar/foreningsbidrag-som-gar-att-soka,0,text/html;charset=UTF-8,,,
ornskoldsvik.yaml,ornskoldsvik-upprustningsbidrag-foreningslokaler,Upprustningsbidrag (föreningsägda lokaler och anläggningar),https://www.ornskoldsvik.se/fritid-och-kultur/foreningsliv/bidrag-till-ideella-foreningar/foreningsbidrag-som-gar-att-soka,200,https://www.ornskoldsvik.se/fritid-och-kultur/foreningsliv/bidrag-till-ideella-foreningar/foreningsbidrag-som-gar-att-soka,0,text/html;charset=UTF-8,,,
ornskoldsvik.yaml,ornskoldsvik-upprustningsbidrag-kultur,Upprustningsbidrag (kulturhistoriskt värdefulla byggnader),https://www.ornskoldsvik.se/fritid-och-kultur/foreningsliv/bidrag-till-ideella-foreningar/foreningsbidrag-som-gar-att-soka,200,https://www.ornskoldsvik.se/fritid-och-kultur/foreningsliv/bidrag-till-ideella-foreningar/foreningsbidrag-som-gar-att-soka,0,text/html;charset=UTF-8,,,
ornskoldsvik.yaml,ornskoldsvik-upprustningsbidrag-friluft,Upprustningsbidrag (frilufts- och fiskevårdsområden),https://www.ornskoldsvik.se/fritid-och-kultur/foreningsliv/bidrag-till-ideella-foreningar/foreningsbidrag-som-gar-att-soka,200,https://www.ornskoldsvik.se/fritid-och-kultur/foreningsliv/bidrag-till-ideella-foreningar/foreningsbidrag-som-gar-att-soka,0,text/html;charset=UTF-8,,,
ornskoldsvik.yaml,ornskoldsvik-maskinbidrag,Maskinbidrag,https://www.ornskoldsvik.se/fritid-och-kultur/foreningsliv/bidrag-till-ideella-foreningar/foreningsbidrag-som-gar-att-soka,200,https://www.ornskoldsvik.se/fritid-och-kultur/foreningsliv/bidrag-till-ideella-foreningar/foreningsbidrag-som-gar-att-soka,0,text/html;charset=UTF-8,,,
ornskoldsvik.yaml,ornskoldsvik-skolforeningar,Bidrag till skolföreningar,https://www.ornskoldsvik.se/fritid-och-kultur/foreningsliv/bidrag-till-ideella-foreningar/foreningsbidrag-som-gar-att-soka,200,https://www.ornskoldsvik.se/fritid-och-kultur/foreningsliv/bidrag-till-ideella-foreningar/foreningsbidrag-som-gar-att-soka,0,text/html;charset=UTF-8,,,
ornskoldsvik.yaml,ornskoldsvik-kartbidrag,Kartbidrag,https://www.ornskoldsvik.se/fritid-och-kultur/foreningsliv/bidrag-till-ideella-foreningar/foreningsbidrag-som-gar-att-soka,200,https://www.ornskoldsvik.se/fritid-och-kultur/foreningsliv/bidrag-till-ideella-foreningar/foreningsbidrag-som-gar-att-soka,0,text/html;charset=UTF-8,,,
ornskoldsvik.yaml,ornskoldsvik-utvecklingsbidrag,Utvecklingsbidrag,https://www.ornskoldsvik.se/fritid-och-kultur/foreningsliv/bidrag-till-ideella-foreningar/foreningsbidrag-som-gar-att-soka,200,https://www.ornskoldsvik.se/fritid-och-kultur/foreningsliv/bidrag-till-ideella-foreningar/foreningsbidrag-som-gar-att-soka,0,text/html;charset=UTF-8,,,
ornskoldsvik.yaml,ornskoldsvik-medlemsbidrag-barn-unga,Medlemsbidrag till barn- och ungdomsföreningar,https://www.ornskoldsvik.se/fritid-och-kultur/foreningsliv/bidrag-till-ideella-foreningar/foreningsbidrag-som-gar-att-soka,200,https://www.ornskoldsvik.se/fritid-och-kultur/foreningsliv/bidrag-till-ideella-foreningar/foreningsbidrag-som-gar-att-soka,0,text/html;charset=UTF-8,,,
ornskoldsvik.yaml,ornskoldsvik-medlemsbidrag-funktionsratt,Medlemsbidrag till funktionsrättsföreningar,https://www.ornskoldsvik.se/fritid-och-kultur/foreningsliv/bidrag-till-ideella-foreningar/foreningsbidrag-som-gar-att-soka,200,https://www.ornskoldsvik.se/fritid-och-kultur/foreningsliv/bidrag-till-ideella-foreningar/foreningsbidrag-som-gar-att-soka,0,text/html;charset=UTF-8,,,
ornskoldsvik.yaml,ornskoldsvik-medlemsbidrag-pensionar,Medlemsbidrag till pensionärsföreningar,https://www.ornskoldsvik.se/fritid-och-kultur/foreningsliv/bidrag-till-ideella-foreningar/foreningsbidrag-som-gar-att-soka,200,https://www.ornskoldsvik.se/fritid-och-kultur/foreningsliv/bidrag-till-ideella-foreningar/foreningsbidrag-som-gar-att-soka,0,text/html;charset=UTF-8,,,
ornskoldsvik.yaml,ornskoldsvik-politiska-ungdomsorganisationer,Bidrag till politiska ungdomsorganisationer,https://www.ornskoldsvik.se/fritid-och-kultur/foreningsliv/bidrag-till-ideella-foreningar/foreningsbidrag-som-gar-att-soka,200,https://www.ornskoldsvik.se/fritid-och-kultur/foreningsliv/bidrag-till-ideella-foreningar/foreningsbidrag-som-gar-att-soka,0,text/html;charset=UTF-8,,,
ornskoldsvik.yaml,ornskoldsvik-sarskilt-bidrag-funktionsratt,Särskilt bidrag (funktionsrättsföreningar),https://www.ornskoldsvik.se/fritid-och-kultur/foreningsliv/bidrag-till-ideella-foreningar/foreningsbidrag-som-gar-att-soka,200,https://www.ornskoldsvik.se/fritid-och-kultur/foreningsliv/bidrag-till-ideella-foreningar/foreningsbidrag-som-gar-att-soka,0,text/html;charset=UTF-8,,,
ornskoldsvik.yaml,ornskoldsvik-transportbidrag,Transportbidrag (funktionsrättsföreningar),https://www.ornskoldsvik.se/fritid-och-kultur/foreningsliv/bidrag-till-ideella-foreningar/foreningsbidrag-som-gar-att-soka,200,https://www.ornskoldsvik.se/fritid-och-kultur/foreningsliv/bidrag-till-ideella-foreningar/foreningsbidrag-som-gar-att-soka,0,text/html;charset=UTF-8,,,
ornskoldsvik.yaml,ornskoldsvik-arrangorsstod,Arrangörsstöd,https://www.ornskoldsvik.se/fritid-och-kultur/foreningsliv/bidrag-till-ideella-foreningar/foreningsbidrag-som-gar-att-soka,200,https://www.ornskoldsvik.se/fritid-och-kultur/foreningsliv/bidrag-till-ideella-foreningar/foreningsbidrag-som-gar-att-soka,0,text/html;charset=UTF-8,,,
ornskoldsvik.yaml,ornskoldsvik-basbidrag-hembygd,Basbidrag (hembygds- och industrihistoriska föreningar),https://www.ornskoldsvik.se/fritid-och-kultur/foreningsliv/bidrag-till-ideella-foreningar/foreningsbidrag-som-gar-att-soka,200,https://www.ornskoldsvik.se/fritid-och-kultur/foreningsliv/bidrag-till-ideella-foreningar/foreningsbidrag-som-gar-att-soka,0,text/html;charset=UTF-8,,,
ornskoldsvik.yaml,ornskoldsvik-verksamhetsbidrag-kultur,Verksamhetsbidrag (kulturföreningar),https://www.ornskoldsvik.se/fritid-och-kultur/foreningsliv/bidrag-till-ideella-foreningar/foreningsbidrag-som-gar-att-soka,200,https://www.ornskoldsvik.se/fritid-och-kultur/foreningsliv/bidrag-till-ideella-foreningar/foreningsbidrag-som-gar-att-soka,0,text/html;charset=UTF-8,,,
ornskoldsvik.yaml,ornskoldsvik-verksamhetsbidrag-socialt-utsatta,Verksamhetsbidrag (föreningar för socialt utsatta grupper),https://www.ornskoldsvik.se/fritid-och-kultur/foreningsliv/bidrag-till-ideella-foreningar/foreningsbidrag-som-gar-att-soka,200,https://www.ornskoldsvik.se/fritid-och-kultur/foreningsliv/bidrag-till-ideella-foreningar/foreningsbidrag-som-gar-att-soka,0,text/html;charset=UTF-8,,,
ornskoldsvik.yaml,ornskoldsvik-driftbidrag-fiskevard,Driftbidrag till fiskevårdsområden,https://www.ornskoldsvik.se/fritid-och-kultur/foreningsliv/bidrag-till-ideella-foreningar/foreningsbidrag-som-gar-att-soka,200,https://www.ornskoldsvik.se/fritid-och-kultur/foreningsliv/bidrag-till-ideella-foreningar/foreningsbidrag-som-gar-att-soka,0,text/html;charset=UTF-8,,,
ornskoldsvik.yaml,ornskoldsvik-fiskepremiarer,Bidrag till fiskepremiärer,https://www.ornskoldsvik.se/fritid-och-kultur/foreningsliv/bidrag-till-ideella-foreningar/foreningsbidrag-som-gar-att-soka,200,https://www.ornskoldsvik.se/fritid-och-kultur/foreningsliv/bidrag-till-ideella-foreningar/foreningsbidrag-som-gar-att-soka,0,text/html;charset=UTF-8,,,
ornskoldsvik.yaml,ornskoldsvik-vagsamfalligheter,Driftbidrag till vägsamfälligheter,https://www.ornskoldsvik.se/bo-miljo-och-trafik/trafik-och-resor/bidrag-till-vagsamfalligheter,200,https://www.ornskoldsvik.se/bo-miljo-och-trafik/trafik-och-resor/bidrag-till-vagsamfalligheter,0,text/html;charset=UTF-8,,,
ornskoldsvik.yaml,ornskoldsvik-byskotselpeng,Byskötselpeng,https://e-tjanster.ornskoldsvik.se/oversikt/overview/58,200,https://e-tjanster.ornskoldsvik.se/oversikt/overview/58,0,text/html;charset=ISO-8859-1,,,
ornskoldsvik.yaml,ornskoldsvik-vindbonus,Vindbonus,https://www.ornskoldsvik.se/bo-miljo-och-trafik/bo-pa-landsbygd/medel-till-landsbygd/las-och-ansok-om-vindbonus,200,https://www.ornskoldsvik.se/bo-miljo-och-trafik/bo-pa-landsbygd/medel-till-landsbygd/las-och-ansok-om-vindbonus,0,text/html;charset=UTF-8,,,
ornskoldsvik.yaml,ornskoldsvik-evenemangsstod,Evenemangsstöd,https://www.ornskoldsvik.se/marknad/foretag-och-naringsliv/foretag-och-naringsliv/vi-hjalper-dig-i-starten-och-langs-vagen/evenemangsstod,200,https://www.ornskoldsvik.se/marknad/foretag-och-naringsliv/foretag-och-naringsliv/vi-hjalper-dig-i-starten-och-langs-vagen/evenemangsstod,0,text/html;charset=UTF-8,,,
ornskoldsvik.yaml,ornskoldsvik-bra-medel,Brå-medel (brottsförebyggande bidrag),https://www.ornskoldsvik.se/omsorg-och-stod/vald-och-brott/brottsforebyggande/ansok-om-bra-medel,200,https://www.ornskoldsvik.se/omsorg-och-stod/vald-och-brott/brottsforebyggande/ansok-om-bra-medel,0,text/html;charset=UTF-8,,,
ornskoldsvik.yaml,ornskoldsvik-kulturstipendiet,Kulturstipendiet,https://www.ornskoldsvik.se/fritid-och-kultur/foreningsliv/stipendier/kulturstipendiets-statuter,200,https://www.ornskoldsvik.se/fritid-och-kultur/foreningsliv/stipendier/kulturstipendiets-statuter,0,text/html;charset=UTF-8,,,
ornskoldsvik.yaml,ornskoldsvik-arnes-soderstroms-hembygdsstipendium,Arnes Söderströms Hembygdsstipendium,https://www.ornskoldsvik.se/fritid-och-kultur/foreningsliv/stipendier/arnes-soderstroms-hembygdsstipendium-statuter,200,https://www.ornskoldsvik.se/fritid-och-kultur/foreningsliv/stipendier/arnes-soderstroms-hembygdsstipendium-statuter,0,text/html;charset=UTF-8,,,
ornskoldsvik.yaml,ornskoldsvik-friluftsstipendiet,Friluftsstipendiet,https://www.ornskoldsvik.se/fritid-och-kultur/foreningsliv/stipendier/friluftsstipendiets-statuter,200,https://www.ornskoldsvik.se/fritid-och-kultur/foreningsliv/stipendier/friluftsstipendiets-statuter,0,text/html;charset=UTF-8,,,
ornskoldsvik.yaml,ornskoldsvik-idrottsstipendiet,Idrottsstipendiet,https://www.ornskoldsvik.se/fritid-och-kultur/foreningsliv/stipendier/idrottsstipendiets-statuter,200,https://www.ornskoldsvik.se/fritid-och-kultur/foreningsliv/stipendier/idrottsstipendiets-statuter,0,text/html;charset=UTF-8,,,
ornskoldsvik.yaml,ornskoldsvik-mastarskapsstipendiet,Mästerskapsstipendiet,https://www.ornskoldsvik.se/fritid-och-kultur/foreningsliv/stipendier/masterskapsstipendiets-statuter,200,https://www.ornskoldsvik.se/fritid-och-kultur/foreningsliv/stipendier/masterskapsstipendiets-statuter,0,text/html;charset=UTF-8,,,
orsa.yaml,orsa-foreningsbidrag,Föreningsbidrag,https://orsa.se/uppleva-och-gora/foreningar/bidrag-stod-och-stipendier.html,200,https://orsa.se/uppleva-och-gora/foreningar/bidrag-stod-och-stipendier.html,0,text/html;charset=UTF-8,,,
orsa.yaml,orsa-evenemangsstod,Evenemangsstöd,https://orsa.se/uppleva-och-gora/foreningar/bidrag-stod-och-stipendier.html,200,https://orsa.se/uppleva-och-gora/foreningar/bidrag-stod-och-stipendier.html,0,text/html;charset=UTF-8,,,
orsa.yaml,orsa-lokalt-aktivitetsstod,Lokalt aktivitetsstöd,https://orsa.se/uppleva-och-gora/foreningar/bidrag-stod-och-stipendier.html,200,https://orsa.se/uppleva-och-gora/foreningar/bidrag-stod-och-stipendier.html,0,text/html;charset=UTF-8,,,
orsa.yaml,orsa-bygdepeng-vindkraft,Bygdepeng vindkraft,https://orsa.se/uppleva-och-gora/foreningar/bidrag-stod-och-stipendier.html,200,https://orsa.se/uppleva-och-gora/foreningar/bidrag-stod-och-stipendier.html,0,text/html;charset=UTF-8,,,
orsa.yaml,orsa-utvecklingsbidrag-vindkraft,Utvecklingsbidrag vindkraft,https://orsa.se/uppleva-och-gora/foreningar/bidrag-stod-och-stipendier.html,200,https://orsa.se/uppleva-och-gora/foreningar/bidrag-stod-och-stipendier.html,0,text/html;charset=UTF-8,,,
orust.yaml,orust-stod-for-investering-och-projektutveckling,Stöd för investering och projektutveckling,https://orust.se/uppleva-och-gora/foreningar-och-foreningsliv/foreningsstod,200,https://www.orust.se/uppleva-och-gora/foreningar-och-foreningsliv/foreningsstod,1,text/html;charset=UTF-8,,,
orust.yaml,orust-lokalt-aktivitetsstod,Lokalt aktivitetsstöd,https://orust.se/uppleva-och-gora/foreningar-och-foreningsliv/foreningsstod,200,https://www.orust.se/uppleva-och-gora/foreningar-och-foreningsliv/foreningsstod,1,text/html;charset=UTF-8,,,
orust.yaml,orust-driftsstod-till-foreningsagd-idrottsanlaggning,Driftsstöd till föreningsägd idrottsanläggning,https://orust.se/uppleva-och-gora/foreningar-och-foreningsliv/foreningsstod,200,https://www.orust.se/uppleva-och-gora/foreningar-och-foreningsliv/foreningsstod,1,text/html;charset=UTF-8,,,
orust.yaml,orust-driftsstod-till-foreningsagd-verksamhetslokal,Driftsstöd till föreningsägd verksamhetslokal,https://orust.se/uppleva-och-gora/foreningar-och-foreningsliv/foreningsstod,200,https://www.orust.se/uppleva-och-gora/foreningar-och-foreningsliv/foreningsstod,1,text/html;charset=UTF-8,,,
orust.yaml,orust-driftsstod-till-hyrd-lokal,Driftsstöd till hyrd lokal,https://orust.se/uppleva-och-gora/foreningar-och-foreningsliv/foreningsstod,200,https://www.orust.se/uppleva-och-gora/foreningar-och-foreningsliv/foreningsstod,1,text/html;charset=UTF-8,,,
orust.yaml,orust-stod-till-pensionarsforeningar,Stöd till pensionärsföreningar,https://orust.se/uppleva-och-gora/foreningar-och-foreningsliv/foreningsstod,200,https://www.orust.se/uppleva-och-gora/foreningar-och-foreningsliv/foreningsstod,1,text/html;charset=UTF-8,,,
orust.yaml,orust-stod-till-handikappforeningar,Stöd till handikappföreningar,https://orust.se/uppleva-och-gora/foreningar-och-foreningsliv/foreningsstod,200,https://www.orust.se/uppleva-och-gora/foreningar-och-foreningsliv/foreningsstod,1,text/html;charset=UTF-8,,,
orust.yaml,orust-stod-till-museiverksamhet-och-dokumentation,Stöd till museiverksamhet och dokumentation,https://orust.se/uppleva-och-gora/foreningar-och-foreningsliv/foreningsstod,200,https://www.orust.se/uppleva-och-gora/foreningar-och-foreningsliv/foreningsstod,1,text/html;charset=UTF-8,,,
orust.yaml,orust-driftstod-for-simskola,Driftstöd för simskola,https://orust.se/uppleva-och-gora/foreningar-och-foreningsliv/foreningsstod,200,https://www.orust.se/uppleva-och-gora/foreningar-och-foreningsliv/foreningsstod,1,text/html;charset=UTF-8,,,
osby.yaml,osby-drift-och-hyresstod,Drift- och hyresstöd,https://www.osby.se/se--gora/foreningsliv/foreningsstod.html,200,https://www.osby.se/se--gora/foreningsliv/foreningsstod.html,0,text/html;charset=UTF-8,,,
osby.yaml,osby-projekt-och-arrangemangsstod,Projekt- och arrangemangsstöd,https://www.osby.se/se--gora/foreningsliv/foreningsstod.html,200,https://www.osby.se/se--gora/foreningsliv/foreningsstod.html,0,text/html;charset=UTF-8,,,
osby.yaml,osby-investeringsstod,Investeringsstöd,https://www.osby.se/se--gora/foreningsliv/foreningsstod.html,200,https://www.osby.se/se--gora/foreningsliv/foreningsstod.html,0,text/html;charset=UTF-8,,,
osby.yaml,osby-verksamhetsstod-till-kultur-och-fritidsforeningar-och-samlingslokaler,Verksamhetsstöd till kultur- och fritidsföreningar och samlingslokaler,https://www.osby.se/se--gora/foreningsliv/foreningsstod.html,200,https://www.osby.se/se--gora/foreningsliv/foreningsstod.html,0,text/html;charset=UTF-8,,,
osby.yaml,osby-verksamhetsstod-for-lika-mojligheter,Verksamhetsstöd för lika möjligheter,https://www.osby.se/se--gora/foreningsliv/foreningsstod.html,200,https://www.osby.se/se--gora/foreningsliv/foreningsstod.html,0,text/html;charset=UTF-8,,,
osby.yaml,osby-lokalt-aktivitetsstod,Lokalt aktivitetsstöd,https://www.osby.se/se--gora/foreningsliv/foreningsstod.html,200,https://www.osby.se/se--gora/foreningsliv/foreningsstod.html,0,text/html;charset=UTF-8,,,
osby.yaml,osby-verksamhetsstod-till-studieforbund,Verksamhetsstöd till studieförbund,https://www.osby.se/se--gora/foreningsliv/foreningsstod.html,200,https://www.osby.se/se--gora/foreningsliv/foreningsstod.html,0,text/html;charset=UTF-8,,,
oskarshamn.yaml,oskarshamn-kultur-arrangerande,Bidrag för arrangerande/utövande kulturföreningar,https://www.oskarshamn.se/kultur-och-fritid/foreningsliv/foreningsbidrag/bidrag-kulturforeningar/,200,https://www.oskarshamn.se/kultur-och-fritid/foreningsliv/foreningsbidrag/bidrag-kulturforeningar/,0,text/html; charset=utf-8,,,
oskarshamn.yaml,oskarshamn-lokalbidrag-ungdom,Lokalbidrag (registrerade ungdomsföreningar),https://www.oskarshamn.se/kultur-och-fritid/foreningsliv/foreningsbidrag/bidrag-kulturforeningar/,200,https://www.oskarshamn.se/kultur-och-fritid/foreningsliv/foreningsbidrag/bidrag-kulturforeningar/,0,text/html; charset=utf-8,,,
oskarshamn.yaml,oskarshamn-lokalt-aktivitetsstod,Kommunalt lokalt aktivitetsstöd,https://www.oskarshamn.se/kultur-och-fritid/foreningsliv/foreningsbidrag/bidrag-fritidsforeningar/,200,https://www.oskarshamn.se/kultur-och-fritid/foreningsliv/foreningsbidrag/bidrag-fritidsforeningar/,0,text/html; charset=utf-8,,,
oskarshamn.yaml,oskarshamn-lovbidrag,Lovbidrag,https://www.oskarshamn.se/kultur-och-fritid/foreningsliv/foreningsbidrag/bidrag-fritidsforeningar/,200,https://www.oskarshamn.se/kultur-och-fritid/foreningsliv/foreningsbidrag/bidrag-fritidsforeningar/,0,text/html; charset=utf-8,,,
oskarshamn.yaml,oskarshamn-ledarutbildningsbidrag,Ledarutbildningsbidrag,https://www.oskarshamn.se/kultur-och-fritid/foreningsliv/foreningsbidrag/bidrag-fritidsforeningar/,200,https://www.oskarshamn.se/kultur-och-fritid/foreningsliv/foreningsbidrag/bidrag-fritidsforeningar/,0,text/html; charset=utf-8,,,
oskarshamn.yaml,oskarshamn-lokalbidrag,Lokalbidrag,https://minasidor.oskarshamn.se/oversikt/overview/479,200,https://minasidor.oskarshamn.se/oversikt/overview/479,0,text/html;charset=ISO-8859-1,,,
oskarshamn.yaml,oskarshamn-skotselbidrag,Skötselbidrag,https://minasidor.oskarshamn.se/oversikt/overview/479,200,https://minasidor.oskarshamn.se/oversikt/overview/479,0,text/html;charset=ISO-8859-1,,,
osteraker.yaml,osteraker-aktivitetsbidrag,Aktivitetsbidrag,https://www.osteraker.se/upplevagora/foreningarochforeningsliv/bidragochstod.4.367d658917909e8fc2bdbc.html,200,https://www.osteraker.se/upplevagora/foreningarochforeningsliv/bidragochstod.4.367d658917909e8fc2bdbc.html,0,text/html;charset=UTF-8,,,
osteraker.yaml,osteraker-anlaggningsbidrag,Anläggningsbidrag,https://www.osteraker.se/upplevagora/foreningarochforeningsliv/bidragochstod.4.367d658917909e8fc2bdbc.html,200,https://www.osteraker.se/upplevagora/foreningarochforeningsliv/bidragochstod.4.367d658917909e8fc2bdbc.html,0,text/html;charset=UTF-8,,,
osteraker.yaml,osteraker-kulturevenemangsbidrag,Kulturevenemangsbidrag,https://www.osteraker.se/upplevagora/foreningarochforeningsliv/bidragochstod.4.367d658917909e8fc2bdbc.html,200,https://www.osteraker.se/upplevagora/foreningarochforeningsliv/bidragochstod.4.367d658917909e8fc2bdbc.html,0,text/html;charset=UTF-8,,,
osteraker.yaml,osteraker-kulturbidrag-aldre,Kulturbidrag för äldre,https://www.osteraker.se/upplevagora/foreningarochforeningsliv/bidragochstod.4.367d658917909e8fc2bdbc.html,200,https://www.osteraker.se/upplevagora/foreningarochforeningsliv/bidragochstod.4.367d658917909e8fc2bdbc.html,0,text/html;charset=UTF-8,,,
osteraker.yaml,osteraker-kulturpris,Österåkers kulturpris,https://www.osteraker.se/upplevagora/foreningarochforeningsliv/bidragochstod.4.367d658917909e8fc2bdbc.html,200,https://www.osteraker.se/upplevagora/foreningarochforeningsliv/bidragochstod.4.367d658917909e8fc2bdbc.html,0,text/html;charset=UTF-8,,,
osteraker.yaml,osteraker-hallbarhetsbidrag,Hållbarhetsbidrag,https://www.osteraker.se/specialsidor/kommunalaverksamheter/hallbarhetochmiljo/ansokomhallbarhetsbidrag2026.4.4d8ccb9818167a0763326f2.html,200,https://www.osteraker.se/specialsidor/kommunalaverksamheter/hallbarhetochmiljo/ansokomhallbarhetsbidrag2026.4.4d8ccb9818167a0763326f2.html,0,text/html;charset=UTF-8,,,
osteraker.yaml,osteraker-inkluderingsbidrag,Inkluderingsbidrag,https://www.osteraker.se/download/18.5f4ce35f18ecbde7180664b/1720095809495/riktlinjer_inkludering.pdf,200,https://www.osteraker.se/download/18.5f4ce35f18ecbde7180664b/1720095809495/riktlinjer_inkludering.pdf,0,application/pdf,,,
osteraker.yaml,osteraker-socialnamndens-foreningsbidrag,Socialnämndens föreningsbidrag,https://www.osteraker.se/upplevagora/foreningarochforeningsliv/bidragochstod/riktlinjerforsocialnamndensforeningsbidrag.4.77c924619b9d91e3e2aab.html,200,https://www.osteraker.se/upplevagora/foreningarochforeningsliv/bidragochstod/riktlinjerforsocialnamndensforeningsbidrag.4.77c924619b9d91e3e2aab.html,0,text/html;charset=UTF-8,,,
osteraker.yaml,osteraker-studieforbundsbidrag,Bidrag till studieförbund,https://www.osteraker.se/download/18.27d4a62417c113509425456/1634587978536/Regler%20Studief%C3%B6rbund.pdf,200,https://www.osteraker.se/download/18.27d4a62417c113509425456/1634587978536/Regler%20Studief%C3%B6rbund.pdf,0,application/pdf,,,
osteraker.yaml,osteraker-bygdegardsbidrag,Bidrag till bygdegårdar och andra samlingslokaler,https://www2.osteraker.se/download/18.1ef37628159176cfe19242d/1484653827230/Riktlinjer%20f%C3%B6r%20bidrag%20till%20bygdeg%C3%A5rdar.pdf,200,https://www2.osteraker.se/download/18.1ef37628159176cfe19242d/1484653827230/Riktlinjer%20f%C3%B6r%20bidrag%20till%20bygdeg%C3%A5rdar.pdf,0,application/pdf,,,
osteraker.yaml,osteraker-ungas-egen-organisering,Ungas egen organisering,https://www.osteraker.se/upplevagora/ungiosteraker.4.592cfecd176fc0db8782e86.html,200,https://www.osteraker.se/upplevagora/ungiosteraker.4.592cfecd176fc0db8782e86.html,0,text/html;charset=UTF-8,,,
ostersund.yaml,ostersund-verksamhetsbidrag-idrott-fritid,Verksamhetsbidrag (lokalt aktivitetsstöd),https://www.ostersund.se/download/18.2241433b19b0499f77c1dbb9/1769676270585/Bilaga%201%20Normbidrag.pub%20(5).pdf,200,https://www.ostersund.se/download/18.2241433b19b0499f77c1dbb9/1769676270585/Bilaga%201%20Normbidrag.pub%20(5).pdf,0,application/pdf,,,
ostersund.yaml,ostersund-drift-underhall-foreningsanlaggning,Drift- och underhållsbidrag till föreningsanläggning,https://www.ostersund.se/download/18.2241433b19b0499f77c1dbb9/1769676270585/Bilaga%201%20Normbidrag.pub%20(5).pdf,200,https://www.ostersund.se/download/18.2241433b19b0499f77c1dbb9/1769676270585/Bilaga%201%20Normbidrag.pub%20(5).pdf,0,application/pdf,,,
ostersund.yaml,ostersund-investerings-utrustningsbidrag,Investerings- och utrustningsbidrag,https://www.ostersund.se/download/18.6c0544be1953e783a24499/1740563760340/Investerings-%20och%20utrustningsbidrag.pdf,200,https://www.ostersund.se/download/18.6c0544be1953e783a24499/1740563760340/Investerings-%20och%20utrustningsbidrag.pdf,0,application/pdf,,,
ostersund.yaml,ostersund-arrangemangsbidrag-idrott-fritid,Arrangemangsbidrag (idrott och fritid),https://www.ostersund.se/download/18.6c0544be1953e783a24487/1740563264147/Arrangemangsbidrag.pdf,200,https://www.ostersund.se/download/18.6c0544be1953e783a24487/1740563264147/Arrangemangsbidrag.pdf,0,application/pdf,,,
ostersund.yaml,ostersund-startbidrag-kulturforening,Startbidrag för nybildad kulturförening,https://www.ostersund.se/download/18.2acaf8221584532b6601178c/1597991222315/kulturbidrag.pdf,200,https://www.ostersund.se/download/18.2acaf8221584532b6601178c/1597991222315/kulturbidrag.pdf,0,application/pdf,,,
ostersund.yaml,ostersund-arsbidrag-kulturforeningar,Årsbidrag till kulturföreningar,https://www.ostersund.se/download/18.2acaf8221584532b6601178c/1597991222315/kulturbidrag.pdf,200,https://www.ostersund.se/download/18.2acaf8221584532b6601178c/1597991222315/kulturbidrag.pdf,0,application/pdf,,,
ostersund.yaml,ostersund-kulturarrangemangsbidrag,Bidrag till kulturarrangemang,https://www.ostersund.se/download/18.2acaf8221584532b6601178c/1597991222315/kulturbidrag.pdf,200,https://www.ostersund.se/download/18.2acaf8221584532b6601178c/1597991222315/kulturbidrag.pdf,0,application/pdf,,,
ostersund.yaml,ostersund-hembygdsforening,Bidrag till hembygdsförening,https://eservice.ostersund.se/oversikt/overview/323,200,https://eservice.ostersund.se/oversikt/overview/323,0,text/html;charset=ISO-8859-1,,,
ostersund.yaml,ostersund-kulturbidrag-unga,Kulturbidrag till unga,https://eservice.ostersund.se/oversikt/overview/361,200,https://eservice.ostersund.se/oversikt/overview/361,0,text/html;charset=ISO-8859-1,,,
ostersund.yaml,ostersund-utvecklingsbidrag-kultur,Utvecklingsbidrag för kultur,https://www.ostersund.se/uppleva-och-gora/foreningsliv-och-bidrag/bidrag.html,200,https://www.ostersund.se/uppleva-och-gora/foreningsliv-och-bidrag/bidrag.html,0,text/html;charset=UTF-8,,,
ostersund.yaml,ostersund-drift-underhall-samlingslokaler,Drift- och underhållsbidrag för allmänna samlingslokaler,https://www.ostersund.se/download/18.2241433b19b0499f77ceef4/1767884665642/Drift-och-underh%C3%A5llsbidrag-f%C3%B6r-allm%C3%A4nna-samlingslokaler.pdf,200,https://www.ostersund.se/download/18.2241433b19b0499f77ceef4/1767884665642/Drift-och-underh%C3%A5llsbidrag-f%C3%B6r-allm%C3%A4nna-samlingslokaler.pdf,0,application/pdf,,,
ostersund.yaml,ostersund-studieforbund,Bidrag till studieförbund,https://eservice.ostersund.se/oversikt/overview/632,200,https://eservice.ostersund.se/oversikt/overview/632,0,text/html;charset=ISO-8859-1,,,
ostersund.yaml,ostersund-byapeng,Byapeng,https://eservice.ostersund.se/byapeng,200,https://eservice.ostersund.se/oversikt/overview/801,1,text/html;charset=ISO-8859-1,,,
ostersund.yaml,ostersund-forenings-organisationsbidrag-social,Förenings- och organisationsbidrag (Social- och arbetsmarknadsnämnden),https://www.ostersund.se/download/18.6fc5bb93180cdf880991e24/1652964120024/Revidering%20riktlinjer%20f%C3%B6r%20f%C3%B6renings-%20och%20organisationsbidrag.pdf,200,https://www.ostersund.se/download/18.6fc5bb93180cdf880991e24/1652964120024/Revidering%20riktlinjer%20f%C3%B6r%20f%C3%B6renings-%20och%20organisationsbidrag.pdf,0,application/pdf,,,
ostersund.yaml,ostersund-vardomsorg-grundbidrag,Grundbidrag (Vård- och omsorgsnämnden),https://www.ostersund.se/download/18.2442e1d18fcaa703a58961/1766419917652/Riktlinje%20f%C3%B6r%20bidrag%20till%20f%C3%B6reningar%20inom%20V%C3%A5rd-%20och%20omsorgsn%C3%A4mndens%20verksamhetsomr%C3%A5de.pdf,200,https://www.ostersund.se/download/18.2442e1d18fcaa703a58961/1766419917652/Riktlinje%20f%C3%B6r%20bidrag%20till%20f%C3%B6reningar%20inom%20V%C3%A5rd-%20och%20omsorgsn%C3%A4mndens%20verksamhetsomr%C3%A5de.pdf,0,application/pdf,,,
ostersund.yaml,ostersund-vardomsorg-verksamhetsbidrag,Verksamhetsbidrag (Vård- och omsorgsnämnden),https://www.ostersund.se/download/18.2442e1d18fcaa703a58961/1766419917652/Riktlinje%20f%C3%B6r%20bidrag%20till%20f%C3%B6reningar%20inom%20V%C3%A5rd-%20och%20omsorgsn%C3%A4mndens%20verksamhetsomr%C3%A5de.pdf,200,https://www.ostersund.se/download/18.2442e1d18fcaa703a58961/1766419917652/Riktlinje%20f%C3%B6r%20bidrag%20till%20f%C3%B6reningar%20inom%20V%C3%A5rd-%20och%20omsorgsn%C3%A4mndens%20verksamhetsomr%C3%A5de.pdf,0,application/pdf,,,
ostersund.yaml,ostersund-vardomsorg-jamstalldhetsbidrag,Jämställdhetsbidrag (Vård- och omsorgsnämnden),https://www.ostersund.se/download/18.2442e1d18fcaa703a58961/1766419917652/Riktlinje%20f%C3%B6r%20bidrag%20till%20f%C3%B6reningar%20inom%20V%C3%A5rd-%20och%20omsorgsn%C3%A4mndens%20verksamhetsomr%C3%A5de.pdf,200,https://www.ostersund.se/download/18.2442e1d18fcaa703a58961/1766419917652/Riktlinje%20f%C3%B6r%20bidrag%20till%20f%C3%B6reningar%20inom%20V%C3%A5rd-%20och%20omsorgsn%C3%A4mndens%20verksamhetsomr%C3%A5de.pdf,0,application/pdf,,,
ostersund.yaml,ostersund-vardomsorg-extraordinart,Extraordinärt bidrag (Vård- och omsorgsnämnden),https://www.ostersund.se/download/18.2442e1d18fcaa703a58961/1766419917652/Riktlinje%20f%C3%B6r%20bidrag%20till%20f%C3%B6reningar%20inom%20V%C3%A5rd-%20och%20omsorgsn%C3%A4mndens%20verksamhetsomr%C3%A5de.pdf,200,https://www.ostersund.se/download/18.2442e1d18fcaa703a58961/1766419917652/Riktlinje%20f%C3%B6r%20bidrag%20till%20f%C3%B6reningar%20inom%20V%C3%A5rd-%20och%20omsorgsn%C3%A4mndens%20verksamhetsomr%C3%A5de.pdf,0,application/pdf,,,
ostersund.yaml,ostersund-driftbidrag-enskild-vag,Driftbidrag till enskild väg (generellt),https://www.ostersund.se/trafik-och-infrastruktur/pa-din-gata/enskilda-vagar.html,200,https://www.ostersund.se/trafik-och-infrastruktur/pa-din-gata/enskilda-vagar.html,0,text/html;charset=UTF-8,,,
ostersund.yaml,ostersund-sarskilt-driftbidrag-enskild-vag,Särskilt driftbidrag till enskild väg,https://www.ostersund.se/trafik-och-infrastruktur/pa-din-gata/enskilda-vagar.html,200,https://www.ostersund.se/trafik-och-infrastruktur/pa-din-gata/enskilda-vagar.html,0,text/html;charset=UTF-8,,,
ostersund.yaml,ostersund-underhallsbidrag-vagbelysning,Årligt underhållsbidrag för vägbelysning på landsbygden,https://www.ostersund.se/trafik-och-infrastruktur/pa-din-gata/vagbelysning-pa-landsbygden.html,200,https://www.ostersund.se/trafik-och-infrastruktur/pa-din-gata/vagbelysning-pa-landsbygden.html,0,text/html;charset=UTF-8,,,
ostersund.yaml,ostersund-investeringsbidrag-vagbelysning,Investerings- och nyanläggningsbidrag för vägbelysning på landsbygden,https://www.ostersund.se/trafik-och-infrastruktur/pa-din-gata/vagbelysning-pa-landsbygden.html,200,https://www.ostersund.se/trafik-och-infrastruktur/pa-din-gata/vagbelysning-pa-landsbygden.html,0,text/html;charset=UTF-8,,,
ostersund.yaml,ostersund-arets-by,Årets by,https://www.ostersund.se/kommun-och-politik/priser-och-stipendier.html,200,https://www.ostersund.se/kommun-och-politik/priser-och-stipendier.html,0,text/html;charset=UTF-8,,,
ostersund.yaml,ostersund-miljopriset,Miljöpriset,https://www.ostersund.se/kommun-och-politik/priser-och-stipendier.html,200,https://www.ostersund.se/kommun-och-politik/priser-och-stipendier.html,0,text/html;charset=UTF-8,,,
ostersund.yaml,ostersund-tillganglighetspriset,Tillgänglighetspriset,https://www.ostersund.se/kommun-och-politik/priser-och-stipendier.html,200,https://www.ostersund.se/kommun-och-politik/priser-och-stipendier.html,0,text/html;charset=UTF-8,,,
ostersund.yaml,ostersund-jamstalldhetspriset,Jämställdhetspriset,https://www.ostersund.se/kommun-och-politik/priser-och-stipendier.html,200,https://www.ostersund.se/kommun-och-politik/priser-och-stipendier.html,0,text/html;charset=UTF-8,,,
osthammar.yaml,osthammar-foreningsbidrag,Föreningsbidrag,https://www.osthammar.se/uppleva-och-gora/stod-och-stipendier/foreningsstod/,200,https://www.osthammar.se/uppleva-och-gora/stod-och-stipendier/foreningsstod/,0,text/html; charset=utf-8,,,
osthammar.yaml,osthammar-investerings-utrustningsbidrag,Investerings- och utrustningsbidrag,https://www.osthammar.se/uppleva-och-gora/stod-och-stipendier/foreningsstod/,200,https://www.osthammar.se/uppleva-och-gora/stod-och-stipendier/foreningsstod/,0,text/html; charset=utf-8,,,
osthammar.yaml,osthammar-foreningslyftet,Föreningslyftet,https://www.osthammar.se/uppleva-och-gora/stod-och-stipendier/foreningsstod/,200,https://www.osthammar.se/uppleva-och-gora/stod-och-stipendier/foreningsstod/,0,text/html; charset=utf-8,,,
osthammar.yaml,osthammar-grundbidrag,Grundbidrag,https://www.osthammar.se/uppleva-och-gora/stod-och-stipendier/foreningsstod/,200,https://www.osthammar.se/uppleva-och-gora/stod-och-stipendier/foreningsstod/,0,text/html; charset=utf-8,,,
osthammar.yaml,osthammar-anlaggningsstod,Anläggningsstöd,https://www.osthammar.se/uppleva-och-gora/stod-och-stipendier/foreningsstod/,200,https://www.osthammar.se/uppleva-och-gora/stod-och-stipendier/foreningsstod/,0,text/html; charset=utf-8,,,
osthammar.yaml,osthammar-skotselbidrag,Skötselbidrag,https://www.osthammar.se/uppleva-och-gora/stod-och-stipendier/foreningsstod/,200,https://www.osthammar.se/uppleva-och-gora/stod-och-stipendier/foreningsstod/,0,text/html; charset=utf-8,,,
osthammar.yaml,osthammar-administrationsbidrag,Administrationsbidrag,https://www.osthammar.se/uppleva-och-gora/stod-och-stipendier/foreningsstod/,200,https://www.osthammar.se/uppleva-och-gora/stod-och-stipendier/foreningsstod/,0,text/html; charset=utf-8,,,
osthammar.yaml,osthammar-verksamhetsbidrag-–-funktionsratt,Verksamhetsbidrag – funktionsrätt,https://www.osthammar.se/uppleva-och-gora/stod-och-stipendier/foreningsstod/,200,https://www.osthammar.se/uppleva-och-gora/stod-och-stipendier/foreningsstod/,0,text/html; charset=utf-8,,,
osthammar.yaml,osthammar-speciellt-bidrag,Speciellt bidrag,https://www.osthammar.se/uppleva-och-gora/stod-och-stipendier/foreningsstod/,200,https://www.osthammar.se/uppleva-och-gora/stod-och-stipendier/foreningsstod/,0,text/html; charset=utf-8,,,
ostra-goinge.yaml,ostra-goinge-aktivitetsstod,Aktivitetsstöd,https://ostragoinge.se/uppleva-och-gora/foreningsliv/bidrag-och-stod-for-foreningar,200,https://ostragoinge.se/uppleva-och-gora/foreningsliv/bidrag-och-stod-for-foreningar,0,text/html;charset=UTF-8,,,
ostra-goinge.yaml,ostra-goinge-arrangemangsbidrag,Arrangemangsbidrag,https://ostragoinge.se/uppleva-och-gora/foreningsliv/bidrag-och-stod-for-foreningar,200,https://ostragoinge.se/uppleva-och-gora/foreningsliv/bidrag-och-stod-for-foreningar,0,text/html;charset=UTF-8,,,
ostra-goinge.yaml,ostra-goinge-driftsbidrag-egen-anlaggning,Driftsbidrag – egen anläggning,https://ostragoinge.se/uppleva-och-gora/foreningsliv/bidrag-och-stod-for-foreningar,200,https://ostragoinge.se/uppleva-och-gora/foreningsliv/bidrag-och-stod-for-foreningar,0,text/html;charset=UTF-8,,,
ostra-goinge.yaml,ostra-goinge-ledarutbildningsbidrag,Ledarutbildningsbidrag,https://ostragoinge.se/uppleva-och-gora/foreningsliv/bidrag-och-stod-for-foreningar,200,https://ostragoinge.se/uppleva-och-gora/foreningsliv/bidrag-och-stod-for-foreningar,0,text/html;charset=UTF-8,,,
ostra-goinge.yaml,ostra-goinge-investeringsbidrag,Investeringsbidrag,https://ostragoinge.se/uppleva-och-gora/foreningsliv/bidrag-och-stod-for-foreningar,200,https://ostragoinge.se/uppleva-och-gora/foreningsliv/bidrag-och-stod-for-foreningar,0,text/html;charset=UTF-8,,,
ostra-goinge.yaml,ostra-goinge-ekonomiskt-stod-for-feriearbete,Ekonomiskt stöd för feriearbete,https://ostragoinge.se/uppleva-och-gora/foreningsliv/bidrag-och-stod-for-foreningar,200,https://ostragoinge.se/uppleva-och-gora/foreningsliv/bidrag-och-stod-for-foreningar,0,text/html;charset=UTF-8,,,
ovanaker.yaml,ovanaker-aktivitetsbidrag,Aktivitetsbidrag,https://www.ovanaker.se/kulturochfritid/foreningarforeningsbidrag/bidragtillforeningarochstudieforbund/aktivitetsbidrag.412.html,200,https://www.ovanaker.se/kulturochfritid/foreningarforeningsbidrag/bidragtillforeningarochstudieforbund/aktivitetsbidrag.412.html,0,text/html;charset=UTF-8,,,
ovanaker.yaml,ovanaker-anlaggningsbidrag,Anläggningsbidrag,https://www.ovanaker.se/kulturochfritid/foreningarforeningsbidrag/bidragtillforeningarochstudieforbund/anlaggningsbidrag.409.html,200,https://www.ovanaker.se/kulturochfritid/foreningarforeningsbidrag/bidragtillforeningarochstudieforbund/anlaggningsbidrag.409.html,0,text/html;charset=UTF-8,,,
ovanaker.yaml,ovanaker-kulturforeningsbidrag,Årligt kulturföreningsbidrag,https://www.ovanaker.se/kulturochfritid/foreningarforeningsbidrag/bidragtillforeningarochstudieforbund/kulturforeningsbidrag/arligtkulturforeningsbidrag.410.html,200,https://www.ovanaker.se/kulturochfritid/foreningarforeningsbidrag/bidragtillforeningarochstudieforbund/kulturforeningsbidrag/arligtkulturforeningsbidrag.410.html,0,text/html;charset=UTF-8,,,
ovanaker.yaml,ovanaker-utbildningsbidrag,Utbildningsbidrag,https://www.ovanaker.se/kulturochfritid/foreningarforeningsbidrag/bidragtillforeningarochstudieforbund/utbildningsbidrag.7279.html,200,https://www.ovanaker.se/kulturochfritid/foreningarforeningsbidrag/bidragtillforeningarochstudieforbund/utbildningsbidrag.7279.html,0,text/html;charset=UTF-8,,,
ovanaker.yaml,ovanaker-sponsring-evenemang,Sponsring av evenemang,https://www.ovanaker.se/kulturochfritid/foreningarforeningsbidrag/bidragtillforeningarochstudieforbund/sponsringavevenemang.411.html,200,https://www.ovanaker.se/kulturochfritid/foreningarforeningsbidrag/bidragtillforeningarochstudieforbund/sponsringavevenemang.411.html,0,text/html;charset=UTF-8,,,
ovanaker.yaml,ovanaker-studieforbundsbidrag,Studieförbundsbidrag,https://www.ovanaker.se/kulturochfritid/foreningarforeningsbidrag/bidragtillforeningarochstudieforbund/studieforbundsbidrag.342.html,200,https://www.ovanaker.se/kulturochfritid/foreningarforeningsbidrag/bidragtillforeningarochstudieforbund/studieforbundsbidrag.342.html,0,text/html;charset=UTF-8,,,
ovanaker.yaml,ovanaker-kulturella-aktiviteter-arrangemang,Bidrag till föreningar för kulturella aktiviteter/arrangemang,https://minasidor.ovanaker.se/oversikt/overview/155,200,https://minasidor.ovanaker.se/oversikt/overview/155,0,text/html;charset=ISO-8859-1,,,
ovanaker.yaml,ovanaker-kulturarrangemangsbidrag,Kulturarrangemangsbidrag,https://www.ovanaker.se/kulturochfritid/foreningarforeningsbidrag/bidragtillforeningarochstudieforbund/kulturforeningsbidrag/kulturarrangemangsbidrag.9077.html,200,https://www.ovanaker.se/kulturochfritid/foreningarforeningsbidrag/bidragtillforeningarochstudieforbund/kulturforeningsbidrag/kulturarrangemangsbidrag.9077.html,0,text/html;charset=UTF-8,,,
ovanaker.yaml,ovanaker-startbidrag-kulturforening,Startbidrag för kulturföreningar,https://www.ovanaker.se/kulturochfritid/foreningarforeningsbidrag/bidragtillforeningarochstudieforbund/kulturforeningsbidrag/startbidragforkulturforeningar.17108.html,200,https://www.ovanaker.se/kulturochfritid/foreningarforeningsbidrag/bidragtillforeningarochstudieforbund/kulturforeningsbidrag/startbidragforkulturforeningar.17108.html,0,text/html;charset=UTF-8,,,
ovanaker.yaml,ovanaker-snabba-pengar-ung-kultur,"""Snabba pengar"" för ung kultur",https://www.ovanaker.se/kulturochfritid/foreningarforeningsbidrag/bidragtillforeningarochstudieforbund/kulturforeningsbidrag/snabbapengarforungkultur.17109.html,200,https://www.ovanaker.se/kulturochfritid/foreningarforeningsbidrag/bidragtillforeningarochstudieforbund/kulturforeningsbidrag/snabbapengarforungkultur.17109.html,0,text/html;charset=UTF-8,,,
ovanaker.yaml,ovanaker-tillfalligt-ovrigt-arrangemangsbidrag,Tillfälligt övrigt arrangemangsbidrag,https://www.ovanaker.se/kulturochfritid/foreningarforeningsbidrag/bidragtillforeningarochstudieforbund/tillfalligtovrigtarrangemangsbidrag.7277.html,200,https://www.ovanaker.se/kulturochfritid/foreningarforeningsbidrag/bidragtillforeningarochstudieforbund/tillfalligtovrigtarrangemangsbidrag.7277.html,0,text/html;charset=UTF-8,,,
overkalix.yaml,overkalix-foreningsstod,Föreningsstöd,https://www.overkalix.se/kultur-och-fritid/foreningsbidrag-och-stod/,200,https://www.overkalix.se/kultur-och-fritid/foreningsbidrag-och-stod/,0,text/html; charset=utf-8,,,
overkalix.yaml,overkalix-studieforbund,Bidrag till studieförbund,https://www.overkalix.se/kultur-och-fritid/foreningsbidrag-och-stod/,200,https://www.overkalix.se/kultur-och-fritid/foreningsbidrag-och-stod/,0,text/html; charset=utf-8,,,
overkalix.yaml,overkalix-skoterleder,Bidrag till skoterleder,https://www.overkalix.se/kultur-och-fritid/foreningsbidrag-och-stod/,200,https://www.overkalix.se/kultur-och-fritid/foreningsbidrag-och-stod/,0,text/html; charset=utf-8,,,
overkalix.yaml,overkalix-samlingslokal,Bidrag till samlingslokal,https://www.overkalix.se/kultur-och-fritid/foreningsbidrag-och-stod/,200,https://www.overkalix.se/kultur-och-fritid/foreningsbidrag-och-stod/,0,text/html; charset=utf-8,,,
overkalix.yaml,overkalix-foreningspengen,Föreningspengen,https://www.overkalix.se/kultur-och-fritid/foreningsbidrag-och-stod/,200,https://www.overkalix.se/kultur-och-fritid/foreningsbidrag-och-stod/,0,text/html; charset=utf-8,,,
overkalix.yaml,overkalix-kulturbidrag,Kulturbidrag,https://www.overkalix.se/kultur-och-fritid/foreningsbidrag-och-stod/,200,https://www.overkalix.se/kultur-och-fritid/foreningsbidrag-och-stod/,0,text/html; charset=utf-8,,,
overtornea.yaml,overtornea-lok-stod,Lokalt aktivitetsstöd (LOK-stöd),https://overtornea.se/nyheter/ansokan-om-lok-stod/,200,https://overtornea.se/nyheter/ansokan-om-lok-stod/,0,text/html; charset=UTF-8,,,
overtornea.yaml,overtornea-lonebidrag-forening,Kommunalt bidrag till anställda i föreningar,https://overtornea.se/stod-omsorg/,200,https://overtornea.se/stod-omsorg/,0,text/html; charset=UTF-8,,,
overtornea.yaml,overtornea-enskild-vag-statsbidrag,Kommunalt bidrag till enskild väg med statsbidrag,https://overtornea.se/bygga-bo-miljo/trafik-och-vagar/,404,https://overtornea.se/bygga-bo-miljo/trafik-och-vagar/,0,text/html; charset=UTF-8,,ja,
overtornea.yaml,overtornea-enskild-vag-utan-statsbidrag,Kommunalt bidrag till enskild väg utan statsbidrag,https://overtornea.se/bygga-bo-miljo/trafik-och-vagar/,404,https://overtornea.se/bygga-bo-miljo/trafik-och-vagar/,0,text/html; charset=UTF-8,,ja,
overtornea.yaml,overtornea-enskilt-avlopp,Bidrag till enskilt avlopp,https://overtornea.se/tekniska/vatten-och-avlopp/,200,https://overtornea.se/tekniska/vatten-och-avlopp/,0,text/html; charset=UTF-8,,,
oxelosund.yaml,oxelosund-verksamhetsbidrag,Verksamhetsbidrag,https://www.oxelosund.se/uppleva-och-gora/foreningar-och-studieforbund,200,https://www.oxelosund.se/uppleva-och-gora/foreningar-och-studieforbund,0,text/html;charset=UTF-8,,,
oxelosund.yaml,oxelosund-anlaggningsstod,Anläggningsstöd,https://www.oxelosund.se/uppleva-och-gora/foreningar-och-studieforbund,200,https://www.oxelosund.se/uppleva-och-gora/foreningar-och-studieforbund,0,text/html;charset=UTF-8,,,
oxelosund.yaml,oxelosund-startbidrag,Startbidrag,https://www.oxelosund.se/uppleva-och-gora/foreningar-och-studieforbund,200,https://www.oxelosund.se/uppleva-och-gora/foreningar-och-studieforbund,0,text/html;charset=UTF-8,,,
oxelosund.yaml,oxelosund-jubileumsbidrag,Jubileumsbidrag,https://www.oxelosund.se/uppleva-och-gora/foreningar-och-studieforbund,200,https://www.oxelosund.se/uppleva-och-gora/foreningar-och-studieforbund,0,text/html;charset=UTF-8,,,
oxelosund.yaml,oxelosund-studieforbundsbidrag,Bidrag till studieförbund,https://www.oxelosund.se/uppleva-och-gora/foreningar-och-studieforbund,200,https://www.oxelosund.se/uppleva-och-gora/foreningar-och-studieforbund,0,text/html;charset=UTF-8,,,
pajala.yaml,pajala-grundstod,Grundstöd,https://www.pajala.se/fritid-och-kultur/foreningar-och-foreningsliv/bidrag-och-stod-till-foreningar/fritidsstod/,200,https://www.pajala.se/fritid-och-kultur/foreningar-och-foreningsliv/bidrag-och-stod-till-foreningar/fritidsstod/,0,text/html; charset=utf-8,,,
pajala.yaml,pajala-lokalt-aktivitetsstod,Lokalt aktivitetsstöd,https://www.pajala.se/fritid-och-kultur/foreningar-och-foreningsliv/bidrag-och-stod-till-foreningar/fritidsstod/,200,https://www.pajala.se/fritid-och-kultur/foreningar-och-foreningsliv/bidrag-och-stod-till-foreningar/fritidsstod/,0,text/html; charset=utf-8,,,
pajala.yaml,pajala-anlaggningsstod,Anläggningsstöd,https://www.pajala.se/fritid-och-kultur/foreningar-och-foreningsliv/bidrag-och-stod-till-foreningar/fritidsstod/,200,https://www.pajala.se/fritid-och-kultur/foreningar-och-foreningsliv/bidrag-och-stod-till-foreningar/fritidsstod/,0,text/html; charset=utf-8,,,
pajala.yaml,pajala-lokalbidrag,Lokalbidrag,https://www.pajala.se/fritid-och-kultur/foreningar-och-foreningsliv/bidrag-och-stod-till-foreningar/fritidsstod/,200,https://www.pajala.se/fritid-och-kultur/foreningar-och-foreningsliv/bidrag-och-stod-till-foreningar/fritidsstod/,0,text/html; charset=utf-8,,,
pajala.yaml,pajala-resor-idrottsanlaggningar,Resor till idrottsanläggningar,https://www.pajala.se/fritid-och-kultur/foreningar-och-foreningsliv/bidrag-och-stod-till-foreningar/fritidsstod/,200,https://www.pajala.se/fritid-och-kultur/foreningar-och-foreningsliv/bidrag-och-stod-till-foreningar/fritidsstod/,0,text/html; charset=utf-8,,,
pajala.yaml,pajala-ledarutbildning,Ledarutbildningsstöd,https://www.pajala.se/fritid-och-kultur/foreningar-och-foreningsliv/bidrag-och-stod-till-foreningar/fritidsstod/,200,https://www.pajala.se/fritid-och-kultur/foreningar-och-foreningsliv/bidrag-och-stod-till-foreningar/fritidsstod/,0,text/html; charset=utf-8,,,
pajala.yaml,pajala-lagerverksamhet,Stöd till lägerverksamhet,https://www.pajala.se/fritid-och-kultur/foreningar-och-foreningsliv/bidrag-och-stod-till-foreningar/fritidsstod/,200,https://www.pajala.se/fritid-och-kultur/foreningar-och-foreningsliv/bidrag-och-stod-till-foreningar/fritidsstod/,0,text/html; charset=utf-8,,,
pajala.yaml,pajala-tavlingsstod,Tävlingsstöd,https://www.pajala.se/fritid-och-kultur/foreningar-och-foreningsliv/bidrag-och-stod-till-foreningar/fritidsstod/,200,https://www.pajala.se/fritid-och-kultur/foreningar-och-foreningsliv/bidrag-och-stod-till-foreningar/fritidsstod/,0,text/html; charset=utf-8,,,
pajala.yaml,pajala-oppen-fritidsgardsaktivitet,Öppen fritidsgårdsaktivitet,https://www.pajala.se/fritid-och-kultur/foreningar-och-foreningsliv/bidrag-och-stod-till-foreningar/fritidsstod/,200,https://www.pajala.se/fritid-och-kultur/foreningar-och-foreningsliv/bidrag-och-stod-till-foreningar/fritidsstod/,0,text/html; charset=utf-8,,,
pajala.yaml,pajala-idrott-fritidsevenemang,Idrotts- och fritidsevenemang,https://www.pajala.se/fritid-och-kultur/foreningar-och-foreningsliv/bidrag-och-stod-till-foreningar/fritidsstod/,200,https://www.pajala.se/fritid-och-kultur/foreningar-och-foreningsliv/bidrag-och-stod-till-foreningar/fritidsstod/,0,text/html; charset=utf-8,,,
pajala.yaml,pajala-kulturstod,Kulturstöd till föreningar och enskilda,https://www.pajala.se/fritid-och-kultur/foreningar-och-foreningsliv/bidrag-och-stod-till-foreningar/kulturstod/,200,https://www.pajala.se/fritid-och-kultur/foreningar-och-foreningsliv/bidrag-och-stod-till-foreningar/kulturstod/,0,text/html; charset=utf-8,,,
pajala.yaml,pajala-samlingslokaler,Stöd till samlingslokaler och övriga allmänna lokaler,https://www.pajala.se/fritid-och-kultur/foreningar-och-foreningsliv/bidrag-och-stod-till-foreningar/kulturstod/,200,https://www.pajala.se/fritid-och-kultur/foreningar-och-foreningsliv/bidrag-och-stod-till-foreningar/kulturstod/,0,text/html; charset=utf-8,,,
partille.yaml,partille-startbidrag-idrott,Startbidrag (idrottsföreningar),https://www.partille.se/siteassets/uppleva--gora/foreningsliv/bidragsregler-for-idrottsforeningar-2026.pdf,200,https://www.partille.se/siteassets/uppleva--gora/foreningsliv/bidragsregler-for-idrottsforeningar-2026.pdf,0,application/pdf,,,
partille.yaml,partille-lokalt-aktivitetsstod,Lokalt aktivitetsstöd,https://www.partille.se/siteassets/uppleva--gora/foreningsliv/bidragsregler-for-idrottsforeningar-2026.pdf,200,https://www.partille.se/siteassets/uppleva--gora/foreningsliv/bidragsregler-for-idrottsforeningar-2026.pdf,0,application/pdf,,,
partille.yaml,partille-aktivitetsstod-senior-65,Aktivitetsstöd seniorer 65+ år,https://www.partille.se/siteassets/uppleva--gora/foreningsliv/bidragsregler-for-idrottsforeningar-2026.pdf,200,https://www.partille.se/siteassets/uppleva--gora/foreningsliv/bidragsregler-for-idrottsforeningar-2026.pdf,0,application/pdf,,,
partille.yaml,partille-ledarutbildningsbidrag,Ledarutbildningsbidrag,https://www.partille.se/siteassets/uppleva--gora/foreningsliv/bidragsregler-for-idrottsforeningar-2026.pdf,200,https://www.partille.se/siteassets/uppleva--gora/foreningsliv/bidragsregler-for-idrottsforeningar-2026.pdf,0,application/pdf,,,
partille.yaml,partille-stimulansbidrag,Stimulansbidrag,https://www.partille.se/siteassets/uppleva--gora/foreningsliv/bidragsregler-for-idrottsforeningar-2026.pdf,200,https://www.partille.se/siteassets/uppleva--gora/foreningsliv/bidragsregler-for-idrottsforeningar-2026.pdf,0,application/pdf,,,
partille.yaml,partille-sarskilda-foreningsinsatser,Särskilda föreningsinsatser,https://www.partille.se/siteassets/uppleva--gora/foreningsliv/bidragsregler-for-idrottsforeningar-2026.pdf,200,https://www.partille.se/siteassets/uppleva--gora/foreningsliv/bidragsregler-for-idrottsforeningar-2026.pdf,0,application/pdf,,,
partille.yaml,partille-lokalbidrag-hyrda-anlaggningar,Lokalbidrag till föreningar som hyr anläggningar,https://www.partille.se/siteassets/uppleva--gora/foreningsliv/bidragsregler-for-idrottsforeningar-2026.pdf,200,https://www.partille.se/siteassets/uppleva--gora/foreningsliv/bidragsregler-for-idrottsforeningar-2026.pdf,0,application/pdf,,,
partille.yaml,partille-lokalbidrag-egna-anlaggningar,Lokalbidrag till föreningarnas egna anläggningar,https://www.partille.se/siteassets/uppleva--gora/foreningsliv/bidragsregler-for-idrottsforeningar-2026.pdf,200,https://www.partille.se/siteassets/uppleva--gora/foreningsliv/bidragsregler-for-idrottsforeningar-2026.pdf,0,application/pdf,,,
partille.yaml,partille-investeringsbidrag-egen-anlaggning,Investeringsbidrag egen anläggning,https://www.partille.se/siteassets/uppleva--gora/foreningsliv/bidragsregler-for-idrottsforeningar-2026.pdf,200,https://www.partille.se/siteassets/uppleva--gora/foreningsliv/bidragsregler-for-idrottsforeningar-2026.pdf,0,application/pdf,,,
partille.yaml,partille-startbidrag-kultur,Startbidrag (kulturföreningar),https://www.partille.se/siteassets/uppleva--gora/foreningsliv/bidragsregler-kultur_2024.pdf,200,https://www.partille.se/siteassets/uppleva--gora/foreningsliv/bidragsregler-kultur_2024.pdf,0,application/pdf,,,
partille.yaml,partille-verksamhetsbidrag-kultur,Verksamhetsbidrag (kulturföreningar),https://www.partille.se/siteassets/uppleva--gora/foreningsliv/bidragsregler-kultur_2024.pdf,200,https://www.partille.se/siteassets/uppleva--gora/foreningsliv/bidragsregler-kultur_2024.pdf,0,application/pdf,,,
partille.yaml,partille-kulturarrangemangsbidrag,Kulturarrangemangsbidrag,https://www.partille.se/siteassets/uppleva--gora/foreningsliv/bidragsregler-kultur_2024.pdf,200,https://www.partille.se/siteassets/uppleva--gora/foreningsliv/bidragsregler-kultur_2024.pdf,0,application/pdf,,,
partille.yaml,partille-bidrag-seniorforeningar-kultur,Bidrag till seniorföreningar,https://www.partille.se/siteassets/uppleva--gora/foreningsliv/bidragsregler-kultur_2024.pdf,200,https://www.partille.se/siteassets/uppleva--gora/foreningsliv/bidragsregler-kultur_2024.pdf,0,application/pdf,,,
partille.yaml,partille-foreningsbidrag-social-verksamhet,Föreningsbidrag för social verksamhet,https://www.partille.se/uppleva--gora/foreningsliv/foreningsbidrag-for-social-verksamhet/,200,https://www.partille.se/uppleva--gora/foreningsliv/foreningsbidrag-for-social-verksamhet/,0,text/html; charset=utf-8,,,
partille.yaml,partille-breddpriset,Breddpriset,https://www.partille.se/kommun--politik/priser-stipendier-stiftelser/,200,https://www.partille.se/kommun--politik/priser-stipendier-stiftelser/,0,text/html; charset=utf-8,,,
partille.yaml,partille-barnkonventionspriset,Barnkonventionspriset,https://www.partille.se/kommun--politik/priser-stipendier-stiftelser/,200,https://www.partille.se/kommun--politik/priser-stipendier-stiftelser/,0,text/html; charset=utf-8,,,
partille.yaml,partille-hallbarhetspriset,Hållbarhetspriset,https://www.partille.se/kommun--politik/priser-stipendier-stiftelser/,200,https://www.partille.se/kommun--politik/priser-stipendier-stiftelser/,0,text/html; charset=utf-8,,,
partille.yaml,partille-halsopriset,Hälsopriset,https://www.partille.se/kommun--politik/priser-stipendier-stiftelser/,200,https://www.partille.se/kommun--politik/priser-stipendier-stiftelser/,0,text/html; charset=utf-8,,,
perstorp.yaml,perstorp-verksamhetsbidrag,Verksamhetsbidrag,https://www.perstorp.se/upplevagora/foreningar.4.61780eb015c1403d634c6b.html,200,https://www.perstorp.se/upplevagora/foreningar.4.61780eb015c1403d634c6b.html,0,text/html;charset=UTF-8,,,
perstorp.yaml,perstorp-driftsbidrag,Driftsbidrag,https://eservice.perstorp.se/PP-ANSDRIFOR,200,https://eservice.perstorp.se/PP-ANSDRIFOR,0,text/html; charset=utf-8,,,
perstorp.yaml,perstorp-foreningsbidrag-social-verksamhet,Föreningsbidrag för social verksamhet,https://www.perstorp.se/upplevagora/foreningar.4.61780eb015c1403d634c6b.html,200,https://www.perstorp.se/upplevagora/foreningar.4.61780eb015c1403d634c6b.html,0,text/html;charset=UTF-8,,,
perstorp.yaml,perstorp-kulturforeningsbidrag,Kulturföreningsbidrag,https://www.perstorp.se/upplevagora/foreningar.4.61780eb015c1403d634c6b.html,200,https://www.perstorp.se/upplevagora/foreningar.4.61780eb015c1403d634c6b.html,0,text/html;charset=UTF-8,,,
pitea.yaml,pitea-startstod,Startstöd,https://www.pitea.se/invanare/fritid-kultur/foreningar/foreningsstod/Stod-till-kulturverksamhet/,200,https://www.pitea.se/invanare/fritid-kultur/foreningar/foreningsstod/Stod-till-kulturverksamhet/,0,text/html; charset=utf-8,,,
pitea.yaml,pitea-aktivitetsstod,Aktivitetsstöd,https://www.pitea.se/invanare/fritid-kultur/foreningar/foreningsstod/aktivitetsstod/,200,https://www.pitea.se/invanare/fritid-kultur/foreningar/foreningsstod/aktivitetsstod/,0,text/html; charset=utf-8,,,
pitea.yaml,pitea-lov-spontanaktiviteter,Lov och spontanaktiviteter,https://www.pitea.se/invanare/fritid-kultur/foreningar/foreningsstod/Ovriga-foreningar/,200,https://www.pitea.se/invanare/fritid-kultur/foreningar/foreningsstod/Ovriga-foreningar/,0,text/html; charset=utf-8,,,
pitea.yaml,pitea-arsligt-verksamhetsstod-kultur,Årligt verksamhetsstöd till kulturföreningar,https://www.pitea.se/invanare/fritid-kultur/foreningar/foreningsstod/Stod-till-kulturverksamhet/,200,https://www.pitea.se/invanare/fritid-kultur/foreningar/foreningsstod/Stod-till-kulturverksamhet/,0,text/html; charset=utf-8,,,
pitea.yaml,pitea-kultur-teater-barn-unga,Stöd till kultur- och teaterverksamhet för barn och unga,https://www.pitea.se/invanare/fritid-kultur/foreningar/foreningsstod/Stod-till-kulturverksamhet/,200,https://www.pitea.se/invanare/fritid-kultur/foreningar/foreningsstod/Stod-till-kulturverksamhet/,0,text/html; charset=utf-8,,,
pitea.yaml,pitea-kommunalt-lonestod,Kommunalt lönestöd,https://www.pitea.se/invanare/fritid-kultur/foreningar/foreningsstod/Stod-till-kulturverksamhet/lonestod/,200,https://www.pitea.se/invanare/fritid-kultur/foreningar/foreningsstod/Stod-till-kulturverksamhet/lonestod/,0,text/html; charset=utf-8,,,
pitea.yaml,pitea-utvecklingsstod,Utvecklingsstöd,https://www.pitea.se/invanare/fritid-kultur/foreningar/foreningsstod/utveckling-och-arrangemang/,200,https://www.pitea.se/invanare/fritid-kultur/foreningar/foreningsstod/utveckling-och-arrangemang/,0,text/html; charset=utf-8,,,
pitea.yaml,pitea-arrangemangsstod,Arrangemangsstöd,https://www.pitea.se/invanare/fritid-kultur/foreningar/foreningsstod/utveckling-och-arrangemang/,200,https://www.pitea.se/invanare/fritid-kultur/foreningar/foreningsstod/utveckling-och-arrangemang/,0,text/html; charset=utf-8,,,
pitea.yaml,pitea-forlustgaranti,Förlustgaranti,https://www.pitea.se/invanare/fritid-kultur/foreningar/foreningsstod/utveckling-och-arrangemang/,200,https://www.pitea.se/invanare/fritid-kultur/foreningar/foreningsstod/utveckling-och-arrangemang/,0,text/html; charset=utf-8,,,
pitea.yaml,pitea-driftstod-foreningsanlaggningar,Driftstöd föreningsanläggningar,https://www.pitea.se/invanare/fritid-kultur/foreningar/foreningsstod/anlaggningsstod/,200,https://www.pitea.se/invanare/fritid-kultur/foreningar/foreningsstod/anlaggningsstod/,0,text/html; charset=utf-8,,,
pitea.yaml,pitea-investeringsstod-foreningsanlaggningar,Investeringsstöd föreningsanläggningar,https://www.pitea.se/invanare/fritid-kultur/foreningar/foreningsstod/anlaggningsstod/investeringsstod-foreningsanlaggningar/,200,https://www.pitea.se/invanare/fritid-kultur/foreningar/foreningsstod/anlaggningsstod/investeringsstod-foreningsanlaggningar/,0,text/html; charset=utf-8,,,
pitea.yaml,pitea-investeringsstod-gemensamma-anlaggningar,Investeringsstöd gemensamma anläggningar och lokaler,https://www.pitea.se/invanare/fritid-kultur/foreningar/foreningsstod/anlaggningsstod/investeringsstod-gemensamma--anlaggningar-och-lokaler/,200,https://www.pitea.se/invanare/fritid-kultur/foreningar/foreningsstod/anlaggningsstod/investeringsstod-gemensamma--anlaggningar-och-lokaler/,0,text/html; charset=utf-8,,,
pitea.yaml,pitea-driftstod-samlingslokaler,Driftstöd till allmänna samlingslokaler,https://www.pitea.se/invanare/fritid-kultur/foreningar/foreningsstod/anlaggningsstod/driftstod-till-allmanna-samlingsstod/,200,https://www.pitea.se/invanare/fritid-kultur/foreningar/foreningsstod/anlaggningsstod/driftstod-till-allmanna-samlingsstod/,0,text/html; charset=utf-8,,,
pitea.yaml,pitea-hyresstod,Hyresstöd,https://www.pitea.se/invanare/fritid-kultur/foreningar/foreningsstod/anlaggningsstod/Hyresstod---Barn--och-ungdomsverksamhet/,200,https://www.pitea.se/invanare/fritid-kultur/foreningar/foreningsstod/anlaggningsstod/Hyresstod---Barn--och-ungdomsverksamhet/,0,text/html; charset=utf-8,,,
pitea.yaml,pitea-foreningstaxa,Föreningstaxa (subventionerad lokalhyra),https://www.pitea.se/invanare/fritid-kultur/foreningar/foreningsstod/anlaggningsstod/,200,https://www.pitea.se/invanare/fritid-kultur/foreningar/foreningsstod/anlaggningsstod/,0,text/html; charset=utf-8,,,
pitea.yaml,pitea-tillsynsavgifter,Stöd för tillsynsavgifter,https://www.pitea.se/invanare/fritid-kultur/foreningar/foreningsstod/anlaggningsstod/,200,https://www.pitea.se/invanare/fritid-kultur/foreningar/foreningsstod/anlaggningsstod/,0,text/html; charset=utf-8,,,
pitea.yaml,pitea-byapeng,Byapeng,https://www.pitea.se/contentassets/2fd5d4d6f02c4c88b22c09e6345fe9b4/bestammelser-for-stod-till-gles--och-landsbygd.pdf,200,https://www.pitea.se/contentassets/2fd5d4d6f02c4c88b22c09e6345fe9b4/bestammelser-for-stod-till-gles--och-landsbygd.pdf,0,application/pdf,,,
pitea.yaml,pitea-naromradesutveckling,Närområdesutveckling,https://www.pitea.se/contentassets/2fd5d4d6f02c4c88b22c09e6345fe9b4/bestammelser-for-stod-till-gles--och-landsbygd.pdf,200,https://www.pitea.se/contentassets/2fd5d4d6f02c4c88b22c09e6345fe9b4/bestammelser-for-stod-till-gles--och-landsbygd.pdf,0,application/pdf,,,
pitea.yaml,pitea-bebyggd-kulturmiljo,Stöd till den bebyggda kulturmiljön,https://www.pitea.se/contentassets/2fd5d4d6f02c4c88b22c09e6345fe9b4/bestammelser-for-stod-till-gles--och-landsbygd.pdf,200,https://www.pitea.se/contentassets/2fd5d4d6f02c4c88b22c09e6345fe9b4/bestammelser-for-stod-till-gles--och-landsbygd.pdf,0,application/pdf,,,
pitea.yaml,pitea-gles-landsbygd-satsningar,Särskilda satsningar på gles- och landsbygden,https://www.pitea.se/contentassets/2fd5d4d6f02c4c88b22c09e6345fe9b4/bestammelser-for-stod-till-gles--och-landsbygd.pdf,200,https://www.pitea.se/contentassets/2fd5d4d6f02c4c88b22c09e6345fe9b4/bestammelser-for-stod-till-gles--och-landsbygd.pdf,0,application/pdf,,,
pitea.yaml,pitea-enskilda-vagar,Kommunala bidrag till enskilda vägar,https://www.pitea.se/invanare/Trafik-gator/Mer-fran-Trafik-och-gator/kommunala-bidrag-till-enskilda-vagar/,200,https://www.pitea.se/invanare/Trafik-gator/Mer-fran-Trafik-och-gator/kommunala-bidrag-till-enskilda-vagar/,0,text/html; charset=utf-8,,,
pitea.yaml,pitea-fritidsfiske,Stöd till fritidsfiske,https://www.pitea.se/invanare/fritid-kultur/foreningar/foreningsstod/Fiske/,200,https://www.pitea.se/invanare/fritid-kultur/foreningar/foreningsstod/Fiske/,0,text/html; charset=utf-8,,,
pitea.yaml,pitea-motesplatser-unga,Medel för mötesplatser för unga,https://www.pitea.se/invanare/fritid-kultur/foreningar/foreningsstod/medel-for-motesplatser-for-unga/medel-till-motesplatser-for-unga/,200,https://www.pitea.se/invanare/fritid-kultur/foreningar/foreningsstod/medel-for-motesplatser-for-unga/medel-till-motesplatser-for-unga/,0,text/html; charset=utf-8,,,
pitea.yaml,pitea-socialnamnden-foreningsstod,Socialnämndens stöd till föreningslivet,https://www.pitea.se/invanare/Omsorg-stod/ovrigt-stod/mer-fran-socialtjansten/socialnamndens-bidrag-till-foreningslivet/,200,https://www.pitea.se/invanare/Omsorg-stod/ovrigt-stod/mer-fran-socialtjansten/socialnamndens-bidrag-till-foreningslivet/,0,text/html; charset=utf-8,,,
ragunda.yaml,ragunda-lokalt-aktivitetsstod,Lokalt aktivitetsstöd,https://www.ragunda.se/upplevaochgora/foreningsstodochlotterier.763.html,200,https://www.ragunda.se/upplevaochgora/foreningsstodochlotterier.763.html,0,text/html;charset=UTF-8,,,
ragunda.yaml,ragunda-hyresstod-pensionar-funktionsratt,Hyresstöd till pensionärs- och funktionsrättsföreningar,https://www.ragunda.se/upplevaochgora/foreningsstodochlotterier.763.html,200,https://www.ragunda.se/upplevaochgora/foreningsstodochlotterier.763.html,0,text/html;charset=UTF-8,,,
ragunda.yaml,ragunda-lonebidrag-till-foreningar,Lönebidrag till föreningar,https://www.ragunda.se/upplevaochgora/foreningsstodochlotterier.763.html,200,https://www.ragunda.se/upplevaochgora/foreningsstodochlotterier.763.html,0,text/html;charset=UTF-8,,,
ragunda.yaml,ragunda-verksamhetsstod,Verksamhetsstöd,https://sjalvservice.ragunda.se/,200,https://sjalvservice.ragunda.se/,0,text/html;charset=ISO-8859-1,,,
ragunda.yaml,ragunda-kulturstod,Kulturstöd,https://sjalvservice.ragunda.se/,200,https://sjalvservice.ragunda.se/,0,text/html;charset=ISO-8859-1,,,
rattvik.yaml,rattvik-foreningsstod,"Föreningsstöd till ungdoms-, idrotts-, handikapp- och pensionärsföreningar",https://etjanster.rattvik.se/oversikt/overview/147,200,https://etjanster.rattvik.se/oversikt/overview/147,0,text/html;charset=ISO-8859-1,,,
rattvik.yaml,rattvik-extra-foreningsstod,Extra föreningsstöd,https://etjanster.rattvik.se/oversikt/overview/211,200,https://etjanster.rattvik.se/oversikt/overview/211,0,text/html;charset=ISO-8859-1,,,
rattvik.yaml,rattvik-kulturstod,Kulturstöd för föreningar,https://etjanster.rattvik.se/oversikt/overview/141,200,https://etjanster.rattvik.se/oversikt/overview/141,0,text/html;charset=ISO-8859-1,,,
rattvik.yaml,rattvik-studieforbundsbidrag,Bidrag till studieförbund,https://www.rattvik.se/download/18.6a48d872159d3ad55ba177c1/1618998911236/Normer%20f%C3%B6reningsbidrag%20fr%20o%20m%2020170101.pdf,200,https://www.rattvik.se/download/18.6a48d872159d3ad55ba177c1/1618998911236/Normer%20f%C3%B6reningsbidrag%20fr%20o%20m%2020170101.pdf,0,application/pdf,,,
rattvik.yaml,rattvik-social-verksamhetsstod,Föreningsstöd till social verksamhet,https://www.rattvik.se/download/18.6a48d872159d3ad55ba177c1/1618998911236/Normer%20f%C3%B6reningsbidrag%20fr%20o%20m%2020170101.pdf,200,https://www.rattvik.se/download/18.6a48d872159d3ad55ba177c1/1618998911236/Normer%20f%C3%B6reningsbidrag%20fr%20o%20m%2020170101.pdf,0,application/pdf,,,
rattvik.yaml,rattvik-lonebidrag,Kommunalt lönebidrag till föreningar,https://www.rattvik.se/download/18.6a48d872159d3ad55ba177c1/1618998911236/Normer%20f%C3%B6reningsbidrag%20fr%20o%20m%2020170101.pdf,200,https://www.rattvik.se/download/18.6a48d872159d3ad55ba177c1/1618998911236/Normer%20f%C3%B6reningsbidrag%20fr%20o%20m%2020170101.pdf,0,application/pdf,,,
rattvik.yaml,rattvik-bystugebidrag,Bystugebidrag,https://etjanster.rattvik.se/oversikt/overview/173,200,https://etjanster.rattvik.se/oversikt/overview/173,0,text/html;charset=ISO-8859-1,,,
rattvik.yaml,rattvik-vindkraftspeng,Vindkraftspeng,https://etjanster.rattvik.se/oversikt/overview/317,200,https://etjanster.rattvik.se/oversikt/overview/317,0,text/html;charset=ISO-8859-1,,,
rattvik.yaml,rattvik-vagbidrag,Bidrag för enskilda vägar,https://www.rattvik.se/trafik-och-gator/gator/bidrag-vagar-belysning.html,200,https://www.rattvik.se/trafik-och-gator/gator/bidrag-vagar-belysning.html,0,text/html;charset=UTF-8,,,
rattvik.yaml,rattvik-bygdepeng-dalfors-orebygden,Bygdepeng för Dalfors och Orebygden,https://www.rattvik.se/kommun-och-politik/kommunens-organisation/stiftelser-fonder-och-bygdepeng/bygdepeng-for-dalfors-och-orebygden.html,200,https://www.rattvik.se/kommun-och-politik/kommunens-organisation/stiftelser-fonder-och-bygdepeng/bygdepeng-for-dalfors-och-orebygden.html,0,text/html;charset=UTF-8,,,
robertsfors.yaml,robertsfors-aktivitetsstod,Aktivitetsstöd,https://www.robertsfors.se/upplevaochgora/foreningslivochforeningar/foreningsbidrag.791.html,200,https://www.robertsfors.se/upplevaochgora/foreningslivochforeningar/foreningsbidrag.791.html,0,text/html;charset=UTF-8,,,
robertsfors.yaml,robertsfors-anlaggningsbidrag,Anläggningsbidrag,https://www.robertsfors.se/upplevaochgora/foreningslivochforeningar/foreningsbidrag.791.html,200,https://www.robertsfors.se/upplevaochgora/foreningslivochforeningar/foreningsbidrag.791.html,0,text/html;charset=UTF-8,,,
robertsfors.yaml,robertsfors-drift-samlingslokal,Driftbidrag till samlingslokal,https://www.robertsfors.se/upplevaochgora/foreningslivochforeningar/foreningsbidrag.791.html,200,https://www.robertsfors.se/upplevaochgora/foreningslivochforeningar/foreningsbidrag.791.html,0,text/html;charset=UTF-8,,,
robertsfors.yaml,robertsfors-lokalbidrag,Lokalbidrag,https://www.robertsfors.se/upplevaochgora/foreningslivochforeningar/foreningsbidrag.791.html,200,https://www.robertsfors.se/upplevaochgora/foreningslivochforeningar/foreningsbidrag.791.html,0,text/html;charset=UTF-8,,,
robertsfors.yaml,robertsfors-kommunalt-lonebidrag,Kommunalt lönebidrag,https://www.robertsfors.se/upplevaochgora/foreningslivochforeningar/foreningsbidrag.791.html,200,https://www.robertsfors.se/upplevaochgora/foreningslivochforeningar/foreningsbidrag.791.html,0,text/html;charset=UTF-8,,,
ronneby.yaml,ronneby-verksamhetsbidrag,Verksamhetsbidrag,https://www.ronneby.se/uppleva--gora/foreningar/foreningsbidrag-och-bidrag-till-studieorganisationer.html,200,https://www.ronneby.se/uppleva--gora/foreningar/foreningsbidrag-och-bidrag-till-studieorganisationer.html,0,text/html;charset=UTF-8,,,
ronneby.yaml,ronneby-arrangemangsstod,Arrangemangsbidrag,https://www.ronneby.se/uppleva--gora/foreningar/foreningsbidrag-och-bidrag-till-studieorganisationer.html,200,https://www.ronneby.se/uppleva--gora/foreningar/foreningsbidrag-och-bidrag-till-studieorganisationer.html,0,text/html;charset=UTF-8,,,
ronneby.yaml,ronneby-investeringsstod,Investeringsbidrag,https://www.ronneby.se/uppleva--gora/foreningar/foreningsbidrag-och-bidrag-till-studieorganisationer.html,200,https://www.ronneby.se/uppleva--gora/foreningar/foreningsbidrag-och-bidrag-till-studieorganisationer.html,0,text/html;charset=UTF-8,,,
ronneby.yaml,ronneby-lokalbidrag,Lokalbidrag,https://www.ronneby.se/uppleva--gora/foreningar/foreningsbidrag-och-bidrag-till-studieorganisationer.html,200,https://www.ronneby.se/uppleva--gora/foreningar/foreningsbidrag-och-bidrag-till-studieorganisationer.html,0,text/html;charset=UTF-8,,,
ronneby.yaml,ronneby-ledarbidrag,Ledarutbildningsbidrag,https://www.ronneby.se/uppleva--gora/foreningar/foreningsbidrag-och-bidrag-till-studieorganisationer.html,200,https://www.ronneby.se/uppleva--gora/foreningar/foreningsbidrag-och-bidrag-till-studieorganisationer.html,0,text/html;charset=UTF-8,,,
ronneby.yaml,ronneby-ungdomsstod,Ungdomsstöd,https://www.ronneby.se/uppleva--gora/foreningar/foreningsbidrag-och-bidrag-till-studieorganisationer.html,200,https://www.ronneby.se/uppleva--gora/foreningar/foreningsbidrag-och-bidrag-till-studieorganisationer.html,0,text/html;charset=UTF-8,,,
ronneby.yaml,ronneby-pensionarstod,Pensionärföreningsstöd,https://www.ronneby.se/uppleva--gora/foreningar/foreningsbidrag-och-bidrag-till-studieorganisationer.html,200,https://www.ronneby.se/uppleva--gora/foreningar/foreningsbidrag-och-bidrag-till-studieorganisationer.html,0,text/html;charset=UTF-8,,,
saffle.yaml,saffle-verksamhetsbidrag-idrott-ovriga,Verksamhetsbidrag för idrotts- och övriga föreningar,https://saffle.se/uppleva-och-gora/foreningsliv/foreningsstod-och-bidrag.html,200,https://saffle.se/uppleva-och-gora/foreningsliv/foreningsstod-och-bidrag.html,0,text/html;charset=UTF-8,,,
saffle.yaml,saffle-sarskilt-verksamhetsbidrag,Särskilt verksamhetsbidrag,https://saffle.se/uppleva-och-gora/foreningsliv/foreningsstod-och-bidrag.html,200,https://saffle.se/uppleva-och-gora/foreningsliv/foreningsstod-och-bidrag.html,0,text/html;charset=UTF-8,,,
saffle.yaml,saffle-anlaggningsbidrag,Anläggningsbidrag,https://saffle.se/uppleva-och-gora/foreningsliv/foreningsstod-och-bidrag.html,200,https://saffle.se/uppleva-och-gora/foreningsliv/foreningsstod-och-bidrag.html,0,text/html;charset=UTF-8,,,
saffle.yaml,saffle-verksamhetsbidrag-byalag,Verksamhetsbidrag till byalag och utvecklingsgrupper,https://saffle.se/uppleva-och-gora/foreningsliv/foreningsstod-och-bidrag.html,200,https://saffle.se/uppleva-och-gora/foreningsliv/foreningsstod-och-bidrag.html,0,text/html;charset=UTF-8,,,
saffle.yaml,saffle-bygdepeng,Bygdepeng,https://saffle.se/uppleva-och-gora/foreningsliv/foreningsstod-och-bidrag/bygdepeng.html,200,https://saffle.se/uppleva-och-gora/foreningsliv/foreningsstod-och-bidrag/bygdepeng.html,0,text/html;charset=UTF-8,,,
saffle.yaml,saffle-samlingslokalsbidrag,Bidrag till samlingslokaler,https://saffle.se/uppleva-och-gora/foreningsliv/foreningsstod-och-bidrag/bygdegardsforening.html,200,https://saffle.se/uppleva-och-gora/foreningsliv/foreningsstod-och-bidrag/bygdegardsforening.html,0,text/html;charset=UTF-8,,,
saffle.yaml,saffle-hembygdsforeningsbidrag,Föreningsbidrag till hembygdsföreningar,https://saffle.se/uppleva-och-gora/foreningsliv/foreningsstod-och-bidrag/hembygdsforening.html,200,https://saffle.se/uppleva-och-gora/foreningsliv/foreningsstod-och-bidrag/hembygdsforening.html,0,text/html;charset=UTF-8,,,
saffle.yaml,saffle-verksamhetsbidrag-kultur,Verksamhetsbidrag till kulturföreningar,https://saffle.se/uppleva-och-gora/foreningsliv/foreningsstod-och-bidrag/kulturforening.html,200,https://saffle.se/uppleva-och-gora/foreningsliv/foreningsstod-och-bidrag/kulturforening.html,0,text/html;charset=UTF-8,,,
saffle.yaml,saffle-kultur-evenemangsbidrag,Kultur- och evenemangsbidrag,https://saffle.se/uppleva-och-gora/foreningsliv/foreningsstod-och-bidrag/kulturforening.html,200,https://saffle.se/uppleva-och-gora/foreningsliv/foreningsstod-och-bidrag/kulturforening.html,0,text/html;charset=UTF-8,,,
saffle.yaml,saffle-halsoframjande-foreningar,Bidrag till hälsofrämjande föreningar,https://saffle.se/uppleva-och-gora/foreningsliv/foreningsstod-och-bidrag.html,200,https://saffle.se/uppleva-och-gora/foreningsliv/foreningsstod-och-bidrag.html,0,text/html;charset=UTF-8,,,
saffle.yaml,saffle-studieforbund,Bidrag till studieförbund,https://saffle.se/uppleva-och-gora/foreningsliv/foreningsstod-och-bidrag.html,200,https://saffle.se/uppleva-och-gora/foreningsliv/foreningsstod-och-bidrag.html,0,text/html;charset=UTF-8,,,
saffle.yaml,saffle-vagforeningar,Bidrag till vägföreningar,https://saffle.se/uppleva-och-gora/foreningsliv/foreningsstod-och-bidrag.html,200,https://saffle.se/uppleva-och-gora/foreningsliv/foreningsstod-och-bidrag.html,0,text/html;charset=UTF-8,,,
saffle.yaml,saffle-evenemangsstod,Evenemangsstöd,https://saffle.se/uppleva-och-gora/foreningsliv/foreningsstod-och-bidrag.html,200,https://saffle.se/uppleva-och-gora/foreningsliv/foreningsstod-och-bidrag.html,0,text/html;charset=UTF-8,,,
sala.yaml,sala-aktivitets-och-lokalbidrag,Aktivitets- och lokalbidrag,https://www.sala.se/category/13044/,200,https://www.sala.se/category/13044/,0,text/html; charset=utf-8,,,
sala.yaml,sala-arrangemangsbidrag,Arrangemangsbidrag,https://www.sala.se/category/13044/,200,https://www.sala.se/category/13044/,0,text/html; charset=utf-8,,,
sala.yaml,sala-snabb-slant,Snabb slant,https://www.sala.se/category/13044/,200,https://www.sala.se/category/13044/,0,text/html; charset=utf-8,,,
sala.yaml,sala-grundbidrag-pensionars-och-funktionsrattsforeningar,Grundbidrag pensionärs- och funktionsrättsföreningar,https://www.sala.se/category/13044/,200,https://www.sala.se/category/13044/,0,text/html; charset=utf-8,,,
sala.yaml,sala-projektbidrag-pensionarsforeningar,Projektbidrag pensionärsföreningar,https://www.sala.se/category/13044/,200,https://www.sala.se/category/13044/,0,text/html; charset=utf-8,,,
sala.yaml,sala-investeringsbidrag,Investeringsbidrag,https://www.sala.se/category/13044/,200,https://www.sala.se/category/13044/,0,text/html; charset=utf-8,,,
sala.yaml,sala-skotselbidrag-idrotts-och-fritidsanlaggningar,Skötselbidrag idrotts- och fritidsanläggningar,https://www.sala.se/category/13044/,200,https://www.sala.se/category/13044/,0,text/html; charset=utf-8,,,
sala.yaml,sala-skotselbidrag-samlingslokaler,Skötselbidrag samlingslokaler,https://www.sala.se/category/13044/,200,https://www.sala.se/category/13044/,0,text/html; charset=utf-8,,,
sala.yaml,sala-utbildningsbidrag,Utbildningsbidrag,https://www.sala.se/category/13044/,200,https://www.sala.se/category/13044/,0,text/html; charset=utf-8,,,
sala.yaml,sala-studieforbundsbidrag,Studieförbundsbidrag,https://www.sala.se/category/13044/,200,https://www.sala.se/category/13044/,0,text/html; charset=utf-8,,,
salem.yaml,salem-aktivitetsbidrag-var,Aktivitetsbidrag vår,https://salem.se/fritidochkultur/foreningarochforeningsliv/foreningsbidrag.4.47083fea1932977dcc43ca05.html,200,https://salem.se/fritidochkultur/foreningarochforeningsliv/foreningsbidrag.4.47083fea1932977dcc43ca05.html,0,text/html;charset=UTF-8,,,
salem.yaml,salem-aktivitetsbidrag-host,Aktivitetsbidrag höst,https://salem.se/fritidochkultur/foreningarochforeningsliv/foreningsbidrag.4.47083fea1932977dcc43ca05.html,200,https://salem.se/fritidochkultur/foreningarochforeningsliv/foreningsbidrag.4.47083fea1932977dcc43ca05.html,0,text/html;charset=UTF-8,,,
salem.yaml,salem-grundbidrag,Grundbidrag,https://salem.se/fritidochkultur/foreningarochforeningsliv/foreningsbidrag.4.47083fea1932977dcc43ca05.html,200,https://salem.se/fritidochkultur/foreningarochforeningsliv/foreningsbidrag.4.47083fea1932977dcc43ca05.html,0,text/html;charset=UTF-8,,,
salem.yaml,salem-funktionsnedsattning,Bidrag till föreningar med funktionsnedsatta,https://salem.se/fritidochkultur/foreningarochforeningsliv/foreningsbidrag.4.47083fea1932977dcc43ca05.html,200,https://salem.se/fritidochkultur/foreningarochforeningsliv/foreningsbidrag.4.47083fea1932977dcc43ca05.html,0,text/html;charset=UTF-8,,,
salem.yaml,salem-sarskilt-bidrag,Särskilt bidrag,https://salem.se/fritidochkultur/foreningarochforeningsliv/foreningsbidrag.4.47083fea1932977dcc43ca05.html,200,https://salem.se/fritidochkultur/foreningarochforeningsliv/foreningsbidrag.4.47083fea1932977dcc43ca05.html,0,text/html;charset=UTF-8,,,
sandviken.yaml,sandviken-kontantstod,Kontantstöd,https://minasidor.sandviken.se/oversikt/overview/652,200,https://minasidor.sandviken.se/oversikt/overview/652,0,text/html;charset=ISO-8859-1,,,
sandviken.yaml,sandviken-investeringsstod,Investeringsstöd,https://minasidor.sandviken.se/oversikt/overview/651,200,https://minasidor.sandviken.se/oversikt/overview/651,0,text/html;charset=ISO-8859-1,,,
sandviken.yaml,sandviken-evenemangsstod,Evenemangsstöd,https://minasidor.sandviken.se/oversikt/overview/650,200,https://minasidor.sandviken.se/oversikt/overview/650,0,text/html;charset=ISO-8859-1,,,
sandviken.yaml,sandviken-utvecklingsbidrag-halsoframjande,Utvecklingsbidrag för att främja hälsa,https://minasidor.sandviken.se/oversikt/overview/653,200,https://minasidor.sandviken.se/oversikt/overview/653,0,text/html;charset=ISO-8859-1,,,
sandviken.yaml,sandviken-kultursponsring,Kultursponsring,https://sandviken.se/kulturfritid/foreningsliv/kultursponsring.26829.html,200,https://sandviken.se/kulturfritid/foreningsliv/kultursponsring.26829.html,0,text/html;charset=UTF-8,,,
sandviken.yaml,sandviken-studieforbund-verksamhetsstod,Verksamhetsstöd till studieförbund,https://sandviken.se/kulturfritid/foreningsliv/foreningsstodochstodtillstudieforbund.2990.html,200,https://sandviken.se/kulturfritid/foreningsliv/foreningsstodochstodtillstudieforbund.2990.html,0,text/html;charset=UTF-8,,,
sandviken.yaml,sandviken-studieforbund-stimulansmedel,Stimulansmedel till studieförbund,https://minasidor.sandviken.se/oversikt/overview/655,200,https://minasidor.sandviken.se/oversikt/overview/655,0,text/html;charset=ISO-8859-1,,,
sandviken.yaml,sandviken-vagforeningsbidrag,Kommunalt vägföreningsbidrag,https://sandviken.se/trafikochinfrastruktur/trafikgatorochcykelbanor/enskildavagar.34103.html,200,https://sandviken.se/trafikochinfrastruktur/trafikgatorochcykelbanor/enskildavagar.34103.html,0,text/html;charset=UTF-8,,,
sandviken.yaml,sandviken-fak,Fonden för partiellt arbetsföra (FAK),https://sandviken.se/kommunochpolitik/kommunensorganisation/forvaltningar/omsorgsforvaltningen/fondenforpartielltarbetsforafak.17108.html,200,https://sandviken.se/kommunochpolitik/kommunensorganisation/forvaltningar/omsorgsforvaltningen/fondenforpartielltarbetsforafak.17108.html,0,text/html;charset=UTF-8,,,
sandviken.yaml,sandviken-stiftelser-fonder,Stiftelser och fonder öppna för föreningar,https://sandviken.se/kommunochpolitik/stipendierfonderochutmarkelser.10051.html,200,https://sandviken.se/kommunochpolitik/stipendierfonderochutmarkelser.10051.html,0,text/html;charset=UTF-8,,,
sater.yaml,sater-kommunalt-aktivitetsstod,Kommunalt aktivitetsstöd,https://sater.se/gora-uppleva/foreningar/foreningsbidrag/,200,https://sater.se/gora-uppleva/foreningar/foreningsbidrag/,0,text/html; charset=UTF-8,,,
sater.yaml,sater-bidrag-for-foreningslokal,Bidrag för föreningslokal,https://sater.se/gora-uppleva/foreningar/foreningsbidrag/,200,https://sater.se/gora-uppleva/foreningar/foreningsbidrag/,0,text/html; charset=UTF-8,,,
sater.yaml,sater-bidrag-till-samlingslokal,Bidrag till samlingslokal,https://sater.se/gora-uppleva/foreningar/foreningsbidrag/,200,https://sater.se/gora-uppleva/foreningar/foreningsbidrag/,0,text/html; charset=UTF-8,,,
sater.yaml,sater-stod-till-foreningsdrivna-anlaggningar,Stöd till föreningsdrivna anläggningar,https://sater.se/gora-uppleva/foreningar/foreningsbidrag/,200,https://sater.se/gora-uppleva/foreningar/foreningsbidrag/,0,text/html; charset=UTF-8,,,
sater.yaml,sater-spar-och-ledbidrag,Spår- och ledbidrag,https://sater.se/gora-uppleva/foreningar/foreningsbidrag/,200,https://sater.se/gora-uppleva/foreningar/foreningsbidrag/,0,text/html; charset=UTF-8,,,
sater.yaml,sater-kartbidrag,Kartbidrag,https://sater.se/gora-uppleva/foreningar/foreningsbidrag/,200,https://sater.se/gora-uppleva/foreningar/foreningsbidrag/,0,text/html; charset=UTF-8,,,
sater.yaml,sater-funktionsrattsorganisationer,Funktionsrättsorganisationer,https://sater.se/gora-uppleva/foreningar/foreningsbidrag/,200,https://sater.se/gora-uppleva/foreningar/foreningsbidrag/,0,text/html; charset=UTF-8,,,
sater.yaml,sater-kulturarrangemangsbidrag,Kulturarrangemangsbidrag,https://sater.se/gora-uppleva/foreningar/foreningsbidrag/,200,https://sater.se/gora-uppleva/foreningar/foreningsbidrag/,0,text/html; charset=UTF-8,,,
sater.yaml,sater-evenemangsstod,Evenemangsstöd,https://sater.se/gora-uppleva/foreningar/foreningsbidrag/,200,https://sater.se/gora-uppleva/foreningar/foreningsbidrag/,0,text/html; charset=UTF-8,,,
sater.yaml,sater-startstod-ny-verksamhet,Startstöd ny verksamhet,https://sater.se/gora-uppleva/foreningar/foreningsbidrag/,200,https://sater.se/gora-uppleva/foreningar/foreningsbidrag/,0,text/html; charset=UTF-8,,,
savsjo.yaml,savsjo-arrangemangsbidrag,Arrangemangsbidrag,https://www.savsjo.se/kultur-och-fritid/foreningar-och-bidrag/foreningsbidrag.html,200,https://www.savsjo.se/kultur-och-fritid/foreningar-och-bidrag/foreningsbidrag.html,0,text/html;charset=UTF-8,,,
savsjo.yaml,savsjo-hyresbidrag,Hyresbidrag,https://www.savsjo.se/kultur-och-fritid/foreningar-och-bidrag/foreningsbidrag.html,200,https://www.savsjo.se/kultur-och-fritid/foreningar-och-bidrag/foreningsbidrag.html,0,text/html;charset=UTF-8,,,
savsjo.yaml,savsjo-anlaggningsbidrag,Anläggningsbidrag,https://www.savsjo.se/kultur-och-fritid/foreningar-och-bidrag/foreningsbidrag.html,200,https://www.savsjo.se/kultur-och-fritid/foreningar-och-bidrag/foreningsbidrag.html,0,text/html;charset=UTF-8,,,
savsjo.yaml,savsjo-investeringsbidrag,Investeringsbidrag,https://www.savsjo.se/kultur-och-fritid/foreningar-och-bidrag/foreningsbidrag.html,200,https://www.savsjo.se/kultur-och-fritid/foreningar-och-bidrag/foreningsbidrag.html,0,text/html;charset=UTF-8,,,
savsjo.yaml,savsjo-aktivitetsstod,Aktivitetsstöd,https://www.savsjo.se/kultur-och-fritid/foreningar-och-bidrag/foreningsbidrag.html,200,https://www.savsjo.se/kultur-och-fritid/foreningar-och-bidrag/foreningsbidrag.html,0,text/html;charset=UTF-8,,,
savsjo.yaml,savsjo-lovsbidrag,Lovsbidrag,https://www.savsjo.se/kultur-och-fritid/foreningar-och-bidrag/foreningsbidrag.html,200,https://www.savsjo.se/kultur-och-fritid/foreningar-och-bidrag/foreningsbidrag.html,0,text/html;charset=UTF-8,,,
savsjo.yaml,savsjo-sarskild-provning,Särskild prövning,https://www.savsjo.se/kultur-och-fritid/foreningar-och-bidrag/foreningsbidrag.html,200,https://www.savsjo.se/kultur-och-fritid/foreningar-och-bidrag/foreningsbidrag.html,0,text/html;charset=UTF-8,,,
sigtuna.yaml,sigtuna-startbidrag,Startbidrag,https://www.sigtuna.se/kultur-och-fritid/foreningar-foreningsliv/foreningsbidrag/foreningsbidrag-inom-kultur-och-fritid.html,200,https://www.sigtuna.se/foretag-och-foreningar/information-for-foreningar/foreningsbidrag/foreningsbidrag-inom-kultur-och-fritid.html,1,text/html;charset=UTF-8,,,
sigtuna.yaml,sigtuna-grundbidrag-kultur,Grundbidrag – kultur,https://www.sigtuna.se/kultur-och-fritid/foreningar-foreningsliv/foreningsbidrag/foreningsbidrag-inom-kultur-och-fritid.html,200,https://www.sigtuna.se/foretag-och-foreningar/information-for-foreningar/foreningsbidrag/foreningsbidrag-inom-kultur-och-fritid.html,1,text/html;charset=UTF-8,,,
sigtuna.yaml,sigtuna-kulturprogram-bidrag,Bidrag till offentliga kulturprogram – kultur,https://www.sigtuna.se/kultur-och-fritid/foreningar-foreningsliv/foreningsbidrag/foreningsbidrag-inom-kultur-och-fritid.html,200,https://www.sigtuna.se/foretag-och-foreningar/information-for-foreningar/foreningsbidrag/foreningsbidrag-inom-kultur-och-fritid.html,1,text/html;charset=UTF-8,,,
sigtuna.yaml,sigtuna-arligt-verksamhetsbidrag-fritid,Årligt verksamhetsbidrag – fritid,https://www.sigtuna.se/kultur-och-fritid/foreningar-foreningsliv/foreningsbidrag/foreningsbidrag-inom-kultur-och-fritid.html,200,https://www.sigtuna.se/foretag-och-foreningar/information-for-foreningar/foreningsbidrag/foreningsbidrag-inom-kultur-och-fritid.html,1,text/html;charset=UTF-8,,,
sigtuna.yaml,sigtuna-ledarutbildningsbidrag-fritid,Ledarutbildningsbidrag – fritid,https://www.sigtuna.se/kultur-och-fritid/foreningar-foreningsliv/foreningsbidrag/foreningsbidrag-inom-kultur-och-fritid.html,200,https://www.sigtuna.se/foretag-och-foreningar/information-for-foreningar/foreningsbidrag/foreningsbidrag-inom-kultur-och-fritid.html,1,text/html;charset=UTF-8,,,
sigtuna.yaml,sigtuna-projekt-ovrig-fritid,Bidrag till projekt och/eller övrig verksamhet – fritid,https://www.sigtuna.se/kultur-och-fritid/foreningar-foreningsliv/foreningsbidrag/foreningsbidrag-inom-kultur-och-fritid.html,200,https://www.sigtuna.se/foretag-och-foreningar/information-for-foreningar/foreningsbidrag/foreningsbidrag-inom-kultur-och-fritid.html,1,text/html;charset=UTF-8,,,
sigtuna.yaml,sigtuna-verksamhetsbidrag-social,Verksamhetsbidrag — socialnämndens föreningsbidrag,https://www.sigtuna.se/download/18.1a6c760f1900c6ea6a6d318/1718288054473/SN_2024_19-Riktlinje%20för%20socialnämndens%20föreningsbidrag.pdf,200,https://www.sigtuna.se/download/18.1a6c760f1900c6ea6a6d318/1718288054473/SN_2024_19-Riktlinje%20för%20socialnämndens%20föreningsbidrag.pdf,0,application/pdf,,,
sigtuna.yaml,sigtuna-projektbidrag-social,Projektbidrag — socialnämndens föreningsbidrag,https://www.sigtuna.se/download/18.1a6c760f1900c6ea6a6d318/1718288054473/SN_2024_19-Riktlinje%20för%20socialnämndens%20föreningsbidrag.pdf,200,https://www.sigtuna.se/download/18.1a6c760f1900c6ea6a6d318/1718288054473/SN_2024_19-Riktlinje%20för%20socialnämndens%20föreningsbidrag.pdf,0,application/pdf,,,
sigtuna.yaml,sigtuna-foreningsbidrag-vard-omsorg,Föreningsbidrag inom vård och omsorg,https://www.sigtuna.se/foretag-och-foreningar/information-for-foreningar/foreningsbidrag/foreningsbidrag-inom-vard-och-omsorg.html,200,https://www.sigtuna.se/foretag-och-foreningar/information-for-foreningar/foreningsbidrag/foreningsbidrag-inom-vard-och-omsorg.html,0,text/html;charset=UTF-8,,,
simrishamn.yaml,simrishamn-arrangemangsbidrag,Arrangemangsbidrag,https://www.simrishamn.se/kultur/fritid-och-forening/forening-och-foreningsliv/driva-forening/foreningsbidrag,200,https://www.simrishamn.se/kultur/fritid-och-forening/forening-och-foreningsliv/driva-forening/foreningsbidrag,0,text/html;charset=UTF-8,,,
simrishamn.yaml,simrishamn-verksamhetsbidrag,Verksamhetsbidrag,https://www.simrishamn.se/kultur/fritid-och-forening/forening-och-foreningsliv/driva-forening/foreningsbidrag,200,https://www.simrishamn.se/kultur/fritid-och-forening/forening-och-foreningsliv/driva-forening/foreningsbidrag,0,text/html;charset=UTF-8,,,
simrishamn.yaml,simrishamn-ungdomsbidrag,Ungdomsbidrag,https://www.simrishamn.se/kultur/fritid-och-forening/forening-och-foreningsliv/driva-forening/foreningsbidrag,200,https://www.simrishamn.se/kultur/fritid-och-forening/forening-och-foreningsliv/driva-forening/foreningsbidrag,0,text/html;charset=UTF-8,,,
simrishamn.yaml,simrishamn-lokalbidrag,Lokalbidrag,https://www.simrishamn.se/kultur/fritid-och-forening/forening-och-foreningsliv/driva-forening/foreningsbidrag,200,https://www.simrishamn.se/kultur/fritid-och-forening/forening-och-foreningsliv/driva-forening/foreningsbidrag,0,text/html;charset=UTF-8,,,
simrishamn.yaml,simrishamn-integrationsbidrag,Integrationsbidrag,https://www.simrishamn.se/kultur/fritid-och-forening/forening-och-foreningsliv/driva-forening/foreningsbidrag,200,https://www.simrishamn.se/kultur/fritid-och-forening/forening-och-foreningsliv/driva-forening/foreningsbidrag,0,text/html;charset=UTF-8,,,
simrishamn.yaml,simrishamn-miljobidrag,Miljöbidrag för hållbara aktiviteter,https://www.simrishamn.se/kultur/fritid-och-forening/forening-och-foreningsliv/driva-forening/foreningsbidrag,200,https://www.simrishamn.se/kultur/fritid-och-forening/forening-och-foreningsliv/driva-forening/foreningsbidrag,0,text/html;charset=UTF-8,,,
simrishamn.yaml,simrishamn-utvecklingsbidrag,Utvecklingsbidrag för nya initiativ,https://www.simrishamn.se/kultur/fritid-och-forening/forening-och-foreningsliv/driva-forening/foreningsbidrag,200,https://www.simrishamn.se/kultur/fritid-och-forening/forening-och-foreningsliv/driva-forening/foreningsbidrag,0,text/html;charset=UTF-8,,,
sjobo.yaml,sjobo-lokalt-aktivitetsstod,Lokalt aktivitetsstöd,https://www.sjobo.se/uppleva-och-gora/idrott-motion-och-aktiviteter/for-dig-som-driver-forening/stod-for-foreningar.html,200,https://www.sjobo.se/uppleva-och-gora/idrott-motion-och-aktiviteter/for-dig-som-driver-forening/stod-for-foreningar.html,0,text/html;charset=UTF-8,,,
sjobo.yaml,sjobo-kulturstod,Kulturstöd,https://www.sjobo.se/uppleva-och-gora/idrott-motion-och-aktiviteter/for-dig-som-driver-forening/stod-for-foreningar.html,200,https://www.sjobo.se/uppleva-och-gora/idrott-motion-och-aktiviteter/for-dig-som-driver-forening/stod-for-foreningar.html,0,text/html;charset=UTF-8,,,
sjobo.yaml,sjobo-hyresstod,Hyresstöd,https://www.sjobo.se/uppleva-och-gora/idrott-motion-och-aktiviteter/for-dig-som-driver-forening/stod-for-foreningar.html,200,https://www.sjobo.se/uppleva-och-gora/idrott-motion-och-aktiviteter/for-dig-som-driver-forening/stod-for-foreningar.html,0,text/html;charset=UTF-8,,,
sjobo.yaml,sjobo-investeringsstod,Investeringsstöd,https://www.sjobo.se/uppleva-och-gora/idrott-motion-och-aktiviteter/for-dig-som-driver-forening/stod-for-foreningar.html,200,https://www.sjobo.se/uppleva-och-gora/idrott-motion-och-aktiviteter/for-dig-som-driver-forening/stod-for-foreningar.html,0,text/html;charset=UTF-8,,,
sjobo.yaml,sjobo-driftsbidrag-enskilda-vagar,Driftsbidrag till enskilda vägar,https://www.sjobo.se/trafik-och-gator/gator/bidrag-till-enskilda-vagar.html,200,https://www.sjobo.se/trafik-och-gator/gator/bidrag-till-enskilda-vagar.html,0,text/html;charset=UTF-8,,,
sjobo.yaml,sjobo-forskoningsbidrag-och-julgran,Bidrag till försköning och julgran,https://www.sjobo.se/trafik-och-gator/torg-och-arrangemang/bidrag-till-forskoning-och-julgran.html,200,https://www.sjobo.se/trafik-och-gator/torg-och-arrangemang/bidrag-till-forskoning-och-julgran.html,0,text/html;charset=UTF-8,,,
skara.yaml,skara-startbidrag,Startbidrag,https://www.skara.se/kommunochpolitik/styrandedokument/regler/reglerforforeningsstod.2242.html,200,https://www.skara.se/kommunochpolitik/styrandedokument/regler/reglerforforeningsstod.2242.html,0,text/html;charset=UTF-8,,,
skara.yaml,skara-lokalt-aktivitetsstod,Lokalt aktivitetsstöd,https://www.skara.se/kommunochpolitik/styrandedokument/regler/reglerforforeningsstod.2242.html,200,https://www.skara.se/kommunochpolitik/styrandedokument/regler/reglerforforeningsstod.2242.html,0,text/html;charset=UTF-8,,,
skara.yaml,skara-aktivitetsbidrag,Aktivitetsbidrag,https://www.skara.se/kommunochpolitik/styrandedokument/regler/reglerforforeningsstod.2242.html,200,https://www.skara.se/kommunochpolitik/styrandedokument/regler/reglerforforeningsstod.2242.html,0,text/html;charset=UTF-8,,,
skara.yaml,skara-samverkansavtal,Samverkansavtal,https://www.skara.se/kommunochpolitik/styrandedokument/regler/reglerforforeningsstod.2242.html,200,https://www.skara.se/kommunochpolitik/styrandedokument/regler/reglerforforeningsstod.2242.html,0,text/html;charset=UTF-8,,,
skara.yaml,skara-driftsbidrag,Driftsbidrag,https://www.skara.se/kommunochpolitik/styrandedokument/regler/reglerforforeningsstod.2242.html,200,https://www.skara.se/kommunochpolitik/styrandedokument/regler/reglerforforeningsstod.2242.html,0,text/html;charset=UTF-8,,,
skara.yaml,skara-utvecklingsmedel,Utvecklingsmedel,https://www.skara.se/kommunochpolitik/styrandedokument/regler/reglerforforeningsstod.2242.html,200,https://www.skara.se/kommunochpolitik/styrandedokument/regler/reglerforforeningsstod.2242.html,0,text/html;charset=UTF-8,,,
skara.yaml,skara-anslag-studieforbund-sisu,Anslag till studieförbund och SISU,https://www.skara.se/kommunochpolitik/styrandedokument/regler/reglerforforeningsstod.2242.html,200,https://www.skara.se/kommunochpolitik/styrandedokument/regler/reglerforforeningsstod.2242.html,0,text/html;charset=UTF-8,,,
skelleftea.yaml,skelleftea-aktivitetsstod-idrott,Kommunalt aktivitetsstöd – idrottsföreningar,https://skelleftea.se/foreningsportalen/foreningsportalen/ekonomi-och-bidrag/bidragsnormer/fritidsnamndens-bidragsnormer,200,https://skelleftea.se/foreningsportalen/foreningsportalen/ekonomi-och-bidrag/bidragsnormer/fritidsnamndens-bidragsnormer,0,text/html;charset=UTF-8,,,
skelleftea.yaml,skelleftea-aktivitetsstod-kultur-ungdom-funktionsratt,"Kommunalt aktivitetsstöd – kultur-, ungdoms- och funktionsnedsättningsföreningar",https://skelleftea.se/foreningsportalen/foreningsportalen/ekonomi-och-bidrag/bidragsnormer/fritidsnamndens-bidragsnormer,200,https://skelleftea.se/foreningsportalen/foreningsportalen/ekonomi-och-bidrag/bidragsnormer/fritidsnamndens-bidragsnormer,0,text/html;charset=UTF-8,,,
skelleftea.yaml,skelleftea-verksamhetsbidrag-funktionsnedsattning,Verksamhetsbidrag – funktionsnedsättningsföreningar,https://skelleftea.se/foreningsportalen/foreningsportalen/ekonomi-och-bidrag/bidragsnormer/fritidsnamndens-bidragsnormer,200,https://skelleftea.se/foreningsportalen/foreningsportalen/ekonomi-och-bidrag/bidragsnormer/fritidsnamndens-bidragsnormer,0,text/html;charset=UTF-8,,,
skelleftea.yaml,skelleftea-ledsagarservice,Ledsagarservice,https://skelleftea.se/foreningsportalen/foreningsportalen/ekonomi-och-bidrag/bidragsnormer/fritidsnamndens-bidragsnormer,200,https://skelleftea.se/foreningsportalen/foreningsportalen/ekonomi-och-bidrag/bidragsnormer/fritidsnamndens-bidragsnormer,0,text/html;charset=UTF-8,,,
skelleftea.yaml,skelleftea-samlingslokal-arligt-bidrag,Årligt bidrag till allmänna samlingslokaler,https://skelleftea.se/foreningsportalen/foreningsportalen/ekonomi-och-bidrag/bidragsnormer/fritidsnamndens-bidragsnormer,200,https://skelleftea.se/foreningsportalen/foreningsportalen/ekonomi-och-bidrag/bidragsnormer/fritidsnamndens-bidragsnormer,0,text/html;charset=UTF-8,,,
skelleftea.yaml,skelleftea-samlingslokal-upprustningsbidrag,Upprustningsbidrag till allmänna samlingslokaler,https://skelleftea.se/foreningsportalen/foreningsportalen/ekonomi-och-bidrag/bidragsnormer/fritidsnamndens-bidragsnormer,200,https://skelleftea.se/foreningsportalen/foreningsportalen/ekonomi-och-bidrag/bidragsnormer/fritidsnamndens-bidragsnormer,0,text/html;charset=UTF-8,,,
skelleftea.yaml,skelleftea-samlingslokal-boverket-medfinansiering,Medfinansiering till samlingslokalens ansökan hos Boverket,https://skelleftea.se/foreningsportalen/foreningsportalen/ekonomi-och-bidrag/sok-bidrag/investeringar-och-renoveringar,200,https://skelleftea.se/foreningsportalen/foreningsportalen/ekonomi-och-bidrag/sok-bidrag/investeringar-och-renoveringar,0,text/html;charset=UTF-8,,,
skelleftea.yaml,skelleftea-fotbollsplaner-drift-investering,Drift- och investeringsbidrag – fotbollsplaner,https://skelleftea.se/foreningsportalen/foreningsportalen/ekonomi-och-bidrag/bidragsnormer/fritidsnamndens-bidragsnormer,200,https://skelleftea.se/foreningsportalen/foreningsportalen/ekonomi-och-bidrag/bidragsnormer/fritidsnamndens-bidragsnormer,0,text/html;charset=UTF-8,,,
skelleftea.yaml,skelleftea-ishockeyplaner-drift-investering,Drift- och investeringsbidrag – ishockeyplaner,https://skelleftea.se/foreningsportalen/foreningsportalen/ekonomi-och-bidrag/bidragsnormer/fritidsnamndens-bidragsnormer,200,https://skelleftea.se/foreningsportalen/foreningsportalen/ekonomi-och-bidrag/bidragsnormer/fritidsnamndens-bidragsnormer,0,text/html;charset=UTF-8,,,
skelleftea.yaml,skelleftea-fast-driftbidrag-specialanlaggningar,Fast driftbidrag – specialanläggningar,https://skelleftea.se/foreningsportalen/foreningsportalen/ekonomi-och-bidrag/bidragsnormer/fritidsnamndens-bidragsnormer,200,https://skelleftea.se/foreningsportalen/foreningsportalen/ekonomi-och-bidrag/bidragsnormer/fritidsnamndens-bidragsnormer,0,text/html;charset=UTF-8,,,
skelleftea.yaml,skelleftea-investeringsbidrag-egen-anlaggning,Investeringsbidrag till egen föreningsanläggning,https://skelleftea.se/foreningsportalen/foreningsportalen/ekonomi-och-bidrag/sok-bidrag/investeringar-och-renoveringar,200,https://skelleftea.se/foreningsportalen/foreningsportalen/ekonomi-och-bidrag/sok-bidrag/investeringar-och-renoveringar,0,text/html;charset=UTF-8,,,
skelleftea.yaml,skelleftea-lokalbidrag-idrott-ungdom,Lokalbidrag – idrotts- och ungdomsföreningar,https://skelleftea.se/foreningsportalen/foreningsportalen/ekonomi-och-bidrag/bidragsnormer/fritidsnamndens-bidragsnormer,200,https://skelleftea.se/foreningsportalen/foreningsportalen/ekonomi-och-bidrag/bidragsnormer/fritidsnamndens-bidragsnormer,0,text/html;charset=UTF-8,,,
skelleftea.yaml,skelleftea-lokalbidrag-funktionsnedsattning,Lokalbidrag – funktionsnedsättningsföreningar,https://skelleftea.se/foreningsportalen/foreningsportalen/ekonomi-och-bidrag/bidragsnormer/fritidsnamndens-bidragsnormer,200,https://skelleftea.se/foreningsportalen/foreningsportalen/ekonomi-och-bidrag/bidragsnormer/fritidsnamndens-bidragsnormer,0,text/html;charset=UTF-8,,,
skelleftea.yaml,skelleftea-maskinbidrag-motionsspar,Maskinbidrag – elbelysta motionsspår,https://skelleftea.se/foreningsportalen/foreningsportalen/ekonomi-och-bidrag/bidragsnormer/fritidsnamndens-bidragsnormer,200,https://skelleftea.se/foreningsportalen/foreningsportalen/ekonomi-och-bidrag/bidragsnormer/fritidsnamndens-bidragsnormer,0,text/html;charset=UTF-8,,,
skelleftea.yaml,skelleftea-badplatser,Bidrag till badplatser,https://skelleftea.se/foreningsportalen/foreningsportalen/ekonomi-och-bidrag/bidragsnormer/fritidsnamndens-bidragsnormer,200,https://skelleftea.se/foreningsportalen/foreningsportalen/ekonomi-och-bidrag/bidragsnormer/fritidsnamndens-bidragsnormer,0,text/html;charset=UTF-8,,,
skelleftea.yaml,skelleftea-batliv,Bidrag till båtliv,https://skelleftea.se/foreningsportalen/foreningsportalen/ekonomi-och-bidrag/bidragsnormer/fritidsnamndens-bidragsnormer,200,https://skelleftea.se/foreningsportalen/foreningsportalen/ekonomi-och-bidrag/bidragsnormer/fritidsnamndens-bidragsnormer,0,text/html;charset=UTF-8,,,
skelleftea.yaml,skelleftea-fiske-investeringsbidrag,Fiske – investeringsbidrag,https://skelleftea.se/foreningsportalen/foreningsportalen/ekonomi-och-bidrag/bidragsnormer/fritidsnamndens-bidragsnormer,200,https://skelleftea.se/foreningsportalen/foreningsportalen/ekonomi-och-bidrag/bidragsnormer/fritidsnamndens-bidragsnormer,0,text/html;charset=UTF-8,,,
skelleftea.yaml,skelleftea-fiske-skotselbidrag,Fiske – skötselbidrag,https://skelleftea.se/foreningsportalen/foreningsportalen/ekonomi-och-bidrag/bidragsnormer/fritidsnamndens-bidragsnormer,200,https://skelleftea.se/foreningsportalen/foreningsportalen/ekonomi-och-bidrag/bidragsnormer/fritidsnamndens-bidragsnormer,0,text/html;charset=UTF-8,,,
skelleftea.yaml,skelleftea-fiske-utbildningsbidrag,Fiske – utbildningsbidrag,https://skelleftea.se/foreningsportalen/foreningsportalen/ekonomi-och-bidrag/bidragsnormer/fritidsnamndens-bidragsnormer,200,https://skelleftea.se/foreningsportalen/foreningsportalen/ekonomi-och-bidrag/bidragsnormer/fritidsnamndens-bidragsnormer,0,text/html;charset=UTF-8,,,
skelleftea.yaml,skelleftea-friluftsliv-investeringsbidrag,Friluftsliv – investeringsbidrag,https://skelleftea.se/foreningsportalen/foreningsportalen/ekonomi-och-bidrag/bidragsnormer/fritidsnamndens-bidragsnormer,200,https://skelleftea.se/foreningsportalen/foreningsportalen/ekonomi-och-bidrag/bidragsnormer/fritidsnamndens-bidragsnormer,0,text/html;charset=UTF-8,,,
skelleftea.yaml,skelleftea-friluftsliv-skotselbidrag,Friluftsliv – skötselbidrag,https://skelleftea.se/foreningsportalen/foreningsportalen/ekonomi-och-bidrag/bidragsnormer/fritidsnamndens-bidragsnormer,200,https://skelleftea.se/foreningsportalen/foreningsportalen/ekonomi-och-bidrag/bidragsnormer/fritidsnamndens-bidragsnormer,0,text/html;charset=UTF-8,,,
skelleftea.yaml,skelleftea-friluftsliv-utbildningsbidrag,Friluftsliv – utbildningsbidrag,https://skelleftea.se/foreningsportalen/foreningsportalen/ekonomi-och-bidrag/bidragsnormer/fritidsnamndens-bidragsnormer,200,https://skelleftea.se/foreningsportalen/foreningsportalen/ekonomi-och-bidrag/bidragsnormer/fritidsnamndens-bidragsnormer,0,text/html;charset=UTF-8,,,
skelleftea.yaml,skelleftea-skoterleder,Skoterleder,https://skelleftea.se/foreningsportalen/foreningsportalen/ekonomi-och-bidrag/bidragsnormer/fritidsnamndens-bidragsnormer,200,https://skelleftea.se/foreningsportalen/foreningsportalen/ekonomi-och-bidrag/bidragsnormer/fritidsnamndens-bidragsnormer,0,text/html;charset=UTF-8,,,
skelleftea.yaml,skelleftea-inkluderingsbidrag-asyl-nyanlanda,Inkluderingsbidrag för asylsökande och nyanlända,https://skelleftea.se/foreningsportalen/foreningsportalen/ekonomi-och-bidrag/bidragsnormer/fritidsnamndens-bidragsnormer,200,https://skelleftea.se/foreningsportalen/foreningsportalen/ekonomi-och-bidrag/bidragsnormer/fritidsnamndens-bidragsnormer,0,text/html;charset=UTF-8,,,
skelleftea.yaml,skelleftea-nya-verksamhetsformer,Nya verksamhetsformer,https://skelleftea.se/foreningsportalen/foreningsportalen/ekonomi-och-bidrag/bidragsnormer/fritidsnamndens-bidragsnormer,200,https://skelleftea.se/foreningsportalen/foreningsportalen/ekonomi-och-bidrag/bidragsnormer/fritidsnamndens-bidragsnormer,0,text/html;charset=UTF-8,,,
skelleftea.yaml,skelleftea-extern-kommunikation-marknadsforing,Extern kommunikation och marknadsföring,https://skelleftea.se/foreningsportalen/foreningsportalen/ekonomi-och-bidrag/bidragsnormer/fritidsnamndens-bidragsnormer,200,https://skelleftea.se/foreningsportalen/foreningsportalen/ekonomi-och-bidrag/bidragsnormer/fritidsnamndens-bidragsnormer,0,text/html;charset=UTF-8,,,
skelleftea.yaml,skelleftea-utbildningsbidrag-idrott,Utbildningsbidrag – idrottsföreningar,https://skelleftea.se/foreningsportalen/foreningsportalen/ekonomi-och-bidrag/bidragsnormer/fritidsnamndens-bidragsnormer,200,https://skelleftea.se/foreningsportalen/foreningsportalen/ekonomi-och-bidrag/bidragsnormer/fritidsnamndens-bidragsnormer,0,text/html;charset=UTF-8,,,
skelleftea.yaml,skelleftea-utbildningsbidrag-ungdom,Utbildningsbidrag – ungdomsföreningar,https://skelleftea.se/foreningsportalen/foreningsportalen/ekonomi-och-bidrag/bidragsnormer/fritidsnamndens-bidragsnormer,200,https://skelleftea.se/foreningsportalen/foreningsportalen/ekonomi-och-bidrag/bidragsnormer/fritidsnamndens-bidragsnormer,0,text/html;charset=UTF-8,,,
skelleftea.yaml,skelleftea-utbildningsbidrag-funktionsnedsattning,Utbildningsbidrag – funktionsnedsättningsföreningar,https://skelleftea.se/foreningsportalen/foreningsportalen/ekonomi-och-bidrag/bidragsnormer/fritidsnamndens-bidragsnormer,200,https://skelleftea.se/foreningsportalen/foreningsportalen/ekonomi-och-bidrag/bidragsnormer/fritidsnamndens-bidragsnormer,0,text/html;charset=UTF-8,,,
skelleftea.yaml,skelleftea-arrangemangsstod-rikskaraktar,Bidrag till arrangemang av rikskaraktär eller turismnytta,https://skelleftea.se/foreningsportalen/foreningsportalen/ekonomi-och-bidrag/bidragsnormer/fritidsnamndens-bidragsnormer,200,https://skelleftea.se/foreningsportalen/foreningsportalen/ekonomi-och-bidrag/bidragsnormer/fritidsnamndens-bidragsnormer,0,text/html;charset=UTF-8,,,
skelleftea.yaml,skelleftea-idrottsstipendium,Idrottsstipendium,https://skelleftea.se/foreningsportalen/foreningsportalen/ekonomi-och-bidrag/bidragsnormer/fritidsnamndens-bidragsnormer,200,https://skelleftea.se/foreningsportalen/foreningsportalen/ekonomi-och-bidrag/bidragsnormer/fritidsnamndens-bidragsnormer,0,text/html;charset=UTF-8,,,
skelleftea.yaml,skelleftea-ledarstipendium,Ledarstipendium,https://skelleftea.se/foreningsportalen/foreningsportalen/ekonomi-och-bidrag/bidragsnormer/fritidsnamndens-bidragsnormer,200,https://skelleftea.se/foreningsportalen/foreningsportalen/ekonomi-och-bidrag/bidragsnormer/fritidsnamndens-bidragsnormer,0,text/html;charset=UTF-8,,,
skelleftea.yaml,skelleftea-startbidrag-kultur,Startbidrag för nybildad kulturförening,https://skelleftea.se/foreningsportalen/foreningsportalen/ekonomi-och-bidrag/bidragsnormer/kulturnamndens-bidragsnormer,200,https://skelleftea.se/foreningsportalen/foreningsportalen/ekonomi-och-bidrag/bidragsnormer/kulturnamndens-bidragsnormer,0,text/html;charset=UTF-8,,,
skelleftea.yaml,skelleftea-arligt-verksamhetsbidrag,Årligt verksamhetsbidrag (kultur),https://skelleftea.se/foreningsportalen/foreningsportalen/ekonomi-och-bidrag/bidragsnormer/kulturnamndens-bidragsnormer,200,https://skelleftea.se/foreningsportalen/foreningsportalen/ekonomi-och-bidrag/bidragsnormer/kulturnamndens-bidragsnormer,0,text/html;charset=UTF-8,,,
skelleftea.yaml,skelleftea-enstaka-arrangemang,Bidrag till enstaka arrangemang,https://skelleftea.se/foreningsportalen/foreningsportalen/ekonomi-och-bidrag/bidragsnormer/kulturnamndens-bidragsnormer,200,https://skelleftea.se/foreningsportalen/foreningsportalen/ekonomi-och-bidrag/bidragsnormer/kulturnamndens-bidragsnormer,0,text/html;charset=UTF-8,,,
skelleftea.yaml,skelleftea-enstaka-produktion,Bidrag till enstaka produktion,https://skelleftea.se/foreningsportalen/foreningsportalen/ekonomi-och-bidrag/bidragsnormer/kulturnamndens-bidragsnormer,200,https://skelleftea.se/foreningsportalen/foreningsportalen/ekonomi-och-bidrag/bidragsnormer/kulturnamndens-bidragsnormer,0,text/html;charset=UTF-8,,,
skelleftea.yaml,skelleftea-utvecklingsbidrag-kultur,Utvecklingsbidrag (kultur),https://skelleftea.se/foreningsportalen/foreningsportalen/ekonomi-och-bidrag/bidragsnormer/kulturnamndens-bidragsnormer,200,https://skelleftea.se/foreningsportalen/foreningsportalen/ekonomi-och-bidrag/bidragsnormer/kulturnamndens-bidragsnormer,0,text/html;charset=UTF-8,,,
skelleftea.yaml,skelleftea-ovriga-bidrag-kulturnamnden,Övriga bidrag – kulturnämndens till förfogande,https://skelleftea.se/foreningsportalen/foreningsportalen/ekonomi-och-bidrag/bidragsnormer/kulturnamndens-bidragsnormer,200,https://skelleftea.se/foreningsportalen/foreningsportalen/ekonomi-och-bidrag/bidragsnormer/kulturnamndens-bidragsnormer,0,text/html;charset=UTF-8,,,
skelleftea.yaml,skelleftea-kulturstipendium,Kulturstipendium,https://skelleftea.se/foreningsportalen/foreningsportalen/ekonomi-och-bidrag/bidragsnormer/kulturnamndens-bidragsnormer,200,https://skelleftea.se/foreningsportalen/foreningsportalen/ekonomi-och-bidrag/bidragsnormer/kulturnamndens-bidragsnormer,0,text/html;charset=UTF-8,,,
skelleftea.yaml,skelleftea-ungdomskulturstipendium,Ungdomskulturstipendium,https://skelleftea.se/foreningsportalen/foreningsportalen/ekonomi-och-bidrag/bidragsnormer/kulturnamndens-bidragsnormer,200,https://skelleftea.se/foreningsportalen/foreningsportalen/ekonomi-och-bidrag/bidragsnormer/kulturnamndens-bidragsnormer,0,text/html;charset=UTF-8,,,
skelleftea.yaml,skelleftea-studieforbund-riktat-arrangemangsstod,Riktat arrangemangsstöd till studieförbund,https://skelleftea.se/foreningsportalen/foreningsportalen/ekonomi-och-bidrag/bidragsnormer/kulturnamndens-bidragsnormer,200,https://skelleftea.se/foreningsportalen/foreningsportalen/ekonomi-och-bidrag/bidragsnormer/kulturnamndens-bidragsnormer,0,text/html;charset=UTF-8,,,
skelleftea.yaml,skelleftea-socialnamndens-aktivitetsbidrag,Aktivitetsbidrag till föreningar inom socialnämndens ansvarsområde,https://skelleftea.se/invanare/startsida/uppleva-och-gora/forenings--och-kulturstod/sok-bidrag-stod-och-stipendier/bidragsnormer/socialnamndens-bidragsformer,200,https://skelleftea.se/foreningsportalen/foreningsportalen/ekonomi-och-bidrag/bidragsnormer/socialnamndens-bidragsnormer,1,text/html;charset=UTF-8,,,
skelleftea.yaml,skelleftea-uppdragsersattning-oppna-motesplatser,Uppdragsersättning för öppna mötesplatser på dagtid,https://skelleftea.se/invanare/startsida/uppleva-och-gora/forenings--och-kulturstod/sok-bidrag-stod-och-stipendier/bidragsnormer/socialnamndens-bidragsformer,200,https://skelleftea.se/foreningsportalen/foreningsportalen/ekonomi-och-bidrag/bidragsnormer/socialnamndens-bidragsnormer,1,text/html;charset=UTF-8,,,
skelleftea.yaml,skelleftea-lekplats-anlaggning-renovering,Bidrag till anläggning av eller renovering av lekplats,https://skelleftea.se/foreningsportalen/foreningsportalen/ekonomi-och-bidrag/bidragsnormer/samhallsbyggnadsnamndens-bidragsnormer,200,https://skelleftea.se/foreningsportalen/foreningsportalen/ekonomi-och-bidrag/bidragsnormer/samhallsbyggnadsnamndens-bidragsnormer,0,text/html;charset=UTF-8,,,
skelleftea.yaml,skelleftea-lekplats-drift,Bidrag för drift av lekplats,https://skelleftea.se/foreningsportalen/foreningsportalen/ekonomi-och-bidrag/bidragsnormer/samhallsbyggnadsnamndens-bidragsnormer,200,https://skelleftea.se/foreningsportalen/foreningsportalen/ekonomi-och-bidrag/bidragsnormer/samhallsbyggnadsnamndens-bidragsnormer,0,text/html;charset=UTF-8,,,
skelleftea.yaml,skelleftea-tradgard-biodlarforening,Bidrag till trädgårdsförening eller biodlarförening,https://skelleftea.se/foreningsportalen/foreningsportalen/ekonomi-och-bidrag/bidragsnormer/samhallsbyggnadsnamndens-bidragsnormer,200,https://skelleftea.se/foreningsportalen/foreningsportalen/ekonomi-och-bidrag/bidragsnormer/samhallsbyggnadsnamndens-bidragsnormer,0,text/html;charset=UTF-8,,,
skelleftea.yaml,skelleftea-underhallsbidrag-enskild-vag,Underhållsbidrag till enskild väg,https://skelleftea.se/invanare/startsida/trafik-och-samhallsutveckling/gator/enskilda-vagar/ansvar-statsbidrag-och-ansokningar-for-enskilda-vagar,200,https://skelleftea.se/invanare/startsida/trafik-och-samhallsutveckling/gator/enskilda-vagar/ansvar-statsbidrag-och-ansokningar-for-enskilda-vagar,0,text/html;charset=UTF-8,,,
skelleftea.yaml,skelleftea-nationella-minoriteter,Bidrag till föreningar som representerar nationella minoriteter,https://skelleftea.se/download/18.7322e3e518df2895e1a6a6c/1760095942063/Riktlinjer%20f%C3%B6r%20bidrag%20till%20f%C3%B6reningar%20som%20representerar%20nationella%20minoriteter.pdf,200,https://skelleftea.se/download/18.7322e3e518df2895e1a6a6c/1760095942063/Riktlinjer%20f%C3%B6r%20bidrag%20till%20f%C3%B6reningar%20som%20representerar%20nationella%20minoriteter.pdf,0,application/pdf,,,
skelleftea.yaml,skelleftea-lokala-utvecklingsinsatser-landsbygd,Lokala utvecklingsinsatser för landsbygd,https://skelleftea.se/invanare/startsida/uppleva-och-gora/forenings--och-kulturstod/sok-bidrag-stod-och-stipendier/lokala-utvecklingsinsatser,200,https://skelleftea.se/foreningsportalen/foreningsportalen/ekonomi-och-bidrag/sok-bidrag/utveckling-och-inkludering,1,text/html;charset=UTF-8,,,
skelleftea.yaml,skelleftea-kommunalt-lonebidrag,Kommunalt lönebidrag,https://skelleftea.se/invanare/startsida/jobb-och-foretagande/arbetsmarknadsinsatser/kommunalt-lonebidrag,200,https://skelleftea.se/invanare/startsida/jobb-och-foretagande/arbetsmarknadsinsatser/kommunalt-lonebidrag,0,text/html;charset=UTF-8,,,
skinnskatteberg.yaml,skinnskatteberg-foreningsbidrag,Föreningsbidrag,https://www.skinnskatteberg.se/app/uploads/2023/04/bidragsbestammelser-och-riktlinjer-for-kommunalt-foreningsbidrag-i-skinnskatteberg-2023.pdf,200,https://www.skinnskatteberg.se/app/uploads/2023/04/bidragsbestammelser-och-riktlinjer-for-kommunalt-foreningsbidrag-i-skinnskatteberg-2023.pdf,0,application/pdf,,,
skinnskatteberg.yaml,skinnskatteberg-aktivitetsbidrag,Aktivitetsbidrag,https://www.skinnskatteberg.se/app/uploads/2023/04/bidragsbestammelser-och-riktlinjer-for-kommunalt-foreningsbidrag-i-skinnskatteberg-2023.pdf,200,https://www.skinnskatteberg.se/app/uploads/2023/04/bidragsbestammelser-och-riktlinjer-for-kommunalt-foreningsbidrag-i-skinnskatteberg-2023.pdf,0,application/pdf,,,
skinnskatteberg.yaml,skinnskatteberg-etableringsbidrag,Etableringsbidrag,https://www.skinnskatteberg.se/app/uploads/2023/04/bidragsbestammelser-och-riktlinjer-for-kommunalt-foreningsbidrag-i-skinnskatteberg-2023.pdf,200,https://www.skinnskatteberg.se/app/uploads/2023/04/bidragsbestammelser-och-riktlinjer-for-kommunalt-foreningsbidrag-i-skinnskatteberg-2023.pdf,0,application/pdf,,,
skinnskatteberg.yaml,skinnskatteberg-funktionsrattsforeningar,Bidrag till funktionsrättsföreningar,https://www.skinnskatteberg.se/app/uploads/2023/04/bidragsbestammelser-och-riktlinjer-for-kommunalt-foreningsbidrag-i-skinnskatteberg-2023.pdf,200,https://www.skinnskatteberg.se/app/uploads/2023/04/bidragsbestammelser-och-riktlinjer-for-kommunalt-foreningsbidrag-i-skinnskatteberg-2023.pdf,0,application/pdf,,,
skinnskatteberg.yaml,skinnskatteberg-studieforbund,Bidrag till studieförbund,https://www.skinnskatteberg.se/app/uploads/2023/04/bidragsbestammelser-och-riktlinjer-for-kommunalt-foreningsbidrag-i-skinnskatteberg-2023.pdf,200,https://www.skinnskatteberg.se/app/uploads/2023/04/bidragsbestammelser-och-riktlinjer-for-kommunalt-foreningsbidrag-i-skinnskatteberg-2023.pdf,0,application/pdf,,,
skinnskatteberg.yaml,skinnskatteberg-sociala-foreningar,Stöd till sociala föreningar,https://www.skinnskatteberg.se/app/uploads/2023/04/bidragsbestammelser-och-riktlinjer-for-kommunalt-foreningsbidrag-i-skinnskatteberg-2023.pdf,200,https://www.skinnskatteberg.se/app/uploads/2023/04/bidragsbestammelser-och-riktlinjer-for-kommunalt-foreningsbidrag-i-skinnskatteberg-2023.pdf,0,application/pdf,,,
skovde.yaml,skovde-arrangorsstod,Arrangörsstöd (stöd till evenemang och möten),https://www.skovde.se/naringsliv-foretag-forening/forening/foreningsbidrag/arrangorsstod/,200,https://www.skovde.se/naringsliv-foretag-forening/forening/foreningsbidrag/arrangorsstod/,0,text/html; charset=utf-8,,,
skovde.yaml,skovde-landsbygdsutveckling,Bidrag för landsbygdsutveckling,https://www.skovde.se/naringsliv-foretag-forening/forening/foreningsbidrag/bidrag-for-landsbygden/,200,https://www.skovde.se/naringsliv-foretag-forening/forening/foreningsbidrag/bidrag-for-landsbygden/,0,text/html; charset=utf-8,,,
skovde.yaml,skovde-bygdegard-lokalbidrag,Lokalbidrag till bygdegårdsföreningar,https://www.skovde.se/naringsliv-foretag-forening/forening/foreningsbidrag/bidrag-till-bygdegardsforeningar/,200,https://www.skovde.se/naringsliv-foretag-forening/forening/foreningsbidrag/bidrag-till-bygdegardsforeningar/,0,text/html; charset=utf-8,,,
skovde.yaml,skovde-bygdegard-investeringsbidrag,Investeringsbidrag till bygdegårdsföreningar,https://www.skovde.se/naringsliv-foretag-forening/forening/foreningsbidrag/bidrag-till-bygdegardsforeningar/,200,https://www.skovde.se/naringsliv-foretag-forening/forening/foreningsbidrag/bidrag-till-bygdegardsforeningar/,0,text/html; charset=utf-8,,,
skovde.yaml,skovde-bygdegard-rantefria-lan,Ränte- och amorteringsfria lån till bygdegårdsföreningar,https://www.skovde.se/naringsliv-foretag-forening/forening/foreningsbidrag/bidrag-till-bygdegardsforeningar/,200,https://www.skovde.se/naringsliv-foretag-forening/forening/foreningsbidrag/bidrag-till-bygdegardsforeningar/,0,text/html; charset=utf-8,,,
skovde.yaml,skovde-funktionsnedsattning-verksamhetsbidrag,Verksamhetsbidrag till föreningar för personer med funktionsnedsättning,https://www.skovde.se/globalassets/kommun-och-politik/taxor-avgifter-och-styrande-dokument/forfattningssamling/regler-for-bidrag-till-foreningar-for-personer-med-funktionsnedsattning.pdf,200,https://www.skovde.se/globalassets/kommun-och-politik/taxor-avgifter-och-styrande-dokument/forfattningssamling/regler-for-bidrag-till-foreningar-for-personer-med-funktionsnedsattning.pdf,0,application/pdf,,,
skovde.yaml,skovde-funktionsnedsattning-lokalbidrag,Lokalbidrag till föreningar för personer med funktionsnedsättning,https://www.skovde.se/globalassets/kommun-och-politik/taxor-avgifter-och-styrande-dokument/forfattningssamling/regler-for-bidrag-till-foreningar-for-personer-med-funktionsnedsattning.pdf,200,https://www.skovde.se/globalassets/kommun-och-politik/taxor-avgifter-och-styrande-dokument/forfattningssamling/regler-for-bidrag-till-foreningar-for-personer-med-funktionsnedsattning.pdf,0,application/pdf,,,
skovde.yaml,skovde-funktionsnedsattning-utvecklingsbidrag,Utvecklingsbidrag för funktionshinderföreningar,https://www.skovde.se/globalassets/kommun-och-politik/taxor-avgifter-och-styrande-dokument/forfattningssamling/regler-for-bidrag-till-foreningar-for-personer-med-funktionsnedsattning.pdf,200,https://www.skovde.se/globalassets/kommun-och-politik/taxor-avgifter-och-styrande-dokument/forfattningssamling/regler-for-bidrag-till-foreningar-for-personer-med-funktionsnedsattning.pdf,0,application/pdf,,,
skovde.yaml,skovde-socialt-arbete,Bidrag till föreningar med socialt arbete,https://sjalvservice.skovde.se/oversikt/overview/115,200,https://sjalvservice.skovde.se/oversikt/overview/115,0,text/html;charset=ISO-8859-1,,,
skovde.yaml,skovde-ungdom-aktivitetsstod,Kommunalt aktivitetsstöd,https://www.skovde.se/naringsliv-foretag-forening/forening/foreningsbidrag/bidrag-till-foreningar-med-ungdomsverksamhet/,200,https://www.skovde.se/naringsliv-foretag-forening/forening/foreningsbidrag/bidrag-till-foreningar-med-ungdomsverksamhet/,0,text/html; charset=utf-8,,,
skovde.yaml,skovde-ungdom-lokalbidrag,Lokalbidrag till ungdomsföreningar,https://www.skovde.se/naringsliv-foretag-forening/forening/foreningsbidrag/bidrag-till-foreningar-med-ungdomsverksamhet/,200,https://www.skovde.se/naringsliv-foretag-forening/forening/foreningsbidrag/bidrag-till-foreningar-med-ungdomsverksamhet/,0,text/html; charset=utf-8,,,
skovde.yaml,skovde-ungdom-anlaggningsbidrag,Anläggningsbidrag till ungdomsföreningar,https://www.skovde.se/naringsliv-foretag-forening/forening/foreningsbidrag/bidrag-till-foreningar-med-ungdomsverksamhet/,200,https://www.skovde.se/naringsliv-foretag-forening/forening/foreningsbidrag/bidrag-till-foreningar-med-ungdomsverksamhet/,0,text/html; charset=utf-8,,,
skovde.yaml,skovde-ungdom-investeringsbidrag,Investeringsbidrag till ungdomsföreningar,https://www.skovde.se/naringsliv-foretag-forening/forening/foreningsbidrag/bidrag-till-foreningar-med-ungdomsverksamhet/,200,https://www.skovde.se/naringsliv-foretag-forening/forening/foreningsbidrag/bidrag-till-foreningar-med-ungdomsverksamhet/,0,text/html; charset=utf-8,,,
skovde.yaml,skovde-ungdom-rantefria-lan,Ränte- och amorteringsfria lån till ungdomsföreningar,https://www.skovde.se/naringsliv-foretag-forening/forening/foreningsbidrag/bidrag-till-foreningar-med-ungdomsverksamhet/,200,https://www.skovde.se/naringsliv-foretag-forening/forening/foreningsbidrag/bidrag-till-foreningar-med-ungdomsverksamhet/,0,text/html; charset=utf-8,,,
skovde.yaml,skovde-ungdom-sarskilda-insatser,Bidrag till särskilda insatser eller projekt (ungdomsföreningar),https://www.skovde.se/naringsliv-foretag-forening/forening/foreningsbidrag/bidrag-till-foreningar-med-ungdomsverksamhet/,200,https://www.skovde.se/naringsliv-foretag-forening/forening/foreningsbidrag/bidrag-till-foreningar-med-ungdomsverksamhet/,0,text/html; charset=utf-8,,,
skovde.yaml,skovde-parasportbidrag,Parasportbidrag,https://www.skovde.se/naringsliv-foretag-forening/forening/foreningsbidrag/bidrag-till-foreningar-med-ungdomsverksamhet/,200,https://www.skovde.se/naringsliv-foretag-forening/forening/foreningsbidrag/bidrag-till-foreningar-med-ungdomsverksamhet/,0,text/html; charset=utf-8,,,
skovde.yaml,skovde-studieforbund,Bidrag till studieförbund,https://www.skovde.se/naringsliv-foretag-forening/forening/foreningsbidrag/bidrag-till-studieforbund/,200,https://www.skovde.se/naringsliv-foretag-forening/forening/foreningsbidrag/bidrag-till-studieforbund/,0,text/html; charset=utf-8,,,
skovde.yaml,skovde-subventionerad-lokalhyra,Subventionerad lokalhyra i bygdegårdar,https://www.skovde.se/naringsliv-foretag-forening/forening/foreningsbidrag/subventionerad-lokalhyra-i-bygdegardar/,200,https://www.skovde.se/naringsliv-foretag-forening/forening/foreningsbidrag/subventionerad-lokalhyra-i-bygdegardar/,0,text/html; charset=utf-8,,,
skovde.yaml,skovde-kulturforeningar-verksamhetsbidrag,Verksamhetsbidrag för kulturföreningar,https://www.skovde.se/naringsliv-foretag-forening/forening/foreningsbidrag/verksamhetsbidrag-for-kulturforeningar/,200,https://www.skovde.se/naringsliv-foretag-forening/forening/foreningsbidrag/verksamhetsbidrag-for-kulturforeningar/,0,text/html; charset=utf-8,,,
skovde.yaml,skovde-enskilda-vagar,Driftbidrag till enskilda vägar,https://www.skovde.se/gator-gronomraden/ansvar-for-vagar-och-gator/enskilda-vagar-och-driftbidrag/,200,https://www.skovde.se/gator-gronomraden/ansvar-for-vagar-och-gator/enskilda-vagar-och-driftbidrag/,0,text/html; charset=utf-8,,,
skovde.yaml,skovde-vagforeningar-driftbidrag,Driftbidrag till vägföreningar,https://www.skovde.se/gator-gronomraden/ansvar-for-vagar-och-gator/enskilda-vagar-och-driftbidrag/,200,https://www.skovde.se/gator-gronomraden/ansvar-for-vagar-och-gator/enskilda-vagar-och-driftbidrag/,0,text/html; charset=utf-8,,,
skovde.yaml,skovde-idrottskandidater,Idrottskandidater,https://www.skovde.se/kommun-och-politik/pengar-du-kan-soka-och-utmarkelser/idrottskandidater/,200,https://www.skovde.se/kommun-och-politik/pengar-du-kan-soka-och-utmarkelser/idrottskandidater/,0,text/html; charset=utf-8,,,
skurup.yaml,skurup-lokalt-aktivitetsstod,Lokalt aktivitetsstöd,https://www.skurup.se/uppleva-och-gora/foreningar/sok-foreningsstod,200,https://www.skurup.se/uppleva-och-gora/foreningar/sok-foreningsstod,0,text/html;charset=UTF-8,,,
skurup.yaml,skurup-bidrag-till-studieorganisationer,Bidrag till studieorganisationer,https://www.skurup.se/uppleva-och-gora/foreningar/sok-foreningsstod,200,https://www.skurup.se/uppleva-och-gora/foreningar/sok-foreningsstod,0,text/html;charset=UTF-8,,,
skurup.yaml,skurup-startbidrag,Startbidrag,https://www.skurup.se/uppleva-och-gora/foreningar/sok-foreningsstod,200,https://www.skurup.se/uppleva-och-gora/foreningar/sok-foreningsstod,0,text/html;charset=UTF-8,,,
skurup.yaml,skurup-utvecklingsstod,Utvecklingsstöd,https://www.skurup.se/uppleva-och-gora/foreningar/sok-foreningsstod,200,https://www.skurup.se/uppleva-och-gora/foreningar/sok-foreningsstod,0,text/html;charset=UTF-8,,,
skurup.yaml,skurup-sommarlovsbidrag,Sommarlovsbidrag,https://www.skurup.se/uppleva-och-gora/foreningar/sok-foreningsstod,200,https://www.skurup.se/uppleva-och-gora/foreningar/sok-foreningsstod,0,text/html;charset=UTF-8,,,
skurup.yaml,skurup-lokal-och-anlaggningsstod,Lokal- och anläggningsstöd,https://www.skurup.se/uppleva-och-gora/foreningar/sok-foreningsstod,200,https://www.skurup.se/uppleva-och-gora/foreningar/sok-foreningsstod,0,text/html;charset=UTF-8,,,
skurup.yaml,skurup-investeringsstod,Investeringsstöd,https://www.skurup.se/uppleva-och-gora/foreningar/sok-foreningsstod,200,https://www.skurup.se/uppleva-och-gora/foreningar/sok-foreningsstod,0,text/html;charset=UTF-8,,,
skurup.yaml,skurup-nardemokratistod,Närdemokratistöd,https://www.skurup.se/uppleva-och-gora/foreningar/sok-foreningsstod,200,https://www.skurup.se/uppleva-och-gora/foreningar/sok-foreningsstod,0,text/html;charset=UTF-8,,,
smedjebacken.yaml,smedjebacken-foreningsbidrag-fritid,Föreningsbidrag fritid,https://www.smedjebacken.se/uppleva-och-gora/foreningar-foreningsliv/stod-och-bidrag.html,200,https://www.smedjebacken.se/uppleva-och-gora/foreningar-foreningsliv/stod-och-bidrag.html,0,text/html;charset=UTF-8,,,
smedjebacken.yaml,smedjebacken-projektstod-kultur,Projektstöd kultur,https://www.smedjebacken.se/uppleva-och-gora/foreningar-foreningsliv/stod-och-bidrag.html,200,https://www.smedjebacken.se/uppleva-och-gora/foreningar-foreningsliv/stod-och-bidrag.html,0,text/html;charset=UTF-8,,,
smedjebacken.yaml,smedjebacken-evenemangsstod-kultur,Evenemangsstöd kultur,https://www.smedjebacken.se/uppleva-och-gora/foreningar-foreningsliv/stod-och-bidrag.html,200,https://www.smedjebacken.se/uppleva-och-gora/foreningar-foreningsliv/stod-och-bidrag.html,0,text/html;charset=UTF-8,,,
smedjebacken.yaml,smedjebacken-verksamhetsstod-kultur,Verksamhetsstöd kultur,https://www.smedjebacken.se/uppleva-och-gora/foreningar-foreningsliv/stod-och-bidrag.html,200,https://www.smedjebacken.se/uppleva-och-gora/foreningar-foreningsliv/stod-och-bidrag.html,0,text/html;charset=UTF-8,,,
smedjebacken.yaml,smedjebacken-startbidrag-kulturforeningar,Startbidrag kulturföreningar,https://www.smedjebacken.se/uppleva-och-gora/foreningar-foreningsliv/stod-och-bidrag.html,200,https://www.smedjebacken.se/uppleva-och-gora/foreningar-foreningsliv/stod-och-bidrag.html,0,text/html;charset=UTF-8,,,
smedjebacken.yaml,smedjebacken-studieforbundsbidrag,Studieförbundsbidrag,https://www.smedjebacken.se/uppleva-och-gora/foreningar-foreningsliv/stod-och-bidrag.html,200,https://www.smedjebacken.se/uppleva-och-gora/foreningar-foreningsliv/stod-och-bidrag.html,0,text/html;charset=UTF-8,,,
soderhamn.yaml,soderhamn-aktivitetsstod,Aktivitetsstöd,https://www.soderhamn.se/download/18.77d000c1180b44e21a8177f/1654782747740/Best%C3%A4mmelser%20f%C3%B6r%20kommunala%20bidrag%20till%20f%C3%B6reningar%20och%20organisationer%20i%20S%C3%B6derhamns%20kommun%20SKFS%2008:2021:04.pdf,200,https://www.soderhamn.se/download/18.77d000c1180b44e21a8177f/1654782747740/Best%C3%A4mmelser%20f%C3%B6r%20kommunala%20bidrag%20till%20f%C3%B6reningar%20och%20organisationer%20i%20S%C3%B6derhamns%20kommun%20SKFS%2008:2021:04.pdf,0,application/pdf,,,
soderhamn.yaml,soderhamn-anlaggningsbidrag,Anläggningsbidrag,https://www.soderhamn.se/download/18.77d000c1180b44e21a8177f/1654782747740/Best%C3%A4mmelser%20f%C3%B6r%20kommunala%20bidrag%20till%20f%C3%B6reningar%20och%20organisationer%20i%20S%C3%B6derhamns%20kommun%20SKFS%2008:2021:04.pdf,200,https://www.soderhamn.se/download/18.77d000c1180b44e21a8177f/1654782747740/Best%C3%A4mmelser%20f%C3%B6r%20kommunala%20bidrag%20till%20f%C3%B6reningar%20och%20organisationer%20i%20S%C3%B6derhamns%20kommun%20SKFS%2008:2021:04.pdf,0,application/pdf,,,
soderhamn.yaml,soderhamn-hyresbidrag,Hyresbidrag,https://www.soderhamn.se/download/18.77d000c1180b44e21a8177f/1654782747740/Best%C3%A4mmelser%20f%C3%B6r%20kommunala%20bidrag%20till%20f%C3%B6reningar%20och%20organisationer%20i%20S%C3%B6derhamns%20kommun%20SKFS%2008:2021:04.pdf,200,https://www.soderhamn.se/download/18.77d000c1180b44e21a8177f/1654782747740/Best%C3%A4mmelser%20f%C3%B6r%20kommunala%20bidrag%20till%20f%C3%B6reningar%20och%20organisationer%20i%20S%C3%B6derhamns%20kommun%20SKFS%2008:2021:04.pdf,0,application/pdf,,,
soderhamn.yaml,soderhamn-verksamhetsbidrag-kultur,Verksamhetsbidrag till kulturföreningar,https://www.soderhamn.se/download/18.77d000c1180b44e21a8177f/1654782747740/Best%C3%A4mmelser%20f%C3%B6r%20kommunala%20bidrag%20till%20f%C3%B6reningar%20och%20organisationer%20i%20S%C3%B6derhamns%20kommun%20SKFS%2008:2021:04.pdf,200,https://www.soderhamn.se/download/18.77d000c1180b44e21a8177f/1654782747740/Best%C3%A4mmelser%20f%C3%B6r%20kommunala%20bidrag%20till%20f%C3%B6reningar%20och%20organisationer%20i%20S%C3%B6derhamns%20kommun%20SKFS%2008:2021:04.pdf,0,application/pdf,,,
soderhamn.yaml,soderhamn-investeringsbidrag,Investeringsbidrag,https://www.soderhamn.se/download/18.77d000c1180b44e21a8177f/1654782747740/Best%C3%A4mmelser%20f%C3%B6r%20kommunala%20bidrag%20till%20f%C3%B6reningar%20och%20organisationer%20i%20S%C3%B6derhamns%20kommun%20SKFS%2008:2021:04.pdf,200,https://www.soderhamn.se/download/18.77d000c1180b44e21a8177f/1654782747740/Best%C3%A4mmelser%20f%C3%B6r%20kommunala%20bidrag%20till%20f%C3%B6reningar%20och%20organisationer%20i%20S%C3%B6derhamns%20kommun%20SKFS%2008:2021:04.pdf,0,application/pdf,,,
soderhamn.yaml,soderhamn-arrangemangsbidrag,Arrangemangsbidrag,https://www.soderhamn.se/download/18.77d000c1180b44e21a8177f/1654782747740/Best%C3%A4mmelser%20f%C3%B6r%20kommunala%20bidrag%20till%20f%C3%B6reningar%20och%20organisationer%20i%20S%C3%B6derhamns%20kommun%20SKFS%2008:2021:04.pdf,200,https://www.soderhamn.se/download/18.77d000c1180b44e21a8177f/1654782747740/Best%C3%A4mmelser%20f%C3%B6r%20kommunala%20bidrag%20till%20f%C3%B6reningar%20och%20organisationer%20i%20S%C3%B6derhamns%20kommun%20SKFS%2008:2021:04.pdf,0,application/pdf,,,
soderhamn.yaml,soderhamn-aktivitetsbidrag-folkhalsa,Aktivitetsbidrag för ökad folkhälsa,https://www.soderhamn.se/download/18.77d000c1180b44e21a8177f/1654782747740/Best%C3%A4mmelser%20f%C3%B6r%20kommunala%20bidrag%20till%20f%C3%B6reningar%20och%20organisationer%20i%20S%C3%B6derhamns%20kommun%20SKFS%2008:2021:04.pdf,200,https://www.soderhamn.se/download/18.77d000c1180b44e21a8177f/1654782747740/Best%C3%A4mmelser%20f%C3%B6r%20kommunala%20bidrag%20till%20f%C3%B6reningar%20och%20organisationer%20i%20S%C3%B6derhamns%20kommun%20SKFS%2008:2021:04.pdf,0,application/pdf,,,
soderhamn.yaml,soderhamn-studieforbund,Bidrag till studieförbundens lokala organisationer,https://www.soderhamn.se/download/18.77d000c1180b44e21a8177f/1654782747740/Best%C3%A4mmelser%20f%C3%B6r%20kommunala%20bidrag%20till%20f%C3%B6reningar%20och%20organisationer%20i%20S%C3%B6derhamns%20kommun%20SKFS%2008:2021:04.pdf,200,https://www.soderhamn.se/download/18.77d000c1180b44e21a8177f/1654782747740/Best%C3%A4mmelser%20f%C3%B6r%20kommunala%20bidrag%20till%20f%C3%B6reningar%20och%20organisationer%20i%20S%C3%B6derhamns%20kommun%20SKFS%2008:2021:04.pdf,0,application/pdf,,,
soderhamn.yaml,soderhamn-samlingslokal,Bidrag till allmän samlingslokal,https://www.soderhamn.se/download/18.77d000c1180b44e21a8177f/1654782747740/Best%C3%A4mmelser%20f%C3%B6r%20kommunala%20bidrag%20till%20f%C3%B6reningar%20och%20organisationer%20i%20S%C3%B6derhamns%20kommun%20SKFS%2008:2021:04.pdf,200,https://www.soderhamn.se/download/18.77d000c1180b44e21a8177f/1654782747740/Best%C3%A4mmelser%20f%C3%B6r%20kommunala%20bidrag%20till%20f%C3%B6reningar%20och%20organisationer%20i%20S%C3%B6derhamns%20kommun%20SKFS%2008:2021:04.pdf,0,application/pdf,,,
soderhamn.yaml,soderhamn-fritidsgard,Bidrag till föreningsdriven fritidsgård,https://www.soderhamn.se/download/18.77d000c1180b44e21a8177f/1654782747740/Best%C3%A4mmelser%20f%C3%B6r%20kommunala%20bidrag%20till%20f%C3%B6reningar%20och%20organisationer%20i%20S%C3%B6derhamns%20kommun%20SKFS%2008:2021:04.pdf,200,https://www.soderhamn.se/download/18.77d000c1180b44e21a8177f/1654782747740/Best%C3%A4mmelser%20f%C3%B6r%20kommunala%20bidrag%20till%20f%C3%B6reningar%20och%20organisationer%20i%20S%C3%B6derhamns%20kommun%20SKFS%2008:2021:04.pdf,0,application/pdf,,,
soderhamn.yaml,soderhamn-valfardsnamndens-foreningsbidrag,Bidrag till föreningar för äldre personer och/eller personer med funktionsnedsättning,https://www.soderhamn.se/sidor/uppleva-och-gora/foreningar-foreningsliv/stod-och-bidrag-till-foreningar/foreningsbidrag/valfardsnamndens-foreningsbidrag.html,200,https://www.soderhamn.se/sidor/uppleva-och-gora/foreningar-foreningsliv/stod-och-bidrag-till-foreningar/foreningsbidrag/valfardsnamndens-foreningsbidrag.html,0,text/html;charset=UTF-8,,,
soderhamn.yaml,soderhamn-elitbidrag,Elitbidrag,https://www.soderhamn.se/download/18.7fcd969d198e5faf46d1c02a/1756813757946/Regelverk%20f%C3%B6r%20elitbidrag%20SKFS%2008:2025:01.pdf,200,https://www.soderhamn.se/download/18.7fcd969d198e5faf46d1c02a/1756813757946/Regelverk%20f%C3%B6r%20elitbidrag%20SKFS%2008:2025:01.pdf,0,application/pdf,,,
soderhamn.yaml,soderhamn-foreningsmiljonen-medlem,Föreningsmiljonen: medlemsrekrytering,https://www.soderhamn.se/download/18.4af5bc35187dc6eea892d7/1683203713379/Riktlinjer%20f%C3%B6r%20f%C3%B6reningsmilj%C3%B6nen%20SKFS%2008:2023:03.pdf,200,https://www.soderhamn.se/download/18.4af5bc35187dc6eea892d7/1683203713379/Riktlinjer%20f%C3%B6r%20f%C3%B6reningsmilj%C3%B6nen%20SKFS%2008:2023:03.pdf,0,application/pdf,,,
soderhamn.yaml,soderhamn-foreningsmiljonen-ledare,Föreningsmiljonen: ledarrekrytering,https://www.soderhamn.se/download/18.4af5bc35187dc6eea892d7/1683203713379/Riktlinjer%20f%C3%B6r%20f%C3%B6reningsmilj%C3%B6nen%20SKFS%2008:2023:03.pdf,200,https://www.soderhamn.se/download/18.4af5bc35187dc6eea892d7/1683203713379/Riktlinjer%20f%C3%B6r%20f%C3%B6reningsmilj%C3%B6nen%20SKFS%2008:2023:03.pdf,0,application/pdf,,,
soderhamn.yaml,soderhamn-landsbygdsbidrag,Föreningsbidrag för utveckling av landsbygden,https://www.soderhamn.se/sidor/uppleva-och-gora/foreningar-foreningsliv/stod-och-bidrag-till-foreningar/foreningsbidrag/foreningsbidrag-for-utveckling-av-landsbygden.html,200,https://www.soderhamn.se/sidor/uppleva-och-gora/foreningar-foreningsliv/stod-och-bidrag-till-foreningar/foreningsbidrag/foreningsbidrag-for-utveckling-av-landsbygden.html,0,text/html;charset=UTF-8,,,
soderhamn.yaml,soderhamn-enskild-vag,Bidrag till enskild väg,https://www.soderhamn.se/sidor/trafik-och-gator/gator/enskild-vag.html,200,https://www.soderhamn.se/sidor/trafik-och-gator/gator/enskild-vag.html,0,text/html;charset=UTF-8,,,
soderhamn.yaml,soderhamn-stiftelser-fonder,Stiftelser och fonder,https://www.soderhamn.se/sidor/omsorg-och-stod/ekonomi-och-forsorjning/stipendier-och-fonder.html,200,https://www.soderhamn.se/sidor/omsorg-och-stod/ekonomi-och-forsorjning/stipendier-och-fonder.html,0,text/html;charset=UTF-8,,,
soderkoping.yaml,soderkoping-grundbidrag,Grundbidrag,https://foreningar.soderkoping.se/foreningsbidrag/,200,https://foreningar.soderkoping.se/foreningsbidrag/,0,text/html; charset=utf-8,,,
soderkoping.yaml,soderkoping-aktivitetsbidrag,Aktivitetsbidrag,https://foreningar.soderkoping.se/foreningsbidrag/,200,https://foreningar.soderkoping.se/foreningsbidrag/,0,text/html; charset=utf-8,,,
soderkoping.yaml,soderkoping-skotselbidrag,Skötselbidrag – anläggning,https://foreningar.soderkoping.se/foreningsbidrag/,200,https://foreningar.soderkoping.se/foreningsbidrag/,0,text/html; charset=utf-8,,,
soderkoping.yaml,soderkoping-hyresbidrag,Hyresbidrag,https://foreningar.soderkoping.se/foreningsbidrag/,200,https://foreningar.soderkoping.se/foreningsbidrag/,0,text/html; charset=utf-8,,,
soderkoping.yaml,soderkoping-arrangemangsbidrag,Arrangemangsbidrag,https://foreningar.soderkoping.se/foreningsbidrag/,200,https://foreningar.soderkoping.se/foreningsbidrag/,0,text/html; charset=utf-8,,,
soderkoping.yaml,soderkoping-verksamhetsbidrag-–-kultur,Verksamhetsbidrag – kultur,https://foreningar.soderkoping.se/foreningsbidrag/,200,https://foreningar.soderkoping.se/foreningsbidrag/,0,text/html; charset=utf-8,,,
sodertalje.yaml,sodertalje-startbidrag,Startbidrag,https://www.sodertalje.se/contentassets/5d396db643f94a60af023841f682d951/sk-regler-och-riktlinjer-foreningsbidrag-003.pdf,200,https://www.sodertalje.se/contentassets/5d396db643f94a60af023841f682d951/sk-regler-och-riktlinjer-foreningsbidrag-003.pdf,0,application/pdf,,,
sodertalje.yaml,sodertalje-verksamhetsbidrag,Verksamhetsbidrag,https://www.sodertalje.se/contentassets/5d396db643f94a60af023841f682d951/sk-regler-och-riktlinjer-foreningsbidrag-003.pdf,200,https://www.sodertalje.se/contentassets/5d396db643f94a60af023841f682d951/sk-regler-och-riktlinjer-foreningsbidrag-003.pdf,0,application/pdf,,,
sodertalje.yaml,sodertalje-kulturforeningar,Bidrag till kulturföreningar och kulturverksamheter,https://www.sodertalje.se/contentassets/5d396db643f94a60af023841f682d951/sk-regler-och-riktlinjer-foreningsbidrag-003.pdf,200,https://www.sodertalje.se/contentassets/5d396db643f94a60af023841f682d951/sk-regler-och-riktlinjer-foreningsbidrag-003.pdf,0,application/pdf,,,
sodertalje.yaml,sodertalje-aktivitetsbidrag-idrott,Aktivitetsbidrag till idrottsföreningar,https://www.sodertalje.se/contentassets/5d396db643f94a60af023841f682d951/sk-regler-och-riktlinjer-foreningsbidrag-003.pdf,200,https://www.sodertalje.se/contentassets/5d396db643f94a60af023841f682d951/sk-regler-och-riktlinjer-foreningsbidrag-003.pdf,0,application/pdf,,,
sodertalje.yaml,sodertalje-lovbidrag,Lovbidrag,https://www.sodertalje.se/contentassets/5d396db643f94a60af023841f682d951/sk-regler-och-riktlinjer-foreningsbidrag-003.pdf,200,https://www.sodertalje.se/contentassets/5d396db643f94a60af023841f682d951/sk-regler-och-riktlinjer-foreningsbidrag-003.pdf,0,application/pdf,,,
sodertalje.yaml,sodertalje-funktionsnedsattning-uppstart,Bidrag till uppstart eller utveckling av aktiviteter för personer med funktionsnedsättning,https://www.sodertalje.se/contentassets/5d396db643f94a60af023841f682d951/sk-regler-och-riktlinjer-foreningsbidrag-003.pdf,200,https://www.sodertalje.se/contentassets/5d396db643f94a60af023841f682d951/sk-regler-och-riktlinjer-foreningsbidrag-003.pdf,0,application/pdf,,,
sodertalje.yaml,sodertalje-sociala-foreningar,Bidrag till sociala föreningar,https://www.sodertalje.se/contentassets/5d396db643f94a60af023841f682d951/sk-regler-och-riktlinjer-foreningsbidrag-003.pdf,200,https://www.sodertalje.se/contentassets/5d396db643f94a60af023841f682d951/sk-regler-och-riktlinjer-foreningsbidrag-003.pdf,0,application/pdf,,,
sodertalje.yaml,sodertalje-pensionarsforeningar,Bidrag till pensionärsföreningar,https://www.sodertalje.se/contentassets/5d396db643f94a60af023841f682d951/sk-regler-och-riktlinjer-foreningsbidrag-003.pdf,200,https://www.sodertalje.se/contentassets/5d396db643f94a60af023841f682d951/sk-regler-och-riktlinjer-foreningsbidrag-003.pdf,0,application/pdf,,,
sodertalje.yaml,sodertalje-motesplats-aldre,Bidrag för mötesplats för äldre,https://www.sodertalje.se/contentassets/5d396db643f94a60af023841f682d951/sk-regler-och-riktlinjer-foreningsbidrag-003.pdf,200,https://www.sodertalje.se/contentassets/5d396db643f94a60af023841f682d951/sk-regler-och-riktlinjer-foreningsbidrag-003.pdf,0,application/pdf,,,
sodertalje.yaml,sodertalje-arrangemangsbidrag,Arrangemangsbidrag,https://www.sodertalje.se/contentassets/5d396db643f94a60af023841f682d951/sk-regler-och-riktlinjer-foreningsbidrag-003.pdf,200,https://www.sodertalje.se/contentassets/5d396db643f94a60af023841f682d951/sk-regler-och-riktlinjer-foreningsbidrag-003.pdf,0,application/pdf,,,
sodertalje.yaml,sodertalje-projektbidrag,Projektbidrag,https://www.sodertalje.se/contentassets/5d396db643f94a60af023841f682d951/sk-regler-och-riktlinjer-foreningsbidrag-003.pdf,200,https://www.sodertalje.se/contentassets/5d396db643f94a60af023841f682d951/sk-regler-och-riktlinjer-foreningsbidrag-003.pdf,0,application/pdf,,,
sodertalje.yaml,sodertalje-driftbidrag,Driftbidrag,https://www.sodertalje.se/contentassets/5d396db643f94a60af023841f682d951/sk-regler-och-riktlinjer-foreningsbidrag-003.pdf,200,https://www.sodertalje.se/contentassets/5d396db643f94a60af023841f682d951/sk-regler-och-riktlinjer-foreningsbidrag-003.pdf,0,application/pdf,,,
sodertalje.yaml,sodertalje-anlaggningsbidrag-ridsport,Anläggningsbidrag till ridsport,https://www.sodertalje.se/contentassets/5d396db643f94a60af023841f682d951/sk-regler-och-riktlinjer-foreningsbidrag-003.pdf,200,https://www.sodertalje.se/contentassets/5d396db643f94a60af023841f682d951/sk-regler-och-riktlinjer-foreningsbidrag-003.pdf,0,application/pdf,,,
sodertalje.yaml,sodertalje-anlaggningsbidrag-samlingslokaler,Anläggningsbidrag till allmänna samlingslokaler,https://www.sodertalje.se/contentassets/5d396db643f94a60af023841f682d951/sk-regler-och-riktlinjer-foreningsbidrag-003.pdf,200,https://www.sodertalje.se/contentassets/5d396db643f94a60af023841f682d951/sk-regler-och-riktlinjer-foreningsbidrag-003.pdf,0,application/pdf,,,
sodertalje.yaml,sodertalje-studieforbund-allmant,Bidrag till studieförbund — allmänt bidrag,https://www.sodertalje.se/contentassets/5d396db643f94a60af023841f682d951/sk-regler-och-riktlinjer-foreningsbidrag-003.pdf,200,https://www.sodertalje.se/contentassets/5d396db643f94a60af023841f682d951/sk-regler-och-riktlinjer-foreningsbidrag-003.pdf,0,application/pdf,,,
sodertalje.yaml,sodertalje-studieforbund-funktionsnedsattning,Bidrag till studieförbund — bidrag för personer med funktionsnedsättning,https://www.sodertalje.se/contentassets/5d396db643f94a60af023841f682d951/sk-regler-och-riktlinjer-foreningsbidrag-003.pdf,200,https://www.sodertalje.se/contentassets/5d396db643f94a60af023841f682d951/sk-regler-och-riktlinjer-foreningsbidrag-003.pdf,0,application/pdf,,,
sodertalje.yaml,sodertalje-social-verksamhetsbidrag,Socialnämndens verksamhetsbidrag,https://www.sodertalje.se/globalassets/socialkontoret/riktlinjer-for-verksamhetsbidrag.pdf,200,https://www.sodertalje.se/globalassets/socialkontoret/riktlinjer-for-verksamhetsbidrag.pdf,0,application/pdf,,,
sodertalje.yaml,sodertalje-representationsanslaget,Representationsanslaget,https://www.sodertalje.se/kultur-och-fritid/foreningsstod/Representationsbidrag/,200,https://www.sodertalje.se/kultur-och-fritid/foreningsstod/Representationsbidrag/,0,text/html; charset=utf-8,,,
sodertalje.yaml,sodertalje-elitidrottsstod,Elitidrottsstöd,https://www.sodertalje.se/kultur-och-fritid/aktuellt_kof/elitidrottsstod--ett-nytt-foreningsbidrag-infors/,200,https://www.sodertalje.se/kultur-och-fritid/aktuellt_kof/elitidrottsstod--ett-nytt-foreningsbidrag-infors/,0,text/html; charset=utf-8,,,
sodertalje.yaml,sodertalje-kulturaret-2026,Föreningsbidrag Kulturåret 2026,https://www.sodertalje.se/contentassets/e8873477707d449f8a7b44cb5ab93ceb/regler-foreningsbidrag-kulturaret-2026.pdf,200,https://www.sodertalje.se/contentassets/e8873477707d449f8a7b44cb5ab93ceb/regler-foreningsbidrag-kulturaret-2026.pdf,0,application/pdf,,,
sodertalje.yaml,sodertalje-valframjande-insatser-2026,Föreningsbidrag kopplat till valfrämjande insatser 2026,https://www.sodertalje.se/globalassets/kof/dokument/kriterier-for-foreningsbidrag-valframjande-insatser-daterad-2026-02-20.pdf,200,https://www.sodertalje.se/globalassets/kof/dokument/kriterier-for-foreningsbidrag-valframjande-insatser-daterad-2026-02-20.pdf,0,application/pdf,,,
sodertalje.yaml,sodertalje-vagbidrag-enskild-vaghallning,Kommunalt driftbidrag till enskilda vägar,https://www.sodertalje.se/stad-och-trafik/skotsel-och-underhall/stod-till-enskild-vaghallare/,200,https://www.sodertalje.se/stad-och-trafik/skotsel-och-underhall/stod-till-enskild-vaghallare/,0,text/html; charset=utf-8,,,
solleftea.yaml,solleftea-arsbidrag-kulturforening,Årsbidrag kulturförening,https://www.solleftea.se/uppleva--gora/fritid/foreningar/stod-och-bidrag,200,https://www.solleftea.se/uppleva--gora/fritid/foreningar/stod-och-bidrag,0,text/html;charset=UTF-8,,,
solleftea.yaml,solleftea-grundbidrag-hembygdsforening,Grundbidrag hembygdsförening,https://www.solleftea.se/uppleva--gora/fritid/foreningar/stod-och-bidrag,200,https://www.solleftea.se/uppleva--gora/fritid/foreningar/stod-och-bidrag,0,text/html;charset=UTF-8,,,
solleftea.yaml,solleftea-arrangemangsbidrag-kultur,Arrangemangsbidrag kultur,https://www.solleftea.se/uppleva--gora/fritid/foreningar/stod-och-bidrag,200,https://www.solleftea.se/uppleva--gora/fritid/foreningar/stod-och-bidrag,0,text/html;charset=UTF-8,,,
solleftea.yaml,solleftea-studieforbundsbidrag,Studieförbundsbidrag,https://www.solleftea.se/uppleva--gora/fritid/foreningar/stod-och-bidrag,200,https://www.solleftea.se/uppleva--gora/fritid/foreningar/stod-och-bidrag,0,text/html;charset=UTF-8,,,
solleftea.yaml,solleftea-bidrag-fritidsgardar,Bidrag fritidsgårdar,https://www.solleftea.se/uppleva--gora/fritid/foreningar/stod-och-bidrag,200,https://www.solleftea.se/uppleva--gora/fritid/foreningar/stod-och-bidrag,0,text/html;charset=UTF-8,,,
solleftea.yaml,solleftea-administrationsbidrag,Administrationsbidrag,https://www.solleftea.se/uppleva--gora/fritid/foreningar/stod-och-bidrag,200,https://www.solleftea.se/uppleva--gora/fritid/foreningar/stod-och-bidrag,0,text/html;charset=UTF-8,,,
solleftea.yaml,solleftea-lokalt-aktivitetsstod,Lokalt aktivitetsstöd,https://www.solleftea.se/uppleva--gora/fritid/foreningar/stod-och-bidrag,200,https://www.solleftea.se/uppleva--gora/fritid/foreningar/stod-och-bidrag,0,text/html;charset=UTF-8,,,
solleftea.yaml,solleftea-lokalbidrag,Lokalbidrag,https://www.solleftea.se/uppleva--gora/fritid/foreningar/stod-och-bidrag,200,https://www.solleftea.se/uppleva--gora/fritid/foreningar/stod-och-bidrag,0,text/html;charset=UTF-8,,,
solleftea.yaml,solleftea-samlingslokalsbidrag,Samlingslokalsbidrag,https://www.solleftea.se/uppleva--gora/fritid/foreningar/stod-och-bidrag,200,https://www.solleftea.se/uppleva--gora/fritid/foreningar/stod-och-bidrag,0,text/html;charset=UTF-8,,,
solleftea.yaml,solleftea-fiskevardsbidrag,Fiskevårdsbidrag,https://www.solleftea.se/uppleva--gora/fritid/foreningar/stod-och-bidrag,200,https://www.solleftea.se/uppleva--gora/fritid/foreningar/stod-och-bidrag,0,text/html;charset=UTF-8,,,
solleftea.yaml,solleftea-ridskolebidrag,Ridskolebidrag,https://www.solleftea.se/uppleva--gora/fritid/foreningar/stod-och-bidrag,200,https://www.solleftea.se/uppleva--gora/fritid/foreningar/stod-och-bidrag,0,text/html;charset=UTF-8,,,
solleftea.yaml,solleftea-byalagsbidrag,Byalagsbidrag,https://www.solleftea.se/uppleva--gora/fritid/foreningar/stod-och-bidrag,200,https://www.solleftea.se/uppleva--gora/fritid/foreningar/stod-och-bidrag,0,text/html;charset=UTF-8,,,
solleftea.yaml,solleftea-pensionars-funktionsratts-och-stodforeningar,"Pensionärs-, funktionsrätts- och stödföreningar",https://www.solleftea.se/uppleva--gora/fritid/foreningar/stod-och-bidrag,200,https://www.solleftea.se/uppleva--gora/fritid/foreningar/stod-och-bidrag,0,text/html;charset=UTF-8,,,
solleftea.yaml,solleftea-vuxna-pa-stan,Vuxna på stan,https://www.solleftea.se/uppleva--gora/fritid/foreningar/stod-och-bidrag,200,https://www.solleftea.se/uppleva--gora/fritid/foreningar/stod-och-bidrag,0,text/html;charset=UTF-8,,,
sollentuna.yaml,sollentuna-idrott-aktivitetsstod,Aktivitetsstöd,https://www.sollentuna.se/globalassets/kommun-och-politik/sa-styrs-sollentuna/sollentuna-forfattningssamling-sfs/bidrag-stiftelser-och-stipendier/bidrag-till-ungdomsorganisationer.pdf,200,https://www.sollentuna.se/globalassets/kommun-och-politik/sa-styrs-sollentuna/sollentuna-forfattningssamling-sfs/bidrag-stiftelser-och-stipendier/bidrag-till-ungdomsorganisationer.pdf,0,application/pdf,,,
sollentuna.yaml,sollentuna-idrott-lokalstod,Lokalstöd,https://www.sollentuna.se/globalassets/kommun-och-politik/sa-styrs-sollentuna/sollentuna-forfattningssamling-sfs/bidrag-stiftelser-och-stipendier/bidrag-till-ungdomsorganisationer.pdf,200,https://www.sollentuna.se/globalassets/kommun-och-politik/sa-styrs-sollentuna/sollentuna-forfattningssamling-sfs/bidrag-stiftelser-och-stipendier/bidrag-till-ungdomsorganisationer.pdf,0,application/pdf,,,
sollentuna.yaml,sollentuna-idrott-utbildningsstod,Utbildningsstöd,https://www.sollentuna.se/uppleva--gora/foreningar-och-foreningsliv/Foreningsbidrag/idrotts--och-ungdomsforeningar/,200,https://www.sollentuna.se/uppleva--gora/foreningar-och-foreningsliv/Foreningsbidrag/idrotts--och-ungdomsforeningar/,0,text/html; charset=utf-8,,,
sollentuna.yaml,sollentuna-idrott-far,Stöd till fysisk aktivitet på recept (FaR),https://www.sollentuna.se/globalassets/kommun-och-politik/sa-styrs-sollentuna/sollentuna-forfattningssamling-sfs/bidrag-stiftelser-och-stipendier/bidrag-till-ungdomsorganisationer.pdf,200,https://www.sollentuna.se/globalassets/kommun-och-politik/sa-styrs-sollentuna/sollentuna-forfattningssamling-sfs/bidrag-stiftelser-och-stipendier/bidrag-till-ungdomsorganisationer.pdf,0,application/pdf,,,
sollentuna.yaml,sollentuna-idrott-fritidsanlaggningar-drift,Bidrag till föreningsdrift av kommunägda fritidsanläggningar,https://www.sollentuna.se/globalassets/kommun-och-politik/sa-styrs-sollentuna/sollentuna-forfattningssamling-sfs/bidrag-stiftelser-och-stipendier/bidrag-till-foreningsdrift-av-fritidsanlaggningar.pdf,200,https://www.sollentuna.se/globalassets/kommun-och-politik/sa-styrs-sollentuna/sollentuna-forfattningssamling-sfs/bidrag-stiftelser-och-stipendier/bidrag-till-foreningsdrift-av-fritidsanlaggningar.pdf,0,application/pdf,,,
sollentuna.yaml,sollentuna-ovrig-fristaende-fritidsverksamhet,Bidrag till fristående enheters drift av fritidsverksamhet för barn och ungdomar,https://www.sollentuna.se/globalassets/kommun-och-politik/sa-styrs-sollentuna/sollentuna-forfattningssamling-sfs/bidrag-stiftelser-och-stipendier/bidrag-till-fristaende-enheters-drift-av-fritidsverksamhet.pdf,200,https://www.sollentuna.se/globalassets/kommun-och-politik/sa-styrs-sollentuna/sollentuna-forfattningssamling-sfs/bidrag-stiftelser-och-stipendier/bidrag-till-fristaende-enheters-drift-av-fritidsverksamhet.pdf,0,application/pdf,,,
sollentuna.yaml,sollentuna-kultur-arsbidrag,Verksamhetsbidrag (årsbidrag) till kulturföreningar,https://www.sollentuna.se/globalassets/kommun-och-politik/sa-styrs-sollentuna/sollentuna-forfattningssamling-sfs/bidrag-stiftelser-och-stipendier/bidrag-till-ideella-kulturforeningar.pdf,200,https://www.sollentuna.se/globalassets/kommun-och-politik/sa-styrs-sollentuna/sollentuna-forfattningssamling-sfs/bidrag-stiftelser-och-stipendier/bidrag-till-ideella-kulturforeningar.pdf,0,application/pdf,,,
sollentuna.yaml,sollentuna-kultur-startbidrag,Startbidrag till nystartade kulturföreningar,https://www.sollentuna.se/globalassets/kommun-och-politik/sa-styrs-sollentuna/sollentuna-forfattningssamling-sfs/bidrag-stiftelser-och-stipendier/bidrag-till-ideella-kulturforeningar.pdf,200,https://www.sollentuna.se/globalassets/kommun-och-politik/sa-styrs-sollentuna/sollentuna-forfattningssamling-sfs/bidrag-stiftelser-och-stipendier/bidrag-till-ideella-kulturforeningar.pdf,0,application/pdf,,,
sollentuna.yaml,sollentuna-kultur-arrangemangsbidrag,Bidrag till kulturarrangemang,https://www.sollentuna.se/uppleva--gora/foreningar-och-foreningsliv/Foreningsbidrag/bidrag-till-kulturforeningar/,200,https://www.sollentuna.se/uppleva--gora/foreningar-och-foreningsliv/Foreningsbidrag/bidrag-till-kulturforeningar/,0,text/html; charset=utf-8,,,
sollentuna.yaml,sollentuna-social-foreningsbidrag,Föreningsbidrag (socialnämnden),https://www.sollentuna.se/globalassets/kommun-och-politik/sa-styrs-sollentuna/sollentuna-forfattningssamling-sfs/bidrag-stiftelser-och-stipendier/regler-for-foreningsbidrag-socialnamnden.pdf,200,https://www.sollentuna.se/globalassets/kommun-och-politik/sa-styrs-sollentuna/sollentuna-forfattningssamling-sfs/bidrag-stiftelser-och-stipendier/regler-for-foreningsbidrag-socialnamnden.pdf,0,application/pdf,,,
sollentuna.yaml,sollentuna-seniorer-foreningsstod,Föreningsstöd för verksamhet för seniorer 65+,https://www.sollentuna.se/globalassets/kommun-och-politik/sa-styrs-sollentuna/sollentuna-forfattningssamling-sfs/bidrag-stiftelser-och-stipendier/riktlinjer-for-foreningsbidrag-vard--och-omsorgsnamnden.pdf,200,https://www.sollentuna.se/globalassets/kommun-och-politik/sa-styrs-sollentuna/sollentuna-forfattningssamling-sfs/bidrag-stiftelser-och-stipendier/riktlinjer-for-foreningsbidrag-vard--och-omsorgsnamnden.pdf,0,application/pdf,,,
sollentuna.yaml,sollentuna-funktionsratt-aktivitetsbidrag,Aktivitetsbidrag,https://www.sollentuna.se/globalassets/uppleva-och-gora/foreningsliv/bidragsblanketter/blanketter-fritid/bidrag-till-foreningar-som-bedriver-verksamhet-for-personer-med-funktionsnedsattning.pdf,200,https://www.sollentuna.se/globalassets/uppleva-och-gora/foreningsliv/bidragsblanketter/blanketter-fritid/bidrag-till-foreningar-som-bedriver-verksamhet-for-personer-med-funktionsnedsattning.pdf,0,application/pdf,,,
sollentuna.yaml,sollentuna-funktionsratt-lokalbidrag,Lokalbidrag,https://www.sollentuna.se/globalassets/uppleva-och-gora/foreningsliv/bidragsblanketter/blanketter-fritid/bidrag-till-foreningar-som-bedriver-verksamhet-for-personer-med-funktionsnedsattning.pdf,200,https://www.sollentuna.se/globalassets/uppleva-och-gora/foreningsliv/bidragsblanketter/blanketter-fritid/bidrag-till-foreningar-som-bedriver-verksamhet-for-personer-med-funktionsnedsattning.pdf,0,application/pdf,,,
sollentuna.yaml,sollentuna-funktionsratt-utbildningsbidrag,Utbildningsbidrag,https://www.sollentuna.se/globalassets/uppleva-och-gora/foreningsliv/bidragsblanketter/blanketter-fritid/bidrag-till-foreningar-som-bedriver-verksamhet-for-personer-med-funktionsnedsattning.pdf,200,https://www.sollentuna.se/globalassets/uppleva-och-gora/foreningsliv/bidragsblanketter/blanketter-fritid/bidrag-till-foreningar-som-bedriver-verksamhet-for-personer-med-funktionsnedsattning.pdf,0,application/pdf,,,
sollentuna.yaml,sollentuna-studieforbund-bidrag,Kommunalt bidrag till studieförbund,https://www.sollentuna.se/globalassets/kommun-och-politik/sa-styrs-sollentuna/sollentuna-forfattningssamling-sfs/bidrag-stiftelser-och-stipendier/regler-for-kommunalt-bidrag-till-studieforbund.pdf,200,https://www.sollentuna.se/globalassets/kommun-och-politik/sa-styrs-sollentuna/sollentuna-forfattningssamling-sfs/bidrag-stiftelser-och-stipendier/regler-for-kommunalt-bidrag-till-studieforbund.pdf,0,application/pdf,,,
sollentuna.yaml,sollentuna-tvargaende-iop,Idéburet offentligt partnerskap (IOP),https://www.sollentuna.se/globalassets/kommun-och-politik/sa-styrs-sollentuna/sollentuna-forfattningssamling-sfs/bidrag-stiftelser-och-stipendier/riktlinjer-for-ideburet-offentligt-partnerskap-iop-i-sollentuna-kommun.pdf,200,https://www.sollentuna.se/globalassets/kommun-och-politik/sa-styrs-sollentuna/sollentuna-forfattningssamling-sfs/bidrag-stiftelser-och-stipendier/riktlinjer-for-ideburet-offentligt-partnerskap-iop-i-sollentuna-kommun.pdf,0,application/pdf,,,
solna.yaml,solna-lok-aktivitetsbidrag,Lokalt aktivitetsstöd (LOK) / Aktivitetsbidrag,https://www.solna.se/uppleva--gora/kultur--och-foreningsstod/forenings--och-bidragsregler,200,https://www.solna.se/uppleva--gora/kultur--och-foreningsstod/forenings--och-bidragsregler,0,text/html;charset=UTF-8,,,
solna.yaml,solna-ledarutbildning-extern,Bidrag till extern ledarutbildning,https://www.solna.se/uppleva--gora/kultur--och-foreningsstod/forenings--och-bidragsregler,200,https://www.solna.se/uppleva--gora/kultur--och-foreningsstod/forenings--och-bidragsregler,0,text/html;charset=UTF-8,,,
solna.yaml,solna-ledarutbildning-intern,Bidrag till intern ledarutbildning,https://www.solna.se/uppleva--gora/kultur--och-foreningsstod/forenings--och-bidragsregler,200,https://www.solna.se/uppleva--gora/kultur--och-foreningsstod/forenings--och-bidragsregler,0,text/html;charset=UTF-8,,,
solna.yaml,solna-projektbidrag-mindre,Bidrag till mindre projekt/uppdrag,https://www.solna.se/uppleva--gora/kultur--och-foreningsstod/forenings--och-bidragsregler,200,https://www.solna.se/uppleva--gora/kultur--och-foreningsstod/forenings--och-bidragsregler,0,text/html;charset=UTF-8,,,
solna.yaml,solna-projektbidrag-storre,Bidrag till större projekt/uppdrag,https://www.solna.se/uppleva--gora/kultur--och-foreningsstod/forenings--och-bidragsregler,200,https://www.solna.se/uppleva--gora/kultur--och-foreningsstod/forenings--och-bidragsregler,0,text/html;charset=UTF-8,,,
solna.yaml,solna-kulturprojektbidrag,Kulturprojektbidrag,https://www.solna.se/uppleva--gora/kultur--och-foreningsstod/soka-bidrag,200,https://www.solna.se/uppleva--gora/kultur--och-foreningsstod/soka-bidrag,0,text/html;charset=UTF-8,,,
solna.yaml,solna-pensionarsforeningsbidrag,Bidrag till pensionärsföreningar,https://www.solna.se/uppleva--gora/kultur--och-foreningsstod/forenings--och-bidragsregler,200,https://www.solna.se/uppleva--gora/kultur--och-foreningsstod/forenings--och-bidragsregler,0,text/html;charset=UTF-8,,,
solna.yaml,solna-ovriga-foreningsbidrag,Övriga föreningsbidrag,https://www.solna.se/uppleva--gora/kultur--och-foreningsstod/forenings--och-bidragsregler,200,https://www.solna.se/uppleva--gora/kultur--och-foreningsstod/forenings--och-bidragsregler,0,text/html;charset=UTF-8,,,
solna.yaml,solna-resebidrag-internationella-studieresor,Resebidrag för internationella studieresor,https://www.solna.se/om-solna-stad/hallbarhet-och-utveckling/internationellt-arbete/resebidrag,200,https://www.solna.se/om-solna-stad/hallbarhet-och-utveckling/internationellt-arbete/resebidrag,0,text/html;charset=UTF-8,,,
solvesborg.yaml,solvesborg-aktivitetsbidrag-var,Aktivitetsbidrag – vår,https://funktion.solvesborg.se/bidrag/,200,https://funktion.solvesborg.se/bidrag/,0,text/html; charset=utf-8,,,
solvesborg.yaml,solvesborg-aktivitetsbidrag-host,Aktivitetsbidrag – höst,https://funktion.solvesborg.se/bidrag/,200,https://funktion.solvesborg.se/bidrag/,0,text/html; charset=utf-8,,,
solvesborg.yaml,solvesborg-lokalbidrag-ungdomsorganisationer,Lokalbidrag – ungdomsorganisationer,https://funktion.solvesborg.se/bidrag/,200,https://funktion.solvesborg.se/bidrag/,0,text/html; charset=utf-8,,,
solvesborg.yaml,solvesborg-administrationsbidrag-funktionsratt,Administrationsbidrag – funktionsrätt,https://funktion.solvesborg.se/bidrag/,200,https://funktion.solvesborg.se/bidrag/,0,text/html; charset=utf-8,,,
solvesborg.yaml,solvesborg-lokalbidrag-funktionsratt,Lokalbidrag – funktionsrätt,https://funktion.solvesborg.se/bidrag/,200,https://funktion.solvesborg.se/bidrag/,0,text/html; charset=utf-8,,,
solvesborg.yaml,solvesborg-administrationsbidrag-pensionar,Administrationsbidrag – pensionär,https://funktion.solvesborg.se/bidrag/,200,https://funktion.solvesborg.se/bidrag/,0,text/html; charset=utf-8,,,
solvesborg.yaml,solvesborg-lokalbidrag-pensionar-och-ovriga,Lokalbidrag – pensionär och övriga,https://funktion.solvesborg.se/bidrag/,200,https://funktion.solvesborg.se/bidrag/,0,text/html; charset=utf-8,,,
solvesborg.yaml,solvesborg-projekt-och-arrangorsbidrag,Projekt- och arrangörsbidrag,https://funktion.solvesborg.se/bidrag/,200,https://funktion.solvesborg.se/bidrag/,0,text/html; charset=utf-8,,,
sorsele.yaml,sorsele-aktivitets-och-foreningsbidrag,Aktivitets- och föreningsbidrag,https://minasidor.sorsele.se/oversikt/overview/63,200,https://minasidor.sorsele.se/oversikt/overview/63,0,text/html;charset=ISO-8859-1,,,
sorsele.yaml,sorsele-startbidrag,Startbidrag,https://www.sorsele.se/kultur-och-fritid/foereningsliv-och-foereningsbidrag/kommunala-bidrag-och-stoed/,200,https://www.sorsele.se/kultur-och-fritid/foereningsliv-och-foereningsbidrag/kommunala-bidrag-och-stoed/,0,text/html; charset=utf-8,,,
sorsele.yaml,sorsele-snabbsparet-snabbkultur,Snabbspåret och Snabbkultur,https://www.sorsele.se/kultur-och-fritid/foereningsliv-och-foereningsbidrag/kommunala-bidrag-och-stoed/,200,https://www.sorsele.se/kultur-och-fritid/foereningsliv-och-foereningsbidrag/kommunala-bidrag-och-stoed/,0,text/html; charset=utf-8,,,
sorsele.yaml,sorsele-lokalbidrag,Lokalbidrag,https://www.sorsele.se/kultur-och-fritid/foereningsliv-och-foereningsbidrag/kommunala-bidrag-och-stoed/lokalbidrag/,200,https://www.sorsele.se/kultur-och-fritid/foereningsliv-och-foereningsbidrag/kommunala-bidrag-och-stoed/lokalbidrag/,0,text/html; charset=utf-8,,,
sotenas.yaml,sotenas-kulturforeningsbidrag,Kulturföreningsbidrag,https://www.sotenas.se/uppleva--gora/foreningslivet-i-kommunen/bidrag-stod-och-stipendier,200,https://www.sotenas.se/uppleva--gora/foreningslivet-i-kommunen/bidrag-stod-och-stipendier,0,text/html;charset=UTF-8,,,
sotenas.yaml,sotenas-kulturprojektbidrag,Kulturprojektbidrag,https://www.sotenas.se/uppleva--gora/foreningslivet-i-kommunen/bidrag-stod-och-stipendier,200,https://www.sotenas.se/uppleva--gora/foreningslivet-i-kommunen/bidrag-stod-och-stipendier,0,text/html;charset=UTF-8,,,
sotenas.yaml,sotenas-anlaggningsbidrag,Anläggningsbidrag,https://www.sotenas.se/uppleva--gora/foreningslivet-i-kommunen/bidrag-stod-och-stipendier,200,https://www.sotenas.se/uppleva--gora/foreningslivet-i-kommunen/bidrag-stod-och-stipendier,0,text/html;charset=UTF-8,,,
sotenas.yaml,sotenas-lokalt-aktivitetsstod-for-pensionarsforeningar,Lokalt aktivitetsstöd för pensionärsföreningar,https://www.sotenas.se/uppleva--gora/foreningslivet-i-kommunen/bidrag-stod-och-stipendier,200,https://www.sotenas.se/uppleva--gora/foreningslivet-i-kommunen/bidrag-stod-och-stipendier,0,text/html;charset=UTF-8,,,
sotenas.yaml,sotenas-lokalt-aktivitetsstod-for-ungdomsforeningar,Lokalt aktivitetsstöd för ungdomsföreningar,https://www.sotenas.se/uppleva--gora/foreningslivet-i-kommunen/bidrag-stod-och-stipendier,200,https://www.sotenas.se/uppleva--gora/foreningslivet-i-kommunen/bidrag-stod-och-stipendier,0,text/html;charset=UTF-8,,,
sotenas.yaml,sotenas-kommunbidrag-for-studieforbund,Kommunbidrag för studieförbund,https://www.sotenas.se/uppleva--gora/foreningslivet-i-kommunen/bidrag-stod-och-stipendier,200,https://www.sotenas.se/uppleva--gora/foreningslivet-i-kommunen/bidrag-stod-och-stipendier,0,text/html;charset=UTF-8,,,
staffanstorp.yaml,staffanstorp-lokalt-aktivitetsstod,Lokalt aktivitetsstöd,https://staffanstorp.se/uppleva-och-gora/fritid-och-upplevelser/foreningsbidrag/,200,https://staffanstorp.se/uppleva-och-gora/fritid-och-upplevelser/foreningsbidrag/,0,text/html; charset=UTF-8,,,
staffanstorp.yaml,staffanstorp-stod-till-ungdoms-och-kulturforeningar,Stöd till ungdoms- och kulturföreningar,https://staffanstorp.se/uppleva-och-gora/fritid-och-upplevelser/foreningsbidrag/,200,https://staffanstorp.se/uppleva-och-gora/fritid-och-upplevelser/foreningsbidrag/,0,text/html; charset=UTF-8,,,
staffanstorp.yaml,staffanstorp-arrangemangsstod,Arrangemangsstöd,https://staffanstorp.se/uppleva-och-gora/fritid-och-upplevelser/foreningsbidrag/,200,https://staffanstorp.se/uppleva-och-gora/fritid-och-upplevelser/foreningsbidrag/,0,text/html; charset=UTF-8,,,
staffanstorp.yaml,staffanstorp-foreningsbidrag-till-sociala-foreningar-och-organisationer,Föreningsbidrag till sociala föreningar och organisationer,https://staffanstorp.se/uppleva-och-gora/fritid-och-upplevelser/foreningsbidrag/,200,https://staffanstorp.se/uppleva-och-gora/fritid-och-upplevelser/foreningsbidrag/,0,text/html; charset=UTF-8,,,
stenungsund.yaml,stenungsund-bidrag-och-stod-till-ungdomsforening,Bidrag och stöd till ungdomsförening,https://www.stenungsund.se/uppleva-och-gora/foreningsliv-i-stenungsund/bidrag-och-stod-till-foreningar,200,https://www.stenungsund.se/uppleva-och-gora/foreningsliv-i-stenungsund/bidrag-och-stod-till-foreningar,0,text/html;charset=UTF-8,,,
stenungsund.yaml,stenungsund-grundbidrag-for-kulturforeningar,Grundbidrag för kulturföreningar,https://www.stenungsund.se/uppleva-och-gora/foreningsliv-i-stenungsund/bidrag-och-stod-till-foreningar,200,https://www.stenungsund.se/uppleva-och-gora/foreningsliv-i-stenungsund/bidrag-och-stod-till-foreningar,0,text/html;charset=UTF-8,,,
stenungsund.yaml,stenungsund-bidrag-till-kulturarrangemang,Bidrag till kulturarrangemang,https://www.stenungsund.se/uppleva-och-gora/foreningsliv-i-stenungsund/bidrag-och-stod-till-foreningar,200,https://www.stenungsund.se/uppleva-och-gora/foreningsliv-i-stenungsund/bidrag-och-stod-till-foreningar,0,text/html;charset=UTF-8,,,
stenungsund.yaml,stenungsund-verksamhetsbidrag-till-pensionars-och-funktionsrattsforeningar,Verksamhetsbidrag till pensionärs- och funktionsrättsföreningar,https://www.stenungsund.se/uppleva-och-gora/foreningsliv-i-stenungsund/bidrag-och-stod-till-foreningar,200,https://www.stenungsund.se/uppleva-och-gora/foreningsliv-i-stenungsund/bidrag-och-stod-till-foreningar,0,text/html;charset=UTF-8,,,
stenungsund.yaml,stenungsund-bidrag-till-foreningar-utanfor-kommunen,Bidrag till föreningar utanför kommunen,https://www.stenungsund.se/uppleva-och-gora/foreningsliv-i-stenungsund/bidrag-och-stod-till-foreningar/bidrag-till-foreningar-utanfor-kommunen,200,https://www.stenungsund.se/uppleva-och-gora/foreningsliv-i-stenungsund/bidrag-och-stod-till-foreningar/bidrag-till-foreningar-utanfor-kommunen,0,text/html;charset=UTF-8,,,
stockholm.yaml,stockholm-medlemsaktivitetsstod,Medlemsaktivitetsstöd (idrottsförvaltningen),https://foreningsservice.stockholm/stod-till-foreningar-och-organisationer/stod-till-deltagaraktiviteter/medlemsaktivitetsstod/,200,https://foreningsservice.stockholm/stod-till-foreningar-och-organisationer/stod-till-deltagaraktiviteter/medlemsaktivitetsstod/,0,text/html; charset=utf-8,,,
stockholm.yaml,stockholm-nybildningsstod,Nybildningsstöd (idrottsförvaltningen),https://foreningsservice.stockholm/stod-till-foreningar-och-kulturaktorer/stod-vid-foreningsbildning/nybildningsstod/,200,https://foreningsservice.stockholm/stod-till-foreningar-och-organisationer/stod-vid-foreningsbildning/nybildningsstod/,1,text/html; charset=utf-8,,,
stockholm.yaml,stockholm-lokalhyressubvention,Lokalhyressubvention / subventionerad taxa (idrottsförvaltningen),https://foreningsservice.stockholm/stod-till-foreningar-och-organisationer/generell-information/idrottsforvaltningens-foreningsstod/,200,https://foreningsservice.stockholm/stod-till-foreningar-och-organisationer/generell-information/idrottsforvaltningens-foreningsstod/,0,text/html; charset=utf-8,,,
stockholm.yaml,stockholm-socialt-foreningsstod,Föreningsstöd från socialförvaltningen,https://foreningsservice.stockholm/stod-till-foreningar-och-organisationer/socialstod/foreningsstod-fran-socialforvaltningen/,200,https://foreningsservice.stockholm/stod-till-foreningar-och-organisationer/socialstod/foreningsstod-fran-socialforvaltningen/,0,text/html; charset=utf-8,,,
stockholm.yaml,stockholm-kultur-produktion,Stöd till konstnärlig produktion och kulturarrangemang,https://foreningsservice.stockholm/stod-till-foreningar-och-organisationer/,200,https://foreningsservice.stockholm/stod-till-foreningar-och-organisationer/,0,text/html; charset=utf-8,,,
stockholm.yaml,stockholm-eget-skapande,"Stöd till eget skapande, deltagande och folkbildning",https://foreningsservice.stockholm/stod-till-foreningar-och-organisationer/,200,https://foreningsservice.stockholm/stod-till-foreningar-och-organisationer/,0,text/html; charset=utf-8,,,
stockholm.yaml,stockholm-lokalforvaltande,Stöd till lokalförvaltande organisationer,https://foreningsservice.stockholm/stod-till-foreningar-och-organisationer/kulturstod/stod-till-lokalforvaltande-organisationer/,200,https://foreningsservice.stockholm/stod-till-foreningar-och-organisationer/kulturstod/stod-till-lokalforvaltande-organisationer/,0,text/html; charset=utf-8,,,
stockholm.yaml,stockholm-minoritetskultur,"Stöd till kulturprogram för finska, meänkieli och samiska språk och kultur",https://foreningsservice.stockholm/stod-till-foreningar-och-organisationer/,200,https://foreningsservice.stockholm/stod-till-foreningar-och-organisationer/,0,text/html; charset=utf-8,,,
stockholm.yaml,stockholm-ungas-kulturprojekt,Stöd till ungas egna kulturprojekt,https://foreningsservice.stockholm/stod-till-foreningar-och-organisationer/,200,https://foreningsservice.stockholm/stod-till-foreningar-och-organisationer/,0,text/html; charset=utf-8,,,
stockholm.yaml,stockholm-kulturetablering,Stöd till kulturetablering och utveckling,https://foreningsservice.stockholm/stod-till-foreningar-och-organisationer/,200,https://foreningsservice.stockholm/stod-till-foreningar-och-organisationer/,0,text/html; charset=utf-8,,,
stockholm.yaml,stockholm-kulturprogram-aldre,Stöd till kulturprogram för äldre,https://foreningsservice.stockholm/stod-till-foreningar-och-organisationer/,200,https://foreningsservice.stockholm/stod-till-foreningar-och-organisationer/,0,text/html; charset=utf-8,,,
stockholm.yaml,stockholm-kulturprogram-forskola-skola,Stöd till kulturprogram i förskola och skola,https://foreningsservice.stockholm/stod-till-foreningar-och-organisationer/,200,https://foreningsservice.stockholm/stod-till-foreningar-och-organisationer/,0,text/html; charset=utf-8,,,
storfors.yaml,storfors-verksamhetsbidrag,Verksamhetsbidrag,https://www.storfors.se/upplevaochgora/foreningar/attsokaforeningsbidrag.4.241bced914a618d4117ec269.html,200,https://www.storfors.se/upplevaochgora/foreningar/attsokaforeningsbidrag.4.241bced914a618d4117ec269.html,0,text/html;charset=UTF-8,,,
storfors.yaml,storfors-aktivitetsbidrag,Aktivitetsbidrag,https://www.storfors.se/upplevaochgora/foreningar/attsokaforeningsbidrag.4.241bced914a618d4117ec269.html,200,https://www.storfors.se/upplevaochgora/foreningar/attsokaforeningsbidrag.4.241bced914a618d4117ec269.html,0,text/html;charset=UTF-8,,,
storfors.yaml,storfors-lonebidrag,Lönebidrag,https://www.storfors.se/upplevaochgora/foreningar/attsokaforeningsbidrag.4.241bced914a618d4117ec269.html,200,https://www.storfors.se/upplevaochgora/foreningar/attsokaforeningsbidrag.4.241bced914a618d4117ec269.html,0,text/html;charset=UTF-8,,,
storfors.yaml,storfors-lokalbidrag,Lokalbidrag,https://www.storfors.se/upplevaochgora/foreningar/attsokaforeningsbidrag.4.241bced914a618d4117ec269.html,200,https://www.storfors.se/upplevaochgora/foreningar/attsokaforeningsbidrag.4.241bced914a618d4117ec269.html,0,text/html;charset=UTF-8,,,
storuman.yaml,storuman-skotsel-anlaggning,Skötsel- och anläggningsbidrag,https://www.storuman.se/kommun/kultur-fritid/Foreningar/stod-bidrag-och-stipendier/,200,https://www.storuman.se/kommun/kultur-fritid/Foreningar/stod-bidrag-och-stipendier/,0,text/html; charset=utf-8,,,
storuman.yaml,storuman-aktivitetsstod,Lokalt aktivitetsstöd,https://www.storuman.se/kommun/kultur-fritid/Foreningar/stod-bidrag-och-stipendier/,200,https://www.storuman.se/kommun/kultur-fritid/Foreningar/stod-bidrag-och-stipendier/,0,text/html; charset=utf-8,,,
storuman.yaml,storuman-studieforbund,Bidrag till studieförbund,https://www.storuman.se/kommun/kultur-fritid/Foreningar/stod-bidrag-och-stipendier/,200,https://www.storuman.se/kommun/kultur-fritid/Foreningar/stod-bidrag-och-stipendier/,0,text/html; charset=utf-8,,,
storuman.yaml,storuman-ovrigt,Övrigt bidrag,https://www.storuman.se/kommun/kultur-fritid/Foreningar/stod-bidrag-och-stipendier/,200,https://www.storuman.se/kommun/kultur-fritid/Foreningar/stod-bidrag-och-stipendier/,0,text/html; charset=utf-8,,,
strangnas.yaml,strangnas-foreningsbidrag-social,Föreningsbidrag (socialnämnden),https://www.strangnas.se/omsorg-och-hjalp/pengar-bidrag-och-ekonomi/foreningsbidrag,200,https://www.strangnas.se/omsorg-och-hjalp/pengar-bidrag-och-ekonomi/foreningsbidrag,0,text/html;charset=UTF-8,,,
strangnas.yaml,strangnas-kulturbidrag-medlemsbidrag,Kulturbidrag — Medlemsbidrag,https://www.strangnas.se/uppleva-och-gora/foreningar-foreningsliv/kulturbidrag,200,https://www.strangnas.se/uppleva-och-gora/foreningar-foreningsliv/kulturbidrag,0,text/html;charset=UTF-8,,,
strangnas.yaml,strangnas-kulturbidrag-anlaggning-klubblokal,Kulturbidrag — Bidrag till anläggning eller klubblokal,https://www.strangnas.se/uppleva-och-gora/foreningar-foreningsliv/kulturbidrag,200,https://www.strangnas.se/uppleva-och-gora/foreningar-foreningsliv/kulturbidrag,0,text/html;charset=UTF-8,,,
strangnas.yaml,strangnas-kulturbidrag-bygdegardar,Kulturbidrag — Bidrag till bygdegårdar,https://www.strangnas.se/uppleva-och-gora/foreningar-foreningsliv/kulturbidrag,200,https://www.strangnas.se/uppleva-och-gora/foreningar-foreningsliv/kulturbidrag,0,text/html;charset=UTF-8,,,
strangnas.yaml,strangnas-kulturbidrag-arrangemang,Kulturbidrag — Bidrag till arrangemang,https://www.strangnas.se/uppleva-och-gora/foreningar-foreningsliv/kulturbidrag,200,https://www.strangnas.se/uppleva-och-gora/foreningar-foreningsliv/kulturbidrag,0,text/html;charset=UTF-8,,,
strangnas.yaml,strangnas-snabba-pengar,Snabba pengar för unga arrangörer,https://www.strangnas.se/uppleva-och-gora/kultur/barn--och-ungdomskultur/snabba-pengar-for-ung-kultur,200,https://www.strangnas.se/uppleva-och-gora/kultur/barn--och-ungdomskultur/snabba-pengar-for-ung-kultur,0,text/html;charset=UTF-8,,,
strangnas.yaml,strangnas-fritidsbidrag-aktivitetsbidrag,Fritidsbidrag — Aktivitetsbidrag,https://www.strangnas.se/uppleva-och-gora/foreningar-foreningsliv/fritidsbidrag,200,https://www.strangnas.se/uppleva-och-gora/foreningar-foreningsliv/fritidsbidrag,0,text/html;charset=UTF-8,,,
strangnas.yaml,strangnas-fritidsbidrag-medlemsbidrag,Fritidsbidrag — Medlemsbidrag,https://www.strangnas.se/uppleva-och-gora/foreningar-foreningsliv/fritidsbidrag,200,https://www.strangnas.se/uppleva-och-gora/foreningar-foreningsliv/fritidsbidrag,0,text/html;charset=UTF-8,,,
strangnas.yaml,strangnas-fritidsbidrag-lokalbidrag,Fritidsbidrag — Lokalbidrag,https://www.strangnas.se/uppleva-och-gora/foreningar-foreningsliv/fritidsbidrag,200,https://www.strangnas.se/uppleva-och-gora/foreningar-foreningsliv/fritidsbidrag,0,text/html;charset=UTF-8,,,
strangnas.yaml,strangnas-fritidsbidrag-resor-domare,Fritidsbidrag — Bidrag till resor och domare,https://www.strangnas.se/uppleva-och-gora/foreningar-foreningsliv/fritidsbidrag,200,https://www.strangnas.se/uppleva-och-gora/foreningar-foreningsliv/fritidsbidrag,0,text/html;charset=UTF-8,,,
strangnas.yaml,strangnas-fritidsbidrag-utbildningsbidrag,Fritidsbidrag — Utbildningsbidrag,https://www.strangnas.se/uppleva-och-gora/foreningar-foreningsliv/fritidsbidrag,200,https://www.strangnas.se/uppleva-och-gora/foreningar-foreningsliv/fritidsbidrag,0,text/html;charset=UTF-8,,,
strangnas.yaml,strangnas-fritidsbidrag-stimulansbidrag,Fritidsbidrag — Stimulansbidrag,https://www.strangnas.se/uppleva-och-gora/foreningar-foreningsliv/fritidsbidrag,200,https://www.strangnas.se/uppleva-och-gora/foreningar-foreningsliv/fritidsbidrag,0,text/html;charset=UTF-8,,,
stromstad.yaml,stromstad-arrangorsbidrag-for-kulturforeningar,Arrangörsbidrag för kulturföreningar,https://www.stromstad.se/upplevaochgora/foreningarforeningsliv/kulturochfritidsbidragtillforeningar.4.38084632163626cc4502b40c.html,200,https://www.stromstad.se/upplevaochgora/foreningarforeningsliv/kulturochfritidsbidragtillforeningar.4.38084632163626cc4502b40c.html,0,text/html;charset=UTF-8,,,
stromstad.yaml,stromstad-arrangorsbidrag-for-fritidsforeningar,Arrangörsbidrag för fritidsföreningar,https://www.stromstad.se/upplevaochgora/foreningarforeningsliv/kulturochfritidsbidragtillforeningar.4.38084632163626cc4502b40c.html,200,https://www.stromstad.se/upplevaochgora/foreningarforeningsliv/kulturochfritidsbidragtillforeningar.4.38084632163626cc4502b40c.html,0,text/html;charset=UTF-8,,,
stromstad.yaml,stromstad-startbidrag,Startbidrag,https://www.stromstad.se/upplevaochgora/foreningarforeningsliv/kulturochfritidsbidragtillforeningar.4.38084632163626cc4502b40c.html,200,https://www.stromstad.se/upplevaochgora/foreningarforeningsliv/kulturochfritidsbidragtillforeningar.4.38084632163626cc4502b40c.html,0,text/html;charset=UTF-8,,,
stromstad.yaml,stromstad-grundbidrag,Grundbidrag,https://www.stromstad.se/upplevaochgora/foreningarforeningsliv/kulturochfritidsbidragtillforeningar.4.38084632163626cc4502b40c.html,200,https://www.stromstad.se/upplevaochgora/foreningarforeningsliv/kulturochfritidsbidragtillforeningar.4.38084632163626cc4502b40c.html,0,text/html;charset=UTF-8,,,
stromstad.yaml,stromstad-aktivitetsbidrag,Aktivitetsbidrag,https://www.stromstad.se/upplevaochgora/foreningarforeningsliv/kulturochfritidsbidragtillforeningar.4.38084632163626cc4502b40c.html,200,https://www.stromstad.se/upplevaochgora/foreningarforeningsliv/kulturochfritidsbidragtillforeningar.4.38084632163626cc4502b40c.html,0,text/html;charset=UTF-8,,,
stromstad.yaml,stromstad-bidrag-till-studieforbund,Bidrag till studieförbund,https://www.stromstad.se/upplevaochgora/foreningarforeningsliv/kulturochfritidsbidragtillforeningar.4.38084632163626cc4502b40c.html,200,https://www.stromstad.se/upplevaochgora/foreningarforeningsliv/kulturochfritidsbidragtillforeningar.4.38084632163626cc4502b40c.html,0,text/html;charset=UTF-8,,,
stromsund.yaml,stromsund-administrationsbidrag,Administrationsbidrag,https://www.stromsund.se/6906.html,200,https://www.stromsund.se/6906.html,0,text/html;charset=UTF-8,,,
stromsund.yaml,stromsund-ledarutbildningsbidrag,Ledarutbildningsbidrag,https://www.stromsund.se/6906.html,200,https://www.stromsund.se/6906.html,0,text/html;charset=UTF-8,,,
stromsund.yaml,stromsund-aktivitetsstod,Aktivitetsstöd,https://www.stromsund.se/6906.html,200,https://www.stromsund.se/6906.html,0,text/html;charset=UTF-8,,,
stromsund.yaml,stromsund-lokalbidrag,Lokalbidrag,https://www.stromsund.se/6906.html,200,https://www.stromsund.se/6906.html,0,text/html;charset=UTF-8,,,
stromsund.yaml,stromsund-arrangorsbidrag,Arrangörsbidrag,https://www.stromsund.se/977.html,200,https://www.stromsund.se/977.html,0,text/html;charset=UTF-8,,,
stromsund.yaml,stromsund-driftbidrag-samlingslokaler,Driftbidrag till samlingslokaler,https://www.stromsund.se/973.html,200,https://www.stromsund.se/973.html,0,text/html;charset=UTF-8,,,
stromsund.yaml,stromsund-driftbidrag-idrottsanlaggningar,Driftbidrag till idrotts- och friluftsanläggningar,https://www.stromsund.se/972.html,200,https://www.stromsund.se/972.html,0,text/html;charset=UTF-8,,,
stromsund.yaml,stromsund-pensionarsforeningar,Bidrag till pensionärsföreningar,https://www.stromsund.se/970.html,200,https://www.stromsund.se/970.html,0,text/html;charset=UTF-8,,,
stromsund.yaml,stromsund-funktionsrattsforeningar,Bidrag till funktionsrättsföreningar,https://www.stromsund.se/970.html,200,https://www.stromsund.se/970.html,0,text/html;charset=UTF-8,,,
stromsund.yaml,stromsund-studieforbund,Kommunalt anslag till studieförbund,https://www.stromsund.se/970.html,200,https://www.stromsund.se/970.html,0,text/html;charset=UTF-8,,,
sundbyberg.yaml,sundbyberg-aktivitetsbidrag,Aktivitetsbidrag,https://www.sundbyberg.se/kommun-och-politik/bidrag-stod-och-stipendier/bidrag-till-foreningar---idrott-friluftsliv-fritid-och-kultur,200,https://www.sundbyberg.se/kommun-och-politik/bidrag-stod-och-stipendier/bidrag-till-foreningar---idrott-friluftsliv-fritid-och-kultur,0,text/html;charset=UTF-8,,,
sundbyberg.yaml,sundbyberg-verksamhetsbidrag-kultur-fritid,Verksamhetsbidrag (kultur- och fritidsnämnden),https://www.sundbyberg.se/kommun-och-politik/bidrag-stod-och-stipendier/bidrag-till-foreningar---idrott-friluftsliv-fritid-och-kultur,200,https://www.sundbyberg.se/kommun-och-politik/bidrag-stod-och-stipendier/bidrag-till-foreningar---idrott-friluftsliv-fritid-och-kultur,0,text/html;charset=UTF-8,,,
sundbyberg.yaml,sundbyberg-projektbidrag-under-30000,Projektbidrag under 30 000 kronor (kultur- och fritidsnämnden),https://www.sundbyberg.se/uppleva-och-gora/konst-och-kultur-i-sundbybergs-stad/bidrag-stod-och-stipendier/bidrag-till-foreningar---idrott-friluftsliv-fritid-och-kultur,200,https://www.sundbyberg.se/uppleva-och-gora/konst-och-kultur-i-sundbybergs-stad/bidrag-stod-och-stipendier/bidrag-till-foreningar---idrott-friluftsliv-fritid-och-kultur,0,text/html;charset=UTF-8,,,
sundbyberg.yaml,sundbyberg-projektbidrag-over-30000,Projektbidrag över 30 000 kronor (kultur- och fritidsnämnden),https://www.sundbyberg.se/uppleva-och-gora/konst-och-kultur-i-sundbybergs-stad/bidrag-stod-och-stipendier/bidrag-till-foreningar---idrott-friluftsliv-fritid-och-kultur,200,https://www.sundbyberg.se/uppleva-och-gora/konst-och-kultur-i-sundbybergs-stad/bidrag-stod-och-stipendier/bidrag-till-foreningar---idrott-friluftsliv-fritid-och-kultur,0,text/html;charset=UTF-8,,,
sundbyberg.yaml,sundbyberg-projektbidrag-investeringar-lokaler-inventarier,Projektbidrag för investeringar i lokaler eller inventarier,https://www.sundbyberg.se/uppleva-och-gora/konst-och-kultur-i-sundbybergs-stad/bidrag-stod-och-stipendier/bidrag-till-foreningar---idrott-friluftsliv-fritid-och-kultur,200,https://www.sundbyberg.se/uppleva-och-gora/konst-och-kultur-i-sundbybergs-stad/bidrag-stod-och-stipendier/bidrag-till-foreningar---idrott-friluftsliv-fritid-och-kultur,0,text/html;charset=UTF-8,,,
sundbyberg.yaml,sundbyberg-projektbidrag-toppstugan,Projektbidrag Toppstugan,https://www.sundbyberg.se/uppleva-och-gora/konst-och-kultur-i-sundbybergs-stad/bidrag-stod-och-stipendier/bidrag-till-foreningar---idrott-friluftsliv-fritid-och-kultur,200,https://www.sundbyberg.se/uppleva-och-gora/konst-och-kultur-i-sundbybergs-stad/bidrag-stod-och-stipendier/bidrag-till-foreningar---idrott-friluftsliv-fritid-och-kultur,0,text/html;charset=UTF-8,,,
sundbyberg.yaml,sundbyberg-lovbidrag-kultur-fritid,Lovbidrag (kultur- och fritidsnämnden),https://www.sundbyberg.se/uppleva-och-gora/konst-och-kultur-i-sundbybergs-stad/bidrag-stod-och-stipendier/bidrag-till-foreningar---idrott-friluftsliv-fritid-och-kultur,200,https://www.sundbyberg.se/uppleva-och-gora/konst-och-kultur-i-sundbybergs-stad/bidrag-stod-och-stipendier/bidrag-till-foreningar---idrott-friluftsliv-fritid-och-kultur,0,text/html;charset=UTF-8,,,
sundbyberg.yaml,sundbyberg-bidrag-studieforbund,Bidrag till studieförbund,https://www.sundbyberg.se/kommun-och-politik/bidrag-stod-och-stipendier/bidrag-till-foreningar---idrott-friluftsliv-fritid-och-kultur,200,https://www.sundbyberg.se/kommun-och-politik/bidrag-stod-och-stipendier/bidrag-till-foreningar---idrott-friluftsliv-fritid-och-kultur,0,text/html;charset=UTF-8,,,
sundbyberg.yaml,sundbyberg-stod-elitsatsningar,Stöd till elitsatsningar,https://www.sundbyberg.se/download/18.2930f1d19c985d1f0fba53/1772461483729/,200,https://www.sundbyberg.se/download/18.2930f1d19c985d1f0fba53/1772461483729/,0,application/pdf,,,
sundbyberg.yaml,sundbyberg-verksamhetsbidrag-social-arbetsmarknad,Verksamhetsbidrag (social- och arbetsmarknadsnämnden),https://www.sundbyberg.se/download/18.2e6195c8190a64a78d49e1b3/1724248394955/,200,https://www.sundbyberg.se/download/18.2e6195c8190a64a78d49e1b3/1724248394955/,0,application/pdf,,,
sundbyberg.yaml,sundbyberg-projektbidrag-social-arbetsmarknad,Projektbidrag (social- och arbetsmarknadsnämnden),https://www.sundbyberg.se/download/18.2e6195c8190a64a78d49e1b3/1724248394955/,200,https://www.sundbyberg.se/download/18.2e6195c8190a64a78d49e1b3/1724248394955/,0,application/pdf,,,
sundbyberg.yaml,sundbyberg-lovbidrag-social-arbetsmarknad,Lovbidrag (social- och arbetsmarknadsnämnden),https://www.sundbyberg.se/download/18.2e6195c8190a64a78d49e1b3/1724248394955/,200,https://www.sundbyberg.se/download/18.2e6195c8190a64a78d49e1b3/1724248394955/,0,application/pdf,,,
sundbyberg.yaml,sundbyberg-stod-finska-kultur-sprak,Ekonomiskt stöd till finska kultur- och språkaktiviteter,https://www.sundbyberg.se/uppleva-och-gora/konst-och-kultur-i-sundbybergs-stad/bidrag-stod-och-stipendier/stod-till-finska-kultur--och-sprakaktiviteter,200,https://www.sundbyberg.se/uppleva-och-gora/konst-och-kultur-i-sundbybergs-stad/bidrag-stod-och-stipendier/stod-till-finska-kultur--och-sprakaktiviteter,0,text/html;charset=UTF-8,,,
sundbyberg.yaml,sundbyberg-idrottsstipendium,Idrotts- och ungdomsledarstipendium,https://www.sundbyberg.se/uppleva-och-gora/konst-och-kultur-i-sundbybergs-stad/bidrag-stod-och-stipendier/stipendier,200,https://www.sundbyberg.se/uppleva-och-gora/konst-och-kultur-i-sundbybergs-stad/bidrag-stod-och-stipendier/stipendier,0,text/html;charset=UTF-8,,,
sundbyberg.yaml,sundbyberg-kulturstipendium,Kulturstipendium,https://www.sundbyberg.se/uppleva-och-gora/konst-och-kultur-i-sundbybergs-stad/bidrag-stod-och-stipendier/stipendier,200,https://www.sundbyberg.se/uppleva-och-gora/konst-och-kultur-i-sundbybergs-stad/bidrag-stod-och-stipendier/stipendier,0,text/html;charset=UTF-8,,,
sundbyberg.yaml,sundbyberg-miljostipendium,Miljöstipendium,https://www.sundbyberg.se/uppleva-och-gora/konst-och-kultur-i-sundbybergs-stad/bidrag-stod-och-stipendier/stipendier,200,https://www.sundbyberg.se/uppleva-och-gora/konst-och-kultur-i-sundbybergs-stad/bidrag-stod-och-stipendier/stipendier,0,text/html;charset=UTF-8,,,
sundbyberg.yaml,sundbyberg-jamlikhetsstipendium,Jämlikhetsstipendium,https://www.sundbyberg.se/uppleva-och-gora/konst-och-kultur-i-sundbybergs-stad/bidrag-stod-och-stipendier/stipendier,200,https://www.sundbyberg.se/uppleva-och-gora/konst-och-kultur-i-sundbybergs-stad/bidrag-stod-och-stipendier/stipendier,0,text/html;charset=UTF-8,,,
sundsvall.yaml,sundsvall-arrangemangsbidrag,Arrangemangsbidrag,https://sundsvall.se/kommun/uppleva-och-gora/foreningar-foreningsliv/bidrag-stod-och-stipendier/bidragstyper,200,https://sundsvall.se/kommun/uppleva-och-gora/foreningar-foreningsliv/bidrag-stod-och-stipendier/bidragstyper,0,text/html;charset=UTF-8,,,
sundsvall.yaml,sundsvall-oppet-foreningsstod,Öppet föreningsstöd,https://sundsvall.se/kommun/uppleva-och-gora/foreningar-foreningsliv/bidrag-stod-och-stipendier/bidragstyper,200,https://sundsvall.se/kommun/uppleva-och-gora/foreningar-foreningsliv/bidrag-stod-och-stipendier/bidragstyper,0,text/html;charset=UTF-8,,,
sundsvall.yaml,sundsvall-lovaktivitetsbidrag,Lovaktivitetsbidrag,https://sundsvall.se/kommun/uppleva-och-gora/foreningar-foreningsliv/bidrag-stod-och-stipendier/bidragstyper,200,https://sundsvall.se/kommun/uppleva-och-gora/foreningar-foreningsliv/bidrag-stod-och-stipendier/bidragstyper,0,text/html;charset=UTF-8,,,
sundsvall.yaml,sundsvall-nationella-minoriteter,Bidrag för nationella minoriteter,https://sundsvall.se/kommun/uppleva-och-gora/foreningar-foreningsliv/bidrag-stod-och-stipendier/bidragstyper,200,https://sundsvall.se/kommun/uppleva-och-gora/foreningar-foreningsliv/bidrag-stod-och-stipendier/bidragstyper,0,text/html;charset=UTF-8,,,
sundsvall.yaml,sundsvall-kultur-idrottspotten,Kultur- och idrottspotten,https://sundsvall.se/kommun/uppleva-och-gora/evenemang-och-medfinansiering/kultur--och-idrottspott,200,https://sundsvall.se/kommun/uppleva-och-gora/evenemang-och-medfinansiering/kultur--och-idrottspott,0,text/html;charset=UTF-8,,,
sundsvall.yaml,sundsvall-investeringsbidrag,Investeringsbidrag,https://sundsvall.se/kommun/uppleva-och-gora/foreningar-foreningsliv/bidrag-stod-och-stipendier/bidragstyper,200,https://sundsvall.se/kommun/uppleva-och-gora/foreningar-foreningsliv/bidrag-stod-och-stipendier/bidragstyper,0,text/html;charset=UTF-8,,,
sundsvall.yaml,sundsvall-hyresbidrag,Hyresbidrag,https://sundsvall.se/kommun/uppleva-och-gora/foreningar-foreningsliv/bidrag-stod-och-stipendier/bidragstyper,200,https://sundsvall.se/kommun/uppleva-och-gora/foreningar-foreningsliv/bidrag-stod-och-stipendier/bidragstyper,0,text/html;charset=UTF-8,,,
sundsvall.yaml,sundsvall-driftbidrag-samlingslokal,Driftbidrag till föreningsägd samlingslokal,https://sundsvall.se/kommun/uppleva-och-gora/foreningar-foreningsliv/bidrag-stod-och-stipendier/bidragstyper,200,https://sundsvall.se/kommun/uppleva-och-gora/foreningar-foreningsliv/bidrag-stod-och-stipendier/bidragstyper,0,text/html;charset=UTF-8,,,
sundsvall.yaml,sundsvall-verksamhetsbidrag-studieforbund,Verksamhetsbidrag för studieförbund,https://sundsvall.se/kommun/uppleva-och-gora/foreningar-foreningsliv/bidrag-stod-och-stipendier/bidragstyper,200,https://sundsvall.se/kommun/uppleva-och-gora/foreningar-foreningsliv/bidrag-stod-och-stipendier/bidragstyper,0,text/html;charset=UTF-8,,,
sundsvall.yaml,sundsvall-patient-funktionshinder,Verksamhetsbidrag för patient- och funktionshindersföreningar,https://sundsvall.se/kommun/uppleva-och-gora/foreningar-foreningsliv/bidrag-stod-och-stipendier/bidragstyper,200,https://sundsvall.se/kommun/uppleva-och-gora/foreningar-foreningsliv/bidrag-stod-och-stipendier/bidragstyper,0,text/html;charset=UTF-8,,,
sundsvall.yaml,sundsvall-pensionarsforeningar,Verksamhetsbidrag för pensionärsföreningar,https://sundsvall.se/kommun/uppleva-och-gora/foreningar-foreningsliv/bidrag-stod-och-stipendier/bidragstyper,200,https://sundsvall.se/kommun/uppleva-och-gora/foreningar-foreningsliv/bidrag-stod-och-stipendier/bidragstyper,0,text/html;charset=UTF-8,,,
sundsvall.yaml,sundsvall-aktivitetsbidrag,Aktivitetsbidrag,https://sundsvall.se/kommun/uppleva-och-gora/foreningar-foreningsliv/bidrag-stod-och-stipendier/bidragstyper,200,https://sundsvall.se/kommun/uppleva-och-gora/foreningar-foreningsliv/bidrag-stod-och-stipendier/bidragstyper,0,text/html;charset=UTF-8,,,
sundsvall.yaml,sundsvall-anlaggningsbidrag,Anläggningsbidrag,https://sundsvall.se/kommun/uppleva-och-gora/foreningar-foreningsliv/bidrag-stod-och-stipendier/bidragstyper,200,https://sundsvall.se/kommun/uppleva-och-gora/foreningar-foreningsliv/bidrag-stod-och-stipendier/bidragstyper,0,text/html;charset=UTF-8,,,
sundsvall.yaml,sundsvall-verksamhetsbidrag-allmant,Verksamhetsbidrag,https://sundsvall.se/kommun/uppleva-och-gora/foreningar-foreningsliv/bidrag-stod-och-stipendier/bidragstyper,200,https://sundsvall.se/kommun/uppleva-och-gora/foreningar-foreningsliv/bidrag-stod-och-stipendier/bidragstyper,0,text/html;charset=UTF-8,,,
sundsvall.yaml,sundsvall-fiskevardsbidrag,Verksamhetsbidrag till fiskevårdsområden,https://sundsvall.se/kommun/uppleva-och-gora/foreningar-foreningsliv/bidrag-stod-och-stipendier/bidragstyper,200,https://sundsvall.se/kommun/uppleva-och-gora/foreningar-foreningsliv/bidrag-stod-och-stipendier/bidragstyper,0,text/html;charset=UTF-8,,,
sundsvall.yaml,sundsvall-vindkraftsstod-generellt,Vindkraftstöd (generellt),https://sundsvall.se/kommun/uppleva-och-gora/foreningar-foreningsliv/bidrag-stod-och-stipendier/bidragstyper,200,https://sundsvall.se/kommun/uppleva-och-gora/foreningar-foreningsliv/bidrag-stod-och-stipendier/bidragstyper,0,text/html;charset=UTF-8,,,
sundsvall.yaml,sundsvall-vindkraftsstod-investering,Vindkraftstöd (investeringsbidrag),https://sundsvall.se/kommun/uppleva-och-gora/foreningar-foreningsliv/bidrag-stod-och-stipendier/bidragstyper,200,https://sundsvall.se/kommun/uppleva-och-gora/foreningar-foreningsliv/bidrag-stod-och-stipendier/bidragstyper,0,text/html;charset=UTF-8,,,
sundsvall.yaml,sundsvall-vagbidrag,Bidrag till enskilda vägar,https://sundsvall.se/samhallsplanering-och-trafik/gator-och-trafik/tillstand-och-regler/ansok-om-bidrag-till-enskilda-vagar,200,https://sundsvall.se/kommun/samhallsplanering-och-trafik/gator-och-trafik/tillstand-och-regler/ansok-om-bidrag-till-enskilda-vagar,1,text/html;charset=UTF-8,,,
sundsvall.yaml,sundsvall-stiftelser-fonder,Stiftelser och fonder öppna för föreningar,https://sundsvall.se/kommun/kommun-och-politik/fonder-stipendier-och-utmarkelser,200,https://sundsvall.se/kommun/kommun-och-politik/fonder-stipendier-och-utmarkelser,0,text/html;charset=UTF-8,,,
sunne.yaml,sunne-aktivitetsbidrag-lok-stod,Aktivitetsbidrag (LOK-stöd),https://www.sunne.se/kommun/uppleva-och-gora/foreningar-foreningsliv/bidrag-stod-och-stipendier/,200,https://www.sunne.se/kommun/uppleva-och-gora/foreningar-foreningsliv/bidrag-stod-och-stipendier/,0,text/html; charset=utf-8,,,
sunne.yaml,sunne-anlaggningsbidrag,Anläggningsbidrag,https://www.sunne.se/kommun/uppleva-och-gora/foreningar-foreningsliv/bidrag-stod-och-stipendier/,200,https://www.sunne.se/kommun/uppleva-och-gora/foreningar-foreningsliv/bidrag-stod-och-stipendier/,0,text/html; charset=utf-8,,,
sunne.yaml,sunne-ledarutbildningsbidrag,Ledarutbildningsbidrag,https://www.sunne.se/kommun/uppleva-och-gora/foreningar-foreningsliv/bidrag-stod-och-stipendier/,200,https://www.sunne.se/kommun/uppleva-och-gora/foreningar-foreningsliv/bidrag-stod-och-stipendier/,0,text/html; charset=utf-8,,,
sunne.yaml,sunne-lonebidrag,Lönebidrag,https://www.sunne.se/kommun/uppleva-och-gora/foreningar-foreningsliv/bidrag-stod-och-stipendier/,200,https://www.sunne.se/kommun/uppleva-och-gora/foreningar-foreningsliv/bidrag-stod-och-stipendier/,0,text/html; charset=utf-8,,,
sunne.yaml,sunne-startbidrag,Startbidrag,https://www.sunne.se/kommun/uppleva-och-gora/foreningar-foreningsliv/bidrag-stod-och-stipendier/,200,https://www.sunne.se/kommun/uppleva-och-gora/foreningar-foreningsliv/bidrag-stod-och-stipendier/,0,text/html; charset=utf-8,,,
sunne.yaml,sunne-arsbidrag,Årsbidrag,https://www.sunne.se/kommun/uppleva-och-gora/foreningar-foreningsliv/bidrag-stod-och-stipendier/,200,https://www.sunne.se/kommun/uppleva-och-gora/foreningar-foreningsliv/bidrag-stod-och-stipendier/,0,text/html; charset=utf-8,,,
sunne.yaml,sunne-sponsring,Sponsring,https://www.sunne.se/kommun/uppleva-och-gora/foreningar-foreningsliv/bidrag-stod-och-stipendier/,200,https://www.sunne.se/kommun/uppleva-och-gora/foreningar-foreningsliv/bidrag-stod-och-stipendier/,0,text/html; charset=utf-8,,,
sunne.yaml,sunne-byapeng,Byapeng,https://www.sunne.se/kommun/uppleva-och-gora/foreningar-foreningsliv/bidrag-stod-och-stipendier/byapeng/,200,https://www.sunne.se/kommun/uppleva-och-gora/foreningar-foreningsliv/bidrag-stod-och-stipendier/byapeng/,0,text/html; charset=utf-8,,,
surahammar.yaml,surahammar-grundbidrag,Grundbidrag,https://surahammar.se/kultur-fritid-och-turism/foreningar/foreningsbidrag.html,200,https://surahammar.se/kultur-fritid-och-turism/foreningar/foreningsbidrag.html,0,text/html;charset=UTF-8,,,
surahammar.yaml,surahammar-medlemsbidrag,Medlemsbidrag,https://surahammar.se/kultur-fritid-och-turism/foreningar/foreningsbidrag.html,200,https://surahammar.se/kultur-fritid-och-turism/foreningar/foreningsbidrag.html,0,text/html;charset=UTF-8,,,
surahammar.yaml,surahammar-aktivitetsbidrag,Aktivitetsbidrag,https://surahammar.se/kultur-fritid-och-turism/foreningar/foreningsbidrag.html,200,https://surahammar.se/kultur-fritid-och-turism/foreningar/foreningsbidrag.html,0,text/html;charset=UTF-8,,,
surahammar.yaml,surahammar-ovrigt-verksamhetsbidrag,Övrigt verksamhetsbidrag,https://surahammar.se/kultur-fritid-och-turism/foreningar/foreningsbidrag.html,200,https://surahammar.se/kultur-fritid-och-turism/foreningar/foreningsbidrag.html,0,text/html;charset=UTF-8,,,
surahammar.yaml,surahammar-verksamhetsbidrag-for-kulturforeningar,Verksamhetsbidrag för kulturföreningar,https://surahammar.se/kultur-fritid-och-turism/foreningar/foreningsbidrag.html,200,https://surahammar.se/kultur-fritid-och-turism/foreningar/foreningsbidrag.html,0,text/html;charset=UTF-8,,,
surahammar.yaml,surahammar-arrangemangsbidrag-for-kulturforeningar,Arrangemangsbidrag för kulturföreningar,https://surahammar.se/kultur-fritid-och-turism/foreningar/foreningsbidrag.html,200,https://surahammar.se/kultur-fritid-och-turism/foreningar/foreningsbidrag.html,0,text/html;charset=UTF-8,,,
surahammar.yaml,surahammar-projektbidrag-for-kulturforeningar,Projektbidrag för kulturföreningar,https://surahammar.se/kultur-fritid-och-turism/foreningar/foreningsbidrag.html,200,https://surahammar.se/kultur-fritid-och-turism/foreningar/foreningsbidrag.html,0,text/html;charset=UTF-8,,,
svalov.yaml,svalov-verksamhetsbidrag,Verksamhetsbidrag,https://www.svalov.se/uppleva--gora/foreningsservice,200,https://www.svalov.se/uppleva--gora/foreningsservice,0,text/html;charset=UTF-8,,,
svalov.yaml,svalov-aktivitetsbidrag,Aktivitetsbidrag,https://www.svalov.se/uppleva--gora/foreningsservice,200,https://www.svalov.se/uppleva--gora/foreningsservice,0,text/html;charset=UTF-8,,,
svalov.yaml,svalov-lokal-och-anlaggningsbidrag,Lokal- och anläggningsbidrag,https://www.svalov.se/uppleva--gora/foreningsservice,200,https://www.svalov.se/uppleva--gora/foreningsservice,0,text/html;charset=UTF-8,,,
svalov.yaml,svalov-projekt-och-arrangemangsbidrag,Projekt- och arrangemangsbidrag,https://www.svalov.se/uppleva--gora/foreningsservice,200,https://www.svalov.se/uppleva--gora/foreningsservice,0,text/html;charset=UTF-8,,,
svalov.yaml,svalov-bidrag-till-civilsamhallesorganisationer-inom-socialnamndens-omrade,Bidrag till civilsamhällesorganisationer inom socialnämndens område,https://www.svalov.se/uppleva--gora/foreningsservice,200,https://www.svalov.se/uppleva--gora/foreningsservice,0,text/html;charset=UTF-8,,,
svalov.yaml,svalov-verksamhetsbidrag-till-studieforbund,Verksamhetsbidrag till studieförbund,https://www.svalov.se/uppleva--gora/foreningsservice,200,https://www.svalov.se/uppleva--gora/foreningsservice,0,text/html;charset=UTF-8,,,
svedala.yaml,svedala-aktivitetsbidrag,Aktivitetsbidrag,https://www.svedala.se/uppleva/kultur-och-fritid/foreningar-foreningsliv/bidrag-och-stod-till-foreningar/,200,https://www.svedala.se/uppleva/kultur-och-fritid/foreningar-foreningsliv/bidrag-och-stod-till-foreningar/,0,text/html; charset=utf-8,,,
svedala.yaml,svedala-uppdragsbidrag,Uppdragsbidrag,https://www.svedala.se/uppleva/kultur-och-fritid/foreningar-foreningsliv/bidrag-och-stod-till-foreningar/,200,https://www.svedala.se/uppleva/kultur-och-fritid/foreningar-foreningsliv/bidrag-och-stod-till-foreningar/,0,text/html; charset=utf-8,,,
svedala.yaml,svedala-arrangemangsbidrag,Arrangemangsbidrag,https://www.svedala.se/uppleva/kultur-och-fritid/foreningar-foreningsliv/bidrag-och-stod-till-foreningar/,200,https://www.svedala.se/uppleva/kultur-och-fritid/foreningar-foreningsliv/bidrag-och-stod-till-foreningar/,0,text/html; charset=utf-8,,,
svedala.yaml,svedala-marknadsforingsbidrag,Marknadsföringsbidrag,https://www.svedala.se/uppleva/kultur-och-fritid/foreningar-foreningsliv/bidrag-och-stod-till-foreningar/,200,https://www.svedala.se/uppleva/kultur-och-fritid/foreningar-foreningsliv/bidrag-och-stod-till-foreningar/,0,text/html; charset=utf-8,,,
svedala.yaml,svedala-uppstartsbidrag,Uppstartsbidrag,https://www.svedala.se/uppleva/kultur-och-fritid/foreningar-foreningsliv/bidrag-och-stod-till-foreningar/,200,https://www.svedala.se/uppleva/kultur-och-fritid/foreningar-foreningsliv/bidrag-och-stod-till-foreningar/,0,text/html; charset=utf-8,,,
svedala.yaml,svedala-subventionerad-lokalhyra,Subventionerad lokalhyra,https://www.svedala.se/uppleva/kultur-och-fritid/foreningar-foreningsliv/bidrag-och-stod-till-foreningar/,200,https://www.svedala.se/uppleva/kultur-och-fritid/foreningar-foreningsliv/bidrag-och-stod-till-foreningar/,0,text/html; charset=utf-8,,,
svedala.yaml,svedala-foreningsbidrag-vard-och-omsorg,Föreningsbidrag – vård och omsorg,https://www.svedala.se/uppleva/kultur-och-fritid/foreningar-foreningsliv/bidrag-och-stod-till-foreningar/,200,https://www.svedala.se/uppleva/kultur-och-fritid/foreningar-foreningsliv/bidrag-och-stod-till-foreningar/,0,text/html; charset=utf-8,,,
svenljunga.yaml,svenljunga-startbidrag,Startbidrag,https://www.svenljunga.se/uppleva--gora/foreningar-och-foreningsliv/foreningsbidrag,200,https://www.svenljunga.se/uppleva--gora/foreningar-och-foreningsliv/foreningsbidrag,0,text/html;charset=UTF-8,,,
svenljunga.yaml,svenljunga-lokalbidrag,Lokalbidrag,https://www.svenljunga.se/uppleva--gora/foreningar-och-foreningsliv/foreningsbidrag,200,https://www.svenljunga.se/uppleva--gora/foreningar-och-foreningsliv/foreningsbidrag,0,text/html;charset=UTF-8,,,
svenljunga.yaml,svenljunga-anlaggningsbidrag,Anläggningsbidrag,https://www.svenljunga.se/uppleva--gora/foreningar-och-foreningsliv/foreningsbidrag,200,https://www.svenljunga.se/uppleva--gora/foreningar-och-foreningsliv/foreningsbidrag,0,text/html;charset=UTF-8,,,
svenljunga.yaml,svenljunga-verksamhetsbidrag-unga,Verksamhetsbidrag unga,https://www.svenljunga.se/uppleva--gora/foreningar-och-foreningsliv/foreningsbidrag,200,https://www.svenljunga.se/uppleva--gora/foreningar-och-foreningsliv/foreningsbidrag,0,text/html;charset=UTF-8,,,
svenljunga.yaml,svenljunga-verksamhetsbidrag-byalag,Verksamhetsbidrag byalag,https://www.svenljunga.se/uppleva--gora/foreningar-och-foreningsliv/foreningsbidrag,200,https://www.svenljunga.se/uppleva--gora/foreningar-och-foreningsliv/foreningsbidrag,0,text/html;charset=UTF-8,,,
svenljunga.yaml,svenljunga-evenemangsbidrag,Evenemangsbidrag,https://www.svenljunga.se/uppleva--gora/foreningar-och-foreningsliv/foreningsbidrag,200,https://www.svenljunga.se/uppleva--gora/foreningar-och-foreningsliv/foreningsbidrag,0,text/html;charset=UTF-8,,,
svenljunga.yaml,svenljunga-lovbidrag,Lovbidrag,https://www.svenljunga.se/uppleva--gora/foreningar-och-foreningsliv/foreningsbidrag,200,https://www.svenljunga.se/uppleva--gora/foreningar-och-foreningsliv/foreningsbidrag,0,text/html;charset=UTF-8,,,
svenljunga.yaml,svenljunga-ledbidrag,Ledbidrag,https://www.svenljunga.se/uppleva--gora/foreningar-och-foreningsliv/foreningsbidrag,200,https://www.svenljunga.se/uppleva--gora/foreningar-och-foreningsliv/foreningsbidrag,0,text/html;charset=UTF-8,,,
svenljunga.yaml,svenljunga-investeringsbidrag,Investeringsbidrag,https://www.svenljunga.se/uppleva--gora/foreningar-och-foreningsliv/foreningsbidrag,200,https://www.svenljunga.se/uppleva--gora/foreningar-och-foreningsliv/foreningsbidrag,0,text/html;charset=UTF-8,,,
svenljunga.yaml,svenljunga-folkhalsobidrag,Folkhälsobidrag,https://www.svenljunga.se/uppleva--gora/foreningar-och-foreningsliv/foreningsbidrag,200,https://www.svenljunga.se/uppleva--gora/foreningar-och-foreningsliv/foreningsbidrag,0,text/html;charset=UTF-8,,,
taby.yaml,taby-aktivitetsbidrag,Aktivitetsbidrag,https://www.taby.se/uppleva-och-gora/foreningsliv/stod-och-bidrag-till-foreningar,200,https://www.taby.se/uppleva-och-gora/foreningsliv/stod-och-bidrag-till-foreningar,0,text/html;charset=UTF-8,,,
taby.yaml,taby-arrangemangsstod,Arrangemangsstöd,https://www.taby.se/uppleva-och-gora/foreningsliv/stod-och-bidrag-till-foreningar,200,https://www.taby.se/uppleva-och-gora/foreningsliv/stod-och-bidrag-till-foreningar,0,text/html;charset=UTF-8,,,
taby.yaml,taby-kompetensutveckling,Bidrag för kompetensutveckling,https://www.taby.se/uppleva-och-gora/foreningsliv/stod-och-bidrag-till-foreningar,200,https://www.taby.se/uppleva-och-gora/foreningsliv/stod-och-bidrag-till-foreningar,0,text/html;charset=UTF-8,,,
taby.yaml,taby-lokal-anlaggningsbidrag-barn-ungdom,Lokal- och anläggningsbidrag för barn- och ungdomsföreningar,https://www.taby.se/uppleva-och-gora/foreningsliv/stod-och-bidrag-till-foreningar,200,https://www.taby.se/uppleva-och-gora/foreningsliv/stod-och-bidrag-till-foreningar,0,text/html;charset=UTF-8,,,
taby.yaml,taby-lokalbidrag,Lokalbidrag,https://www.taby.se/uppleva-och-gora/foreningsliv/stod-och-bidrag-till-foreningar,200,https://www.taby.se/uppleva-och-gora/foreningsliv/stod-och-bidrag-till-foreningar,0,text/html;charset=UTF-8,,,
taby.yaml,taby-parasport,Parasport,https://www.taby.se/uppleva-och-gora/foreningsliv/stod-och-bidrag-till-foreningar,200,https://www.taby.se/uppleva-och-gora/foreningsliv/stod-och-bidrag-till-foreningar,0,text/html;charset=UTF-8,,,
taby.yaml,taby-stadbidrag-allmant,Städbidrag,https://www.taby.se/uppleva-och-gora/foreningsliv/stod-och-bidrag-till-foreningar,200,https://www.taby.se/uppleva-och-gora/foreningsliv/stod-och-bidrag-till-foreningar,0,text/html;charset=UTF-8,,,
taby.yaml,taby-stadbidrag-taby-torg-park,Städbidrag Täby Torg och Täby Park,https://www.taby.se/kampanjsidor/stadbidrag-taby-torg-och-taby-park,200,https://www.taby.se/kampanjsidor/stadbidrag-taby-torg-och-taby-park,0,text/html;charset=UTF-8,,,
taby.yaml,taby-kulturella-insatser,Stöd till kulturella insatser,https://www.taby.se/uppleva-och-gora/foreningsliv/stod-och-bidrag-till-foreningar,200,https://www.taby.se/uppleva-och-gora/foreningsliv/stod-och-bidrag-till-foreningar,0,text/html;charset=UTF-8,,,
taby.yaml,taby-verksamhetsbidrag-sociala-insatser,Verksamhetsbidrag sociala insatser,https://www.taby.se/uppleva-och-gora/foreningsliv/stod-och-bidrag-till-foreningar,200,https://www.taby.se/uppleva-och-gora/foreningsliv/stod-och-bidrag-till-foreningar,0,text/html;charset=UTF-8,,,
taby.yaml,taby-sarskilt-bidrag,Särskilt bidrag,https://www.taby.se/uppleva-och-gora/foreningsliv/stod-och-bidrag-till-foreningar,200,https://www.taby.se/uppleva-och-gora/foreningsliv/stod-och-bidrag-till-foreningar,0,text/html;charset=UTF-8,,,
taby.yaml,taby-verksamhetsbidrag-funktionshinderforening,Verksamhetsbidrag för funktionshinderförening,https://www.taby.se/uppleva-och-gora/foreningsliv/stod-och-bidrag-till-foreningar,200,https://www.taby.se/uppleva-och-gora/foreningsliv/stod-och-bidrag-till-foreningar,0,text/html;charset=UTF-8,,,
taby.yaml,taby-arrangemangsstod-kulturforeningar,Arrangemangsstöd kulturföreningar,https://www.taby.se/download/18.1472478b19d24ae5186217e6/1775121438910/riktlinjer-bidragsregler-for-kultur-fritidsnamndens-verksamheter_TGA.pdf,200,https://www.taby.se/download/18.1472478b19d24ae5186217e6/1775121438910/riktlinjer-bidragsregler-for-kultur-fritidsnamndens-verksamheter_TGA.pdf,0,application/pdf,,,
tanum.yaml,tanum-startbidrag,Startbidrag,https://www.tanum.se/upplevagora/foreningar/foreningsbidragochstod.4.7664b4813898b7df9843fa8.html,200,https://www.tanum.se/upplevagora/foreningar/foreningsbidragochstod.4.7664b4813898b7df9843fa8.html,0,text/html;charset=UTF-8,,,
tanum.yaml,tanum-grundbidrag,Grundbidrag,https://www.tanum.se/upplevagora/foreningar/foreningsbidragochstod.4.7664b4813898b7df9843fa8.html,200,https://www.tanum.se/upplevagora/foreningar/foreningsbidragochstod.4.7664b4813898b7df9843fa8.html,0,text/html;charset=UTF-8,,,
tanum.yaml,tanum-ledarutbildningsbidrag,Ledarutbildningsbidrag,https://www.tanum.se/upplevagora/foreningar/foreningsbidragochstod.4.7664b4813898b7df9843fa8.html,200,https://www.tanum.se/upplevagora/foreningar/foreningsbidragochstod.4.7664b4813898b7df9843fa8.html,0,text/html;charset=UTF-8,,,
tanum.yaml,tanum-lokalt-aktivitetsstod,Lokalt aktivitetsstöd,https://www.tanum.se/upplevagora/foreningar/foreningsbidragochstod.4.7664b4813898b7df9843fa8.html,200,https://www.tanum.se/upplevagora/foreningar/foreningsbidragochstod.4.7664b4813898b7df9843fa8.html,0,text/html;charset=UTF-8,,,
tanum.yaml,tanum-stod-for-arrangemang,Stöd för arrangemang,https://www.tanum.se/upplevagora/foreningar/foreningsbidragochstod.4.7664b4813898b7df9843fa8.html,200,https://www.tanum.se/upplevagora/foreningar/foreningsbidragochstod.4.7664b4813898b7df9843fa8.html,0,text/html;charset=UTF-8,,,
tanum.yaml,tanum-bidrag-till-handikapp-och-pensionarsforeningar,Bidrag till handikapp- och pensionärsföreningar,https://www.tanum.se/upplevagora/foreningar/foreningsbidragochstod.4.7664b4813898b7df9843fa8.html,200,https://www.tanum.se/upplevagora/foreningar/foreningsbidragochstod.4.7664b4813898b7df9843fa8.html,0,text/html;charset=UTF-8,,,
tanum.yaml,tanum-bidrag-till-studieforbund,Bidrag till studieförbund,https://www.tanum.se/upplevagora/foreningar/foreningsbidragochstod.4.7664b4813898b7df9843fa8.html,200,https://www.tanum.se/upplevagora/foreningar/foreningsbidragochstod.4.7664b4813898b7df9843fa8.html,0,text/html;charset=UTF-8,,,
tibro.yaml,tibro-hyreskostnadsbidrag,Hyreskostnadsbidrag,https://www.tibro.se/Kultur-fritid-och-idrott/forening/Bidrag/,200,https://www.tibro.se/Kultur-fritid-och-idrott/forening/Bidrag/,0,text/html; charset=utf-8,,,
tibro.yaml,tibro-driftskostnadsbidrag,Driftskostnadsbidrag,https://www.tibro.se/Kultur-fritid-och-idrott/forening/Bidrag/,200,https://www.tibro.se/Kultur-fritid-och-idrott/forening/Bidrag/,0,text/html; charset=utf-8,,,
tibro.yaml,tibro-kommunalt-lokalt-aktivitetsstod,Kommunalt lokalt aktivitetsstöd,https://www.tibro.se/Kultur-fritid-och-idrott/forening/Bidrag/,200,https://www.tibro.se/Kultur-fritid-och-idrott/forening/Bidrag/,0,text/html; charset=utf-8,,,
tibro.yaml,tibro-tillaggsbidrag,Tilläggsbidrag,https://www.tibro.se/Kultur-fritid-och-idrott/forening/Bidrag/,200,https://www.tibro.se/Kultur-fritid-och-idrott/forening/Bidrag/,0,text/html; charset=utf-8,,,
tibro.yaml,tibro-sarskilt-anlaggningsbidrag,Särskilt anläggningsbidrag,https://www.tibro.se/Kultur-fritid-och-idrott/forening/Bidrag/,200,https://www.tibro.se/Kultur-fritid-och-idrott/forening/Bidrag/,0,text/html; charset=utf-8,,,
tibro.yaml,tibro-verksamhetsbidrag-till-kulturforeningar,Verksamhetsbidrag till kulturföreningar,https://www.tibro.se/Kultur-fritid-och-idrott/forening/Bidrag/,200,https://www.tibro.se/Kultur-fritid-och-idrott/forening/Bidrag/,0,text/html; charset=utf-8,,,
tibro.yaml,tibro-kulturaktivitet-och-evenemangsbidrag,Kulturaktivitet och evenemangsbidrag,https://www.tibro.se/Kultur-fritid-och-idrott/forening/Bidrag/,200,https://www.tibro.se/Kultur-fritid-och-idrott/forening/Bidrag/,0,text/html; charset=utf-8,,,
tidaholm.yaml,tidaholm-verksamhetsbidrag-aktivitetsstod,Verksamhetsbidrag (aktivitetsstöd),https://www.tidaholm.se/upplevaochgora/foreningslivochbidrag/bidragstodochstipendier.1218.html,200,https://www.tidaholm.se/upplevaochgora/foreningslivochbidrag/bidragstodochstipendier.1218.html,0,text/html;charset=UTF-8,,,
tidaholm.yaml,tidaholm-anlaggningsbidrag,Anläggningsbidrag,https://www.tidaholm.se/upplevaochgora/foreningslivochbidrag/bidragstodochstipendier.1218.html,200,https://www.tidaholm.se/upplevaochgora/foreningslivochbidrag/bidragstodochstipendier.1218.html,0,text/html;charset=UTF-8,,,
tidaholm.yaml,tidaholm-stod-till-lokal-utveckling,Stöd till lokal utveckling,https://www.tidaholm.se/upplevaochgora/foreningslivochbidrag/bidragstodochstipendier.1218.html,200,https://www.tidaholm.se/upplevaochgora/foreningslivochbidrag/bidragstodochstipendier.1218.html,0,text/html;charset=UTF-8,,,
tidaholm.yaml,tidaholm-kulturbidrag,Kulturbidrag,https://www.tidaholm.se/upplevaochgora/foreningslivochbidrag/bidragstodochstipendier.1218.html,200,https://www.tidaholm.se/upplevaochgora/foreningslivochbidrag/bidragstodochstipendier.1218.html,0,text/html;charset=UTF-8,,,
tidaholm.yaml,tidaholm-utvecklingsbidrag,Utvecklingsbidrag,https://www.tidaholm.se/upplevaochgora/foreningslivochbidrag/bidragstodochstipendier.1218.html,200,https://www.tidaholm.se/upplevaochgora/foreningslivochbidrag/bidragstodochstipendier.1218.html,0,text/html;charset=UTF-8,,,
tidaholm.yaml,tidaholm-startbidrag,Startbidrag,https://www.tidaholm.se/upplevaochgora/foreningslivochbidrag/bidragstodochstipendier.1218.html,200,https://www.tidaholm.se/upplevaochgora/foreningslivochbidrag/bidragstodochstipendier.1218.html,0,text/html;charset=UTF-8,,,
tierp.yaml,tierp-aktivitetsbidrag-barn-unga,Aktivitetsbidrag barn och unga 4–25 år,https://www.tierp.se/tierp.se/kultur-fritid-och-friluftsliv/foreningar-och-studieforbund/foreningsbidrag.html,200,https://www.tierp.se/tierp.se/kultur-fritid-och-friluftsliv/foreningar-och-studieforbund/foreningsbidrag.html,0,text/html;charset=UTF-8,,,
tierp.yaml,tierp-aktivitetsbidrag-pensionar,Aktivitetsbidrag pensionärsföreningar,https://www.tierp.se/tierp.se/kultur-fritid-och-friluftsliv/foreningar-och-studieforbund/foreningsbidrag.html,200,https://www.tierp.se/tierp.se/kultur-fritid-och-friluftsliv/foreningar-och-studieforbund/foreningsbidrag.html,0,text/html;charset=UTF-8,,,
tierp.yaml,tierp-aktivitetsbidrag-funktionsnedsatta,Aktivitetsbidrag för föreningar för personer med funktionsnedsättning,https://www.tierp.se/tierp.se/kultur-fritid-och-friluftsliv/foreningar-och-studieforbund/foreningsbidrag.html,200,https://www.tierp.se/tierp.se/kultur-fritid-och-friluftsliv/foreningar-och-studieforbund/foreningsbidrag.html,0,text/html;charset=UTF-8,,,
tierp.yaml,tierp-lokalhyra,Bidrag för lokalhyra,https://www.tierp.se/tierp.se/kultur-fritid-och-friluftsliv/foreningar-och-studieforbund/foreningsbidrag.html,200,https://www.tierp.se/tierp.se/kultur-fritid-och-friluftsliv/foreningar-och-studieforbund/foreningsbidrag.html,0,text/html;charset=UTF-8,,,
tierp.yaml,tierp-samlingslokaler,Bidrag för samlingslokaler,https://www.tierp.se/tierp.se/kultur-fritid-och-friluftsliv/foreningar-och-studieforbund/foreningsbidrag.html,200,https://www.tierp.se/tierp.se/kultur-fritid-och-friluftsliv/foreningar-och-studieforbund/foreningsbidrag.html,0,text/html;charset=UTF-8,,,
tierp.yaml,tierp-anlaggning,Anläggningsbidrag,https://www.tierp.se/tierp.se/kultur-fritid-och-friluftsliv/foreningar-och-studieforbund/foreningsbidrag.html,200,https://www.tierp.se/tierp.se/kultur-fritid-och-friluftsliv/foreningar-och-studieforbund/foreningsbidrag.html,0,text/html;charset=UTF-8,,,
tierp.yaml,tierp-investering,Investeringsbidrag,https://www.tierp.se/tierp.se/kultur-fritid-och-friluftsliv/foreningar-och-studieforbund/foreningsbidrag.html,200,https://www.tierp.se/tierp.se/kultur-fritid-och-friluftsliv/foreningar-och-studieforbund/foreningsbidrag.html,0,text/html;charset=UTF-8,,,
tierp.yaml,tierp-ledarutbildning,Bidrag för ledarutbildning,https://www.tierp.se/tierp.se/kultur-fritid-och-friluftsliv/foreningar-och-studieforbund/foreningsbidrag.html,200,https://www.tierp.se/tierp.se/kultur-fritid-och-friluftsliv/foreningar-och-studieforbund/foreningsbidrag.html,0,text/html;charset=UTF-8,,,
tierp.yaml,tierp-hembygdsgardar,Bidrag till hembygdsgårdar,https://www.tierp.se/tierp.se/kultur-fritid-och-friluftsliv/foreningar-och-studieforbund/foreningsbidrag.html,200,https://www.tierp.se/tierp.se/kultur-fritid-och-friluftsliv/foreningar-och-studieforbund/foreningsbidrag.html,0,text/html;charset=UTF-8,,,
tierp.yaml,tierp-verksamhetsbidrag-kultur,Verksamhetsbidrag för kulturföreningar,https://www.tierp.se/tierp.se/kultur-fritid-och-friluftsliv/foreningar-och-studieforbund/foreningsbidrag.html,200,https://www.tierp.se/tierp.se/kultur-fritid-och-friluftsliv/foreningar-och-studieforbund/foreningsbidrag.html,0,text/html;charset=UTF-8,,,
tierp.yaml,tierp-kulturarrangemang,Bidrag till kulturarrangemang,https://www.tierp.se/tierp.se/kultur-fritid-och-friluftsliv/foreningar-och-studieforbund/foreningsbidrag.html,200,https://www.tierp.se/tierp.se/kultur-fritid-och-friluftsliv/foreningar-och-studieforbund/foreningsbidrag.html,0,text/html;charset=UTF-8,,,
tierp.yaml,tierp-riktat,Riktat bidrag,https://www.tierp.se/tierp.se/kultur-fritid-och-friluftsliv/foreningar-och-studieforbund/foreningsbidrag.html,200,https://www.tierp.se/tierp.se/kultur-fritid-och-friluftsliv/foreningar-och-studieforbund/foreningsbidrag.html,0,text/html;charset=UTF-8,,,
tierp.yaml,tierp-scenkonst,Bidrag för scenkonst,https://www.tierp.se/tierp.se/kultur-fritid-och-friluftsliv/foreningar-och-studieforbund/foreningsbidrag.html,200,https://www.tierp.se/tierp.se/kultur-fritid-och-friluftsliv/foreningar-och-studieforbund/foreningsbidrag.html,0,text/html;charset=UTF-8,,,
tierp.yaml,tierp-ovrigt,Övrigt bidrag,https://www.tierp.se/tierp.se/kultur-fritid-och-friluftsliv/foreningar-och-studieforbund/foreningsbidrag.html,200,https://www.tierp.se/tierp.se/kultur-fritid-och-friluftsliv/foreningar-och-studieforbund/foreningsbidrag.html,0,text/html;charset=UTF-8,,,
timra.yaml,timra-grundbidrag-barn-och-ungdomsforeningar,Grundbidrag barn- och ungdomsföreningar,https://www.timra.se/upplevagora/foreningsliv/foreningsbidrag.4.714dad16d46439ef934f0.html,200,https://www.timra.se/upplevagora/foreningsliv/foreningsbidrag.4.714dad16d46439ef934f0.html,0,text/html;charset=UTF-8,,,
timra.yaml,timra-aktivitetsbidrag-barn-och-ungdomsforeningar,Aktivitetsbidrag barn- och ungdomsföreningar,https://www.timra.se/upplevagora/foreningsliv/foreningsbidrag.4.714dad16d46439ef934f0.html,200,https://www.timra.se/upplevagora/foreningsliv/foreningsbidrag.4.714dad16d46439ef934f0.html,0,text/html;charset=UTF-8,,,
timra.yaml,timra-bidrag-till-fritidsanlaggningar,Bidrag till fritidsanläggningar,https://www.timra.se/upplevagora/foreningsliv/foreningsbidrag.4.714dad16d46439ef934f0.html,200,https://www.timra.se/upplevagora/foreningsliv/foreningsbidrag.4.714dad16d46439ef934f0.html,0,text/html;charset=UTF-8,,,
timra.yaml,timra-bidrag-till-foreningar-av-social-karaktar,Bidrag till föreningar av social karaktär,https://www.timra.se/upplevagora/foreningsliv/foreningsbidrag.4.714dad16d46439ef934f0.html,200,https://www.timra.se/upplevagora/foreningsliv/foreningsbidrag.4.714dad16d46439ef934f0.html,0,text/html;charset=UTF-8,,,
timra.yaml,timra-bidrag-till-studieforbund,Bidrag till studieförbund,https://www.timra.se/upplevagora/foreningsliv/foreningsbidrag.4.714dad16d46439ef934f0.html,200,https://www.timra.se/upplevagora/foreningsliv/foreningsbidrag.4.714dad16d46439ef934f0.html,0,text/html;charset=UTF-8,,,
timra.yaml,timra-bidrag-till-kulturforeningar,Bidrag till kulturföreningar,https://www.timra.se/upplevagora/foreningsliv/foreningsbidrag.4.714dad16d46439ef934f0.html,200,https://www.timra.se/upplevagora/foreningsliv/foreningsbidrag.4.714dad16d46439ef934f0.html,0,text/html;charset=UTF-8,,,
timra.yaml,timra-bidrag-till-kulturarrangemang,Bidrag till kulturarrangemang,https://www.timra.se/upplevagora/foreningsliv/foreningsbidrag.4.714dad16d46439ef934f0.html,200,https://www.timra.se/upplevagora/foreningsliv/foreningsbidrag.4.714dad16d46439ef934f0.html,0,text/html;charset=UTF-8,,,
timra.yaml,timra-bidrag-till-sarskilda-insatser,Bidrag till särskilda insatser,https://www.timra.se/upplevagora/foreningsliv/foreningsbidrag.4.714dad16d46439ef934f0.html,200,https://www.timra.se/upplevagora/foreningsliv/foreningsbidrag.4.714dad16d46439ef934f0.html,0,text/html;charset=UTF-8,,,
timra.yaml,timra-bidrag-till-samlingslokaler,Bidrag till samlingslokaler,https://www.timra.se/upplevagora/foreningsliv/foreningsbidrag.4.714dad16d46439ef934f0.html,200,https://www.timra.se/upplevagora/foreningsliv/foreningsbidrag.4.714dad16d46439ef934f0.html,0,text/html;charset=UTF-8,,,
timra.yaml,timra-bidrag-till-skotsel-av-lek-och-badplatser,Bidrag till skötsel av lek- och badplatser,https://www.timra.se/upplevagora/foreningsliv/foreningsbidrag.4.714dad16d46439ef934f0.html,200,https://www.timra.se/upplevagora/foreningsliv/foreningsbidrag.4.714dad16d46439ef934f0.html,0,text/html;charset=UTF-8,,,
tingsryd.yaml,tingsryd-verksamhetsstod,Verksamhetsstöd,https://tingsryd.se/uppleva-och-gora/foreningar/stod-och-bidrag/,200,https://tingsryd.se/uppleva-och-gora/foreningar/stod-och-bidrag/,0,text/html; charset=UTF-8,,,
tingsryd.yaml,tingsryd-evenemangsstod-mindre-arrangemang,Evenemangsstöd – mindre arrangemang,https://tingsryd.se/uppleva-och-gora/foreningar/stod-och-bidrag/,200,https://tingsryd.se/uppleva-och-gora/foreningar/stod-och-bidrag/,0,text/html; charset=UTF-8,,,
tingsryd.yaml,tingsryd-evenemangsstod-storre-arrangemang,Evenemangsstöd – större arrangemang,https://tingsryd.se/uppleva-och-gora/foreningar/stod-och-bidrag/,200,https://tingsryd.se/uppleva-och-gora/foreningar/stod-och-bidrag/,0,text/html; charset=UTF-8,,,
tingsryd.yaml,tingsryd-investeringsstod,Investeringsstöd,https://tingsryd.se/uppleva-och-gora/foreningar/stod-och-bidrag/,200,https://tingsryd.se/uppleva-och-gora/foreningar/stod-och-bidrag/,0,text/html; charset=UTF-8,,,
tingsryd.yaml,tingsryd-utvecklingsstod,Utvecklingsstöd,https://tingsryd.se/uppleva-och-gora/foreningar/stod-och-bidrag/,200,https://tingsryd.se/uppleva-och-gora/foreningar/stod-och-bidrag/,0,text/html; charset=UTF-8,,,
tingsryd.yaml,tingsryd-lovbidrag,Lovbidrag,https://tingsryd.se/uppleva-och-gora/foreningar/stod-och-bidrag/,200,https://tingsryd.se/uppleva-och-gora/foreningar/stod-och-bidrag/,0,text/html; charset=UTF-8,,,
tjorn.yaml,tjorn-aktivitetsbidrag,Aktivitetsbidrag,https://www.tjorn.se/kultur-fritid-och-turism/stod-bidrag-och-stipendier,200,https://www.tjorn.se/kultur-fritid-och-turism/stod-bidrag-och-stipendier,0,text/html;charset=UTF-8,,,
tjorn.yaml,tjorn-ledarutbildningsbidrag,Ledarutbildningsbidrag,https://www.tjorn.se/kultur-fritid-och-turism/stod-bidrag-och-stipendier,200,https://www.tjorn.se/kultur-fritid-och-turism/stod-bidrag-och-stipendier,0,text/html;charset=UTF-8,,,
tjorn.yaml,tjorn-kulturverksamhetsbidrag,Kulturverksamhetsbidrag,https://www.tjorn.se/kultur-fritid-och-turism/stod-bidrag-och-stipendier,200,https://www.tjorn.se/kultur-fritid-och-turism/stod-bidrag-och-stipendier,0,text/html;charset=UTF-8,,,
tjorn.yaml,tjorn-bygdegardsbidrag,Bygdegårdsbidrag,https://www.tjorn.se/kultur-fritid-och-turism/stod-bidrag-och-stipendier,200,https://www.tjorn.se/kultur-fritid-och-turism/stod-bidrag-och-stipendier,0,text/html;charset=UTF-8,,,
tjorn.yaml,tjorn-driftsbidrag,Driftsbidrag,https://www.tjorn.se/kultur-fritid-och-turism/stod-bidrag-och-stipendier,200,https://www.tjorn.se/kultur-fritid-och-turism/stod-bidrag-och-stipendier,0,text/html;charset=UTF-8,,,
tjorn.yaml,tjorn-projektbidrag,Projektbidrag,https://www.tjorn.se/kultur-fritid-och-turism/stod-bidrag-och-stipendier,200,https://www.tjorn.se/kultur-fritid-och-turism/stod-bidrag-och-stipendier,0,text/html;charset=UTF-8,,,
tjorn.yaml,tjorn-arrangemangsbidrag,Arrangemangsbidrag,https://www.tjorn.se/kultur-fritid-och-turism/stod-bidrag-och-stipendier,200,https://www.tjorn.se/kultur-fritid-och-turism/stod-bidrag-och-stipendier,0,text/html;charset=UTF-8,,,
tomelilla.yaml,tomelilla-lokalt-aktivitetsstod,Lokalt aktivitetsstöd,https://tomelilla.se/upplevaochgora/foreningsliv/stodtillforeningar/verksamhetsstodforforeningar.1093.html,200,https://tomelilla.se/upplevaochgora/foreningsliv/stodtillforeningar/verksamhetsstodforforeningar.1093.html,0,text/html;charset=UTF-8,,,
tomelilla.yaml,tomelilla-arrangemangs-och-evenemangsstod,Arrangemangs- och evenemangsstöd,https://tomelilla.se/upplevaochgora/foreningsliv/stodtillforeningar/verksamhetsstodforforeningar.1093.html,200,https://tomelilla.se/upplevaochgora/foreningsliv/stodtillforeningar/verksamhetsstodforforeningar.1093.html,0,text/html;charset=UTF-8,,,
tomelilla.yaml,tomelilla-utvecklingsstod,Utvecklingsstöd,https://tomelilla.se/upplevaochgora/foreningsliv/stodtillforeningar/verksamhetsstodforforeningar.1093.html,200,https://tomelilla.se/upplevaochgora/foreningsliv/stodtillforeningar/verksamhetsstodforforeningar.1093.html,0,text/html;charset=UTF-8,,,
tomelilla.yaml,tomelilla-stod-kulturellt-vardefulla-byggnader,Stöd till kulturellt värdefulla byggnader,https://tomelilla.se/upplevaochgora/foreningsliv/stodtillforeningar/verksamhetsstodforforeningar.1093.html,200,https://tomelilla.se/upplevaochgora/foreningsliv/stodtillforeningar/verksamhetsstodforforeningar.1093.html,0,text/html;charset=UTF-8,,,
tomelilla.yaml,tomelilla-kommunagda-lokaler,Stöd i kommunägda eller kommunhyrda anläggningar och lokaler,https://tomelilla.se/upplevaochgora/foreningsliv/stodtillforeningar/anlaggningsochlokalstodforforeningar.1094.html,200,https://tomelilla.se/upplevaochgora/foreningsliv/stodtillforeningar/anlaggningsochlokalstodforforeningar.1094.html,0,text/html;charset=UTF-8,,,
tomelilla.yaml,tomelilla-foreningsagda-anlaggningar,Stöd i föreningsägda anläggningar eller lokaler,https://tomelilla.se/upplevaochgora/foreningsliv/stodtillforeningar/anlaggningsochlokalstodforforeningar.1094.html,200,https://tomelilla.se/upplevaochgora/foreningsliv/stodtillforeningar/anlaggningsochlokalstodforforeningar.1094.html,0,text/html;charset=UTF-8,,,
tomelilla.yaml,tomelilla-hyresstod,Hyresstöd,https://tomelilla.se/upplevaochgora/foreningsliv/stodtillforeningar/anlaggningsochlokalstodforforeningar.1094.html,200,https://tomelilla.se/upplevaochgora/foreningsliv/stodtillforeningar/anlaggningsochlokalstodforforeningar.1094.html,0,text/html;charset=UTF-8,,,
tomelilla.yaml,tomelilla-forskoningsbidrag,Försköningsbidrag,https://tomelilla.se/upplevaochgora/foreningsliv/stodtillforeningar/andratyperavforeningsstod.1110.html,200,https://tomelilla.se/upplevaochgora/foreningsliv/stodtillforeningar/andratyperavforeningsstod.1110.html,0,text/html;charset=UTF-8,,,
tomelilla.yaml,tomelilla-foreningsbidrag-familjenamnden,Föreningsbidrag inom familjenämndens område,https://tomelilla.se/upplevaochgora/foreningsliv/stodtillforeningar/andratyperavforeningsstod.1110.html,200,https://tomelilla.se/upplevaochgora/foreningsliv/stodtillforeningar/andratyperavforeningsstod.1110.html,0,text/html;charset=UTF-8,,,
tomelilla.yaml,tomelilla-investeringslan-eller-bidrag,Räntefritt lån eller bidrag till föreningsinvesteringar,https://tomelilla.se/upplevaochgora/foreningsliv/stodtillforeningar/andratyperavforeningsstod.1110.html,200,https://tomelilla.se/upplevaochgora/foreningsliv/stodtillforeningar/andratyperavforeningsstod.1110.html,0,text/html;charset=UTF-8,,,
toreboda.yaml,toreboda-foreningsbidrag,Föreningsbidrag,https://toreboda.se/uppleva-och-gora/idrott-motion-och-friluftsliv/foreningsliv-och-foreningar/foreningsbidrag,200,https://toreboda.se/uppleva-och-gora/idrott-motion-och-friluftsliv/foreningsliv-och-foreningar/foreningsbidrag,0,text/html;charset=UTF-8,,,
torsas.yaml,torsas-foreningsbidrag,Föreningsbidrag,https://www.torsas.se/kultur-och-fritid/forenings-och-investeringsbidrag/,200,https://www.torsas.se/kultur-och-fritid/forenings-och-investeringsbidrag/,0,text/html; charset=UTF-8,,,
torsas.yaml,torsas-investeringsbidrag-av-mindre-slag,Investeringsbidrag av mindre slag,https://www.torsas.se/kultur-och-fritid/forenings-och-investeringsbidrag/,200,https://www.torsas.se/kultur-och-fritid/forenings-och-investeringsbidrag/,0,text/html; charset=UTF-8,,,
torsas.yaml,torsas-kulturbidrag,Kulturbidrag,https://www.torsas.se/kultur-och-fritid/kultur/kulturbidrag/,200,https://www.torsas.se/kultur-och-fritid/kultur/kulturbidrag/,0,text/html; charset=UTF-8,,,
torsas.yaml,torsas-foreningsbidrag-inom-socialnamndens-omrade,Föreningsbidrag inom socialnämndens område,https://www.torsas.se/kultur-och-fritid/forenings-och-investeringsbidrag/foreningsbidrag/,200,https://www.torsas.se/kultur-och-fritid/forenings-och-investeringsbidrag/foreningsbidrag/,0,text/html; charset=UTF-8,,,
torsby.yaml,torsby-aktivitetsbidrag,Aktivitetsbidrag,https://torsby.se/upplevagora/stodochhjalptillforeningar/foreningsbidragstodochstipendierforforeningar.4.7308326156ca7fa796bf201.html,200,https://torsby.se/upplevagora/stodochhjalptillforeningar/foreningsbidragstodochstipendierforforeningar.4.7308326156ca7fa796bf201.html,0,text/html;charset=UTF-8,,,
torsby.yaml,torsby-lokal-och-anlaggningsbidrag,Lokal- och anläggningsbidrag,https://torsby.se/upplevagora/stodochhjalptillforeningar/foreningsbidragstodochstipendierforforeningar.4.7308326156ca7fa796bf201.html,200,https://torsby.se/upplevagora/stodochhjalptillforeningar/foreningsbidragstodochstipendierforforeningar.4.7308326156ca7fa796bf201.html,0,text/html;charset=UTF-8,,,
torsby.yaml,torsby-ledarutbildningsbidrag,Ledarutbildningsbidrag,https://torsby.se/upplevagora/stodochhjalptillforeningar/foreningsbidragstodochstipendierforforeningar.4.7308326156ca7fa796bf201.html,200,https://torsby.se/upplevagora/stodochhjalptillforeningar/foreningsbidragstodochstipendierforforeningar.4.7308326156ca7fa796bf201.html,0,text/html;charset=UTF-8,,,
torsby.yaml,torsby-startbidrag,Startbidrag,https://torsby.se/upplevagora/stodochhjalptillforeningar/foreningsbidragstodochstipendierforforeningar.4.7308326156ca7fa796bf201.html,200,https://torsby.se/upplevagora/stodochhjalptillforeningar/foreningsbidragstodochstipendierforforeningar.4.7308326156ca7fa796bf201.html,0,text/html;charset=UTF-8,,,
torsby.yaml,torsby-bidrag-samlingslokaler,Bidrag till samlingslokaler,https://torsby.se/upplevagora/stodochhjalptillforeningar/foreningsbidragstodochstipendierforforeningar.4.7308326156ca7fa796bf201.html,200,https://torsby.se/upplevagora/stodochhjalptillforeningar/foreningsbidragstodochstipendierforforeningar.4.7308326156ca7fa796bf201.html,0,text/html;charset=UTF-8,,,
torsby.yaml,torsby-forlustbidrag-kulturforeningar,Förlustbidrag till kulturföreningar,https://torsby.se/upplevagora/stodochhjalptillforeningar/foreningsbidragstodochstipendierforforeningar.4.7308326156ca7fa796bf201.html,200,https://torsby.se/upplevagora/stodochhjalptillforeningar/foreningsbidragstodochstipendierforforeningar.4.7308326156ca7fa796bf201.html,0,text/html;charset=UTF-8,,,
torsby.yaml,torsby-landsbygdspotten,Landsbygdspotten,https://torsby.se/upplevagora/stodochhjalptillforeningar/foreningsbidragstodochstipendierforforeningar.4.7308326156ca7fa796bf201.html,200,https://torsby.se/upplevagora/stodochhjalptillforeningar/foreningsbidragstodochstipendierforforeningar.4.7308326156ca7fa796bf201.html,0,text/html;charset=UTF-8,,,
tranas.yaml,tranas-aktivitetsstod,Aktivitetsstöd,https://www.tranas.se/uppleva-och-gora/foreningar-och-studieforbund/foreningsbidrag/aktivitetsstod,200,https://tranas.se/uppleva-och-gora/foreningar-och-studieforbund/foreningsbidrag/aktivitetsstod/,1,text/html; charset=UTF-8,,,
tranas.yaml,tranas-arrangemangsbidrag,Arrangemangsbidrag,https://www.tranas.se/uppleva-och-gora/foreningar-och-studieforbund/foreningsbidrag,200,https://tranas.se/uppleva-och-gora/foreningar-och-studieforbund/foreningsbidrag/,1,text/html; charset=UTF-8,,,
tranas.yaml,tranas-investeringsbidrag,Investeringsbidrag,https://www.tranas.se/uppleva-och-gora/foreningar-och-studieforbund/foreningsbidrag/investeringsbidrag,200,https://tranas.se/uppleva-och-gora/foreningar-och-studieforbund/foreningsbidrag/investeringsbidrag/,1,text/html; charset=UTF-8,,,
tranas.yaml,tranas-stodbidrag-foreningsutveckling,Stödbidrag (föreningsutveckling),https://www.tranas.se/uppleva-och-gora/foreningar-och-studieforbund/foreningsbidrag/stodbidrag---foreningsutveckling,200,https://tranas.se/uppleva-och-gora/foreningar-och-studieforbund/foreningsbidrag/stodbidrag---foreningsutveckling/,1,text/html; charset=UTF-8,,,
tranas.yaml,tranas-lokalbidrag,Lokalbidrag,https://www.tranas.se/uppleva-och-gora/foreningar-och-studieforbund/foreningsbidrag,200,https://tranas.se/uppleva-och-gora/foreningar-och-studieforbund/foreningsbidrag/,1,text/html; charset=UTF-8,,,
tranas.yaml,tranas-anlaggningsbidrag,Anläggningsbidrag,https://www.tranas.se/uppleva-och-gora/foreningar-och-studieforbund/foreningsbidrag,200,https://tranas.se/uppleva-och-gora/foreningar-och-studieforbund/foreningsbidrag/,1,text/html; charset=UTF-8,,,
tranas.yaml,tranas-projektbidrag-prosocialt,Projektbidrag (prosociala insatser/social hållbarhet),https://www.tranas.se/uppleva-och-gora/foreningar-och-studieforbund/foreningsbidrag,200,https://tranas.se/uppleva-och-gora/foreningar-och-studieforbund/foreningsbidrag/,1,text/html; charset=UTF-8,,,
tranemo.yaml,tranemo-verksamhetsbidrag,Verksamhetsbidrag,https://tranemo.se/uppleva--gora/foreningsliv/bidrag,200,https://tranemo.se/uppleva--gora/foreningsliv/bidrag,0,text/html;charset=UTF-8,,,
tranemo.yaml,tranemo-lokal-och-anlaggningsbidrag,Lokal- och anläggningsbidrag,https://tranemo.se/uppleva--gora/foreningsliv/bidrag,200,https://tranemo.se/uppleva--gora/foreningsliv/bidrag,0,text/html;charset=UTF-8,,,
tranemo.yaml,tranemo-bidrag-till-pensionarsforeningar,Bidrag till pensionärsföreningar,https://tranemo.se/uppleva--gora/foreningsliv/bidrag,200,https://tranemo.se/uppleva--gora/foreningsliv/bidrag,0,text/html;charset=UTF-8,,,
tranemo.yaml,tranemo-bidrag-till-funktionshinderforeningar,Bidrag till funktionshinderföreningar,https://tranemo.se/uppleva--gora/foreningsliv/bidrag,200,https://tranemo.se/uppleva--gora/foreningsliv/bidrag,0,text/html;charset=UTF-8,,,
tranemo.yaml,tranemo-utvecklingsbidrag,Utvecklingsbidrag,https://tranemo.se/uppleva--gora/foreningsliv/bidrag,200,https://tranemo.se/uppleva--gora/foreningsliv/bidrag,0,text/html;charset=UTF-8,,,
tranemo.yaml,tranemo-kommunstrategiskt-foreningsbidrag,Kommunstrategiskt föreningsbidrag,https://tranemo.se/uppleva--gora/foreningsliv/bidrag,200,https://tranemo.se/uppleva--gora/foreningsliv/bidrag,0,text/html;charset=UTF-8,,,
tranemo.yaml,tranemo-investerings-och-upprustningsbidrag,Investerings- och upprustningsbidrag,https://tranemo.se/uppleva--gora/foreningsliv/bidrag,200,https://tranemo.se/uppleva--gora/foreningsliv/bidrag,0,text/html;charset=UTF-8,,,
tranemo.yaml,tranemo-bidrag-till-studieforbund,Bidrag till studieförbund,https://tranemo.se/uppleva--gora/foreningsliv/bidrag,200,https://tranemo.se/uppleva--gora/foreningsliv/bidrag,0,text/html;charset=UTF-8,,,
tranemo.yaml,tranemo-bidrag-till-rf-sisu,Bidrag till RF-SISU,https://tranemo.se/uppleva--gora/foreningsliv/bidrag,200,https://tranemo.se/uppleva--gora/foreningsliv/bidrag,0,text/html;charset=UTF-8,,,
trelleborg.yaml,trelleborg-verksamhetsbidrag-barn-ungdom,Verksamhetsbidrag barn- och ungdomsverksamhet,https://www.trelleborg.se/app/uploads/2023/08/riktlinje-for-bidrag-till-foreningar-inom-trelleborgs-kommun-2025-version.pdf,200,https://www.trelleborg.se/app/uploads/2023/08/riktlinje-for-bidrag-till-foreningar-inom-trelleborgs-kommun-2025-version.pdf,0,application/pdf,,,
trelleborg.yaml,trelleborg-lokalbidrag-egenagd,Lokalbidrag ungdomsverksamhet — egenägd lokal,https://www.trelleborg.se/app/uploads/2023/08/riktlinje-for-bidrag-till-foreningar-inom-trelleborgs-kommun-2025-version.pdf,200,https://www.trelleborg.se/app/uploads/2023/08/riktlinje-for-bidrag-till-foreningar-inom-trelleborgs-kommun-2025-version.pdf,0,application/pdf,,,
trelleborg.yaml,trelleborg-lokalbidrag-forhyrd,Lokalbidrag ungdomsverksamhet — förhyrd lokal,https://www.trelleborg.se/app/uploads/2023/08/riktlinje-for-bidrag-till-foreningar-inom-trelleborgs-kommun-2025-version.pdf,200,https://www.trelleborg.se/app/uploads/2023/08/riktlinje-for-bidrag-till-foreningar-inom-trelleborgs-kommun-2025-version.pdf,0,application/pdf,,,
trelleborg.yaml,trelleborg-stadbidrag,Städbidrag,https://www.trelleborg.se/app/uploads/2023/08/riktlinje-for-bidrag-till-foreningar-inom-trelleborgs-kommun-2025-version.pdf,200,https://www.trelleborg.se/app/uploads/2023/08/riktlinje-for-bidrag-till-foreningar-inom-trelleborgs-kommun-2025-version.pdf,0,application/pdf,,,
trelleborg.yaml,trelleborg-arrangorsbidrag-kultur,Arrangörsbidrag kulturverksamhet,https://www.trelleborg.se/app/uploads/2023/08/riktlinje-for-bidrag-till-foreningar-inom-trelleborgs-kommun-2025-version.pdf,200,https://www.trelleborg.se/app/uploads/2023/08/riktlinje-for-bidrag-till-foreningar-inom-trelleborgs-kommun-2025-version.pdf,0,application/pdf,,,
trelleborg.yaml,trelleborg-pensionarsorganisationer,Bidrag pensionärsorganisationer,https://www.trelleborg.se/app/uploads/2023/08/riktlinje-for-bidrag-till-foreningar-inom-trelleborgs-kommun-2025-version.pdf,200,https://www.trelleborg.se/app/uploads/2023/08/riktlinje-for-bidrag-till-foreningar-inom-trelleborgs-kommun-2025-version.pdf,0,application/pdf,,,
trelleborg.yaml,trelleborg-frivillig-social-verksamhet,Bidrag frivillig social verksamhet,https://www.trelleborg.se/app/uploads/2023/08/riktlinje-for-bidrag-till-foreningar-inom-trelleborgs-kommun-2025-version.pdf,200,https://www.trelleborg.se/app/uploads/2023/08/riktlinje-for-bidrag-till-foreningar-inom-trelleborgs-kommun-2025-version.pdf,0,application/pdf,,,
trelleborg.yaml,trelleborg-vagbidrag-enskilda-vagar,Bidrag till enskilda vägar med statsbidrag,https://www.trelleborg.se/trafik-infrastruktur/trafik-och-gator-2/gator-och-vagar-2/bidrag-till-enskilda-vagar-med-statsbidrag/,200,https://www.trelleborg.se/trafik-infrastruktur/trafik-och-gator-2/gator-och-vagar-2/bidrag-till-enskilda-vagar-med-statsbidrag/,0,text/html; charset=UTF-8,,,
trelleborg.yaml,trelleborg-en-miljon-ideer-foreningsbidrag,Föreningsbidrag inom En miljon idéer (medborgarbudget),https://www.trelleborg.se/kommun-politik/en-miljon-ideer/foreningsbidrag-inom-en-miljon-ideer/,200,https://www.trelleborg.se/kommun-politik/en-miljon-ideer/foreningsbidrag-inom-en-miljon-ideer/,0,text/html; charset=UTF-8,,,
trelleborg.yaml,trelleborg-iop,Idéburet offentligt partnerskap (IOP),https://www.trelleborg.se/uppleva-gora/foreningar/ideburet-offentligt-partnerskap-iop/,200,https://www.trelleborg.se/uppleva-gora/foreningar/ideburet-offentligt-partnerskap-iop/,0,text/html; charset=UTF-8,,,
trollhattan.yaml,trollhattan-barn-ungdomsbidrag,Bidrag för barn- och ungdomsverksamhet,https://minasidor.trollhattan.se/oversikt/overview/139,200,https://minasidor.trollhattan.se/oversikt/overview/139,0,text/html;charset=ISO-8859-1,,,
trollhattan.yaml,trollhattan-kulturbidrag,Kulturbidrag,https://minasidor.trollhattan.se/oversikt/overview/138,200,https://minasidor.trollhattan.se/oversikt/overview/138,0,text/html;charset=ISO-8859-1,,,
trollhattan.yaml,trollhattan-pensionarsbidrag,Bidrag för pensionärsorganisation,https://minasidor.trollhattan.se/oversikt/overview/141,200,https://minasidor.trollhattan.se/oversikt/overview/141,0,text/html;charset=ISO-8859-1,,,
trollhattan.yaml,trollhattan-funktionsnedsattning-bidrag,Bidrag till föreningar för personer med funktionsnedsättning,https://minasidor.trollhattan.se/oversikt/overview/140,200,https://minasidor.trollhattan.se/oversikt/overview/140,0,text/html;charset=ISO-8859-1,,,
trollhattan.yaml,trollhattan-lovbidrag,Lovbidrag,https://minasidor.trollhattan.se/oversikt/overview/142,200,https://minasidor.trollhattan.se/oversikt/overview/142,0,text/html;charset=ISO-8859-1,,,
trollhattan.yaml,trollhattan-startbidrag,Startbidrag för föreningar,https://www.trollhattan.se/startsida/uppleva-och-gora/foreningar-foreningsliv/bidrag-stod-och-elitsponsring/,200,https://www.trollhattan.se/startsida/uppleva-och-gora/foreningar-foreningsliv/bidrag-stod-och-elitsponsring/,0,text/html; charset=utf-8,,,
trollhattan.yaml,trollhattan-hallbar-utveckling,Föreningsbidrag hållbar utveckling,https://minasidor.trollhattan.se/oversikt/overview/756,200,https://minasidor.trollhattan.se/oversikt/overview/756,0,text/html;charset=ISO-8859-1,,,
trollhattan.yaml,trollhattan-offentlig-kulturverksamhet,Bidrag till offentlig kulturverksamhet eller arrangemang,https://www.trollhattan.se/startsida/uppleva-och-gora/foreningar-foreningsliv/bidrag-stod-och-elitsponsring/,200,https://www.trollhattan.se/startsida/uppleva-och-gora/foreningar-foreningsliv/bidrag-stod-och-elitsponsring/,0,text/html; charset=utf-8,,,
trollhattan.yaml,trollhattan-sarskilda-insatser,Bidrag för särskilda insatser,https://www.trollhattan.se/startsida/uppleva-och-gora/foreningar-foreningsliv/bidrag-stod-och-elitsponsring/,200,https://www.trollhattan.se/startsida/uppleva-och-gora/foreningar-foreningsliv/bidrag-stod-och-elitsponsring/,0,text/html; charset=utf-8,,,
trollhattan.yaml,trollhattan-studieforbund,Bidrag till studieförbundens lokala organisationer,https://www.trollhattan.se/startsida/uppleva-och-gora/foreningar-foreningsliv/bidrag-stod-och-elitsponsring/,200,https://www.trollhattan.se/startsida/uppleva-och-gora/foreningar-foreningsliv/bidrag-stod-och-elitsponsring/,0,text/html; charset=utf-8,,,
trollhattan.yaml,trollhattan-driftbidrag-bygdegard,Driftbidrag till bygdegårds- och Folkets husföreningar,https://www.trollhattan.se/startsida/uppleva-och-gora/foreningar-foreningsliv/bidrag-stod-och-elitsponsring/,200,https://www.trollhattan.se/startsida/uppleva-och-gora/foreningar-foreningsliv/bidrag-stod-och-elitsponsring/,0,text/html; charset=utf-8,,,
trollhattan.yaml,trollhattan-investeringsbidrag,Investeringsbidrag,https://www.trollhattan.se/startsida/uppleva-och-gora/foreningar-foreningsliv/bidrag-stod-och-elitsponsring/,200,https://www.trollhattan.se/startsida/uppleva-och-gora/foreningar-foreningsliv/bidrag-stod-och-elitsponsring/,0,text/html; charset=utf-8,,,
trollhattan.yaml,trollhattan-driftbidrag-organisationer,Driftbidrag till organisationer,https://www.trollhattan.se/startsida/uppleva-och-gora/foreningar-foreningsliv/bidrag-stod-och-elitsponsring/,200,https://www.trollhattan.se/startsida/uppleva-och-gora/foreningar-foreningsliv/bidrag-stod-och-elitsponsring/,0,text/html; charset=utf-8,,,
trollhattan.yaml,trollhattan-brukardriven-fritidsgard,Bidrag för brukardriven fritidsgårdsverksamhet,https://www.trollhattan.se/globalassets/dokument/uppleva-och-gora/ovrigt/riktlinjer---berakningsgrunder-for-foreningsbidrag-2017-02-06.pdf/,200,https://www.trollhattan.se/globalassets/dokument/uppleva-och-gora/ovrigt/riktlinjer---berakningsgrunder-for-foreningsbidrag-2017-02-06.pdf/,0,application/pdf,,,
trollhattan.yaml,trollhattan-vagforeningsbidrag,Vägföreningsbidrag,https://minasidor.trollhattan.se/oversikt/overview/330,200,https://minasidor.trollhattan.se/oversikt/overview/330,0,text/html;charset=ISO-8859-1,,,
trollhattan.yaml,trollhattan-stiftelser-fonder,Stiftelser och fonder,https://www.trollhattan.se/startsida/omsorg-och-hjalp/ekonomi-socialbidrag/stiftelser-och-fonder/,200,https://www.trollhattan.se/startsida/omsorg-och-hjalp/ekonomi-socialbidrag/stiftelser-och-fonder/,0,text/html; charset=utf-8,,,
trosa.yaml,trosa-startbidrag,Startbidrag,https://www.trosa.se/uppleva-och-gora/fritidsaktiviteter/foreningsliv/,200,https://www.trosa.se/uppleva-och-gora/fritidsaktiviteter/foreningsliv/,0,text/html; charset=UTF-8,,,
trosa.yaml,trosa-foreningsbidrag,Föreningsbidrag,https://www.trosa.se/uppleva-och-gora/fritidsaktiviteter/foreningsliv/,200,https://www.trosa.se/uppleva-och-gora/fritidsaktiviteter/foreningsliv/,0,text/html; charset=UTF-8,,,
trosa.yaml,trosa-studieforbund,Bidrag till studieförbund,https://www.trosa.se/kommun-och-politik/kommunfakta/forfattningssamling/kultur-och-fritidsnamnden-styrdokument/,200,https://www.trosa.se/kommun-och-politik/kommunfakta/forfattningssamling/kultur-och-fritidsnamnden-styrdokument/,0,text/html; charset=UTF-8,,,
tyreso.yaml,tyreso-verksamhetsbidrag,Verksamhetsbidrag för natur- och kulturverksamhet,https://www.tyreso.se/uppleva--gora/forening/foreningsbidrag-och-stipendier/verksamhetsbidrag.html,200,https://www.tyreso.se/uppleva--gora/forening/foreningsbidrag-och-stipendier/verksamhetsbidrag.html,0,text/html;charset=UTF-8,,,
tyreso.yaml,tyreso-bidrag-oppen-verksamhet,Bidrag för öppen verksamhet,https://www.tyreso.se/uppleva--gora/forening/foreningsbidrag-och-stipendier/bidrag-for-oppen-verksamhet.html,200,https://www.tyreso.se/uppleva--gora/forening/foreningsbidrag-och-stipendier/bidrag-for-oppen-verksamhet.html,0,text/html;charset=UTF-8,,,
tyreso.yaml,tyreso-projektbidrag,Projektbidrag,https://www.tyreso.se/uppleva--gora/forening/foreningsbidrag-och-stipendier/projektbidrag.html,200,https://www.tyreso.se/uppleva--gora/forening/foreningsbidrag-och-stipendier/projektbidrag.html,0,text/html;charset=UTF-8,,,
tyreso.yaml,tyreso-mangfaldsbidrag,Mångfaldsbidrag,https://www.tyreso.se/uppleva--gora/forening/foreningsbidrag-och-stipendier/mangfaldsbidrag.html,200,https://www.tyreso.se/uppleva--gora/forening/foreningsbidrag-och-stipendier/mangfaldsbidrag.html,0,text/html;charset=UTF-8,,,
tyreso.yaml,tyreso-enstaka-bidrag,Enstaka bidrag,https://www.tyreso.se/uppleva--gora/forening/foreningsbidrag-och-stipendier/enstaka-bidrag.html,200,https://www.tyreso.se/uppleva--gora/forening/foreningsbidrag-och-stipendier/enstaka-bidrag.html,0,text/html;charset=UTF-8,,,
tyreso.yaml,tyreso-kulturbidrag,Kulturbidrag – bidrag till enstaka kulturarrangemang,https://www.tyreso.se/uppleva--gora/forening/foreningsbidrag-och-stipendier/kulturbidrag---bidrag-till-enstaka-kulturarrangemang.html,200,https://www.tyreso.se/uppleva--gora/forening/foreningsbidrag-och-stipendier/kulturbidrag---bidrag-till-enstaka-kulturarrangemang.html,0,text/html;charset=UTF-8,,,
tyreso.yaml,tyreso-lokalt-aktivitetsstod,Lokalt aktivitetsstöd (LOK),https://www.tyreso.se/uppleva--gora/forening/foreningsbidrag-och-stipendier/lokalt-aktivitetsstod-lok.html,200,https://www.tyreso.se/uppleva--gora/forening/foreningsbidrag-och-stipendier/lokalt-aktivitetsstod-lok.html,0,text/html;charset=UTF-8,,,
tyreso.yaml,tyreso-lokalbidrag,Lokalbidrag (förhöjt aktivitetsstöd),https://www.tyreso.se/uppleva--gora/forening/foreningsbidrag-och-stipendier/lokalbidrag.html,200,https://www.tyreso.se/uppleva--gora/forening/foreningsbidrag-och-stipendier/lokalbidrag.html,0,text/html;charset=UTF-8,,,
tyreso.yaml,tyreso-studieforbundsbidrag,Studieförbundsbidrag,https://www.tyreso.se/uppleva--gora/forening/foreningsbidrag-och-stipendier/studieforbundsbidrag.html,200,https://www.tyreso.se/uppleva--gora/forening/foreningsbidrag-och-stipendier/studieforbundsbidrag.html,0,text/html;charset=UTF-8,,,
tyreso.yaml,tyreso-integrationsbidrag,Integrationsbidrag som utgår från etableringsersättningen,https://www.tyreso.se/uppleva--gora/forening/foreningsbidrag-och-stipendier/integrationsbidrag.html,200,https://www.tyreso.se/uppleva--gora/forening/foreningsbidrag-och-stipendier/integrationsbidrag.html,0,text/html;charset=UTF-8,,,
tyreso.yaml,tyreso-tillgang-kommunala-anlaggningar,Tillgång till kommunala anläggningar och lokaler (inkl. subventionerade lokaler),https://www.tyreso.se/uppleva--gora/forening/foreningsbidrag-och-stipendier/tillgang-till-kommunala-anlaggningar-och-lokaler.html,200,https://www.tyreso.se/uppleva--gora/forening/foreningsbidrag-och-stipendier/tillgang-till-kommunala-anlaggningar-och-lokaler.html,0,text/html;charset=UTF-8,,,
tyreso.yaml,tyreso-ekonomiskt-stod-socialt,Ekonomiskt stöd till föreningar inom det sociala området,https://www.tyreso.se/uppleva--gora/forening/foreningsbidrag-och-stipendier/ekonomiskt-stod-till-foreningar-inom-det-sociala-omradet.html,200,https://www.tyreso.se/uppleva--gora/forening/foreningsbidrag-och-stipendier/ekonomiskt-stod-till-foreningar-inom-det-sociala-omradet.html,0,text/html;charset=UTF-8,,,
uddevalla.yaml,uddevalla-aktivitetsbidrag,Aktivitetsbidrag,https://www.uddevalla.se/uppleva-och-gora/foreningar-foreningsliv/bidrag-stod-och-stipendier.html,200,https://www.uddevalla.se/uppleva-och-gora/foreningar-foreningsliv/bidrag-stod-och-stipendier.html,0,text/html;charset=UTF-8,,,
uddevalla.yaml,uddevalla-lokal-och-driftsbidrag,Lokal- och driftsbidrag,https://www.uddevalla.se/uppleva-och-gora/foreningar-foreningsliv/bidrag-stod-och-stipendier.html,200,https://www.uddevalla.se/uppleva-och-gora/foreningar-foreningsliv/bidrag-stod-och-stipendier.html,0,text/html;charset=UTF-8,,,
uddevalla.yaml,uddevalla-arrangemangsbidrag,Arrangemangsbidrag,https://www.uddevalla.se/uppleva-och-gora/foreningar-foreningsliv/bidrag-stod-och-stipendier.html,200,https://www.uddevalla.se/uppleva-och-gora/foreningar-foreningsliv/bidrag-stod-och-stipendier.html,0,text/html;charset=UTF-8,,,
uddevalla.yaml,uddevalla-utvecklingsbidrag,Utvecklingsbidrag,https://www.uddevalla.se/uppleva-och-gora/foreningar-foreningsliv/bidrag-stod-och-stipendier.html,200,https://www.uddevalla.se/uppleva-och-gora/foreningar-foreningsliv/bidrag-stod-och-stipendier.html,0,text/html;charset=UTF-8,,,
uddevalla.yaml,uddevalla-verksamhetsbidrag,Verksamhetsbidrag,https://www.uddevalla.se/uppleva-och-gora/foreningar-foreningsliv/bidrag-stod-och-stipendier.html,200,https://www.uddevalla.se/uppleva-och-gora/foreningar-foreningsliv/bidrag-stod-och-stipendier.html,0,text/html;charset=UTF-8,,,
uddevalla.yaml,uddevalla-kompetensbidrag,Kompetensbidrag,https://www.uddevalla.se/uppleva-och-gora/foreningar-foreningsliv/bidrag-stod-och-stipendier.html,200,https://www.uddevalla.se/uppleva-och-gora/foreningar-foreningsliv/bidrag-stod-och-stipendier.html,0,text/html;charset=UTF-8,,,
uddevalla.yaml,uddevalla-medlemsbidrag,Medlemsbidrag för prioriterade grupper,https://www.uddevalla.se/uppleva-och-gora/foreningar-foreningsliv/bidrag-stod-och-stipendier.html,200,https://www.uddevalla.se/uppleva-och-gora/foreningar-foreningsliv/bidrag-stod-och-stipendier.html,0,text/html;charset=UTF-8,,,
uddevalla.yaml,uddevalla-nystartsbidrag,Nystartsbidrag,https://www.uddevalla.se/uppleva-och-gora/foreningar-foreningsliv/bidrag-stod-och-stipendier.html,200,https://www.uddevalla.se/uppleva-och-gora/foreningar-foreningsliv/bidrag-stod-och-stipendier.html,0,text/html;charset=UTF-8,,,
uddevalla.yaml,uddevalla-sponsring,Sponsring,https://www.uddevalla.se/uppleva-och-gora/foreningar-foreningsliv/bidrag-stod-och-stipendier/sponsring.html,200,https://www.uddevalla.se/uppleva-och-gora/foreningar-foreningsliv/bidrag-stod-och-stipendier/sponsring.html,0,text/html;charset=UTF-8,,,
uddevalla.yaml,uddevalla-giraffstod,Giraff — stöd till unga,https://www.uddevalla.se/uppleva-och-gora/ung-i-kommunen/giraff---stod-till-unga.html,200,https://www.uddevalla.se/uppleva-och-gora/ung-i-kommunen/giraff---stod-till-unga.html,0,text/html;charset=UTF-8,,,
uddevalla.yaml,uddevalla-stiftelsen-barnens-dag,Stiftelsen Barnens Dag i Uddevalla,https://www.uddevalla.se/omsorg-och-hjalp/ekonomi-och-pengar/stipendier-och-fonder-/stiftelsen-barnens-dag-i-uddevalla.html,200,https://www.uddevalla.se/omsorg-och-hjalp/ekonomi-och-pengar/stipendier-och-fonder-/stiftelsen-barnens-dag-i-uddevalla.html,0,text/html;charset=UTF-8,,,
uddevalla.yaml,uddevalla-thordenstiftelsen,Thordenstiftelsen,https://www.uddevalla.se/omsorg-och-hjalp/ekonomi-och-pengar/stipendier-och-fonder-/thordenstiftelsen.html,200,https://www.uddevalla.se/omsorg-och-hjalp/ekonomi-och-pengar/stipendier-och-fonder-/thordenstiftelsen.html,0,text/html;charset=UTF-8,,,
ulricehamn.yaml,ulricehamn-aktivitetsstod,Aktivitetsstöd,https://www.ulricehamn.se/uppleva-och-gora/foreningar-och-foreningsliv/bidrag,200,https://www.ulricehamn.se/uppleva-och-gora/foreningar-och-foreningsliv/bidrag,0,text/html;charset=UTF-8,,,
ulricehamn.yaml,ulricehamn-driftbidrag-till-allman-samlingslokal,Driftbidrag till allmän samlingslokal,https://www.ulricehamn.se/uppleva-och-gora/foreningar-och-foreningsliv/bidrag,200,https://www.ulricehamn.se/uppleva-och-gora/foreningar-och-foreningsliv/bidrag,0,text/html;charset=UTF-8,,,
ulricehamn.yaml,ulricehamn-driftbidrag-till-ovriga-foreningsagda-anlaggningar,Driftbidrag till övriga föreningsägda anläggningar,https://www.ulricehamn.se/uppleva-och-gora/foreningar-och-foreningsliv/bidrag,200,https://www.ulricehamn.se/uppleva-och-gora/foreningar-och-foreningsliv/bidrag,0,text/html;charset=UTF-8,,,
ulricehamn.yaml,ulricehamn-lokalbidrag,Lokalbidrag,https://www.ulricehamn.se/uppleva-och-gora/foreningar-och-foreningsliv/bidrag,200,https://www.ulricehamn.se/uppleva-och-gora/foreningar-och-foreningsliv/bidrag,0,text/html;charset=UTF-8,,,
ulricehamn.yaml,ulricehamn-grundbidrag-till-pensionarsforeningar,Grundbidrag till pensionärsföreningar,https://www.ulricehamn.se/uppleva-och-gora/foreningar-och-foreningsliv/bidrag,200,https://www.ulricehamn.se/uppleva-och-gora/foreningar-och-foreningsliv/bidrag,0,text/html;charset=UTF-8,,,
ulricehamn.yaml,ulricehamn-bidrag-till-funktionsrattsforeningar,Bidrag till funktionsrättsföreningar,https://www.ulricehamn.se/uppleva-och-gora/foreningar-och-foreningsliv/bidrag,200,https://www.ulricehamn.se/uppleva-och-gora/foreningar-och-foreningsliv/bidrag,0,text/html;charset=UTF-8,,,
ulricehamn.yaml,ulricehamn-kostnadskravande-projekt,Kostnadskrävande projekt,https://www.ulricehamn.se/uppleva-och-gora/foreningar-och-foreningsliv/bidrag,200,https://www.ulricehamn.se/uppleva-och-gora/foreningar-och-foreningsliv/bidrag,0,text/html;charset=UTF-8,,,
ulricehamn.yaml,ulricehamn-oforutsett-och-ovrigt,Oförutsett och övrigt,https://www.ulricehamn.se/uppleva-och-gora/foreningar-och-foreningsliv/bidrag,200,https://www.ulricehamn.se/uppleva-och-gora/foreningar-och-foreningsliv/bidrag,0,text/html;charset=UTF-8,,,
ulricehamn.yaml,ulricehamn-startbidrag,Startbidrag,https://www.ulricehamn.se/uppleva-och-gora/foreningar-och-foreningsliv/bidrag,200,https://www.ulricehamn.se/uppleva-och-gora/foreningar-och-foreningsliv/bidrag,0,text/html;charset=UTF-8,,,
ulricehamn.yaml,ulricehamn-stod-till-storre-projekt,Stöd till större projekt,https://www.ulricehamn.se/uppleva-och-gora/foreningar-och-foreningsliv/bidrag,200,https://www.ulricehamn.se/uppleva-och-gora/foreningar-och-foreningsliv/bidrag,0,text/html;charset=UTF-8,,,
umea.yaml,umea-aktivitetsstod-ungdom,Aktivitetsstöd ungdom (verksamhetsstöd),https://www.umea.se/upplevaochgora/foreningarforeningsliv/bidragochstod/idrottfritidochfolkhalsa/aktivitetsstodungdomverksamhetsstod.4.4ff54ec174f999469c1b8b.html,200,https://www.umea.se/upplevaochgora/foreningarforeningsliv/bidragochstod/idrottfritidochfolkhalsa/aktivitetsstodungdomverksamhetsstod.4.4ff54ec174f999469c1b8b.html,0,text/html;charset=UTF-8,,,
umea.yaml,umea-kulturverksamhet-utvecklingsstod,Kulturverksamhet och arrangemang (utvecklingsstöd),https://www.umea.se/upplevaochgora/foreningarforeningsliv/bidragochstod/kulturverksamhetocharrangemang/kulturverksamhetocharrangemangutvecklingsstod.4.1b4d24fb1752122eb841342.html,200,https://www.umea.se/upplevaochgora/foreningarforeningsliv/bidragochstod/kulturverksamhetocharrangemang/kulturverksamhetocharrangemangutvecklingsstod.4.1b4d24fb1752122eb841342.html,0,text/html;charset=UTF-8,,,
umea.yaml,umea-kulturverksamhet-verksamhetsstod,Kulturverksamhet (verksamhetsstöd),https://www.umea.se/upplevaochgora/foreningarforeningsliv/bidragochstod/kulturverksamhetocharrangemang/kulturverksamhetverksamhetsstod.4.1b4d24fb1752122eb8412d6.html,200,https://www.umea.se/upplevaochgora/foreningarforeningsliv/bidragochstod/kulturverksamhetocharrangemang/kulturverksamhetverksamhetsstod.4.1b4d24fb1752122eb8412d6.html,0,text/html;charset=UTF-8,,,
umea.yaml,umea-lokalhyra-verksamhetsstod,Stöd till lokalhyra (verksamhetsstöd),https://www.umea.se/upplevaochgora/foreningarforeningsliv/bidragochstod/ansokningstider.4.5d9221f0174f99211465e4.html,200,https://www.umea.se/upplevaochgora/foreningarforeningsliv/bidragochstod/ansokningstider.4.5d9221f0174f99211465e4.html,0,text/html;charset=UTF-8,,,
umea.yaml,umea-anlaggningar-verksamhetsstod,Stöd till anläggningar (verksamhetsstöd),https://www.umea.se/bidrag,200,https://www.umea.se/bidrag,0,text/html;charset=UTF-8,,,
umea.yaml,umea-prioriterade-grupper,Fritidsaktivitet för prioriterade grupper (verksamhetsstöd),https://www.umea.se/bidrag,200,https://www.umea.se/bidrag,0,text/html;charset=UTF-8,,,
umea.yaml,umea-folkhalsa-anlaggningar,Folkhälsa och anläggningar (utvecklingsstöd),https://www.umea.se/bidrag,200,https://www.umea.se/bidrag,0,text/html;charset=UTF-8,,,
umea.yaml,umea-gratis-lovaktiviteter,Gratis lovaktiviteter,https://www.umea.se/bidrag,200,https://www.umea.se/bidrag,0,text/html;charset=UTF-8,,,
umea.yaml,umea-uvts,Stöd till insatser för att Umeå ska växa tryggt och säkert (UVTS),https://www.umea.se/bidrag,200,https://www.umea.se/bidrag,0,text/html;charset=UTF-8,,,
umea.yaml,umea-trygga-idrottsplatser,Trygga idrottsplatser (UVTS),https://www.umea.se/bidrag,200,https://www.umea.se/bidrag,0,text/html;charset=UTF-8,,,
umea.yaml,umea-social-forebyggande,Social och förebyggande verksamhet (verksamhetsstöd),https://www.umea.se/bidrag,200,https://www.umea.se/bidrag,0,text/html;charset=UTF-8,,,
umea.yaml,umea-rattighetsfragor,Verksamhet för rättighetsfrågor (verksamhetsstöd),https://www.umea.se/bidrag,200,https://www.umea.se/bidrag,0,text/html;charset=UTF-8,,,
umea.yaml,umea-rattigheter-samhallsnytta,Rättigheter och samhällsnytta (utvecklingsstöd),https://www.umea.se/bidrag,200,https://www.umea.se/bidrag,0,text/html;charset=UTF-8,,,
umea.yaml,umea-kulturpotten-minoriteter,Kulturpotten – nationella minoriteter,https://www.umea.se/bidrag,200,https://www.umea.se/bidrag,0,text/html;charset=UTF-8,,,
umea.yaml,umea-festivaler-arrangemang,Festivaler och kulturarrangemang (verksamhetsstöd),https://www.umea.se/bidrag,200,https://www.umea.se/bidrag,0,text/html;charset=UTF-8,,,
umea.yaml,umea-skapande-skola,Skapande skola,https://www.umea.se/bidrag,200,https://www.umea.se/bidrag,0,text/html;charset=UTF-8,,,
umea.yaml,umea-kulturnamnden-uvts,Kulturnämndens stöd – Umeå växer tryggt och säkert,https://www.umea.se/bidrag,200,https://www.umea.se/bidrag,0,text/html;charset=UTF-8,,,
umea.yaml,umea-elitsponsring,Elitsponsring,https://www.umea.se/bidrag,200,https://www.umea.se/bidrag,0,text/html;charset=UTF-8,,,
upplands-bro.yaml,upplands-bro-lokal-drift,Lokal- och driftsbidrag,https://www.upplands-bro.se/uppleva-och-gora/foreningar-och-foreningsliv/bidrag-och-stod-till-foreningar.html,200,https://www.upplands-bro.se/uppleva-och-gora/foreningar-och-foreningsliv/bidrag-och-stod-till-foreningar.html,0,text/html;charset=UTF-8,,,
upplands-bro.yaml,upplands-bro-kulturbidrag,Kulturföreningsbidrag / arrangemangsstöd,https://www.upplands-bro.se/uppleva-och-gora/foreningar-och-foreningsliv/bidrag-och-stod-till-foreningar.html,200,https://www.upplands-bro.se/uppleva-och-gora/foreningar-och-foreningsliv/bidrag-och-stod-till-foreningar.html,0,text/html;charset=UTF-8,,,
upplands-bro.yaml,upplands-bro-startbidrag,Startbidrag,https://www.upplands-bro.se/uppleva-och-gora/foreningar-och-foreningsliv/bidrag-och-stod-till-foreningar.html,200,https://www.upplands-bro.se/uppleva-och-gora/foreningar-och-foreningsliv/bidrag-och-stod-till-foreningar.html,0,text/html;charset=UTF-8,,,
upplands-bro.yaml,upplands-bro-uppdragsbidrag,Uppdragsbidrag,https://www.upplands-bro.se/uppleva-och-gora/foreningar-och-foreningsliv/bidrag-och-stod-till-foreningar.html,200,https://www.upplands-bro.se/uppleva-och-gora/foreningar-och-foreningsliv/bidrag-och-stod-till-foreningar.html,0,text/html;charset=UTF-8,,,
upplands-bro.yaml,upplands-bro-socialnamnden,Föreningsbidrag från socialnämnden,https://www.upplands-bro.se/uppleva-och-gora/foreningar-och-foreningsliv/bidrag-och-stod-till-foreningar.html,200,https://www.upplands-bro.se/uppleva-och-gora/foreningar-och-foreningsliv/bidrag-och-stod-till-foreningar.html,0,text/html;charset=UTF-8,,,
upplands-bro.yaml,upplands-bro-aldre-omsorg,Föreningsbidrag från äldre- och omsorgsnämnden,https://www.upplands-bro.se/uppleva-och-gora/foreningar-och-foreningsliv/bidrag-och-stod-till-foreningar.html,200,https://www.upplands-bro.se/uppleva-och-gora/foreningar-och-foreningsliv/bidrag-och-stod-till-foreningar.html,0,text/html;charset=UTF-8,,,
upplands-vasby.yaml,upplandsvasby-startbidrag,Startbidrag,https://www.upplandsvasby.se/download/18.5b8b3897193799f8ea0d82/1736250664884/Kultur-%20och%20fritidsn%C3%A4mndens%20bidragsregler.pdf,200,https://www.upplandsvasby.se/download/18.5b8b3897193799f8ea0d82/1736250664884/Kultur-%20och%20fritidsn%C3%A4mndens%20bidragsregler.pdf,0,application/pdf,,,
upplands-vasby.yaml,upplandsvasby-lokalbidrag,Lokalbidrag,https://www.upplandsvasby.se/download/18.5b8b3897193799f8ea0d82/1736250664884/Kultur-%20och%20fritidsn%C3%A4mndens%20bidragsregler.pdf,200,https://www.upplandsvasby.se/download/18.5b8b3897193799f8ea0d82/1736250664884/Kultur-%20och%20fritidsn%C3%A4mndens%20bidragsregler.pdf,0,application/pdf,,,
upplands-vasby.yaml,upplandsvasby-fritidsbidrag,Fritidsbidrag,https://www.upplandsvasby.se/download/18.5b8b3897193799f8ea0d82/1736250664884/Kultur-%20och%20fritidsn%C3%A4mndens%20bidragsregler.pdf,200,https://www.upplandsvasby.se/download/18.5b8b3897193799f8ea0d82/1736250664884/Kultur-%20och%20fritidsn%C3%A4mndens%20bidragsregler.pdf,0,application/pdf,,,
upplands-vasby.yaml,upplandsvasby-kulturbidrag,Kulturbidrag,https://www.upplandsvasby.se/download/18.5b8b3897193799f8ea0d82/1736250664884/Kultur-%20och%20fritidsn%C3%A4mndens%20bidragsregler.pdf,200,https://www.upplandsvasby.se/download/18.5b8b3897193799f8ea0d82/1736250664884/Kultur-%20och%20fritidsn%C3%A4mndens%20bidragsregler.pdf,0,application/pdf,,,
upplands-vasby.yaml,upplandsvasby-aktivitetsbidrag,Aktivitetsbidrag,https://www.upplandsvasby.se/download/18.5b8b3897193799f8ea0d82/1736250664884/Kultur-%20och%20fritidsn%C3%A4mndens%20bidragsregler.pdf,200,https://www.upplandsvasby.se/download/18.5b8b3897193799f8ea0d82/1736250664884/Kultur-%20och%20fritidsn%C3%A4mndens%20bidragsregler.pdf,0,application/pdf,,,
upplands-vasby.yaml,upplandsvasby-grundbidrag,Grundbidrag,https://www.upplandsvasby.se/download/18.5b8b3897193799f8ea0d82/1736250664884/Kultur-%20och%20fritidsn%C3%A4mndens%20bidragsregler.pdf,200,https://www.upplandsvasby.se/download/18.5b8b3897193799f8ea0d82/1736250664884/Kultur-%20och%20fritidsn%C3%A4mndens%20bidragsregler.pdf,0,application/pdf,,,
upplands-vasby.yaml,upplandsvasby-kvallsvandra,Kvällsvandra,https://www.upplandsvasby.se/uppleva-och-gora/foreningar-och-foreningsliv/bidrag-stod-och-stipendier.html,200,https://www.upplandsvasby.se/uppleva-och-gora/foreningar-och-foreningsliv/bidrag-stod-och-stipendier.html,0,text/html;charset=UTF-8,,,
upplands-vasby.yaml,upplandsvasby-uppdragsbidrag-utanforskap,Uppdragsbidrag kopplat till arbete mot utanförskap,https://www.upplandsvasby.se/uppleva-och-gora/foreningar-och-foreningsliv/bidrag-stod-och-stipendier.html,200,https://www.upplandsvasby.se/uppleva-och-gora/foreningar-och-foreningsliv/bidrag-stod-och-stipendier.html,0,text/html;charset=UTF-8,,,
upplands-vasby.yaml,upplandsvasby-foreningsbidrag-funktionsnedsattning-verksamhet,Föreningsbidrag för verksamhet för personer med funktionsnedsättning,https://www.upplandsvasby.se/uppleva-och-gora/foreningar-och-foreningsliv/bidrag-stod-och-stipendier.html,200,https://www.upplandsvasby.se/uppleva-och-gora/foreningar-och-foreningsliv/bidrag-stod-och-stipendier.html,0,text/html;charset=UTF-8,,,
upplands-vasby.yaml,upplandsvasby-studieforbund,Bidrag till studieförbund (grundbidrag och rörligt bidrag),https://www.upplandsvasby.se/download/18.3635a2a918e3786380d1a7/1710763019266/Regler%20f%C3%B6r%20bidrag%20till%20studief%C3%B6rbund.pdf,200,https://www.upplandsvasby.se/download/18.3635a2a918e3786380d1a7/1710763019266/Regler%20f%C3%B6r%20bidrag%20till%20studief%C3%B6rbund.pdf,0,application/pdf,,,
upplands-vasby.yaml,upplandsvasby-organisationer-funktionsnedsattning,Föreningsbidrag till organisationer för personer med funktionsnedsättning,https://www.upplandsvasby.se/download/18.13568ed118a91dd06791214/1695895050521/riktlinjer-for-foreningsbidrag-for-organisationer-for-personer-med-funktionsnedsattning-samt-frivillig-och-intresseorganisationer.pdf,200,https://www.upplandsvasby.se/download/18.13568ed118a91dd06791214/1695895050521/riktlinjer-for-foreningsbidrag-for-organisationer-for-personer-med-funktionsnedsattning-samt-frivillig-och-intresseorganisationer.pdf,0,application/pdf,,,
upplands-vasby.yaml,upplandsvasby-frivilligorganisationer,Föreningsbidrag till frivilligorganisationer,https://www.upplandsvasby.se/download/18.13568ed118a91dd06791214/1695895050521/riktlinjer-for-foreningsbidrag-for-organisationer-for-personer-med-funktionsnedsattning-samt-frivillig-och-intresseorganisationer.pdf,200,https://www.upplandsvasby.se/download/18.13568ed118a91dd06791214/1695895050521/riktlinjer-for-foreningsbidrag-for-organisationer-for-personer-med-funktionsnedsattning-samt-frivillig-och-intresseorganisationer.pdf,0,application/pdf,,,
upplands-vasby.yaml,upplandsvasby-intresseorganisationer,Föreningsbidrag till intresseorganisationer,https://www.upplandsvasby.se/download/18.13568ed118a91dd06791214/1695895050521/riktlinjer-for-foreningsbidrag-for-organisationer-for-personer-med-funktionsnedsattning-samt-frivillig-och-intresseorganisationer.pdf,200,https://www.upplandsvasby.se/download/18.13568ed118a91dd06791214/1695895050521/riktlinjer-for-foreningsbidrag-for-organisationer-for-personer-med-funktionsnedsattning-samt-frivillig-och-intresseorganisationer.pdf,0,application/pdf,,,
upplands-vasby.yaml,upplandsvasby-engangs-och-projektbidrag-ks,Engångsbidrag och projektbidrag (kommunstyrelsen),https://www.upplandsvasby.se/download/18.13568ed118a91dd06791214/1695895050521/riktlinjer-for-foreningsbidrag-for-organisationer-for-personer-med-funktionsnedsattning-samt-frivillig-och-intresseorganisationer.pdf,200,https://www.upplandsvasby.se/download/18.13568ed118a91dd06791214/1695895050521/riktlinjer-for-foreningsbidrag-for-organisationer-for-personer-med-funktionsnedsattning-samt-frivillig-och-intresseorganisationer.pdf,0,application/pdf,,,
upplands-vasby.yaml,upplandsvasby-folkhalsobidrag-senior,Folkhälsobidrag till seniorföreningar,https://www.upplandsvasby.se/download/18.11ea930419a75a29e90ac5/1763710673455/Riktlinjer%20f%C3%B6r%20folkh%C3%A4lsobidrag%20till%20seniorf%C3%B6reningar%20i%20Upplands%20V%C3%A4sby%20kommun.pdf,200,https://www.upplandsvasby.se/download/18.11ea930419a75a29e90ac5/1763710673455/Riktlinjer%20f%C3%B6r%20folkh%C3%A4lsobidrag%20till%20seniorf%C3%B6reningar%20i%20Upplands%20V%C3%A4sby%20kommun.pdf,0,application/pdf,,,
upplands-vasby.yaml,upplandsvasby-adolf-stafs-fond,Adolf Stafs Fond,https://www.upplandsvasby.se/omsorg-och-hjalp/ekonomi-ekonomiskt-bistand/stipendier-och-fonder.html,200,https://www.upplandsvasby.se/omsorg-och-hjalp/ekonomi-ekonomiskt-bistand/stipendier-och-fonder.html,0,text/html;charset=UTF-8,,,
upplands-vasby.yaml,upplandsvasby-statsbidrag-finskt-forvaltningsomrade,Statsbidrag för finskt förvaltningsområde,https://www.upplandsvasby.se/omsorg-och-hjalp/ekonomi-ekonomiskt-bistand/stipendier-och-fonder.html,200,https://www.upplandsvasby.se/omsorg-och-hjalp/ekonomi-ekonomiskt-bistand/stipendier-och-fonder.html,0,text/html;charset=UTF-8,,,
uppsala.yaml,uppsala-utvecklingsbidrag,Utvecklings- och projektbidrag (idrott och fritid),https://www.uppsala.se/kultur-idrott-fritid/foreningar/bidrag/bidrag-till-foreningsverksamhet-for-idrott-och-fritid/utvecklingsbidrag--projektbidrag/,200,https://www.uppsala.se/kultur-idrott-fritid/foreningar/bidrag/bidrag-till-foreningsverksamhet-for-idrott-och-fritid/utvecklingsbidrag--projektbidrag/,0,text/html; charset=utf-8,,,
uppsala.yaml,uppsala-aktivitetsbidrag-aldre,Aktivitets- och sammankomstbidrag för äldre 60+,https://www.uppsala.se/kultur-idrott-fritid/foreningar/bidrag/bidrag-till-foreningsverksamhet-for-idrott-och-fritid/aktivitetsbidrag-och-sammankomstbidrag-for-aldre-60/,200,https://www.uppsala.se/kultur-idrott-fritid/foreningar/bidrag/bidrag-till-foreningsverksamhet-for-idrott-och-fritid/aktivitetsbidrag-och-sammankomstbidrag-for-aldre-60/,0,text/html; charset=utf-8,,,
uppsala.yaml,uppsala-projektbidrag-kultur,Projektbidrag till lokal kultur och amatörkultur,https://www.uppsala.se/kultur-idrott-fritid/foreningar/bidrag/bidrag-till-kulturverksamhet/projektbidrag-till-lokal-kultur-och-amatorkultur/,200,https://www.uppsala.se/kultur-idrott-fritid/foreningar/bidrag/bidrag-till-kulturverksamhet/projektbidrag-till-lokal-kultur-och-amatorkultur/,0,text/html; charset=utf-8,,,
uppsala.yaml,uppsala-projektbidrag-barn-ungas-fria-tid,Projektbidrag till barns och ungas fria tid,https://www.uppsala.se/kultur-idrott-fritid/foreningar/bidrag/bidrag-till-oppen-fritidsverksamhet-for-barn-och-unga/projektbidrag-till-barns-och-ungas-fria-tid/,200,https://www.uppsala.se/kultur-idrott-fritid/foreningar/bidrag/bidrag-till-oppen-fritidsverksamhet-for-barn-och-unga/projektbidrag-till-barns-och-ungas-fria-tid/,0,text/html; charset=utf-8,,,
uppsala.yaml,uppsala-samlingslokaler,Bidrag till allmänna samlingslokaler,https://www.uppsala.se/kultur-idrott-fritid/foreningar/bidrag/,200,https://www.uppsala.se/kultur-idrott-fritid/foreningar/bidrag/,0,text/html; charset=utf-8,,,
uppsala.yaml,uppsala-arbetsmarknadsinsatser,Bidrag till arbetsmarknadsinsatser,https://www.uppsala.se/kultur-idrott-fritid/foreningar/bidrag/,200,https://www.uppsala.se/kultur-idrott-fritid/foreningar/bidrag/,0,text/html; charset=utf-8,,,
uppsala.yaml,uppsala-idrott-fritid-verksamhet,Verksamhetsbidrag till idrotts- och fritidsföreningar,https://www.uppsala.se/kultur-idrott-fritid/foreningar/bidrag/,200,https://www.uppsala.se/kultur-idrott-fritid/foreningar/bidrag/,0,text/html; charset=utf-8,,,
uppsala.yaml,uppsala-kulturverksamhet,Bidrag till kulturverksamhet,https://www.uppsala.se/kultur-idrott-fritid/foreningar/bidrag/,200,https://www.uppsala.se/kultur-idrott-fritid/foreningar/bidrag/,0,text/html; charset=utf-8,,,
uppsala.yaml,uppsala-lokal-utveckling,Bidrag till lokal utveckling,https://www.uppsala.se/kultur-idrott-fritid/foreningar/bidrag/,200,https://www.uppsala.se/kultur-idrott-fritid/foreningar/bidrag/,0,text/html; charset=utf-8,,,
uppsala.yaml,uppsala-representation,Bidrag till representation,https://www.uppsala.se/kultur-idrott-fritid/foreningar/bidrag/bidrag-till-representation/bidrag-till-representation/,200,https://www.uppsala.se/kultur-idrott-fritid/foreningar/bidrag/bidrag-till-representation/bidrag-till-representation/,0,text/html; charset=utf-8,,,
uppsala.yaml,uppsala-skadeforebyggande,Bidrag till skadeförebyggande arbete,https://www.uppsala.se/kultur-idrott-fritid/foreningar/bidrag/,200,https://www.uppsala.se/kultur-idrott-fritid/foreningar/bidrag/,0,text/html; charset=utf-8,,,
uppsala.yaml,uppsala-sociala-insatser,Verksamhetsbidrag till sociala insatser,https://www.uppsala.se/kultur-idrott-fritid/foreningar/bidrag/bidrag-till-sociala-insatser/verksamhetsbidrag-till-sociala-insatser/,200,https://www.uppsala.se/kultur-idrott-fritid/foreningar/bidrag/bidrag-till-sociala-insatser/verksamhetsbidrag-till-sociala-insatser/,0,text/html; charset=utf-8,,,
uppsala.yaml,uppsala-studieforbund,Bidrag till studieförbundsverksamhet,https://www.uppsala.se/kultur-idrott-fritid/foreningar/bidrag/,200,https://www.uppsala.se/kultur-idrott-fritid/foreningar/bidrag/,0,text/html; charset=utf-8,,,
uppsala.yaml,uppsala-funktionsnedsattning,Bidrag till verksamhet för personer med funktionsnedsättning,https://www.uppsala.se/kultur-idrott-fritid/foreningar/bidrag/,200,https://www.uppsala.se/kultur-idrott-fritid/foreningar/bidrag/,0,text/html; charset=utf-8,,,
uppsala.yaml,uppsala-pensionarsforeningar,Bidrag till pensionärsföreningar,https://www.uppsala.se/kultur-idrott-fritid/foreningar/bidrag/bidrag-till-verksamhet-for-aldre/bidrag-till-pensionarsforeningar/,200,https://www.uppsala.se/kultur-idrott-fritid/foreningar/bidrag/bidrag-till-verksamhet-for-aldre/bidrag-till-pensionarsforeningar/,0,text/html; charset=utf-8,,,
uppsala.yaml,uppsala-oppen-fritidsverksamhet,Bidrag till öppen fritidsverksamhet för barn och unga,https://www.uppsala.se/kultur-idrott-fritid/foreningar/bidrag/,200,https://www.uppsala.se/kultur-idrott-fritid/foreningar/bidrag/,0,text/html; charset=utf-8,,,
uppvidinge.yaml,uppvidinge-aktivitetsstod,Aktivitetsstöd,https://minasidor.uppvidinge.se/oversikt/getflowform/732/530,200,https://minasidor.uppvidinge.se/oversikt/getflowform/732/530,0,application/pdf,,,
uppvidinge.yaml,uppvidinge-arrangemangsstod,Arrangemangsstöd,https://minasidor.uppvidinge.se/oversikt/getflowform/732/530,200,https://minasidor.uppvidinge.se/oversikt/getflowform/732/530,0,application/pdf,,,
uppvidinge.yaml,uppvidinge-driftsstod-samlingslokal,Driftsstöd till samlingslokal,https://minasidor.uppvidinge.se/oversikt/getflowform/732/530,200,https://minasidor.uppvidinge.se/oversikt/getflowform/732/530,0,application/pdf,,,
vadstena.yaml,vadstena-grundbidrag,Grundbidrag,https://www.vadstena.se/kultur-fritid/bidrag-till-kultur-och-fritid/att-soka-bidrag/,200,https://www.vadstena.se/kultur-fritid/bidrag-till-kultur-och-fritid/att-soka-bidrag/,0,text/html; charset=UTF-8,,,
vadstena.yaml,vadstena-arrangemang,Arrangemangsbidrag,https://www.vadstena.se/kultur-fritid/bidrag-till-kultur-och-fritid/att-soka-bidrag/,200,https://www.vadstena.se/kultur-fritid/bidrag-till-kultur-och-fritid/att-soka-bidrag/,0,text/html; charset=UTF-8,,,
vadstena.yaml,vadstena-aktivitetsbidrag,Aktivitetsbidrag för ungdomsverksamhet,https://www.vadstena.se/kultur-fritid/bidrag-till-kultur-och-fritid/att-soka-bidrag/,200,https://www.vadstena.se/kultur-fritid/bidrag-till-kultur-och-fritid/att-soka-bidrag/,0,text/html; charset=UTF-8,,,
vadstena.yaml,vadstena-utveckling-investering,Utvecklings- och investeringsbidrag,https://www.vadstena.se/kultur-fritid/bidrag-till-kultur-och-fritid/att-soka-bidrag/,200,https://www.vadstena.se/kultur-fritid/bidrag-till-kultur-och-fritid/att-soka-bidrag/,0,text/html; charset=UTF-8,,,
vadstena.yaml,vadstena-drift,Driftsbidrag,https://www.vadstena.se/kultur-fritid/bidrag-till-kultur-och-fritid/att-soka-bidrag/,200,https://www.vadstena.se/kultur-fritid/bidrag-till-kultur-och-fritid/att-soka-bidrag/,0,text/html; charset=UTF-8,,,
vadstena.yaml,vadstena-hyra,Hyresbidrag,https://www.vadstena.se/kultur-fritid/bidrag-till-kultur-och-fritid/att-soka-bidrag/,200,https://www.vadstena.se/kultur-fritid/bidrag-till-kultur-och-fritid/att-soka-bidrag/,0,text/html; charset=UTF-8,,,
vadstena.yaml,vadstena-regionalt-nationellt,Bidrag till verksamhet av regionalt eller nationellt intresse,https://www.vadstena.se/kultur-fritid/bidrag-till-kultur-och-fritid/att-soka-bidrag/,200,https://www.vadstena.se/kultur-fritid/bidrag-till-kultur-och-fritid/att-soka-bidrag/,0,text/html; charset=UTF-8,,,
vadstena.yaml,vadstena-social-verksamhet,Bidrag till social verksamhet,https://www.vadstena.se/kultur-fritid/bidrag-till-kultur-och-fritid/att-soka-bidrag/,200,https://www.vadstena.se/kultur-fritid/bidrag-till-kultur-och-fritid/att-soka-bidrag/,0,text/html; charset=UTF-8,,,
vadstena.yaml,vadstena-studieforbund,Bidrag till studieförbund,https://www.vadstena.se/kultur-fritid/bidrag-till-kultur-och-fritid/att-soka-bidrag/,200,https://www.vadstena.se/kultur-fritid/bidrag-till-kultur-och-fritid/att-soka-bidrag/,0,text/html; charset=UTF-8,,,
vaggeryd.yaml,vaggeryd-verksamhetsbidrag,Verksamhetsbidrag,https://www.vaggeryd.se/uppleva-och-gora/foreningar-foreningsliv/foreningsbidrag.html,200,https://www.vaggeryd.se/uppleva-och-gora/foreningar-foreningsliv/foreningsbidrag.html,0,text/html;charset=UTF-8,,,
vaggeryd.yaml,vaggeryd-medlemsbidrag,Medlemsbidrag,https://www.vaggeryd.se/uppleva-och-gora/foreningar-foreningsliv/foreningsbidrag.html,200,https://www.vaggeryd.se/uppleva-och-gora/foreningar-foreningsliv/foreningsbidrag.html,0,text/html;charset=UTF-8,,,
vaggeryd.yaml,vaggeryd-lokalt-aktivitetsstod,Kommunalt lokalt aktivitetsstöd,https://www.vaggeryd.se/uppleva-och-gora/foreningar-foreningsliv/foreningsbidrag.html,200,https://www.vaggeryd.se/uppleva-och-gora/foreningar-foreningsliv/foreningsbidrag.html,0,text/html;charset=UTF-8,,,
vaggeryd.yaml,vaggeryd-registreringsstod,Registreringsstöd,https://www.vaggeryd.se/uppleva-och-gora/foreningar-foreningsliv/foreningsbidrag.html,200,https://www.vaggeryd.se/uppleva-och-gora/foreningar-foreningsliv/foreningsbidrag.html,0,text/html;charset=UTF-8,,,
vaggeryd.yaml,vaggeryd-utvecklingsbidrag,Utvecklingsbidrag,https://www.vaggeryd.se/uppleva-och-gora/foreningar-foreningsliv/foreningsbidrag.html,200,https://www.vaggeryd.se/uppleva-och-gora/foreningar-foreningsliv/foreningsbidrag.html,0,text/html;charset=UTF-8,,,
valdemarsvik.yaml,valdemarsvik-grundstod,Grundstöd,https://www.valdemarsvik.se/kommun/kultur-fritid/foreningsbidrag/,200,https://www.valdemarsvik.se/kommun/kultur-fritid/foreningsbidrag/,0,text/html; charset=UTF-8,,,
valdemarsvik.yaml,valdemarsvik-aktivitetsstod,Lokalt aktivitetsstöd,https://www.valdemarsvik.se/kommun/kultur-fritid/foreningsbidrag/,200,https://www.valdemarsvik.se/kommun/kultur-fritid/foreningsbidrag/,0,text/html; charset=UTF-8,,,
valdemarsvik.yaml,valdemarsvik-driftstod,Driftstöd,https://www.valdemarsvik.se/kommun/kultur-fritid/foreningsbidrag/,200,https://www.valdemarsvik.se/kommun/kultur-fritid/foreningsbidrag/,0,text/html; charset=UTF-8,,,
valdemarsvik.yaml,valdemarsvik-investeringsstod,Investerings- och upprustningsstöd,https://www.valdemarsvik.se/kommun/kultur-fritid/foreningsbidrag/,200,https://www.valdemarsvik.se/kommun/kultur-fritid/foreningsbidrag/,0,text/html; charset=UTF-8,,,
valdemarsvik.yaml,valdemarsvik-lokalstod,Lokalstöd,https://www.valdemarsvik.se/kommun/kultur-fritid/foreningsbidrag/,200,https://www.valdemarsvik.se/kommun/kultur-fritid/foreningsbidrag/,0,text/html; charset=UTF-8,,,
valdemarsvik.yaml,valdemarsvik-evenemangsstod,Evenemangsstöd,https://www.valdemarsvik.se/kommun/kultur-fritid/foreningsbidrag/,200,https://www.valdemarsvik.se/kommun/kultur-fritid/foreningsbidrag/,0,text/html; charset=UTF-8,,,
valdemarsvik.yaml,valdemarsvik-ungdomspotten-”snabbslanten”,Ungdomspotten ”snabbslanten”,https://www.valdemarsvik.se/kommun/kultur-fritid/foreningsbidrag/,200,https://www.valdemarsvik.se/kommun/kultur-fritid/foreningsbidrag/,0,text/html; charset=UTF-8,,,
valdemarsvik.yaml,valdemarsvik-kulturforeningsstod,Kulturföreningsstöd,https://www.valdemarsvik.se/kommun/kultur-fritid/foreningsbidrag/,200,https://www.valdemarsvik.se/kommun/kultur-fritid/foreningsbidrag/,0,text/html; charset=UTF-8,,,
valdemarsvik.yaml,valdemarsvik-stod-till-studieforbund-och-barnrattsorganisationer,Stöd till studieförbund och barnrättsorganisationer,https://www.valdemarsvik.se/kommun/kultur-fritid/foreningsbidrag/,200,https://www.valdemarsvik.se/kommun/kultur-fritid/foreningsbidrag/,0,text/html; charset=UTF-8,,,
vallentuna.yaml,vallentuna-aktivitetsbidrag,Aktivitetsbidrag,https://www.vallentuna.se/fritid-och-kultur/foreningar-och-foreningsliv/bidrag-och-stod/aktivitetsbidrag/,200,https://www.vallentuna.se/fritid-och-kultur/foreningar-och-foreningsliv/bidrag-och-stod/aktivitetsbidrag/,0,text/html; charset=utf-8,,,
vallentuna.yaml,vallentuna-ledarutbildningsbidrag,Ledarutbildningsbidrag,https://www.vallentuna.se/fritid-och-kultur/foreningar-och-foreningsliv/bidrag-och-stod/ledarutbildningsbidrag/,200,https://www.vallentuna.se/fritid-och-kultur/foreningar-och-foreningsliv/bidrag-och-stod/ledarutbildningsbidrag/,0,text/html; charset=utf-8,,,
vallentuna.yaml,vallentuna-verksamhetsbidrag-funktionshinder,Verksamhetsbidrag till funktionshindersföreningar,https://www.vallentuna.se/fritid-och-kultur/foreningar-och-foreningsliv/bidrag-och-stod/bidrag-handikappforeningar/,200,https://www.vallentuna.se/fritid-och-kultur/foreningar-och-foreningsliv/bidrag-och-stod/bidrag-handikappforeningar/,0,text/html; charset=utf-8,,,
vallentuna.yaml,vallentuna-hyresbidrag,Hyresbidrag,https://www.vallentuna.se/fritid-och-kultur/foreningar-och-foreningsliv/bidrag-och-stod/hyresbidrag/,200,https://www.vallentuna.se/fritid-och-kultur/foreningar-och-foreningsliv/bidrag-och-stod/hyresbidrag/,0,text/html; charset=utf-8,,,
vallentuna.yaml,vallentuna-lokalsubvention-moteslokaler,Lokalsubvention – möteslokaler,https://dok.vallentuna.se/file/f%C3%B6rfattningssamling/4.%20kultur%20och%20fritid/4.4%20taxor%20och%20ers%C3%A4ttningar/4.4.1%20Bidragsnormer%20f%C3%B6r%20f%C3%B6reningsverksamhet.pdf,200,https://dok.vallentuna.se/file/f%C3%B6rfattningssamling/4.%20kultur%20och%20fritid/4.4%20taxor%20och%20ers%C3%A4ttningar/4.4.1%20Bidragsnormer%20f%C3%B6r%20f%C3%B6reningsverksamhet.pdf,0,application/pdf,,,
vallentuna.yaml,vallentuna-lokalsubvention-gymnastiksalar,"Lokalsubvention – gymnastiksalar, sporthallar och anläggningar",https://dok.vallentuna.se/file/f%C3%B6rfattningssamling/4.%20kultur%20och%20fritid/4.4%20taxor%20och%20ers%C3%A4ttningar/4.4.1%20Bidragsnormer%20f%C3%B6r%20f%C3%B6reningsverksamhet.pdf,200,https://dok.vallentuna.se/file/f%C3%B6rfattningssamling/4.%20kultur%20och%20fritid/4.4%20taxor%20och%20ers%C3%A4ttningar/4.4.1%20Bidragsnormer%20f%C3%B6r%20f%C3%B6reningsverksamhet.pdf,0,application/pdf,,,
vallentuna.yaml,vallentuna-nattvandringsbidrag,Nattvandringsbidrag,https://www.vallentuna.se/fritid-och-kultur/foreningar-och-foreningsliv/bidrag-och-stod/nattvandringsbidrag/,200,https://www.vallentuna.se/fritid-och-kultur/foreningar-och-foreningsliv/bidrag-och-stod/nattvandringsbidrag/,0,text/html; charset=utf-8,,,
vallentuna.yaml,vallentuna-bidrag-speciella-andamal,Bidrag för speciella ändamål,https://dok.vallentuna.se/file/fritid%20och%20natur/Riktlinjer%20bidrag%20speciella%20%C3%A4ndam%C3%A5l%202025-06.pdf,200,https://dok.vallentuna.se/file/fritid%20och%20natur/Riktlinjer%20bidrag%20speciella%20%C3%A4ndam%C3%A5l%202025-06.pdf,0,application/pdf,,,
vallentuna.yaml,vallentuna-garantibidrag-kulturprogram,Garantibidrag till offentliga kulturprogram,https://www.vallentuna.se/fritid-och-kultur/foreningar-och-foreningsliv/bidrag-och-stod/garantibidrag-till-offentliga-kulturprogram/,200,https://www.vallentuna.se/fritid-och-kultur/foreningar-och-foreningsliv/bidrag-och-stod/garantibidrag-till-offentliga-kulturprogram/,0,text/html; charset=utf-8,,,
vallentuna.yaml,vallentuna-ovriga-kulturstodjande-atgarder,Bidrag till övriga kulturstödjande åtgärder,https://www.vallentuna.se/fritid-och-kultur/foreningar-och-foreningsliv/bidrag-och-stod/bidrag-till-ovriga-kulturstodjande-atgarder/,200,https://www.vallentuna.se/fritid-och-kultur/foreningar-och-foreningsliv/bidrag-och-stod/bidrag-till-ovriga-kulturstodjande-atgarder/,0,text/html; charset=utf-8,,,
vallentuna.yaml,vallentuna-snabb-peng-unga,Snabb peng – bidrag till unga,https://www.vallentuna.se/fritid-och-kultur/foreningar-och-foreningsliv/bidrag-och-stod/snabb-peng---bidrag-till-unga/,200,https://www.vallentuna.se/fritid-och-kultur/foreningar-och-foreningsliv/bidrag-och-stod/snabb-peng---bidrag-till-unga/,0,text/html; charset=utf-8,,,
vallentuna.yaml,vallentuna-gemensamhetslokaler,Bidrag till gemensamhetslokaler drivna av föreningar eller stiftelser,https://www.vallentuna.se/fritid-och-kultur/foreningar-och-foreningsliv/bidrag-och-stod/gemensamhetslokaler/,200,https://www.vallentuna.se/fritid-och-kultur/foreningar-och-foreningsliv/bidrag-och-stod/gemensamhetslokaler/,0,text/html; charset=utf-8,,,
vallentuna.yaml,vallentuna-studieforbund,Bidrag till studieförbund,https://www.vallentuna.se/fritid-och-kultur/foreningar-och-foreningsliv/studieforbund/,200,https://www.vallentuna.se/fritid-och-kultur/foreningar-och-foreningsliv/studieforbund/,0,text/html; charset=utf-8,,,
vallentuna.yaml,vallentuna-foreningsbidrag-ideella-social,Föreningsbidrag till ideella föreningar (socialnämnden),https://www.vallentuna.se/omsorg-och-hjalp/anhoriga-och-frivilliga/frivilligt-arbete-och-organisationer/foreningsbidrag/,200,https://www.vallentuna.se/omsorg-och-hjalp/anhoriga-och-frivilliga/frivilligt-arbete-och-organisationer/foreningsbidrag/,0,text/html; charset=utf-8,,,
vallentuna.yaml,vallentuna-foreningsbidrag-pensionarsforeningar-social,Föreningsbidrag till pensionärsföreningar (socialnämnden),https://www.vallentuna.se/omsorg-och-hjalp/anhoriga-och-frivilliga/frivilligt-arbete-och-organisationer/foreningsbidrag/,200,https://www.vallentuna.se/omsorg-och-hjalp/anhoriga-och-frivilliga/frivilligt-arbete-och-organisationer/foreningsbidrag/,0,text/html; charset=utf-8,,,
vallentuna.yaml,vallentuna-miljostipendium,Vallentuna kommuns miljöstipendium,https://www.vallentuna.se/omsorg-och-hjalp/ekonomi-forsorjningsstod/stipendier-och-fonder/vallentuna-kommuns-miljostipendium/,200,https://www.vallentuna.se/omsorg-och-hjalp/ekonomi-forsorjningsstod/stipendier-och-fonder/vallentuna-kommuns-miljostipendium/,0,text/html; charset=utf-8,,,
vanersborg.yaml,vanersborg-startbidrag,Startbidrag,https://vanersborg.se/download/18.63cb04eb197a2053a89b3daa/1751518201295/Riktlinje%20f%C3%B6r%20f%C3%B6reningsbidrag%20inom%20kultur-%20och%20fritidsn%C3%A4mndens%20verksamhetsomr%C3%A5de%20antagten%202025-05-20.pdf,200,https://vanersborg.se/download/18.63cb04eb197a2053a89b3daa/1751518201295/Riktlinje%20f%C3%B6r%20f%C3%B6reningsbidrag%20inom%20kultur-%20och%20fritidsn%C3%A4mndens%20verksamhetsomr%C3%A5de%20antagten%202025-05-20.pdf,0,application/pdf,,,
vanersborg.yaml,vanersborg-grundbidrag,Grundbidrag,https://vanersborg.se/download/18.63cb04eb197a2053a89b3daa/1751518201295/Riktlinje%20f%C3%B6r%20f%C3%B6reningsbidrag%20inom%20kultur-%20och%20fritidsn%C3%A4mndens%20verksamhetsomr%C3%A5de%20antagten%202025-05-20.pdf,200,https://vanersborg.se/download/18.63cb04eb197a2053a89b3daa/1751518201295/Riktlinje%20f%C3%B6r%20f%C3%B6reningsbidrag%20inom%20kultur-%20och%20fritidsn%C3%A4mndens%20verksamhetsomr%C3%A5de%20antagten%202025-05-20.pdf,0,application/pdf,,,
vanersborg.yaml,vanersborg-medlemsbidrag,Medlemsbidrag,https://vanersborg.se/download/18.63cb04eb197a2053a89b3daa/1751518201295/Riktlinje%20f%C3%B6r%20f%C3%B6reningsbidrag%20inom%20kultur-%20och%20fritidsn%C3%A4mndens%20verksamhetsomr%C3%A5de%20antagten%202025-05-20.pdf,200,https://vanersborg.se/download/18.63cb04eb197a2053a89b3daa/1751518201295/Riktlinje%20f%C3%B6r%20f%C3%B6reningsbidrag%20inom%20kultur-%20och%20fritidsn%C3%A4mndens%20verksamhetsomr%C3%A5de%20antagten%202025-05-20.pdf,0,application/pdf,,,
vanersborg.yaml,vanersborg-aktivitetsbidrag,Aktivitetsbidrag (kommunalt aktivitetsstöd),https://vanersborg.se/download/18.63cb04eb197a2053a89b3daa/1751518201295/Riktlinje%20f%C3%B6r%20f%C3%B6reningsbidrag%20inom%20kultur-%20och%20fritidsn%C3%A4mndens%20verksamhetsomr%C3%A5de%20antagten%202025-05-20.pdf,200,https://vanersborg.se/download/18.63cb04eb197a2053a89b3daa/1751518201295/Riktlinje%20f%C3%B6r%20f%C3%B6reningsbidrag%20inom%20kultur-%20och%20fritidsn%C3%A4mndens%20verksamhetsomr%C3%A5de%20antagten%202025-05-20.pdf,0,application/pdf,,,
vanersborg.yaml,vanersborg-lokal-anlaggningsbidrag,Lokal- och anläggningsbidrag,https://vanersborg.se/download/18.63cb04eb197a2053a89b3daa/1751518201295/Riktlinje%20f%C3%B6r%20f%C3%B6reningsbidrag%20inom%20kultur-%20och%20fritidsn%C3%A4mndens%20verksamhetsomr%C3%A5de%20antagten%202025-05-20.pdf,200,https://vanersborg.se/download/18.63cb04eb197a2053a89b3daa/1751518201295/Riktlinje%20f%C3%B6r%20f%C3%B6reningsbidrag%20inom%20kultur-%20och%20fritidsn%C3%A4mndens%20verksamhetsomr%C3%A5de%20antagten%202025-05-20.pdf,0,application/pdf,,,
vanersborg.yaml,vanersborg-motionsspar,Bidrag till motionsspår,https://vanersborg.se/download/18.63cb04eb197a2053a89b3daa/1751518201295/Riktlinje%20f%C3%B6r%20f%C3%B6reningsbidrag%20inom%20kultur-%20och%20fritidsn%C3%A4mndens%20verksamhetsomr%C3%A5de%20antagten%202025-05-20.pdf,200,https://vanersborg.se/download/18.63cb04eb197a2053a89b3daa/1751518201295/Riktlinje%20f%C3%B6r%20f%C3%B6reningsbidrag%20inom%20kultur-%20och%20fritidsn%C3%A4mndens%20verksamhetsomr%C3%A5de%20antagten%202025-05-20.pdf,0,application/pdf,,,
vanersborg.yaml,vanersborg-arrangemangsbidrag,Arrangemangsbidrag,https://vanersborg.se/download/18.63cb04eb197a2053a89b3daa/1751518201295/Riktlinje%20f%C3%B6r%20f%C3%B6reningsbidrag%20inom%20kultur-%20och%20fritidsn%C3%A4mndens%20verksamhetsomr%C3%A5de%20antagten%202025-05-20.pdf,200,https://vanersborg.se/download/18.63cb04eb197a2053a89b3daa/1751518201295/Riktlinje%20f%C3%B6r%20f%C3%B6reningsbidrag%20inom%20kultur-%20och%20fritidsn%C3%A4mndens%20verksamhetsomr%C3%A5de%20antagten%202025-05-20.pdf,0,application/pdf,,,
vanersborg.yaml,vanersborg-socialt-foreningsbidrag,Föreningsbidrag för sociala föreningar,https://vanersborg.se/uppleva-och-gora/foreningar-och-foreningsliv/stod-och-bidrag/sociala-foreningar,200,https://vanersborg.se/uppleva-och-gora/foreningar-och-foreningsliv/stod-och-bidrag/sociala-foreningar,0,text/html;charset=UTF-8,,,
vanersborg.yaml,vanersborg-studieforbundsbidrag,Bidrag till studieförbund,https://vanersborg.se/uppleva-och-gora/foreningar-och-foreningsliv/stod-och-bidrag/studieforbund,200,https://vanersborg.se/uppleva-och-gora/foreningar-och-foreningsliv/stod-och-bidrag/studieforbund,0,text/html;charset=UTF-8,,,
vanersborg.yaml,vanersborg-evenemangsbidrag,Evenemangs- och marknadsföringsbidrag,https://vanersborg.se/naringsliv-och-arbete/evenemang,200,https://vanersborg.se/naringsliv-och-arbete/evenemang,0,text/html;charset=UTF-8,,,
vanersborg.yaml,vanersborg-driftbidrag-enskild-vag,Driftbidrag för enskild väghållning,https://vanersborg.se/trafik-och-resor/trafik-och-gator/enskild-vag,200,https://vanersborg.se/trafik-och-resor/trafik-och-gator/enskild-vag,0,text/html;charset=UTF-8,,,
vanersborg.yaml,vanersborg-stiftelser-fonder,Stiftelser och fonder öppna för föreningar,https://vanersborg.se/omsorg-och-hjalp/ekonomi-ekonomiskt-bistand/stipendier-och-fonder,200,https://vanersborg.se/omsorg-och-hjalp/ekonomi-ekonomiskt-bistand/stipendier-och-fonder,0,text/html;charset=UTF-8,,,
vannas.yaml,vannas-drift-lokal,Drift- och lokalbidrag,https://vannas.se/kultur-och-fritid/foreningsliv-och-foreningar/stod-bidrag-och-stipendium,200,https://vannas.se/kultur-och-fritid/foreningsliv-och-foreningar/stod-bidrag-och-stipendium,0,text/html;charset=UTF-8,,,
vannas.yaml,vannas-ledarutbildning,Ledarutbildningsbidrag,https://vannas.se/kultur-och-fritid/foreningsliv-och-foreningar/stod-bidrag-och-stipendium,200,https://vannas.se/kultur-och-fritid/foreningsliv-och-foreningar/stod-bidrag-och-stipendium,0,text/html;charset=UTF-8,,,
vannas.yaml,vannas-utveckling,Utvecklingsbidrag,https://vannas.se/kultur-och-fritid/foreningsliv-och-foreningar/stod-bidrag-och-stipendium,200,https://vannas.se/kultur-och-fritid/foreningsliv-och-foreningar/stod-bidrag-och-stipendium,0,text/html;charset=UTF-8,,,
vannas.yaml,vannas-kulturarrangemang,Kulturarrangemangsbidrag,https://vannas.se/kultur-och-fritid/foreningsliv-och-foreningar/stod-bidrag-och-stipendium,200,https://vannas.se/kultur-och-fritid/foreningsliv-och-foreningar/stod-bidrag-och-stipendium,0,text/html;charset=UTF-8,,,
vannas.yaml,vannas-ungdomsstiftelse,Bidrag från Östen Berglunds ungdomsstiftelse,https://vannas.se/kultur-och-fritid/foreningsliv-och-foreningar/stod-bidrag-och-stipendium,200,https://vannas.se/kultur-och-fritid/foreningsliv-och-foreningar/stod-bidrag-och-stipendium,0,text/html;charset=UTF-8,,,
vansbro.yaml,vansbro-aktivitetsbidrag-fysisk-aktivitet,Aktivitetsbidrag fysisk aktivitet,https://www.vansbro.se/uppleva-och-gora/foreningar/foreningsbidrag.html,200,https://www.vansbro.se/uppleva-och-gora/foreningar/foreningsbidrag.html,0,text/html;charset=UTF-8,,,
vansbro.yaml,vansbro-driftsbidrag,Driftsbidrag,https://www.vansbro.se/uppleva-och-gora/foreningar/foreningsbidrag.html,200,https://www.vansbro.se/uppleva-och-gora/foreningar/foreningsbidrag.html,0,text/html;charset=UTF-8,,,
vansbro.yaml,vansbro-administrationsbidrag,Administrationsbidrag,https://www.vansbro.se/uppleva-och-gora/foreningar/foreningsbidrag.html,200,https://www.vansbro.se/uppleva-och-gora/foreningar/foreningsbidrag.html,0,text/html;charset=UTF-8,,,
vansbro.yaml,vansbro-kulturarrangemangsbidrag,Kulturarrangemangsbidrag,https://www.vansbro.se/uppleva-och-gora/foreningar/foreningsbidrag.html,200,https://www.vansbro.se/uppleva-och-gora/foreningar/foreningsbidrag.html,0,text/html;charset=UTF-8,,,
vara.yaml,vara-stod-till-foreningslivet,Stöd till föreningslivet,https://vara.se/upplevaochgora/foreningar.818.html,200,https://vara.se/upplevaochgora/foreningar.818.html,0,text/html;charset=UTF-8,,,
vara.yaml,vara-bidrag-till-lokalhyra-for-pensionarsforeningar,Bidrag till lokalhyra för pensionärsföreningar,https://vara.se/upplevaochgora/foreningar.818.html,200,https://vara.se/upplevaochgora/foreningar.818.html,0,text/html;charset=UTF-8,,,
vara.yaml,vara-verksamhetsbidrag-till-organisationer,Verksamhetsbidrag till organisationer,https://vara.se/kommunochpolitik/varorganisationochverksamhet/planerochstyrandedokument/bidrag/reglerforverksamhetsbidragtillorganisationer.1947.html,200,https://vara.se/kommunochpolitik/varorganisationochverksamhet/planerochstyrandedokument/bidrag/reglerforverksamhetsbidragtillorganisationer.1947.html,0,text/html;charset=UTF-8,,,
vara.yaml,vara-bidrag-till-studieforbund,Bidrag till studieförbund,https://vara.se/upplevaochgora/foreningar.818.html,200,https://vara.se/upplevaochgora/foreningar.818.html,0,text/html;charset=UTF-8,,,
vara.yaml,vara-foreningsvandring,Föreningsvandring,https://vara.se/upplevaochgora/foreningar.818.html,200,https://vara.se/upplevaochgora/foreningar.818.html,0,text/html;charset=UTF-8,,,
vara.yaml,vara-bidrag-enskild-vag,Bidrag till enskild väg,https://vara.se/kommunochpolitik/varorganisationochverksamhet/planerochstyrandedokument/bidrag.html,200,https://vara.se/kommunochpolitik/varorganisationochverksamhet/planerochstyrandedokument/bidrag.html,0,text/html;charset=UTF-8,,,
varberg.yaml,varberg-verksamhetsbidrag-idrott-fritid,Lokalt aktivitetsstöd (LOK-stöd),https://varberg.se/uppleva-och-gora/foreningar-foreningsliv/bidrag-stod-och-stipendier/foreningsbidrag-inom-idrotts--och-fritidsomradet/foreningsbidrag-for-verksamhet-inom-idrotts--och-fritidsomradet,200,https://varberg.se/uppleva-och-gora/foreningar-foreningsliv/bidrag-stod-och-stipendier/foreningsbidrag-inom-idrotts--och-fritidsomradet/foreningsbidrag-for-verksamhet-inom-idrotts--och-fritidsomradet,0,text/html;charset=UTF-8,,,
varberg.yaml,varberg-medlemsbidrag-funktionsnedsattning,Medlemsbidrag till föreningar för personer med funktionsnedsättning,https://varberg.se/uppleva-och-gora/foreningar-foreningsliv/bidrag-stod-och-stipendier/foreningsbidrag-inom-idrotts--och-fritidsomradet/foreningsbidrag-for-verksamhet-inom-idrotts--och-fritidsomradet,200,https://varberg.se/uppleva-och-gora/foreningar-foreningsliv/bidrag-stod-och-stipendier/foreningsbidrag-inom-idrotts--och-fritidsomradet/foreningsbidrag-for-verksamhet-inom-idrotts--och-fritidsomradet,0,text/html;charset=UTF-8,,,
varberg.yaml,varberg-dialogbaserat-verksamhetsbidrag,Dialogbaserat verksamhetsbidrag,https://varberg.se/uppleva-och-gora/foreningar-foreningsliv/bidrag-stod-och-stipendier/foreningsbidrag-inom-idrotts--och-fritidsomradet/foreningsbidrag-for-verksamhet-inom-idrotts--och-fritidsomradet,200,https://varberg.se/uppleva-och-gora/foreningar-foreningsliv/bidrag-stod-och-stipendier/foreningsbidrag-inom-idrotts--och-fritidsomradet/foreningsbidrag-for-verksamhet-inom-idrotts--och-fritidsomradet,0,text/html;charset=UTF-8,,,
varberg.yaml,varberg-projektbidrag-idrott-fritid,Projektbidrag inom idrotts- och fritidsområdet,https://varberg.se/uppleva-och-gora/foreningar-foreningsliv/bidrag-stod-och-stipendier/foreningsbidrag-inom-idrotts--och-fritidsomradet/foreningsbidrag-for-verksamhet-inom-idrotts--och-fritidsomradet,200,https://varberg.se/uppleva-och-gora/foreningar-foreningsliv/bidrag-stod-och-stipendier/foreningsbidrag-inom-idrotts--och-fritidsomradet/foreningsbidrag-for-verksamhet-inom-idrotts--och-fritidsomradet,0,text/html;charset=UTF-8,,,
varberg.yaml,varberg-bidrag-rf-sisu-halland,Bidrag till RF Sisu Halland,https://varberg.se/uppleva-och-gora/foreningar-foreningsliv/bidrag-stod-och-stipendier/foreningsbidrag-inom-idrotts--och-fritidsomradet/foreningsbidrag-for-verksamhet-inom-idrotts--och-fritidsomradet,200,https://varberg.se/uppleva-och-gora/foreningar-foreningsliv/bidrag-stod-och-stipendier/foreningsbidrag-inom-idrotts--och-fritidsomradet/foreningsbidrag-for-verksamhet-inom-idrotts--och-fritidsomradet,0,text/html;charset=UTF-8,,,
varberg.yaml,varberg-lokal-anlaggningsbidrag,Lokal- och anläggningsbidrag,https://varberg.se/uppleva-och-gora/foreningar-foreningsliv/bidrag-stod-och-stipendier/foreningsbidrag-inom-idrotts--och-fritidsomradet/foreningsbidrag-for-lokaler-och-anlaggningar-inom-idrotts--och-fritidsomradet,200,https://varberg.se/uppleva-och-gora/foreningar-foreningsliv/bidrag-stod-och-stipendier/foreningsbidrag-inom-idrotts--och-fritidsomradet/foreningsbidrag-for-lokaler-och-anlaggningar-inom-idrotts--och-fritidsomradet,0,text/html;charset=UTF-8,,,
varberg.yaml,varberg-samlingslokaler-bygdegardar,Bidrag för samlingslokaler och bygdegårdar,https://varberg.se/uppleva-och-gora/foreningar-foreningsliv/bidrag-stod-och-stipendier/foreningsbidrag-inom-idrotts--och-fritidsomradet/foreningsbidrag-for-lokaler-och-anlaggningar-inom-idrotts--och-fritidsomradet,200,https://varberg.se/uppleva-och-gora/foreningar-foreningsliv/bidrag-stod-och-stipendier/foreningsbidrag-inom-idrotts--och-fritidsomradet/foreningsbidrag-for-lokaler-och-anlaggningar-inom-idrotts--och-fritidsomradet,0,text/html;charset=UTF-8,,,
varberg.yaml,varberg-oforutsedda-kostnader,Bidrag för oförutsedda kostnader,https://varberg.se/uppleva-och-gora/foreningar-foreningsliv/bidrag-stod-och-stipendier/foreningsbidrag-inom-idrotts--och-fritidsomradet/foreningsbidrag-for-lokaler-och-anlaggningar-inom-idrotts--och-fritidsomradet,200,https://varberg.se/uppleva-och-gora/foreningar-foreningsliv/bidrag-stod-och-stipendier/foreningsbidrag-inom-idrotts--och-fritidsomradet/foreningsbidrag-for-lokaler-och-anlaggningar-inom-idrotts--och-fritidsomradet,0,text/html;charset=UTF-8,,,
varberg.yaml,varberg-investeringsbidrag,"Investeringsbidrag (kommunalt, lokaler/anläggningar)",https://varberg.se/uppleva-och-gora/foreningar-foreningsliv/bidrag-stod-och-stipendier/foreningsbidrag-inom-idrotts--och-fritidsomradet/foreningsbidrag-for-lokaler-och-anlaggningar-inom-idrotts--och-fritidsomradet,200,https://varberg.se/uppleva-och-gora/foreningar-foreningsliv/bidrag-stod-och-stipendier/foreningsbidrag-inom-idrotts--och-fritidsomradet/foreningsbidrag-for-lokaler-och-anlaggningar-inom-idrotts--och-fritidsomradet,0,text/html;charset=UTF-8,,,
varberg.yaml,varberg-kartbidrag-orientering,Kartbidrag för orienteringsklubbar,https://varberg.se/uppleva-och-gora/foreningar-foreningsliv/bidrag-stod-och-stipendier/foreningsbidrag-inom-idrotts--och-fritidsomradet/foreningsbidrag-for-lokaler-och-anlaggningar-inom-idrotts--och-fritidsomradet,200,https://varberg.se/uppleva-och-gora/foreningar-foreningsliv/bidrag-stod-och-stipendier/foreningsbidrag-inom-idrotts--och-fritidsomradet/foreningsbidrag-for-lokaler-och-anlaggningar-inom-idrotts--och-fritidsomradet,0,text/html;charset=UTF-8,,,
varberg.yaml,varberg-investeringsbidrag-boverket,Investeringsbidrag för samlingslokaler (Boverket),https://varberg.se/uppleva-och-gora/foreningar-foreningsliv/bidrag-stod-och-stipendier/foreningsbidrag-inom-idrotts--och-fritidsomradet/foreningsbidrag-for-lokaler-och-anlaggningar-inom-idrotts--och-fritidsomradet,200,https://varberg.se/uppleva-och-gora/foreningar-foreningsliv/bidrag-stod-och-stipendier/foreningsbidrag-inom-idrotts--och-fritidsomradet/foreningsbidrag-for-lokaler-och-anlaggningar-inom-idrotts--och-fritidsomradet,0,text/html;charset=UTF-8,,,
varberg.yaml,varberg-stimulansbidrag-hallbar-utveckling,Stimulansbidrag för insatser kring hållbar utveckling,https://varberg.se/uppleva-och-gora/foreningar-foreningsliv/bidrag-stod-och-stipendier/utvecklings--och-hallbarhetsbidrag,200,https://varberg.se/uppleva-och-gora/foreningar-foreningsliv/bidrag-stod-och-stipendier/utvecklings--och-hallbarhetsbidrag,0,text/html;charset=UTF-8,,,
varberg.yaml,varberg-startbidrag,Startbidrag,https://varberg.se/uppleva-och-gora/foreningar-foreningsliv/bidrag-stod-och-stipendier/utvecklings--och-hallbarhetsbidrag,200,https://varberg.se/uppleva-och-gora/foreningar-foreningsliv/bidrag-stod-och-stipendier/utvecklings--och-hallbarhetsbidrag,0,text/html;charset=UTF-8,,,
varberg.yaml,varberg-vanortsutbyte,Vänortsutbyte,https://varberg.se/uppleva-och-gora/foreningar-foreningsliv/bidrag-stod-och-stipendier/utvecklings--och-hallbarhetsbidrag,200,https://varberg.se/uppleva-och-gora/foreningar-foreningsliv/bidrag-stod-och-stipendier/utvecklings--och-hallbarhetsbidrag,0,text/html;charset=UTF-8,,,
varberg.yaml,varberg-kommunalt-lonebidrag,Kommunalt lönebidrag,https://varberg.se/uppleva-och-gora/foreningar-foreningsliv/bidrag-stod-och-stipendier/kommunalt-lonebidrag,200,https://varberg.se/uppleva-och-gora/foreningar-foreningsliv/bidrag-stod-och-stipendier/kommunalt-lonebidrag,0,text/html;charset=UTF-8,,,
varberg.yaml,varberg-socialforvaltningens-foreningsbidrag,Socialförvaltningens föreningsbidrag,https://varberg.se/omsorg-och-stod/ekonomi-och-pengar/socialforvaltningens-foreningsbidrag,200,https://varberg.se/omsorg-och-stod/ekonomi-och-pengar/socialforvaltningens-foreningsbidrag,0,text/html;charset=UTF-8,,,
varberg.yaml,varberg-kultur-verksamhetsstod-forening,Verksamhetsstöd till arrangörs- och kulturföreningar,https://varberg.se/uppleva-och-gora/kultur/bidrag-stod-och-stipendier-inom-kulturomradet/bidrag-for-kulturaktorer-ideella-foreningar,200,https://varberg.se/uppleva-och-gora/kultur/bidrag-stod-och-stipendier-inom-kulturomradet/bidrag-for-kulturaktorer-ideella-foreningar,0,text/html;charset=UTF-8,,,
varberg.yaml,varberg-kultur-fria-kulturlivet,Verksamhetsstöd till det fria kulturlivet,https://varberg.se/uppleva-och-gora/kultur/bidrag-stod-och-stipendier-inom-kulturomradet/bidrag-for-kulturaktorer-ideella-foreningar,200,https://varberg.se/uppleva-och-gora/kultur/bidrag-stod-och-stipendier-inom-kulturomradet/bidrag-for-kulturaktorer-ideella-foreningar,0,text/html;charset=UTF-8,,,
varberg.yaml,varberg-kulturprojektstod,Kulturprojektstöd,https://varberg.se/uppleva-och-gora/kultur/bidrag-stod-och-stipendier-inom-kulturomradet/bidrag-for-kulturaktorer-ideella-foreningar,200,https://varberg.se/uppleva-och-gora/kultur/bidrag-stod-och-stipendier-inom-kulturomradet/bidrag-for-kulturaktorer-ideella-foreningar,0,text/html;charset=UTF-8,,,
varberg.yaml,varberg-stod-studieforbund,Stöd till studieförbund,https://varberg.se/uppleva-och-gora/kultur/bidrag-stod-och-stipendier-inom-kulturomradet/stod-till-studieforbund,200,https://varberg.se/uppleva-och-gora/kultur/bidrag-stod-och-stipendier-inom-kulturomradet/stod-till-studieforbund,0,text/html;charset=UTF-8,,,
varberg.yaml,varberg-drift-underhall-vagforening,Drift- och underhållsbidrag för vägföreningar,https://varberg.se/bygga-bo-och-miljo/samhallsutveckling/landsbygd/vagsamfallighet-och-vagforening,200,https://varberg.se/bygga-bo-och-miljo/samhallsutveckling/landsbygd/vagsamfallighet-och-vagforening,0,text/html;charset=UTF-8,,,
varberg.yaml,varberg-sarskilt-driftsbidrag-vagsamfallighet,Särskilt driftsbidrag för vägsamfälligheter,https://varberg.se/bygga-bo-och-miljo/samhallsutveckling/landsbygd/vagsamfallighet-och-vagforening,200,https://varberg.se/bygga-bo-och-miljo/samhallsutveckling/landsbygd/vagsamfallighet-och-vagforening,0,text/html;charset=UTF-8,,,
varberg.yaml,varberg-enskild-utfartsvag,Bidrag till enskild utfartsväg,https://varberg.se/bygga-bo-och-miljo/samhallsutveckling/landsbygd/vagsamfallighet-och-vagforening,200,https://varberg.se/bygga-bo-och-miljo/samhallsutveckling/landsbygd/vagsamfallighet-och-vagforening,0,text/html;charset=UTF-8,,,
varberg.yaml,varberg-byapengen,Byapengen,https://sjalvservice.varberg.se/oversikt/overview/65,200,https://sjalvservice.varberg.se/oversikt/overview/65,0,text/html;charset=ISO-8859-1,,,
varberg.yaml,varberg-landsbygdschecken,Landsbygdschecken,https://sjalvservice.varberg.se/oversikt/overview/64,200,https://sjalvservice.varberg.se/oversikt/overview/64,0,text/html;charset=ISO-8859-1,,,
varberg.yaml,varberg-motesplatser-landsbygd,Investeringsstöd till mötesplatser på landsbygden,https://varberg.se/bygga-bo-och-miljo/samhallsutveckling/landsbygd/stod-till-landsbygdsutveckling,200,https://varberg.se/bygga-bo-och-miljo/samhallsutveckling/landsbygd/stod-till-landsbygdsutveckling,0,text/html;charset=UTF-8,,,
vargarda.yaml,vargarda-startbidrag,Startbidrag,https://www.vargarda.se/fritid-natur-och-kultur/foreningar-och-foreningsliv/foreningsbidrag.html,200,https://www.vargarda.se/fritid-natur-och-kultur/foreningar-och-foreningsliv/foreningsbidrag.html,0,text/html;charset=UTF-8,,,
vargarda.yaml,vargarda-medlemsbidrag,Medlemsbidrag,https://www.vargarda.se/fritid-natur-och-kultur/foreningar-och-foreningsliv/foreningsbidrag.html,200,https://www.vargarda.se/fritid-natur-och-kultur/foreningar-och-foreningsliv/foreningsbidrag.html,0,text/html;charset=UTF-8,,,
vargarda.yaml,vargarda-kommunalt-lokalt-aktivitetsstod,Kommunalt lokalt aktivitetsstöd,https://www.vargarda.se/fritid-natur-och-kultur/foreningar-och-foreningsliv/foreningsbidrag.html,200,https://www.vargarda.se/fritid-natur-och-kultur/foreningar-och-foreningsliv/foreningsbidrag.html,0,text/html;charset=UTF-8,,,
vargarda.yaml,vargarda-driftstod-till-lokaler-och-anlaggningar,Driftstöd till lokaler och anläggningar,https://www.vargarda.se/fritid-natur-och-kultur/foreningar-och-foreningsliv/foreningsbidrag.html,200,https://www.vargarda.se/fritid-natur-och-kultur/foreningar-och-foreningsliv/foreningsbidrag.html,0,text/html;charset=UTF-8,,,
vargarda.yaml,vargarda-kulturverksamhet-och-ovriga-organisationer,Kulturverksamhet och övriga organisationer,https://www.vargarda.se/fritid-natur-och-kultur/foreningar-och-foreningsliv/foreningsbidrag.html,200,https://www.vargarda.se/fritid-natur-och-kultur/foreningar-och-foreningsliv/foreningsbidrag.html,0,text/html;charset=UTF-8,,,
vargarda.yaml,vargarda-pensionarsverksamhet,Pensionärsverksamhet,https://www.vargarda.se/fritid-natur-och-kultur/foreningar-och-foreningsliv/foreningsbidrag.html,200,https://www.vargarda.se/fritid-natur-och-kultur/foreningar-och-foreningsliv/foreningsbidrag.html,0,text/html;charset=UTF-8,,,
vargarda.yaml,vargarda-evenemangs-och-projektbidrag,Evenemangs- och projektbidrag,https://www.vargarda.se/fritid-natur-och-kultur/foreningar-och-foreningsliv/foreningsbidrag.html,200,https://www.vargarda.se/fritid-natur-och-kultur/foreningar-och-foreningsliv/foreningsbidrag.html,0,text/html;charset=UTF-8,,,
vargarda.yaml,vargarda-investeringsbidrag,Investeringsbidrag,https://www.vargarda.se/fritid-natur-och-kultur/foreningar-och-foreningsliv/foreningsbidrag.html,200,https://www.vargarda.se/fritid-natur-och-kultur/foreningar-och-foreningsliv/foreningsbidrag.html,0,text/html;charset=UTF-8,,,
vargarda.yaml,vargarda-bidrag-till-lovaktiviteter,Bidrag till lovaktiviteter,https://www.vargarda.se/fritid-natur-och-kultur/foreningar-och-foreningsliv/foreningsbidrag.html,200,https://www.vargarda.se/fritid-natur-och-kultur/foreningar-och-foreningsliv/foreningsbidrag.html,0,text/html;charset=UTF-8,,,
vargarda.yaml,vargarda-vagbidrag,Driftbidrag till enskilda vägar,https://www.vargarda.se/samhallsplanering-och-trafik/trafik-gator-och-parkering/gator-och-vagar/driftbidrag-for-vag--och-belysningsforeningar.html,200,https://www.vargarda.se/samhallsplanering-och-trafik/trafik-gator-och-parkering/gator-och-vagar/driftbidrag-for-vag--och-belysningsforeningar.html,0,text/html;charset=UTF-8,,,
vargarda.yaml,vargarda-belysningsbidrag,Drift- och underhållsbidrag till vägbelysning,https://www.vargarda.se/samhallsplanering-och-trafik/trafik-gator-och-parkering/gator-och-vagar/driftbidrag-for-vag--och-belysningsforeningar.html,200,https://www.vargarda.se/samhallsplanering-och-trafik/trafik-gator-och-parkering/gator-och-vagar/driftbidrag-for-vag--och-belysningsforeningar.html,0,text/html;charset=UTF-8,,,
varmdo.yaml,varmdo-grundbidrag-idrott,Grundbidrag till idrottsföreningars barn- och ungdomsverksamhet,https://www.varmdo.se/download/18.787c0ce019b2c05262e1294/1768378508335/Kultur%20och%20fritidsna%CC%88mndens%20riktlinjer%20fo%CC%88reningsbidrag.PDF,200,https://www.varmdo.se/download/18.787c0ce019b2c05262e1294/1768378508335/Kultur%20och%20fritidsna%CC%88mndens%20riktlinjer%20fo%CC%88reningsbidrag.PDF,0,application/pdf,,,
varmdo.yaml,varmdo-aktivitetsbidrag-idrott,Aktivitetsbidrag till idrottsföreningars barn- och ungdomsverksamhet,https://www.varmdo.se/download/18.787c0ce019b2c05262e1294/1768378508335/Kultur%20och%20fritidsna%CC%88mndens%20riktlinjer%20fo%CC%88reningsbidrag.PDF,200,https://www.varmdo.se/download/18.787c0ce019b2c05262e1294/1768378508335/Kultur%20och%20fritidsna%CC%88mndens%20riktlinjer%20fo%CC%88reningsbidrag.PDF,0,application/pdf,,,
varmdo.yaml,varmdo-grundbidrag-barn-ungdom,Grundbidrag till barn- och ungdomsföreningar,https://www.varmdo.se/download/18.787c0ce019b2c05262e1294/1768378508335/Kultur%20och%20fritidsna%CC%88mndens%20riktlinjer%20fo%CC%88reningsbidrag.PDF,200,https://www.varmdo.se/download/18.787c0ce019b2c05262e1294/1768378508335/Kultur%20och%20fritidsna%CC%88mndens%20riktlinjer%20fo%CC%88reningsbidrag.PDF,0,application/pdf,,,
varmdo.yaml,varmdo-grundbidrag-pensionar,Grundbidrag till pensionärsföreningar,https://www.varmdo.se/download/18.787c0ce019b2c05262e1294/1768378508335/Kultur%20och%20fritidsna%CC%88mndens%20riktlinjer%20fo%CC%88reningsbidrag.PDF,200,https://www.varmdo.se/download/18.787c0ce019b2c05262e1294/1768378508335/Kultur%20och%20fritidsna%CC%88mndens%20riktlinjer%20fo%CC%88reningsbidrag.PDF,0,application/pdf,,,
varmdo.yaml,varmdo-grundbidrag-funktionsratt,Grundbidrag till intresseföreningar för personer med funktionsnedsättning,https://www.varmdo.se/download/18.787c0ce019b2c05262e1294/1768378508335/Kultur%20och%20fritidsna%CC%88mndens%20riktlinjer%20fo%CC%88reningsbidrag.PDF,200,https://www.varmdo.se/download/18.787c0ce019b2c05262e1294/1768378508335/Kultur%20och%20fritidsna%CC%88mndens%20riktlinjer%20fo%CC%88reningsbidrag.PDF,0,application/pdf,,,
varmdo.yaml,varmdo-kulturskolestod,Stöd till föreningsdriven kulturskoleverksamhet för barn och unga,https://www.varmdo.se/download/18.787c0ce019b2c05262e1294/1768378508335/Kultur%20och%20fritidsna%CC%88mndens%20riktlinjer%20fo%CC%88reningsbidrag.PDF,200,https://www.varmdo.se/download/18.787c0ce019b2c05262e1294/1768378508335/Kultur%20och%20fritidsna%CC%88mndens%20riktlinjer%20fo%CC%88reningsbidrag.PDF,0,application/pdf,,,
varmdo.yaml,varmdo-sarskilt-kulturbidrag,Särskilt Kulturbidrag,https://www.varmdo.se/download/18.787c0ce019b2c05262e1294/1768378508335/Kultur%20och%20fritidsna%CC%88mndens%20riktlinjer%20fo%CC%88reningsbidrag.PDF,200,https://www.varmdo.se/download/18.787c0ce019b2c05262e1294/1768378508335/Kultur%20och%20fritidsna%CC%88mndens%20riktlinjer%20fo%CC%88reningsbidrag.PDF,0,application/pdf,,,
varmdo.yaml,varmdo-arrangemangsbidrag,Arrangemangsbidrag,https://www.varmdo.se/download/18.787c0ce019b2c05262e1294/1768378508335/Kultur%20och%20fritidsna%CC%88mndens%20riktlinjer%20fo%CC%88reningsbidrag.PDF,200,https://www.varmdo.se/download/18.787c0ce019b2c05262e1294/1768378508335/Kultur%20och%20fritidsna%CC%88mndens%20riktlinjer%20fo%CC%88reningsbidrag.PDF,0,application/pdf,,,
varmdo.yaml,varmdo-projektbidrag-samhallsnytta,Projektbidrag för särskild samhällsnytta,https://www.varmdo.se/download/18.787c0ce019b2c05262e1294/1768378508335/Kultur%20och%20fritidsna%CC%88mndens%20riktlinjer%20fo%CC%88reningsbidrag.PDF,200,https://www.varmdo.se/download/18.787c0ce019b2c05262e1294/1768378508335/Kultur%20och%20fritidsna%CC%88mndens%20riktlinjer%20fo%CC%88reningsbidrag.PDF,0,application/pdf,,,
varmdo.yaml,varmdo-verksamhetsbidrag-funktionsnedsatta,Verksamhetsbidrag till föreningar med verksamhet för funktionsnedsatta,https://www.varmdo.se/download/18.787c0ce019b2c05262e1294/1768378508335/Kultur%20och%20fritidsna%CC%88mndens%20riktlinjer%20fo%CC%88reningsbidrag.PDF,200,https://www.varmdo.se/download/18.787c0ce019b2c05262e1294/1768378508335/Kultur%20och%20fritidsna%CC%88mndens%20riktlinjer%20fo%CC%88reningsbidrag.PDF,0,application/pdf,,,
varmdo.yaml,varmdo-skollovsbidrag,Bidrag till skollovsverksamhet,https://www.varmdo.se/download/18.787c0ce019b2c05262e1294/1768378508335/Kultur%20och%20fritidsna%CC%88mndens%20riktlinjer%20fo%CC%88reningsbidrag.PDF,200,https://www.varmdo.se/download/18.787c0ce019b2c05262e1294/1768378508335/Kultur%20och%20fritidsna%CC%88mndens%20riktlinjer%20fo%CC%88reningsbidrag.PDF,0,application/pdf,,,
varmdo.yaml,varmdo-startbidrag,Startbidrag,https://www.varmdo.se/download/18.787c0ce019b2c05262e1294/1768378508335/Kultur%20och%20fritidsna%CC%88mndens%20riktlinjer%20fo%CC%88reningsbidrag.PDF,200,https://www.varmdo.se/download/18.787c0ce019b2c05262e1294/1768378508335/Kultur%20och%20fritidsna%CC%88mndens%20riktlinjer%20fo%CC%88reningsbidrag.PDF,0,application/pdf,,,
varmdo.yaml,varmdo-forstarkt-ridbidrag,Förstärkt ridbidrag,https://www.varmdo.se/download/18.787c0ce019b2c05262e1294/1768378508335/Kultur%20och%20fritidsna%CC%88mndens%20riktlinjer%20fo%CC%88reningsbidrag.PDF,200,https://www.varmdo.se/download/18.787c0ce019b2c05262e1294/1768378508335/Kultur%20och%20fritidsna%CC%88mndens%20riktlinjer%20fo%CC%88reningsbidrag.PDF,0,application/pdf,,,
varmdo.yaml,varmdo-idrottsfritidsbidrag,Idrottsfritidsbidrag,https://www.varmdo.se/download/18.787c0ce019b2c05262e1294/1768378508335/Kultur%20och%20fritidsna%CC%88mndens%20riktlinjer%20fo%CC%88reningsbidrag.PDF,200,https://www.varmdo.se/download/18.787c0ce019b2c05262e1294/1768378508335/Kultur%20och%20fritidsna%CC%88mndens%20riktlinjer%20fo%CC%88reningsbidrag.PDF,0,application/pdf,,,
varmdo.yaml,varmdo-kommunal-medfinansiering,Kommunal medfinansiering för skärgård och landsbygd,https://www.varmdo.se/upplevaochgora/foreningsservice/kommunalmedfinansiering.4.4633bca1168ec68c25490e67.html,200,https://www.varmdo.se/upplevaochgora/forening/foreningsbidrag.4.18c983316e0536cb1880dd7.html,1,text/html;charset=UTF-8,,,
varmdo.yaml,varmdo-studieforbundsstod,Stöd till studieförbund,https://www.varmdo.se/kommunochpolitik/stipendierfonderochutmarkelser/studieforbundstod.4.932edeb16ed593bd7cc5bc4.html,200,https://www.varmdo.se/kommunochpolitik/stipendierfonderochutmarkelser/studieforbundstod.4.932edeb16ed593bd7cc5bc4.html,0,text/html;charset=UTF-8,,,
varnamo.yaml,varnamo-grundbidrag-unga,Grundbidrag – barn- och ungdomsverksamhet,https://kommun.varnamo.se/kultur-och-fritid/foreningar-och-foreningsliv/bidrag-och-stod-till-foreningar.html,200,https://kommun.varnamo.se/kultur-och-fritid/foreningar-och-foreningsliv/bidrag-och-stod-till-foreningar.html,0,text/html;charset=UTF-8,,,
varnamo.yaml,varnamo-aktivitetsbidrag,Aktivitetsbidrag,https://kommun.varnamo.se/kultur-och-fritid/foreningar-och-foreningsliv/bidrag-och-stod-till-foreningar.html,200,https://kommun.varnamo.se/kultur-och-fritid/foreningar-och-foreningsliv/bidrag-och-stod-till-foreningar.html,0,text/html;charset=UTF-8,,,
varnamo.yaml,varnamo-lokal-anlaggningsbidrag,Lokal- och anläggningsbidrag,https://kommun.varnamo.se/kultur-och-fritid/foreningar-och-foreningsliv/bidrag-och-stod-till-foreningar.html,200,https://kommun.varnamo.se/kultur-och-fritid/foreningar-och-foreningsliv/bidrag-och-stod-till-foreningar.html,0,text/html;charset=UTF-8,,,
varnamo.yaml,varnamo-grundbidrag-ovriga,"Grundbidrag – funktionsrätt, pensionär och samhällsnytta",https://kommun.varnamo.se/kultur-och-fritid/foreningar-och-foreningsliv/bidrag-och-stod-till-foreningar.html,200,https://kommun.varnamo.se/kultur-och-fritid/foreningar-och-foreningsliv/bidrag-och-stod-till-foreningar.html,0,text/html;charset=UTF-8,,,
varnamo.yaml,varnamo-ledarutbildningsbidrag-–-barn-och-ungdom,Ledarutbildningsbidrag – barn och ungdom,https://kommun.varnamo.se/kultur-och-fritid/foreningar-och-foreningsliv/bidrag-och-stod-till-foreningar.html,200,https://kommun.varnamo.se/kultur-och-fritid/foreningar-och-foreningsliv/bidrag-och-stod-till-foreningar.html,0,text/html;charset=UTF-8,,,
varnamo.yaml,"varnamo-lokalbidrag-–-funktionsratt,-pensionar-och-samhallsnytta","Lokalbidrag – funktionsrätt, pensionär och samhällsnytta",https://kommun.varnamo.se/kultur-och-fritid/foreningar-och-foreningsliv/bidrag-och-stod-till-foreningar.html,200,https://kommun.varnamo.se/kultur-och-fritid/foreningar-och-foreningsliv/bidrag-och-stod-till-foreningar.html,0,text/html;charset=UTF-8,,,
varnamo.yaml,"varnamo-ledarutbildningsbidrag-–-funktionsratt,-pensionar-och-samhallsnytta","Ledarutbildningsbidrag – funktionsrätt, pensionär och samhällsnytta",https://kommun.varnamo.se/kultur-och-fritid/foreningar-och-foreningsliv/bidrag-och-stod-till-foreningar.html,200,https://kommun.varnamo.se/kultur-och-fritid/foreningar-och-foreningsliv/bidrag-och-stod-till-foreningar.html,0,text/html;charset=UTF-8,,,
varnamo.yaml,varnamo-arsbidrag-kultur,Årsbidrag till kultur- och hembygdsföreningar,https://kommun.varnamo.se/kultur-och-fritid/foreningar-och-foreningsliv/bidrag-och-stod-till-foreningar.html,200,https://kommun.varnamo.se/kultur-och-fritid/foreningar-och-foreningsliv/bidrag-och-stod-till-foreningar.html,0,text/html;charset=UTF-8,,,
varnamo.yaml,varnamo-arrangemangsbidrag,Arrangemangsbidrag,https://kommun.varnamo.se/kultur-och-fritid/foreningar-och-foreningsliv/bidrag-och-stod-till-foreningar.html,200,https://kommun.varnamo.se/kultur-och-fritid/foreningar-och-foreningsliv/bidrag-och-stod-till-foreningar.html,0,text/html;charset=UTF-8,,,
varnamo.yaml,varnamo-enskilt-avlopp,Bidrag för åtgärd av enskilt avlopp,https://kommun.varnamo.se/kultur-och-fritid/foreningar-och-foreningsliv/bidrag-och-stod-till-foreningar.html,200,https://kommun.varnamo.se/kultur-och-fritid/foreningar-och-foreningsliv/bidrag-och-stod-till-foreningar.html,0,text/html;charset=UTF-8,,,
varnamo.yaml,varnamo-energi-klimatbidrag,Energi- och klimatbidrag,https://kommun.varnamo.se/kultur-och-fritid/foreningar-och-foreningsliv/bidrag-och-stod-till-foreningar.html,200,https://kommun.varnamo.se/kultur-och-fritid/foreningar-och-foreningsliv/bidrag-och-stod-till-foreningar.html,0,text/html;charset=UTF-8,,,
varnamo.yaml,varnamo-foreningsvandring,Bidrag för föreningsvandring,https://kommun.varnamo.se/kultur-och-fritid/foreningar-och-foreningsliv/bidrag-och-stod-till-foreningar.html,200,https://kommun.varnamo.se/kultur-och-fritid/foreningar-och-foreningsliv/bidrag-och-stod-till-foreningar.html,0,text/html;charset=UTF-8,,,
varnamo.yaml,varnamo-integrationsprojekt,Bidrag till integrationsfrämjande projekt,https://kommun.varnamo.se/kultur-och-fritid/foreningar-och-foreningsliv/bidrag-och-stod-till-foreningar.html,200,https://kommun.varnamo.se/kultur-och-fritid/foreningar-och-foreningsliv/bidrag-och-stod-till-foreningar.html,0,text/html;charset=UTF-8,,,
vasteras.yaml,vasteras-verksamhetsstod-kultur-fritid,Verksamhetsstöd till kultur- och fritidsföreningar,https://www.vasteras.se/uppleva-och-gora/foreningar-foreningsliv/bidrag-ekonomiskt-stod-till-foreningar/riktlinjer-for-foreningsstodet-till-ideella-kultur--och-fritidsforeningar.html,200,https://www.vasteras.se/uppleva-och-gora/foreningar-foreningsliv/bidrag-ekonomiskt-stod-till-foreningar/riktlinjer-for-foreningsstodet-till-ideella-kultur--och-fritidsforeningar.html,0,text/html;charset=UTF-8,,,
vasteras.yaml,vasteras-verksamhetsstod-pensionar,Verksamhetsstöd till pensionärsföreningar (äldrenämnden),https://www.vasteras.se/uppleva-och-gora/foreningar-foreningsliv/bidrag-ekonomiskt-stod-till-foreningar.html,200,https://www.vasteras.se/uppleva-och-gora/foreningar-foreningsliv/bidrag-ekonomiskt-stod-till-foreningar.html,0,text/html;charset=UTF-8,,,
vasteras.yaml,vasteras-projekt-arrangemang,Stöd till enskilda projekt eller arrangemang,https://www.vasteras.se/uppleva-och-gora/foreningar-foreningsliv/bidrag-ekonomiskt-stod-till-foreningar.html,200,https://www.vasteras.se/uppleva-och-gora/foreningar-foreningsliv/bidrag-ekonomiskt-stod-till-foreningar.html,0,text/html;charset=UTF-8,,,
vasteras.yaml,vasteras-driftsstod-samlingslokaler,Driftsstöd till samlingslokaler (kulturnämnden),https://www.vasteras.se/uppleva-och-gora/foreningar-foreningsliv/bidrag-ekonomiskt-stod-till-foreningar/regelverk-for-stod-till-samlingslokaler-inom-kulturnamnden.html,200,https://www.vasteras.se/uppleva-och-gora/foreningar-foreningsliv/bidrag-ekonomiskt-stod-till-foreningar/regelverk-for-stod-till-samlingslokaler-inom-kulturnamnden.html,0,text/html;charset=UTF-8,,,
vasteras.yaml,vasteras-idrottsstod,Föreningsstöd till idrottsföreningar,https://www.vasteras.se/uppleva-och-gora/foreningar-foreningsliv/bidrag-ekonomiskt-stod-till-foreningar/riktlinjer-for-idrottsforeningar.html,200,https://www.vasteras.se/uppleva-och-gora/foreningar-foreningsliv/bidrag-ekonomiskt-stod-till-foreningar/riktlinjer-for-idrottsforeningar.html,0,text/html;charset=UTF-8,,,
vasteras.yaml,vasteras-funktionsrattsforeningar,Föreningsstöd till föreningar för personer med funktionsnedsättning,https://www.vasteras.se/uppleva-och-gora/foreningar-foreningsliv/bidrag-ekonomiskt-stod-till-foreningar.html,200,https://www.vasteras.se/uppleva-och-gora/foreningar-foreningsliv/bidrag-ekonomiskt-stod-till-foreningar.html,0,text/html;charset=UTF-8,,,
vasteras.yaml,vasteras-sociala-foreningar,Föreningsstöd till sociala föreningar med särskild inriktning,https://www.vasteras.se/uppleva-och-gora/foreningar-foreningsliv/bidrag-ekonomiskt-stod-till-foreningar.html,200,https://www.vasteras.se/uppleva-och-gora/foreningar-foreningsliv/bidrag-ekonomiskt-stod-till-foreningar.html,0,text/html;charset=UTF-8,,,
vasteras.yaml,vasteras-lovaktiviteter,Stöd till avgiftsfria lovaktiviteter,https://www.vasteras.se/uppleva-och-gora/foreningar-foreningsliv/bidrag-ekonomiskt-stod-till-foreningar.html,200,https://www.vasteras.se/uppleva-och-gora/foreningar-foreningsliv/bidrag-ekonomiskt-stod-till-foreningar.html,0,text/html;charset=UTF-8,,,
vasteras.yaml,vasteras-try-it-nara,TRY IT nära,https://www.vasteras.se/uppleva-och-gora/foreningar-foreningsliv/bidrag-ekonomiskt-stod-till-foreningar.html,200,https://www.vasteras.se/uppleva-och-gora/foreningar-foreningsliv/bidrag-ekonomiskt-stod-till-foreningar.html,0,text/html;charset=UTF-8,,,
vasteras.yaml,vasteras-fritidskortet,Fritidskortet,https://www.vasteras.se/uppleva-och-gora/foreningar-foreningsliv/bidrag-ekonomiskt-stod-till-foreningar.html,200,https://www.vasteras.se/uppleva-och-gora/foreningar-foreningsliv/bidrag-ekonomiskt-stod-till-foreningar.html,0,text/html;charset=UTF-8,,,
vastervik.yaml,vastervik-kubik,KUBIK (utvecklingsstöd idrott och kultur),https://www.vastervik.se/Uppleva-och-gora/Foreningar-foreningsliv/stod-bidrag-och-stipendier/,200,https://www.vastervik.se/Uppleva-och-gora/Foreningar-foreningsliv/stod-bidrag-och-stipendier/,0,text/html; charset=utf-8,,,
vastervik.yaml,vastervik-pop,Pop (program och produktionsstöd),https://www.vastervik.se/Uppleva-och-gora/Foreningar-foreningsliv/stod-bidrag-och-stipendier/,200,https://www.vastervik.se/Uppleva-och-gora/Foreningar-foreningsliv/stod-bidrag-och-stipendier/,0,text/html; charset=utf-8,,,
vastervik.yaml,vastervik-dina-cash,Dina Cash,https://www.vastervik.se/Uppleva-och-gora/Foreningar-foreningsliv/stod-bidrag-och-stipendier/,200,https://www.vastervik.se/Uppleva-och-gora/Foreningar-foreningsliv/stod-bidrag-och-stipendier/,0,text/html; charset=utf-8,,,
vastervik.yaml,vastervik-lokalt-aktivitetsstod,Lokalt aktivitetsstöd,https://www.vastervik.se/Uppleva-och-gora/Foreningar-foreningsliv/stod-bidrag-och-stipendier/,200,https://www.vastervik.se/Uppleva-och-gora/Foreningar-foreningsliv/stod-bidrag-och-stipendier/,0,text/html; charset=utf-8,,,
vastervik.yaml,vastervik-sarskilt-lokalstod,Särskilt lokalstöd,https://www.vastervik.se/Uppleva-och-gora/Foreningar-foreningsliv/stod-bidrag-och-stipendier/,200,https://www.vastervik.se/Uppleva-och-gora/Foreningar-foreningsliv/stod-bidrag-och-stipendier/,0,text/html; charset=utf-8,,,
vastervik.yaml,vastervik-medlemsbidrag,Medlemsbidrag,https://www.vastervik.se/Uppleva-och-gora/Foreningar-foreningsliv/stod-bidrag-och-stipendier/,200,https://www.vastervik.se/Uppleva-och-gora/Foreningar-foreningsliv/stod-bidrag-och-stipendier/,0,text/html; charset=utf-8,,,
vastervik.yaml,vastervik-extraordinart-bidrag,Extraordinärt bidrag,https://www.vastervik.se/Uppleva-och-gora/Foreningar-foreningsliv/stod-bidrag-och-stipendier/,200,https://www.vastervik.se/Uppleva-och-gora/Foreningar-foreningsliv/stod-bidrag-och-stipendier/,0,text/html; charset=utf-8,,,
vastervik.yaml,vastervik-arligt-bidrag-kultur,Årligt bidrag för kulturföreningar,https://www.vastervik.se/Uppleva-och-gora/Foreningar-foreningsliv/stod-bidrag-och-stipendier/,200,https://www.vastervik.se/Uppleva-och-gora/Foreningar-foreningsliv/stod-bidrag-och-stipendier/,0,text/html; charset=utf-8,,,
vastervik.yaml,vastervik-studieorganisationer,Stöd till studieorganisationer,https://www.vastervik.se/Uppleva-och-gora/Foreningar-foreningsliv/stod-bidrag-och-stipendier/,200,https://www.vastervik.se/Uppleva-och-gora/Foreningar-foreningsliv/stod-bidrag-och-stipendier/,0,text/html; charset=utf-8,,,
vastervik.yaml,vastervik-kulturstipendium,Kulturstipendium,https://www.vastervik.se/Uppleva-och-gora/Foreningar-foreningsliv/stod-bidrag-och-stipendier/,200,https://www.vastervik.se/Uppleva-och-gora/Foreningar-foreningsliv/stod-bidrag-och-stipendier/,0,text/html; charset=utf-8,,,
vastervik.yaml,vastervik-foreningsledarstipendium,Föreningsledarstipendium,https://www.vastervik.se/Uppleva-och-gora/Foreningar-foreningsliv/stod-bidrag-och-stipendier/,200,https://www.vastervik.se/Uppleva-och-gora/Foreningar-foreningsliv/stod-bidrag-och-stipendier/,0,text/html; charset=utf-8,,,
vastervik.yaml,vastervik-arets-ideella-samhallsutvecklare,Årets ideella samhällsutvecklare,https://www.vastervik.se/Uppleva-och-gora/Foreningar-foreningsliv/stod-bidrag-och-stipendier/,200,https://www.vastervik.se/Uppleva-och-gora/Foreningar-foreningsliv/stod-bidrag-och-stipendier/,0,text/html; charset=utf-8,,,
vaxholm.yaml,vaxholm-lokalbidrag,Lokalbidrag,https://www.vaxholm.se/uppleva--gora/foreningsliv-och-bidrag/bidrag-och-stod-till-foreningar,200,https://www.vaxholm.se/uppleva--gora/foreningsliv-och-bidrag/bidrag-och-stod-till-foreningar,0,text/html;charset=UTF-8,,,
vaxholm.yaml,vaxholm-aktivitetsbidrag,Aktivitetsbidrag,https://www.vaxholm.se/uppleva--gora/foreningsliv-och-bidrag/bidrag-och-stod-till-foreningar,200,https://www.vaxholm.se/uppleva--gora/foreningsliv-och-bidrag/bidrag-och-stod-till-foreningar,0,text/html;charset=UTF-8,,,
vaxholm.yaml,vaxholm-kulturbidrag,Kulturbidrag,https://www.vaxholm.se/uppleva--gora/foreningsliv-och-bidrag/bidrag-och-stod-till-foreningar,200,https://www.vaxholm.se/uppleva--gora/foreningsliv-och-bidrag/bidrag-och-stod-till-foreningar,0,text/html;charset=UTF-8,,,
vaxholm.yaml,vaxholm-socialnamndens-foreningsbidrag,Föreningsbidrag från socialnämnden,https://www.vaxholm.se/omsorg--stod/ekonomiskt-stod-och-radgivning/stipendier-och-bidrag/foreningsbidrag-fran-socialnamnden,200,https://www.vaxholm.se/omsorg--stod/ekonomiskt-stod-och-radgivning/stipendier-och-bidrag/foreningsbidrag-fran-socialnamnden,0,text/html;charset=UTF-8,,,
vaxjo.yaml,vaxjo-aktivitetsstod-barn-ungdom,Aktivitetsstöd,https://www.vaxjo.se/sidor/politik-och-demokrati/ekonomi/sok-stod-till-foreningar/stod-till-foreningar-med-barn-och-ungdomsverksamhet.html,200,https://www.vaxjo.se/sidor/politik-och-demokrati/ekonomi/sok-stod-till-foreningar/stod-till-foreningar-med-barn-och-ungdomsverksamhet.html,0,text/html;charset=UTF-8,,,
vaxjo.yaml,vaxjo-aktivitetsstod-oppen-verksamhet,Aktivitetsstöd för öppen verksamhet,https://www.vaxjo.se/sidor/politik-och-demokrati/ekonomi/sok-stod-till-foreningar/stod-till-foreningar-med-barn-och-ungdomsverksamhet.html,200,https://www.vaxjo.se/sidor/politik-och-demokrati/ekonomi/sok-stod-till-foreningar/stod-till-foreningar-med-barn-och-ungdomsverksamhet.html,0,text/html;charset=UTF-8,,,
vaxjo.yaml,vaxjo-stod-inkludering-funktionsvariationer,Stöd till inkludering av personer med funktionsvariationer,https://www.vaxjo.se/sidor/politik-och-demokrati/ekonomi/sok-stod-till-foreningar/stod-till-foreningar-med-barn-och-ungdomsverksamhet.html,200,https://www.vaxjo.se/sidor/politik-och-demokrati/ekonomi/sok-stod-till-foreningar/stod-till-foreningar-med-barn-och-ungdomsverksamhet.html,0,text/html;charset=UTF-8,,,
vaxjo.yaml,vaxjo-driftsstod-egen-anlaggning-fritid,"Driftsstöd, egen anläggning (fritidsföreningar)",https://www.vaxjo.se/sidor/politik-och-demokrati/ekonomi/sok-stod-till-foreningar/stod-till-foreningar-med-barn-och-ungdomsverksamhet.html,200,https://www.vaxjo.se/sidor/politik-och-demokrati/ekonomi/sok-stod-till-foreningar/stod-till-foreningar-med-barn-och-ungdomsverksamhet.html,0,text/html;charset=UTF-8,,,
vaxjo.yaml,vaxjo-hyresstod-barn-ungdom,Hyresstöd (barn- och ungdomsverksamhet),https://www.vaxjo.se/sidor/politik-och-demokrati/ekonomi/sok-stod-till-foreningar/stod-till-foreningar-med-barn-och-ungdomsverksamhet.html,200,https://www.vaxjo.se/sidor/politik-och-demokrati/ekonomi/sok-stod-till-foreningar/stod-till-foreningar-med-barn-och-ungdomsverksamhet.html,0,text/html;charset=UTF-8,,,
vaxjo.yaml,vaxjo-utbildningsstod-ledare,Utbildningsstöd (ledarutbildning),https://www.vaxjo.se/sidor/politik-och-demokrati/ekonomi/sok-stod-till-foreningar/stod-till-foreningar-med-barn-och-ungdomsverksamhet.html,200,https://www.vaxjo.se/sidor/politik-och-demokrati/ekonomi/sok-stod-till-foreningar/stod-till-foreningar-med-barn-och-ungdomsverksamhet.html,0,text/html;charset=UTF-8,,,
vaxjo.yaml,vaxjo-investeringsstod-fritid-stort,"Investeringsstöd, stort (fritidsföreningar)",https://www.vaxjo.se/sidor/politik-och-demokrati/ekonomi/sok-stod-till-foreningar/stod-till-foreningar-med-barn-och-ungdomsverksamhet.html,200,https://www.vaxjo.se/sidor/politik-och-demokrati/ekonomi/sok-stod-till-foreningar/stod-till-foreningar-med-barn-och-ungdomsverksamhet.html,0,text/html;charset=UTF-8,,,
vaxjo.yaml,vaxjo-investeringsstod-fritid-litet,"Investeringsstöd, litet (fritidsföreningar)",https://www.vaxjo.se/sidor/politik-och-demokrati/ekonomi/sok-stod-till-foreningar/stod-till-foreningar-med-barn-och-ungdomsverksamhet.html,200,https://www.vaxjo.se/sidor/politik-och-demokrati/ekonomi/sok-stod-till-foreningar/stod-till-foreningar-med-barn-och-ungdomsverksamhet.html,0,text/html;charset=UTF-8,,,
vaxjo.yaml,vaxjo-verksamhetsstod-kultur,Verksamhetsstöd (kulturföreningar),https://www.vaxjo.se/sidor/politik-och-demokrati/ekonomi/sok-stod-till-foreningar/stod-till-kulturforeningar-och-kulturaktorer.html,200,https://www.vaxjo.se/sidor/politik-och-demokrati/ekonomi/sok-stod-till-foreningar/stod-till-kulturforeningar-och-kulturaktorer.html,0,text/html;charset=UTF-8,,,
vaxjo.yaml,vaxjo-langsiktigt-kulturstod,Långsiktigt kulturstöd,https://www.vaxjo.se/sidor/politik-och-demokrati/ekonomi/sok-stod-till-foreningar/stod-till-kulturforeningar-och-kulturaktorer.html,200,https://www.vaxjo.se/sidor/politik-och-demokrati/ekonomi/sok-stod-till-foreningar/stod-till-kulturforeningar-och-kulturaktorer.html,0,text/html;charset=UTF-8,,,
vaxjo.yaml,vaxjo-investeringsstod-kultur,Investeringsstöd (kulturföreningar),https://www.vaxjo.se/sidor/politik-och-demokrati/ekonomi/sok-stod-till-foreningar/stod-till-kulturforeningar-och-kulturaktorer.html,200,https://www.vaxjo.se/sidor/politik-och-demokrati/ekonomi/sok-stod-till-foreningar/stod-till-kulturforeningar-och-kulturaktorer.html,0,text/html;charset=UTF-8,,,
vaxjo.yaml,vaxjo-stod-studieforbund,Stöd till studieförbund,https://www.vaxjo.se/sidor/politik-och-demokrati/ekonomi/sok-stod-till-foreningar/stod-till-studieforbund.html,200,https://www.vaxjo.se/sidor/politik-och-demokrati/ekonomi/sok-stod-till-foreningar/stod-till-studieforbund.html,0,text/html;charset=UTF-8,,,
vaxjo.yaml,vaxjo-stod-nybildad-forening,Stöd till nybildad förening,https://www.vaxjo.se/sidor/politik-och-demokrati/ekonomi/sok-stod-till-foreningar/stod-till-foreningar-med-barn-och-ungdomsverksamhet.html,200,https://www.vaxjo.se/sidor/politik-och-demokrati/ekonomi/sok-stod-till-foreningar/stod-till-foreningar-med-barn-och-ungdomsverksamhet.html,0,text/html;charset=UTF-8,,,
vaxjo.yaml,vaxjo-projektstod-litet,"Projektstöd, litet",https://www.vaxjo.se/sidor/politik-och-demokrati/ekonomi/sok-stod-till-foreningar/stod-till-foreningar-med-barn-och-ungdomsverksamhet.html,200,https://www.vaxjo.se/sidor/politik-och-demokrati/ekonomi/sok-stod-till-foreningar/stod-till-foreningar-med-barn-och-ungdomsverksamhet.html,0,text/html;charset=UTF-8,,,
vaxjo.yaml,vaxjo-projektstod-stort-fritid,"Projektstöd, stort (fritidsföreningar)",https://www.vaxjo.se/sidor/politik-och-demokrati/ekonomi/sok-stod-till-foreningar/stod-till-foreningar-med-barn-och-ungdomsverksamhet.html,200,https://www.vaxjo.se/sidor/politik-och-demokrati/ekonomi/sok-stod-till-foreningar/stod-till-foreningar-med-barn-och-ungdomsverksamhet.html,0,text/html;charset=UTF-8,,,
vaxjo.yaml,vaxjo-projektstod-stort-kultur,"Projektstöd, stort (kulturföreningar)",https://www.vaxjo.se/sidor/politik-och-demokrati/ekonomi/sok-stod-till-foreningar/stod-till-kulturforeningar-och-kulturaktorer.html,200,https://www.vaxjo.se/sidor/politik-och-demokrati/ekonomi/sok-stod-till-foreningar/stod-till-kulturforeningar-och-kulturaktorer.html,0,text/html;charset=UTF-8,,,
vaxjo.yaml,vaxjo-litet-evenemangsstod,Litet evenemangsstöd,https://www.vaxjo.se/sidor/politik-och-demokrati/ekonomi/sok-stod-till-foreningar/stod-till-evenemang.html,200,https://www.vaxjo.se/sidor/politik-och-demokrati/ekonomi/sok-stod-till-foreningar/stod-till-evenemang.html,0,text/html;charset=UTF-8,,,
vaxjo.yaml,vaxjo-stort-evenemangsstod,Stort evenemangsstöd,https://www.vaxjo.se/sidor/politik-och-demokrati/ekonomi/sok-stod-till-foreningar/stod-till-evenemang.html,200,https://www.vaxjo.se/sidor/politik-och-demokrati/ekonomi/sok-stod-till-foreningar/stod-till-evenemang.html,0,text/html;charset=UTF-8,,,
vaxjo.yaml,vaxjo-stod-samhallsuppdrag,Stöd till samhällsuppdrag (samverkansavtal/idéburet offentligt partnerskap),https://www.vaxjo.se/sidor/politik-och-demokrati/ekonomi/sok-stod-till-foreningar/stod-till-foreningar-med-barn-och-ungdomsverksamhet.html,200,https://www.vaxjo.se/sidor/politik-och-demokrati/ekonomi/sok-stod-till-foreningar/stod-till-foreningar-med-barn-och-ungdomsverksamhet.html,0,text/html;charset=UTF-8,,,
vaxjo.yaml,vaxjo-verksamhetsstod-byalag,"Verksamhetsstöd (byalag, samhälls-, byggnads-, hembygds- och bygdegårdsföreningar)",https://www.vaxjo.se/sidor/politik-och-demokrati/ekonomi/sok-stod-till-foreningar/stod-till-byalag-samhalls--byggnads--hembygds--och-bygdegardsforeningar.html,200,https://www.vaxjo.se/sidor/politik-och-demokrati/ekonomi/sok-stod-till-foreningar/stod-till-byalag-samhalls--byggnads--hembygds--och-bygdegardsforeningar.html,0,text/html;charset=UTF-8,,,
vaxjo.yaml,vaxjo-driftstod-allmanna-samlingslokaler,Driftstöd till allmän samlingslokal,https://www.vaxjo.se/sidor/politik-och-demokrati/ekonomi/sok-stod-till-foreningar/stod-till-foreningar-som-ansvarar-for-allmanna-samlingslokaler.html,200,https://www.vaxjo.se/sidor/politik-och-demokrati/ekonomi/sok-stod-till-foreningar/stod-till-foreningar-som-ansvarar-for-allmanna-samlingslokaler.html,0,text/html;charset=UTF-8,,,
vaxjo.yaml,vaxjo-medfinansieringsstod-samlingslokaler,Medfinansieringsstöd till allmän samlingslokal,https://www.vaxjo.se/sidor/politik-och-demokrati/ekonomi/sok-stod-till-foreningar/stod-till-foreningar-som-ansvarar-for-allmanna-samlingslokaler.html,200,https://www.vaxjo.se/sidor/politik-och-demokrati/ekonomi/sok-stod-till-foreningar/stod-till-foreningar-som-ansvarar-for-allmanna-samlingslokaler.html,0,text/html;charset=UTF-8,,,
vaxjo.yaml,vaxjo-medlemsstod-pensionar-funktionsratt,Medlemsstöd (pensionärs- och funktionsrättsföreningar),https://www.vaxjo.se/sidor/politik-och-demokrati/ekonomi/sok-stod-till-foreningar/stod-till-pensionarsforeningar-och-funktionsrattsforeningar.html,200,https://www.vaxjo.se/sidor/politik-och-demokrati/ekonomi/sok-stod-till-foreningar/stod-till-pensionarsforeningar-och-funktionsrattsforeningar.html,0,text/html;charset=UTF-8,,,
vaxjo.yaml,vaxjo-aktivitetsstod-pensionar-funktionsratt,Aktivitetsstöd (pensionärs- och funktionsrättsföreningar),https://www.vaxjo.se/sidor/politik-och-demokrati/ekonomi/sok-stod-till-foreningar/stod-till-pensionarsforeningar-och-funktionsrattsforeningar.html,200,https://www.vaxjo.se/sidor/politik-och-demokrati/ekonomi/sok-stod-till-foreningar/stod-till-pensionarsforeningar-och-funktionsrattsforeningar.html,0,text/html;charset=UTF-8,,,
vaxjo.yaml,vaxjo-hyresstod-pensionar-funktionsratt,Hyresstöd (pensionärs- och funktionsrättsföreningar),https://www.vaxjo.se/sidor/politik-och-demokrati/ekonomi/sok-stod-till-foreningar/stod-till-pensionarsforeningar-och-funktionsrattsforeningar.html,200,https://www.vaxjo.se/sidor/politik-och-demokrati/ekonomi/sok-stod-till-foreningar/stod-till-pensionarsforeningar-och-funktionsrattsforeningar.html,0,text/html;charset=UTF-8,,,
vaxjo.yaml,vaxjo-projektstod-pensionar-funktionsratt,Projektstöd (pensionärs- och funktionsrättsföreningar),https://www.vaxjo.se/sidor/politik-och-demokrati/ekonomi/sok-stod-till-foreningar/stod-till-pensionarsforeningar-och-funktionsrattsforeningar.html,200,https://www.vaxjo.se/sidor/politik-och-demokrati/ekonomi/sok-stod-till-foreningar/stod-till-pensionarsforeningar-och-funktionsrattsforeningar.html,0,text/html;charset=UTF-8,,,
vaxjo.yaml,vaxjo-stiftelsen-anna-bondes-fond,Stiftelsen Anna Bondes Fond,https://www.vaxjo.se/sidor/politik-och-demokrati/ekonomi/sok-pengar-fran-fonder-och-stiftelser.html,200,https://www.vaxjo.se/sidor/politik-och-demokrati/ekonomi/sok-pengar-fran-fonder-och-stiftelser.html,0,text/html;charset=UTF-8,,,
vellinge.yaml,vellinge-ungdomsverksamhet,Föreningsbidrag för ungdomsverksamhet,https://vellinge.se/sjalvservice/fritid-och-kultur/bidrag-ungdomsverksamhet/,200,https://vellinge.se/e-tjanster/uppleva-och-gora/ungdomsverksamhet---ansokan-om-bidrag,1,text/html;charset=UTF-8,,,
vellinge.yaml,vellinge-lovaktiviteter,Extra stöd till nya lovaktiviteter,https://vellinge.se/sjalvservice/fritid-och-kultur/bidrag-ungdomsverksamhet/,200,https://vellinge.se/e-tjanster/uppleva-och-gora/ungdomsverksamhet---ansokan-om-bidrag,1,text/html;charset=UTF-8,,,
vellinge.yaml,vellinge-social-verksamhet,Föreningsbidrag för social verksamhet,https://vellinge.se/sjalvservice/fritid-och-kultur/bidrag-social-verksamhet/,200,https://vellinge.se/e-tjanster/uppleva-och-gora/social-verksamhet---ansokan-om-bidrag,1,text/html;charset=UTF-8,,,
vellinge.yaml,vellinge-kulturstipendium,Kulturstipendium,https://vellinge.se/naringsliv-och-jobb/foreningar/bidrag-stod-och-stipendier-for-foreningar,200,https://vellinge.se/naringsliv-och-jobb/foreningar/bidrag-stod-och-stipendier-for-foreningar,0,text/html;charset=UTF-8,,,
vellinge.yaml,vellinge-stipendium-ledare-idrottsutovare,Stipendium för föreningsledare och idrottsutövare,https://vellinge.se/naringsliv-och-jobb/foreningar/bidrag-stod-och-stipendier-for-foreningar,200,https://vellinge.se/naringsliv-och-jobb/foreningar/bidrag-stod-och-stipendier-for-foreningar,0,text/html;charset=UTF-8,,,
vellinge.yaml,vellinge-evenemangsbidrag,Evenemangsbidrag,https://vellinge.se/naringsliv-och-jobb/foretagarservice/att-arrangera-evenemang,200,https://vellinge.se/naringsliv-och-jobb/foretagarservice/att-arrangera-evenemang,0,text/html;charset=UTF-8,,,
vellinge.yaml,vellinge-vag-och-samfallighetsforeningar,Väg- och samfällighetsföreningsbidrag,https://vellinge.se/boende-miljo-och-trafik/fordon-och-trafik/vag-och-samfallighetsforeningar/,200,https://vellinge.se/samhalle-och-miljo/trafik-gator-och-stadsplanering/vag--och-samfallighetsforeningar,1,text/html;charset=UTF-8,,,
vetlanda.yaml,vetlanda-allmant-foreningsbidrag,Allmänt föreningsbidrag,"https://www.vetlanda.se/download/18.7150ddee18e85ff00c5356b/1768904071819/Bidragsbestämmelser,%20policy.pdf",200,"https://www.vetlanda.se/download/18.7150ddee18e85ff00c5356b/1768904071819/Bidragsbestämmelser,%20policy.pdf",0,application/pdf,,,
vetlanda.yaml,vetlanda-ledarutvecklingsbidrag,Ledarutvecklingsbidrag,"https://www.vetlanda.se/download/18.7150ddee18e85ff00c5356b/1768904071819/Bidragsbestämmelser,%20policy.pdf",200,"https://www.vetlanda.se/download/18.7150ddee18e85ff00c5356b/1768904071819/Bidragsbestämmelser,%20policy.pdf",0,application/pdf,,,
vetlanda.yaml,vetlanda-lovbidrag,Lovbidrag,"https://www.vetlanda.se/download/18.7150ddee18e85ff00c5356b/1768904071819/Bidragsbestämmelser,%20policy.pdf",200,"https://www.vetlanda.se/download/18.7150ddee18e85ff00c5356b/1768904071819/Bidragsbestämmelser,%20policy.pdf",0,application/pdf,,,
vetlanda.yaml,vetlanda-arrangemangsbidrag-kultur,Arrangemangsbidrag inom kulturområdet,"https://www.vetlanda.se/download/18.7150ddee18e85ff00c5356b/1768904071819/Bidragsbestämmelser,%20policy.pdf",200,"https://www.vetlanda.se/download/18.7150ddee18e85ff00c5356b/1768904071819/Bidragsbestämmelser,%20policy.pdf",0,application/pdf,,,
vetlanda.yaml,vetlanda-framtradanden-offentlig-plats,Framträdanden på offentlig plats,"https://www.vetlanda.se/download/18.7150ddee18e85ff00c5356b/1768904071819/Bidragsbestämmelser,%20policy.pdf",200,"https://www.vetlanda.se/download/18.7150ddee18e85ff00c5356b/1768904071819/Bidragsbestämmelser,%20policy.pdf",0,application/pdf,,,
vetlanda.yaml,vetlanda-trivselaktiviteter,Trivselaktivitetsbidrag,"https://www.vetlanda.se/download/18.7150ddee18e85ff00c5356b/1768904071819/Bidragsbestämmelser,%20policy.pdf",200,"https://www.vetlanda.se/download/18.7150ddee18e85ff00c5356b/1768904071819/Bidragsbestämmelser,%20policy.pdf",0,application/pdf,,,
vetlanda.yaml,vetlanda-traffpunktsbidrag,Träffpunktsbidrag,"https://www.vetlanda.se/download/18.7150ddee18e85ff00c5356b/1768904071819/Bidragsbestämmelser,%20policy.pdf",200,"https://www.vetlanda.se/download/18.7150ddee18e85ff00c5356b/1768904071819/Bidragsbestämmelser,%20policy.pdf",0,application/pdf,,,
vetlanda.yaml,vetlanda-investeringsbidrag,Investeringsbidrag,"https://www.vetlanda.se/download/18.7150ddee18e85ff00c5356b/1768904071819/Bidragsbestämmelser,%20policy.pdf",200,"https://www.vetlanda.se/download/18.7150ddee18e85ff00c5356b/1768904071819/Bidragsbestämmelser,%20policy.pdf",0,application/pdf,,,
vetlanda.yaml,vetlanda-sarskilt-bidrag,Särskilt bidrag,"https://www.vetlanda.se/download/18.7150ddee18e85ff00c5356b/1768904071819/Bidragsbestämmelser,%20policy.pdf",200,"https://www.vetlanda.se/download/18.7150ddee18e85ff00c5356b/1768904071819/Bidragsbestämmelser,%20policy.pdf",0,application/pdf,,,
vetlanda.yaml,vetlanda-social-utsatthet,Föreningsbidrag – inriktning social utsatthet,https://vetlanda.se/kultur-och-fritid/foreningar/foreningsbidrag,200,https://vetlanda.se/kultur-och-fritid/foreningar/foreningsbidrag,0,text/html;charset=UTF-8,,,
vetlanda.yaml,vetlanda-vard-och-omsorg,Föreningsbidrag – inriktning vård och omsorg,"https://www.vetlanda.se/download/18.7150ddee18e85ff00c5358d/1712152219395/Föreningsbidrag%20vård%20och%20omsorg,%20riktlinje.pdf",200,"https://www.vetlanda.se/download/18.7150ddee18e85ff00c5358d/1712152219395/Föreningsbidrag%20vård%20och%20omsorg,%20riktlinje.pdf",0,application/pdf,,,
vetlanda.yaml,vetlanda-underhallsbidrag-vag,Underhållsbidrag för enskild väg,https://vetlanda.se/bygga-bo-och-miljo/gator-och-trafik/underhall-av-gator-och-vagar/bidrag-for-att-skota-enskild-vag,200,https://vetlanda.se/bygga-bo-och-miljo/gator-och-trafik/underhall-av-gator-och-vagar/bidrag-for-att-skota-enskild-vag,0,text/html;charset=UTF-8,,,
vetlanda.yaml,vetlanda-nybyggnadsbidrag-vag,Bidrag för nybyggnation av enskild väg,https://vetlanda.se/bygga-bo-och-miljo/gator-och-trafik/underhall-av-gator-och-vagar/bidrag-for-att-skota-enskild-vag,200,https://vetlanda.se/bygga-bo-och-miljo/gator-och-trafik/underhall-av-gator-och-vagar/bidrag-for-att-skota-enskild-vag,0,text/html;charset=UTF-8,,,
vetlanda.yaml,vetlanda-landsbygdssatsningar,Landsbygdssatsningar,https://vetlanda.se/bygga-bo-och-miljo/planer-och-utveckling/landbygdsutveckling/landsbygdssatsningar,200,https://vetlanda.se/bygga-bo-och-miljo/planer-och-utveckling/landbygdsutveckling/landsbygdssatsningar,0,text/html;charset=UTF-8,,,
vetlanda.yaml,vetlanda-integrationspriset,Integrationspriset,https://vetlanda.se/kultur-och-fritid/stod-och-stipendier/integrationspris,200,https://vetlanda.se/kultur-och-fritid/stod-och-stipendier/integrationspris,0,text/html;charset=UTF-8,,,
vilhelmina.yaml,vilhelmina-lokalt-aktivitetsstod,Kommunalt lokalt aktivitetsstöd,https://sjalvservice.vilhelmina.se/oversikt/overview/286,200,https://sjalvservice.vilhelmina.se/oversikt/overview/286,0,text/html;charset=ISO-8859-1,,,
vilhelmina.yaml,vilhelmina-kulturellt-verksamhetsstod,Kulturellt verksamhetsstöd,https://www.vilhelmina.se/uppleva-och-gora/vilhelminas-foreningsliv/kommunens-foreningsstod/,200,https://www.vilhelmina.se/uppleva-och-gora/vilhelminas-foreningsliv/kommunens-foreningsstod/,0,text/html; charset=utf-8,,,
vilhelmina.yaml,vilhelmina-bygdemedel,Bygdemedel,https://www.vilhelmina.se/nyheter/sok-bygdemedel-for-2026/,200,https://www.vilhelmina.se/nyheter/sok-bygdemedel-for-2026/,0,text/html; charset=utf-8,,,
vimmerby.yaml,vimmerby-grundstod,Grundstöd,https://www.vimmerby.se/uppleva-och-gora/foreningar-foreningsliv/foreningsstod,200,https://www.vimmerby.se/uppleva-och-gora/foreningar-foreningsliv/foreningsstod,0,text/html;charset=UTF-8,,,
vimmerby.yaml,vimmerby-kommunalt-lok-stod,Kommunalt LOK-stöd,https://www.vimmerby.se/uppleva-och-gora/foreningar-foreningsliv/foreningsstod,200,https://www.vimmerby.se/uppleva-och-gora/foreningar-foreningsliv/foreningsstod,0,text/html;charset=UTF-8,,,
vimmerby.yaml,vimmerby-anlaggningsstod,Anläggningsstöd,https://www.vimmerby.se/uppleva-och-gora/foreningar-foreningsliv/foreningsstod,200,https://www.vimmerby.se/uppleva-och-gora/foreningar-foreningsliv/foreningsstod,0,text/html;charset=UTF-8,,,
vimmerby.yaml,vimmerby-lokalstod,Lokalstöd,https://www.vimmerby.se/uppleva-och-gora/foreningar-foreningsliv/foreningsstod,200,https://www.vimmerby.se/uppleva-och-gora/foreningar-foreningsliv/foreningsstod,0,text/html;charset=UTF-8,,,
vimmerby.yaml,vimmerby-driftsstod-for-lokalagande-foreningar,Driftsstöd för lokalägande föreningar,https://www.vimmerby.se/uppleva-och-gora/foreningar-foreningsliv/foreningsstod,200,https://www.vimmerby.se/uppleva-och-gora/foreningar-foreningsliv/foreningsstod,0,text/html;charset=UTF-8,,,
vimmerby.yaml,vimmerby-investeringsstod,Investeringsstöd,https://www.vimmerby.se/uppleva-och-gora/foreningar-foreningsliv/foreningsstod,200,https://www.vimmerby.se/uppleva-och-gora/foreningar-foreningsliv/foreningsstod,0,text/html;charset=UTF-8,,,
vimmerby.yaml,vimmerby-utvecklingsstod,Utvecklingsstöd,https://www.vimmerby.se/uppleva-och-gora/foreningar-foreningsliv/foreningsstod,200,https://www.vimmerby.se/uppleva-och-gora/foreningar-foreningsliv/foreningsstod,0,text/html;charset=UTF-8,,,
vimmerby.yaml,vimmerby-bidrag-till-studieforbund,Bidrag till studieförbund,https://www.vimmerby.se/uppleva-och-gora/foreningar-foreningsliv/foreningsstod,200,https://www.vimmerby.se/uppleva-och-gora/foreningar-foreningsliv/foreningsstod,0,text/html;charset=UTF-8,,,
vimmerby.yaml,vimmerby-bidrag-till-foraldraforeningar,Bidrag till föräldraföreningar,https://www.vimmerby.se/uppleva-och-gora/foreningar-foreningsliv/foreningsstod,200,https://www.vimmerby.se/uppleva-och-gora/foreningar-foreningsliv/foreningsstod,0,text/html;charset=UTF-8,,,
vindeln.yaml,vindeln-aktivitetsstod,Lokalt aktivitetsstöd,https://vindeln.se/uppleva-och-gora/foreningar/foreningsbidrag,200,https://vindeln.se/uppleva-och-gora/foreningar/foreningsbidrag,0,text/html;charset=UTF-8,,,
vindeln.yaml,vindeln-lonebidrag,Bidrag till lönebidragstjänst,https://vindeln.se/uppleva-och-gora/foreningar/foreningsbidrag,200,https://vindeln.se/uppleva-och-gora/foreningar/foreningsbidrag,0,text/html;charset=UTF-8,,,
vindeln.yaml,vindeln-ungdomsledarutbildning,Bidrag till ungdomsledarutbildning,https://vindeln.se/uppleva-och-gora/foreningar/foreningsbidrag,200,https://vindeln.se/uppleva-och-gora/foreningar/foreningsbidrag,0,text/html;charset=UTF-8,,,
vindeln.yaml,vindeln-anlaggningsbidrag,Anläggningsbidrag,https://vindeln.se/uppleva-och-gora/foreningar/foreningsbidrag,200,https://vindeln.se/uppleva-och-gora/foreningar/foreningsbidrag,0,text/html;charset=UTF-8,,,
vindeln.yaml,vindeln-samlingslokaler,Bidrag för samlingslokaler,https://vindeln.se/uppleva-och-gora/foreningar/foreningsbidrag,200,https://vindeln.se/uppleva-och-gora/foreningar/foreningsbidrag,0,text/html;charset=UTF-8,,,
vindeln.yaml,vindeln-kulturbidrag,Kulturbidrag,https://vindeln.se/uppleva-och-gora/foreningar/foreningsbidrag,200,https://vindeln.se/uppleva-och-gora/foreningar/foreningsbidrag,0,text/html;charset=UTF-8,,,
vindeln.yaml,vindeln-snabbkultur,Snabbkulturbidrag,https://vindeln.se/uppleva-och-gora/foreningar/foreningsbidrag,200,https://vindeln.se/uppleva-och-gora/foreningar/foreningsbidrag,0,text/html;charset=UTF-8,,,
vindeln.yaml,vindeln-studieforbund,Bidrag till studieförbund,https://vindeln.se/uppleva-och-gora/foreningar/foreningsbidrag,200,https://vindeln.se/uppleva-och-gora/foreningar/foreningsbidrag,0,text/html;charset=UTF-8,,,
vindeln.yaml,vindeln-minoriteter,Bidrag till nationella minoriteter och samer,https://vindeln.se/uppleva-och-gora/foreningar/foreningsbidrag,200,https://vindeln.se/uppleva-och-gora/foreningar/foreningsbidrag,0,text/html;charset=UTF-8,,,
vingaker.yaml,vingaker-aktivitetsstod,Aktivitetsstöd,https://vingaker.se/kultur--fritid/foreningsliv,200,https://vingaker.se/kultur--fritid/foreningsliv,0,text/html;charset=UTF-8,,,
vingaker.yaml,vingaker-driftbidrag,Driftbidrag,https://vingaker.se/kultur--fritid/foreningsliv,200,https://vingaker.se/kultur--fritid/foreningsliv,0,text/html;charset=UTF-8,,,
vingaker.yaml,vingaker-hyresbidrag,Hyresbidrag,https://vingaker.se/kultur--fritid/foreningsliv,200,https://vingaker.se/kultur--fritid/foreningsliv,0,text/html;charset=UTF-8,,,
vingaker.yaml,vingaker-investeringsbidrag,Investeringsbidrag,https://vingaker.se/kultur--fritid/foreningsliv,200,https://vingaker.se/kultur--fritid/foreningsliv,0,text/html;charset=UTF-8,,,
vingaker.yaml,vingaker-evenemangsbidrag,Evenemangsbidrag,https://vingaker.se/kultur--fritid/foreningsliv,200,https://vingaker.se/kultur--fritid/foreningsliv,0,text/html;charset=UTF-8,,,
vingaker.yaml,vingaker-studieforbund,Stöd till studieförbund,https://vingaker.se/kultur--fritid/foreningsliv,200,https://vingaker.se/kultur--fritid/foreningsliv,0,text/html;charset=UTF-8,,,
vingaker.yaml,vingaker-sponsring,Sponsring,https://vingaker.se/kultur--fritid/foreningsliv,200,https://vingaker.se/kultur--fritid/foreningsliv,0,text/html;charset=UTF-8,,,
ydre.yaml,ydre-grundbidrag,Grundbidrag,https://www.ydre.se/ydre-kommun/kultur-och-fritid/foreningar-och-foreningsbidrag/bidragsregler,200,https://www.ydre.se/ydre-kommun/kultur-och-fritid/foreningar-och-foreningsbidrag/bidragsregler,0,text/html;charset=UTF-8,,,
ydre.yaml,ydre-aktivitetsstod,Aktivitetsstöd,https://www.ydre.se/ydre-kommun/kultur-och-fritid/foreningar-och-foreningsbidrag/bidragsregler,200,https://www.ydre.se/ydre-kommun/kultur-och-fritid/foreningar-och-foreningsbidrag/bidragsregler,0,text/html;charset=UTF-8,,,
ydre.yaml,ydre-anlaggningsbidrag-investering,Anläggningsbidrag – investering,https://www.ydre.se/ydre-kommun/kultur-och-fritid/foreningar-och-foreningsbidrag/bidragsregler,200,https://www.ydre.se/ydre-kommun/kultur-och-fritid/foreningar-och-foreningsbidrag/bidragsregler,0,text/html;charset=UTF-8,,,
ydre.yaml,ydre-anlaggningsbidrag-drift,Anläggningsbidrag – drift,https://www.ydre.se/ydre-kommun/kultur-och-fritid/foreningar-och-foreningsbidrag/bidragsregler,200,https://www.ydre.se/ydre-kommun/kultur-och-fritid/foreningar-och-foreningsbidrag/bidragsregler,0,text/html;charset=UTF-8,,,
ydre.yaml,ydre-anlaggningsbidrag-hyra,Anläggningsbidrag – hyreskostnader,https://www.ydre.se/ydre-kommun/kultur-och-fritid/foreningar-och-foreningsbidrag/bidragsregler,200,https://www.ydre.se/ydre-kommun/kultur-och-fritid/foreningar-och-foreningsbidrag/bidragsregler,0,text/html;charset=UTF-8,,,
ydre.yaml,ydre-utvecklingsbidrag,Utvecklingsbidrag,https://www.ydre.se/ydre-kommun/kultur-och-fritid/foreningar-och-foreningsbidrag/bidragsregler,200,https://www.ydre.se/ydre-kommun/kultur-och-fritid/foreningar-och-foreningsbidrag/bidragsregler,0,text/html;charset=UTF-8,,,
ydre.yaml,ydre-arrangemangsbidrag,Arrangemangsbidrag,https://www.ydre.se/ydre-kommun/kultur-och-fritid/foreningar-och-foreningsbidrag/bidragsregler,200,https://www.ydre.se/ydre-kommun/kultur-och-fritid/foreningar-och-foreningsbidrag/bidragsregler,0,text/html;charset=UTF-8,,,
ydre.yaml,ydre-snabba-cash,Snabba Cash – kultur- och fritidsbidrag för unga,https://www.ydre.se/ydre-kommun/kultur-och-fritid/foreningar-och-foreningsbidrag/bidragsregler,200,https://www.ydre.se/ydre-kommun/kultur-och-fritid/foreningar-och-foreningsbidrag/bidragsregler,0,text/html;charset=UTF-8,,,
ystad.yaml,ystad-lokalt-aktivitetsstod,Lokalt aktivitetsstöd (LOK-stöd),https://ystad.fri-go.se/bidrag/ansokaninfo.aspx?type=8&year=2026,200,https://ystad.fri-go.se/bidrag/ansokaninfo.aspx?type=8&year=2026,0,text/html; charset=utf-8,,,
ystad.yaml,ystad-ledarutbildningsbidrag,Ledarutbildningsbidrag,https://ystad.fri-go.se/bidrag/ansokaninfo.aspx?type=20&year=2026,200,https://ystad.fri-go.se/bidrag/ansokaninfo.aspx?type=20&year=2026,0,text/html; charset=utf-8,,,
ystad.yaml,ystad-ledarersattningsbidrag,Ledarersättningsbidrag,https://ystad.fri-go.se/bidrag/ansokaninfo.aspx?type=22&year=2026,200,https://ystad.fri-go.se/bidrag/ansokaninfo.aspx?type=22&year=2026,0,text/html; charset=utf-8,,,
ystad.yaml,ystad-lovbidrag,Lovbidrag,https://ystad.fri-go.se/bidrag/ansokaninfo.aspx?type=26&year=2026,200,https://ystad.fri-go.se/bidrag/ansokaninfo.aspx?type=26&year=2026,0,text/html; charset=utf-8,,,
ystad.yaml,ystad-projektstod-mangfald,Projektstöd – mångfald,https://ystad.fri-go.se/bidrag/ansokaninfo.aspx?type=23&year=2026,200,https://ystad.fri-go.se/bidrag/ansokaninfo.aspx?type=23&year=2026,0,text/html; charset=utf-8,,,
ystad.yaml,ystad-driftsbidrag,Driftsbidrag,https://ystad.fri-go.se/bidrag/ansokaninfo.aspx?type=27&year=2026,200,https://ystad.fri-go.se/bidrag/ansokaninfo.aspx?type=27&year=2026,0,text/html; charset=utf-8,,,
ystad.yaml,ystad-hyresbidrag,Hyresbidrag,https://ystad.fri-go.se/bidrag/ansokaninfo.aspx?type=25&year=2026,200,https://ystad.fri-go.se/bidrag/ansokaninfo.aspx?type=25&year=2026,0,text/html; charset=utf-8,,,
ystad.yaml,ystad-investeringsbidrag,Investeringsbidrag,https://ystad.fri-go.se/bidrag/ansokaninfo.aspx?type=10&year=2026,200,https://ystad.fri-go.se/bidrag/ansokaninfo.aspx?type=10&year=2026,0,text/html; charset=utf-8,,,
ystad.yaml,ystad-grundbidrag,Grundbidrag,https://ystad.fri-go.se/bidrag/ansokaninfo.aspx?type=13&year=2026,200,https://ystad.fri-go.se/bidrag/ansokaninfo.aspx?type=13&year=2026,0,text/html; charset=utf-8,,,
ystad.yaml,ystad-arligt-verksamhetsbidrag,Årligt verksamhetsbidrag,https://ystad.fri-go.se/bidrag/ansokaninfo.aspx?type=33&year=2026,200,https://ystad.fri-go.se/bidrag/ansokaninfo.aspx?type=33&year=2026,0,text/html; charset=utf-8,,,
ystad.yaml,ystad-arrangemangs-och-projektbidrag,Arrangemangs- och projektbidrag,https://ystad.fri-go.se/bidrag/ansokaninfo.aspx?type=34&year=2026,200,https://ystad.fri-go.se/bidrag/ansokaninfo.aspx?type=34&year=2026,0,text/html; charset=utf-8,,,
ystad.yaml,ystad-landsbygdsbidrag,Landsbygdsbidrag,https://ystad.fri-go.se/bidrag/ansokaninfo.aspx?type=35&year=2026,200,https://ystad.fri-go.se/bidrag/ansokaninfo.aspx?type=35&year=2026,0,text/html; charset=utf-8,,,
ystad.yaml,ystad-dialogbidrag-studieforbund,Dialogbidrag för studieförbund,https://ystad.fri-go.se/bidrag/ansokaninfo.aspx?type=36&year=2026,200,https://ystad.fri-go.se/bidrag/ansokaninfo.aspx?type=36&year=2026,0,text/html; charset=utf-8,,,
ystad.yaml,ystad-projektbidrag-studieforbund,Projektbidrag för studieförbund,https://ystad.fri-go.se/bidrag/ansokaninfo.aspx?type=24&year=2026,200,https://ystad.fri-go.se/bidrag/ansokaninfo.aspx?type=24&year=2026,0,text/html; charset=utf-8,,,
ystad.yaml,ystad-kulturpris,Kulturpris,https://ystad.se/kommun-och-politik/ovrig-service/bidrag-priser-stipendier-stiftelser-och-fonder/kulturpriset,200,https://ystad.se/kommun-och-politik/ovrig-service/bidrag-priser-stipendier-stiftelser-och-fonder/kulturpriset,0,text/html;charset=UTF-8,,,
ystad.yaml,ystad-idrottspris,Idrottspris,https://ystad.se/kommun-och-politik/ovrig-service/bidrag-priser-stipendier-stiftelser-och-fonder/idrottspriset,200,https://ystad.se/kommun-och-politik/ovrig-service/bidrag-priser-stipendier-stiftelser-och-fonder/idrottspriset,0,text/html;charset=UTF-8,,,
ystad.yaml,ystad-kulturstipendium,Kulturstipendium,https://ystad.se/kommun-och-politik/ovrig-service/bidrag-priser-stipendier-stiftelser-och-fonder/kulturstipendiet,200,https://ystad.se/kommun-och-politik/ovrig-service/bidrag-priser-stipendier-stiftelser-och-fonder/kulturstipendiet,0,text/html;charset=UTF-8,,,
ystad.yaml,ystad-idrottsstipendium,Idrottsstipendium,https://ystad.se/kommun-och-politik/ovrig-service/bidrag-priser-stipendier-stiftelser-och-fonder/idrottsstipendiet,200,https://ystad.se/kommun-och-politik/ovrig-service/bidrag-priser-stipendier-stiftelser-och-fonder/idrottsstipendiet,0,text/html;charset=UTF-8,,,
ystad.yaml,ystad-landsbygdspriset,Landsbygdspriset,https://ystad.se/samhallsutveckling-och-trafik/landsbygdsutveckling/landsbygdspriset,200,https://ystad.se/samhallsutveckling-och-trafik/landsbygdsutveckling/landsbygdspriset,0,text/html;charset=UTF-8,,,
ystad.yaml,ystad-hallbarhetspriset,Hållbarhetspriset,https://ystad.se/kommun-och-politik/sa-arbetar-ystads-kommun/hallbarhet/hallbarhetspriset,200,https://ystad.se/kommun-och-politik/sa-arbetar-ystads-kommun/hallbarhet/hallbarhetspriset,0,text/html;charset=UTF-8,,,
ystad.yaml,ystad-foreningsbidrag-socialnamnden,Föreningsbidrag (Socialnämnden),https://ystad.se/omsorg-och-stod/stiftelser-fonder-och-foreningsbidrag/foreningsbidrag,200,https://ystad.se/omsorg-och-stod/stiftelser-fonder-och-foreningsbidrag/foreningsbidrag,0,text/html;charset=UTF-8,,,
ystad.yaml,ystad-samhallsbyggnadsbidrag,Samhällsbyggnadsbidrag,https://ystad.se/samhallsutveckling-och-trafik/landsbygdsutveckling/bidrag-och-stod-till-landsbygdsutveckling/samhallsbyggnadsbidrag,200,https://ystad.se/samhallsutveckling-och-trafik/landsbygdsutveckling/bidrag-och-stod-till-landsbygdsutveckling/samhallsbyggnadsbidrag,0,text/html;charset=UTF-8,,,
ystad.yaml,ystad-bidrag-enskilda-vagar,Bidrag till enskilda vägar,https://ystad.se/samhallsutveckling-och-trafik/trafik-gator-och-torg/drift-och-underhall/bidrag-till-enskilda-vagar,200,https://ystad.se/samhallsutveckling-och-trafik/trafik-gator-och-torg/drift-och-underhall/bidrag-till-enskilda-vagar,0,text/html;charset=UTF-8,,,
ystad.yaml,ystad-horney-smithska-stiftelsen,Horney-Smithska stiftelsen,https://ystad.se/kommun-och-politik/ovrig-service/bidrag-priser-stipendier-stiftelser-och-fonder/ovriga-stiftelser,200,https://ystad.se/kommun-och-politik/ovrig-service/bidrag-priser-stipendier-stiftelser-och-fonder/ovriga-stiftelser,0,text/html;charset=UTF-8,,,
